[2026-01-04T15:42:45.761+0000] {manager.py:470} INFO - Processing files using up to 2 processes at a time 
[2026-01-04T15:42:45.763+0000] {manager.py:471} INFO - Process each file at most once every 30 seconds
[2026-01-04T15:42:45.769+0000] {manager.py:472} INFO - Checking for new files in /opt/airflow/dags every 300 seconds
[2026-01-04T15:42:45.773+0000] {manager.py:737} INFO - Searching for files in /opt/airflow/dags
[2026-01-04T15:42:45.803+0000] {manager.py:740} INFO - There are 1 files in /opt/airflow/dags
[2026-01-04T15:42:45.958+0000] {manager.py:878} INFO - 
================================================================================
DAG File Processing Stats

File Path                                          PID  Runtime      # DAGs    # Errors  Last Runtime    Last Run
-----------------------------------------------  -----  ---------  --------  ----------  --------------  ----------
/opt/airflow/dags/etl_postgres_to_clickhouse.py    176  0.05s             0           0
================================================================================
[2026-01-04T15:43:16.146+0000] {manager.py:878} INFO - 
================================================================================
DAG File Processing Stats

File Path                                          PID  Runtime      # DAGs    # Errors  Last Runtime    Last Run
-----------------------------------------------  -----  ---------  --------  ----------  --------------  -------------------
/opt/airflow/dags/etl_postgres_to_clickhouse.py    200  0.01s             0           1  0.12s           2026-01-04T15:42:46
================================================================================
[2026-01-04T15:43:46.372+0000] {manager.py:878} INFO - 
================================================================================
DAG File Processing Stats

File Path                                          PID  Runtime      # DAGs    # Errors  Last Runtime    Last Run
-----------------------------------------------  -----  ---------  --------  ----------  --------------  -------------------
/opt/airflow/dags/etl_postgres_to_clickhouse.py    206  0.00s             0           1  0.12s           2026-01-04T15:43:16
================================================================================
[2026-01-04T15:44:16.613+0000] {manager.py:878} INFO - 
================================================================================
DAG File Processing Stats

File Path                                          PID  Runtime      # DAGs    # Errors  Last Runtime    Last Run
-----------------------------------------------  -----  ---------  --------  ----------  --------------  -------------------
/opt/airflow/dags/etl_postgres_to_clickhouse.py    212  0.01s             0           1  0.10s           2026-01-04T15:43:46
================================================================================
[2026-01-04T15:44:46.816+0000] {manager.py:878} INFO - 
================================================================================
DAG File Processing Stats

File Path                                          PID  Runtime      # DAGs    # Errors  Last Runtime    Last Run
-----------------------------------------------  -----  ---------  --------  ----------  --------------  -------------------
/opt/airflow/dags/etl_postgres_to_clickhouse.py    217  0.00s             0           1  0.10s           2026-01-04T15:44:16
================================================================================
[2026-01-04T15:45:17.020+0000] {manager.py:878} INFO - 
================================================================================
DAG File Processing Stats

File Path                                          PID  Runtime      # DAGs    # Errors  Last Runtime    Last Run
-----------------------------------------------  -----  ---------  --------  ----------  --------------  -------------------
/opt/airflow/dags/etl_postgres_to_clickhouse.py    222  0.01s             0           1  0.10s           2026-01-04T15:44:46
================================================================================
[2026-01-04T15:45:47.265+0000] {manager.py:878} INFO - 
================================================================================
DAG File Processing Stats

File Path                                          PID  Runtime      # DAGs    # Errors  Last Runtime    Last Run
-----------------------------------------------  -----  ---------  --------  ----------  --------------  -------------------
/opt/airflow/dags/etl_postgres_to_clickhouse.py    227  0.00s             0           1  0.12s           2026-01-04T15:45:17
================================================================================
[2026-01-04T15:46:17.467+0000] {manager.py:878} INFO - 
================================================================================
DAG File Processing Stats

File Path                                          PID  Runtime      # DAGs    # Errors  Last Runtime    Last Run
-----------------------------------------------  -----  ---------  --------  ----------  --------------  -------------------
/opt/airflow/dags/etl_postgres_to_clickhouse.py    232  0.00s             0           1  0.14s           2026-01-04T15:45:47
================================================================================
[2026-01-04T15:46:47.729+0000] {manager.py:878} INFO - 
================================================================================
DAG File Processing Stats

File Path                                          PID  Runtime      # DAGs    # Errors  Last Runtime    Last Run
-----------------------------------------------  -----  ---------  --------  ----------  --------------  -------------------
/opt/airflow/dags/etl_postgres_to_clickhouse.py    237  0.00s             0           1  0.10s           2026-01-04T15:46:17
================================================================================
[2026-01-04T15:47:17.947+0000] {manager.py:878} INFO - 
================================================================================
DAG File Processing Stats

File Path                                          PID  Runtime      # DAGs    # Errors  Last Runtime    Last Run
-----------------------------------------------  -----  ---------  --------  ----------  --------------  -------------------
/opt/airflow/dags/etl_postgres_to_clickhouse.py    242  0.00s             0           1  0.10s           2026-01-04T15:46:47
================================================================================
[2026-01-04T15:50:17.421+0000] {manager.py:470} INFO - Processing files using up to 2 processes at a time 
[2026-01-04T15:50:17.424+0000] {manager.py:471} INFO - Process each file at most once every 30 seconds
[2026-01-04T15:50:17.425+0000] {manager.py:472} INFO - Checking for new files in /opt/airflow/dags every 300 seconds
[2026-01-04T15:50:17.427+0000] {manager.py:737} INFO - Searching for files in /opt/airflow/dags
[2026-01-04T15:50:17.473+0000] {manager.py:740} INFO - There are 1 files in /opt/airflow/dags
[2026-01-04T15:50:17.584+0000] {manager.py:878} INFO - 
================================================================================
DAG File Processing Stats

File Path                                          PID  Runtime      # DAGs    # Errors  Last Runtime    Last Run
-----------------------------------------------  -----  ---------  --------  ----------  --------------  ----------
/opt/airflow/dags/etl_postgres_to_clickhouse.py    167  0.05s             0           0
================================================================================
[2026-01-04T15:50:47.787+0000] {manager.py:878} INFO - 
================================================================================
DAG File Processing Stats

File Path                                          PID  Runtime      # DAGs    # Errors  Last Runtime    Last Run
-----------------------------------------------  -----  ---------  --------  ----------  --------------  -------------------
/opt/airflow/dags/etl_postgres_to_clickhouse.py    201  0.01s             0           1  0.12s           2026-01-04T15:50:17
================================================================================
[2026-01-04T15:51:17.998+0000] {manager.py:878} INFO - 
================================================================================
DAG File Processing Stats

File Path                                          PID  Runtime      # DAGs    # Errors  Last Runtime    Last Run
-----------------------------------------------  -----  ---------  --------  ----------  --------------  -------------------
/opt/airflow/dags/etl_postgres_to_clickhouse.py    207  0.01s             0           1  0.15s           2026-01-04T15:50:47
================================================================================
[2026-01-04T15:51:48.257+0000] {manager.py:878} INFO - 
================================================================================
DAG File Processing Stats

File Path                                          PID  Runtime      # DAGs    # Errors  Last Runtime    Last Run
-----------------------------------------------  -----  ---------  --------  ----------  --------------  -------------------
/opt/airflow/dags/etl_postgres_to_clickhouse.py    212  0.01s             0           1  0.10s           2026-01-04T15:51:18
================================================================================
[2026-01-04T15:52:18.457+0000] {manager.py:878} INFO - 
================================================================================
DAG File Processing Stats

File Path                                          PID  Runtime      # DAGs    # Errors  Last Runtime    Last Run
-----------------------------------------------  -----  ---------  --------  ----------  --------------  -------------------
/opt/airflow/dags/etl_postgres_to_clickhouse.py    217  0.01s             0           1  0.11s           2026-01-04T15:51:48
================================================================================
[2026-01-04T15:52:48.712+0000] {manager.py:878} INFO - 
================================================================================
DAG File Processing Stats

File Path                                          PID  Runtime      # DAGs    # Errors  Last Runtime    Last Run
-----------------------------------------------  -----  ---------  --------  ----------  --------------  -------------------
/opt/airflow/dags/etl_postgres_to_clickhouse.py    222  0.01s             0           1  0.12s           2026-01-04T15:52:18
================================================================================
[2026-01-04T15:53:18.911+0000] {manager.py:878} INFO - 
================================================================================
DAG File Processing Stats

File Path                                          PID  Runtime      # DAGs    # Errors  Last Runtime    Last Run
-----------------------------------------------  -----  ---------  --------  ----------  --------------  -------------------
/opt/airflow/dags/etl_postgres_to_clickhouse.py    227  0.01s             0           1  0.11s           2026-01-04T15:52:48
================================================================================
[2026-01-04T15:53:49.157+0000] {manager.py:878} INFO - 
================================================================================
DAG File Processing Stats

File Path                                          PID  Runtime      # DAGs    # Errors  Last Runtime    Last Run
-----------------------------------------------  -----  ---------  --------  ----------  --------------  -------------------
/opt/airflow/dags/etl_postgres_to_clickhouse.py    232  0.01s             0           1  0.10s           2026-01-04T15:53:19
================================================================================
[2026-01-04T15:54:19.376+0000] {manager.py:878} INFO - 
================================================================================
DAG File Processing Stats

File Path                                          PID  Runtime      # DAGs    # Errors  Last Runtime    Last Run
-----------------------------------------------  -----  ---------  --------  ----------  --------------  -------------------
/opt/airflow/dags/etl_postgres_to_clickhouse.py    237  0.01s             0           1  0.12s           2026-01-04T15:53:49
================================================================================
[2026-01-04T15:54:49.617+0000] {manager.py:878} INFO - 
================================================================================
DAG File Processing Stats

File Path                                          PID  Runtime      # DAGs    # Errors  Last Runtime    Last Run
-----------------------------------------------  -----  ---------  --------  ----------  --------------  -------------------
/opt/airflow/dags/etl_postgres_to_clickhouse.py    242  0.01s             0           1  0.10s           2026-01-04T15:54:19
================================================================================
[2026-01-04T15:55:17.824+0000] {manager.py:737} INFO - Searching for files in /opt/airflow/dags
[2026-01-04T15:55:17.847+0000] {manager.py:740} INFO - There are 1 files in /opt/airflow/dags
[2026-01-04T15:55:19.901+0000] {manager.py:878} INFO - 
================================================================================
DAG File Processing Stats

File Path                                          PID  Runtime      # DAGs    # Errors  Last Runtime    Last Run
-----------------------------------------------  -----  ---------  --------  ----------  --------------  -------------------
/opt/airflow/dags/etl_postgres_to_clickhouse.py    247  0.01s             0           1  0.12s           2026-01-04T15:54:49
================================================================================
[2026-01-04T15:55:50.123+0000] {manager.py:878} INFO - 
================================================================================
DAG File Processing Stats

File Path                                          PID  Runtime      # DAGs    # Errors  Last Runtime    Last Run
-----------------------------------------------  -----  ---------  --------  ----------  --------------  -------------------
/opt/airflow/dags/etl_postgres_to_clickhouse.py    252  0.01s             0           1  0.11s           2026-01-04T15:55:20
================================================================================
[2026-01-04T15:56:20.323+0000] {manager.py:878} INFO - 
================================================================================
DAG File Processing Stats

File Path                                          PID  Runtime      # DAGs    # Errors  Last Runtime    Last Run
-----------------------------------------------  -----  ---------  --------  ----------  --------------  -------------------
/opt/airflow/dags/etl_postgres_to_clickhouse.py    257  0.00s             0           1  0.11s           2026-01-04T15:55:50
================================================================================
[2026-01-04T16:48:32.026+0000] {manager.py:470} INFO - Processing files using up to 2 processes at a time 
[2026-01-04T16:48:32.034+0000] {manager.py:471} INFO - Process each file at most once every 30 seconds
[2026-01-04T16:48:32.036+0000] {manager.py:472} INFO - Checking for new files in /opt/airflow/dags every 300 seconds
[2026-01-04T16:48:32.040+0000] {manager.py:737} INFO - Searching for files in /opt/airflow/dags
[2026-01-04T16:48:32.085+0000] {manager.py:740} INFO - There are 1 files in /opt/airflow/dags
[2026-01-04T16:48:32.287+0000] {manager.py:878} INFO - 
================================================================================
DAG File Processing Stats

File Path                                          PID  Runtime      # DAGs    # Errors  Last Runtime    Last Run
-----------------------------------------------  -----  ---------  --------  ----------  --------------  ----------
/opt/airflow/dags/etl_postgres_to_clickhouse.py    182  0.09s             0           0
================================================================================
[2026-01-04T16:49:02.495+0000] {manager.py:878} INFO - 
================================================================================
DAG File Processing Stats

File Path                                          PID  Runtime      # DAGs    # Errors  Last Runtime    Last Run
-----------------------------------------------  -----  ---------  --------  ----------  --------------  -------------------
/opt/airflow/dags/etl_postgres_to_clickhouse.py    227  0.01s             0           1  0.18s           2026-01-04T16:48:32
================================================================================
[2026-01-04T16:49:32.717+0000] {manager.py:878} INFO - 
================================================================================
DAG File Processing Stats

File Path                                          PID  Runtime      # DAGs    # Errors  Last Runtime    Last Run
-----------------------------------------------  -----  ---------  --------  ----------  --------------  -------------------
/opt/airflow/dags/etl_postgres_to_clickhouse.py    246  0.01s             0           1  0.13s           2026-01-04T16:49:02
================================================================================
[2026-01-04T16:50:02.952+0000] {manager.py:878} INFO - 
================================================================================
DAG File Processing Stats

File Path                                          PID  Runtime      # DAGs    # Errors  Last Runtime    Last Run
-----------------------------------------------  -----  ---------  --------  ----------  --------------  -------------------
/opt/airflow/dags/etl_postgres_to_clickhouse.py    265  0.00s             0           1  0.11s           2026-01-04T16:49:32
================================================================================
[2026-01-04T16:53:25.423+0000] {manager.py:470} INFO - Processing files using up to 2 processes at a time 
[2026-01-04T16:53:25.424+0000] {manager.py:471} INFO - Process each file at most once every 30 seconds
[2026-01-04T16:53:25.425+0000] {manager.py:472} INFO - Checking for new files in /opt/airflow/dags every 300 seconds
[2026-01-04T16:53:25.426+0000] {manager.py:737} INFO - Searching for files in /opt/airflow/dags
[2026-01-04T16:53:25.449+0000] {manager.py:740} INFO - There are 1 files in /opt/airflow/dags
[2026-01-04T16:53:25.565+0000] {manager.py:878} INFO - 
================================================================================
DAG File Processing Stats

File Path                                          PID  Runtime      # DAGs    # Errors  Last Runtime    Last Run
-----------------------------------------------  -----  ---------  --------  ----------  --------------  ----------
/opt/airflow/dags/etl_postgres_to_clickhouse.py    182  0.04s             0           0
================================================================================
[2026-01-04T16:55:34.827+0000] {manager.py:470} INFO - Processing files using up to 2 processes at a time 
[2026-01-04T16:55:34.835+0000] {manager.py:471} INFO - Process each file at most once every 30 seconds
[2026-01-04T16:55:34.837+0000] {manager.py:472} INFO - Checking for new files in /opt/airflow/dags every 300 seconds
[2026-01-04T16:55:34.843+0000] {manager.py:737} INFO - Searching for files in /opt/airflow/dags
[2026-01-04T16:55:34.891+0000] {manager.py:740} INFO - There are 1 files in /opt/airflow/dags
[2026-01-04T16:55:35.091+0000] {manager.py:878} INFO - 
================================================================================
DAG File Processing Stats

File Path                                          PID  Runtime      # DAGs    # Errors  Last Runtime    Last Run
-----------------------------------------------  -----  ---------  --------  ----------  --------------  ----------
/opt/airflow/dags/etl_postgres_to_clickhouse.py    189  0.07s             0           0
================================================================================
[2026-01-04T16:56:05.360+0000] {manager.py:878} INFO - 
================================================================================
DAG File Processing Stats

File Path                                          PID  Runtime      # DAGs    # Errors  Last Runtime    Last Run
-----------------------------------------------  -----  ---------  --------  ----------  --------------  -------------------
/opt/airflow/dags/etl_postgres_to_clickhouse.py    217  0.01s             0           1  0.15s           2026-01-04T16:55:35
================================================================================
[2026-01-04T16:56:35.656+0000] {manager.py:878} INFO - 
================================================================================
DAG File Processing Stats

File Path                                          PID  Runtime      # DAGs    # Errors  Last Runtime    Last Run
-----------------------------------------------  -----  ---------  --------  ----------  --------------  -------------------
/opt/airflow/dags/etl_postgres_to_clickhouse.py    246  0.01s             0           1  0.18s           2026-01-04T16:56:05
================================================================================
[2026-01-04T16:57:05.934+0000] {manager.py:878} INFO - 
================================================================================
DAG File Processing Stats

File Path                                          PID  Runtime      # DAGs    # Errors  Last Runtime    Last Run
-----------------------------------------------  -----  ---------  --------  ----------  --------------  -------------------
/opt/airflow/dags/etl_postgres_to_clickhouse.py    265  0.01s             0           1  0.10s           2026-01-04T16:56:35
================================================================================
[2026-01-04T16:57:36.141+0000] {manager.py:878} INFO - 
================================================================================
DAG File Processing Stats

File Path                                          PID  Runtime      # DAGs    # Errors  Last Runtime    Last Run
-----------------------------------------------  -----  ---------  --------  ----------  --------------  -------------------
/opt/airflow/dags/etl_postgres_to_clickhouse.py    291  0.00s             0           1  0.10s           2026-01-04T16:57:06
================================================================================
[2026-01-04T16:58:06.349+0000] {manager.py:878} INFO - 
================================================================================
DAG File Processing Stats

File Path                                          PID  Runtime      # DAGs    # Errors  Last Runtime    Last Run
-----------------------------------------------  -----  ---------  --------  ----------  --------------  -------------------
/opt/airflow/dags/etl_postgres_to_clickhouse.py    310  0.01s             0           1  0.10s           2026-01-04T16:57:36
================================================================================
[2026-01-04T16:58:36.569+0000] {manager.py:878} INFO - 
================================================================================
DAG File Processing Stats

File Path                                          PID  Runtime      # DAGs    # Errors  Last Runtime    Last Run
-----------------------------------------------  -----  ---------  --------  ----------  --------------  -------------------
/opt/airflow/dags/etl_postgres_to_clickhouse.py    329  0.00s             0           1  0.09s           2026-01-04T16:58:06
================================================================================
[2026-01-04T16:59:06.762+0000] {manager.py:878} INFO - 
================================================================================
DAG File Processing Stats

File Path                                          PID  Runtime      # DAGs    # Errors  Last Runtime    Last Run
-----------------------------------------------  -----  ---------  --------  ----------  --------------  -------------------
/opt/airflow/dags/etl_postgres_to_clickhouse.py    355  0.01s             0           1  0.10s           2026-01-04T16:58:36
================================================================================
[2026-01-04T16:59:36.985+0000] {manager.py:878} INFO - 
================================================================================
DAG File Processing Stats

File Path                                          PID  Runtime      # DAGs    # Errors  Last Runtime    Last Run
-----------------------------------------------  -----  ---------  --------  ----------  --------------  -------------------
/opt/airflow/dags/etl_postgres_to_clickhouse.py    374  0.00s             0           1  0.10s           2026-01-04T16:59:06
================================================================================
[2026-01-04T17:00:07.170+0000] {manager.py:878} INFO - 
================================================================================
DAG File Processing Stats

File Path                                          PID  Runtime      # DAGs    # Errors  Last Runtime    Last Run
-----------------------------------------------  -----  ---------  --------  ----------  --------------  -------------------
/opt/airflow/dags/etl_postgres_to_clickhouse.py    393  0.01s             0           1  0.09s           2026-01-04T16:59:37
================================================================================
[2026-01-04T17:00:35.367+0000] {manager.py:737} INFO - Searching for files in /opt/airflow/dags
[2026-01-04T17:00:35.395+0000] {manager.py:740} INFO - There are 1 files in /opt/airflow/dags
[2026-01-04T17:00:37.441+0000] {manager.py:878} INFO - 
================================================================================
DAG File Processing Stats

File Path                                          PID  Runtime      # DAGs    # Errors  Last Runtime    Last Run
-----------------------------------------------  -----  ---------  --------  ----------  --------------  -------------------
/opt/airflow/dags/etl_postgres_to_clickhouse.py    420  0.00s             0           1  0.10s           2026-01-04T17:00:07
================================================================================
[2026-01-04T17:01:07.622+0000] {manager.py:878} INFO - 
================================================================================
DAG File Processing Stats

File Path                                          PID  Runtime      # DAGs    # Errors  Last Runtime    Last Run
-----------------------------------------------  -----  ---------  --------  ----------  --------------  -------------------
/opt/airflow/dags/etl_postgres_to_clickhouse.py    439  0.00s             0           1  0.10s           2026-01-04T17:00:37
================================================================================
[2026-01-04T17:01:37.850+0000] {manager.py:878} INFO - 
================================================================================
DAG File Processing Stats

File Path                                          PID  Runtime      # DAGs    # Errors  Last Runtime    Last Run
-----------------------------------------------  -----  ---------  --------  ----------  --------------  -------------------
/opt/airflow/dags/etl_postgres_to_clickhouse.py    459  0.00s             0           1  0.09s           2026-01-04T17:01:07
================================================================================
[2026-01-04T17:02:08.048+0000] {manager.py:878} INFO - 
================================================================================
DAG File Processing Stats

File Path                                          PID  Runtime      # DAGs    # Errors  Last Runtime    Last Run
-----------------------------------------------  -----  ---------  --------  ----------  --------------  -------------------
/opt/airflow/dags/etl_postgres_to_clickhouse.py    486  0.00s             0           1  0.11s           2026-01-04T17:01:37
================================================================================
[2026-01-04T17:02:38.287+0000] {manager.py:878} INFO - 
================================================================================
DAG File Processing Stats

File Path                                          PID  Runtime      # DAGs    # Errors  Last Runtime    Last Run
-----------------------------------------------  -----  ---------  --------  ----------  --------------  -------------------
/opt/airflow/dags/etl_postgres_to_clickhouse.py    504  0.00s             0           1  0.11s           2026-01-04T17:02:08
================================================================================
[2026-01-04T17:03:08.472+0000] {manager.py:878} INFO - 
================================================================================
DAG File Processing Stats

File Path                                          PID  Runtime      # DAGs    # Errors  Last Runtime    Last Run
-----------------------------------------------  -----  ---------  --------  ----------  --------------  -------------------
/opt/airflow/dags/etl_postgres_to_clickhouse.py    530  0.00s             0           1  0.09s           2026-01-04T17:02:38
================================================================================
[2026-01-04T17:03:38.711+0000] {manager.py:878} INFO - 
================================================================================
DAG File Processing Stats

File Path                                          PID  Runtime      # DAGs    # Errors  Last Runtime    Last Run
-----------------------------------------------  -----  ---------  --------  ----------  --------------  -------------------
/opt/airflow/dags/etl_postgres_to_clickhouse.py    549  0.00s             0           1  0.10s           2026-01-04T17:03:08
================================================================================
[2026-01-04T17:04:08.900+0000] {manager.py:878} INFO - 
================================================================================
DAG File Processing Stats

File Path                                          PID  Runtime      # DAGs    # Errors  Last Runtime    Last Run
-----------------------------------------------  -----  ---------  --------  ----------  --------------  -------------------
/opt/airflow/dags/etl_postgres_to_clickhouse.py    568  0.00s             0           1  0.10s           2026-01-04T17:03:38
================================================================================
[2026-01-04T17:04:39.141+0000] {manager.py:878} INFO - 
================================================================================
DAG File Processing Stats

File Path                                          PID  Runtime      # DAGs    # Errors  Last Runtime    Last Run
-----------------------------------------------  -----  ---------  --------  ----------  --------------  -------------------
/opt/airflow/dags/etl_postgres_to_clickhouse.py    594  0.00s             0           1  0.10s           2026-01-04T17:04:08
================================================================================
[2026-01-04T17:05:09.324+0000] {manager.py:878} INFO - 
================================================================================
DAG File Processing Stats

File Path                                          PID  Runtime      # DAGs    # Errors  Last Runtime    Last Run
-----------------------------------------------  -----  ---------  --------  ----------  --------------  -------------------
/opt/airflow/dags/etl_postgres_to_clickhouse.py    613  0.00s             0           1  0.10s           2026-01-04T17:04:39
================================================================================
[2026-01-04T17:05:35.516+0000] {manager.py:737} INFO - Searching for files in /opt/airflow/dags
[2026-01-04T17:05:35.541+0000] {manager.py:740} INFO - There are 1 files in /opt/airflow/dags
[2026-01-04T17:05:39.593+0000] {manager.py:878} INFO - 
================================================================================
DAG File Processing Stats

File Path                                          PID  Runtime      # DAGs    # Errors  Last Runtime    Last Run
-----------------------------------------------  -----  ---------  --------  ----------  --------------  -------------------
/opt/airflow/dags/etl_postgres_to_clickhouse.py    632  0.00s             0           1  0.10s           2026-01-04T17:05:09
================================================================================
[2026-01-04T17:06:09.773+0000] {manager.py:878} INFO - 
================================================================================
DAG File Processing Stats

File Path                                          PID  Runtime      # DAGs    # Errors  Last Runtime    Last Run
-----------------------------------------------  -----  ---------  --------  ----------  --------------  -------------------
/opt/airflow/dags/etl_postgres_to_clickhouse.py    658  0.00s             0           1  0.09s           2026-01-04T17:05:39
================================================================================
[2026-01-04T17:06:40.024+0000] {manager.py:878} INFO - 
================================================================================
DAG File Processing Stats

File Path                                          PID  Runtime      # DAGs    # Errors  Last Runtime    Last Run
-----------------------------------------------  -----  ---------  --------  ----------  --------------  -------------------
/opt/airflow/dags/etl_postgres_to_clickhouse.py    677  0.00s             0           1  0.09s           2026-01-04T17:06:09
================================================================================
[2026-01-04T17:07:10.228+0000] {manager.py:878} INFO - 
================================================================================
DAG File Processing Stats

File Path                                          PID  Runtime      # DAGs    # Errors  Last Runtime    Last Run
-----------------------------------------------  -----  ---------  --------  ----------  --------------  -------------------
/opt/airflow/dags/etl_postgres_to_clickhouse.py    697  0.00s             0           1  0.09s           2026-01-04T17:06:40
================================================================================
[2026-01-04T17:07:40.434+0000] {manager.py:878} INFO - 
================================================================================
DAG File Processing Stats

File Path                                          PID  Runtime      # DAGs    # Errors  Last Runtime    Last Run
-----------------------------------------------  -----  ---------  --------  ----------  --------------  -------------------
/opt/airflow/dags/etl_postgres_to_clickhouse.py    723  0.00s             0           1  0.10s           2026-01-04T17:07:10
================================================================================
[2026-01-04T17:08:10.653+0000] {manager.py:878} INFO - 
================================================================================
DAG File Processing Stats

File Path                                          PID  Runtime      # DAGs    # Errors  Last Runtime    Last Run
-----------------------------------------------  -----  ---------  --------  ----------  --------------  -------------------
/opt/airflow/dags/etl_postgres_to_clickhouse.py    742  0.01s             0           1  0.13s           2026-01-04T17:07:40
================================================================================
[2026-01-04T17:08:40.897+0000] {manager.py:878} INFO - 
================================================================================
DAG File Processing Stats

File Path                                          PID  Runtime      # DAGs    # Errors  Last Runtime    Last Run
-----------------------------------------------  -----  ---------  --------  ----------  --------------  -------------------
/opt/airflow/dags/etl_postgres_to_clickhouse.py    761  0.00s             0           1  0.10s           2026-01-04T17:08:10
================================================================================
[2026-01-04T17:09:11.103+0000] {manager.py:878} INFO - 
================================================================================
DAG File Processing Stats

File Path                                          PID  Runtime      # DAGs    # Errors  Last Runtime    Last Run
-----------------------------------------------  -----  ---------  --------  ----------  --------------  -------------------
/opt/airflow/dags/etl_postgres_to_clickhouse.py    787  0.01s             0           1  0.10s           2026-01-04T17:08:40
================================================================================
[2026-01-04T17:09:41.324+0000] {manager.py:878} INFO - 
================================================================================
DAG File Processing Stats

File Path                                          PID  Runtime      # DAGs    # Errors  Last Runtime    Last Run
-----------------------------------------------  -----  ---------  --------  ----------  --------------  -------------------
/opt/airflow/dags/etl_postgres_to_clickhouse.py    806  0.00s             0           1  0.12s           2026-01-04T17:09:11
================================================================================
[2026-01-04T17:10:11.546+0000] {manager.py:878} INFO - 
================================================================================
DAG File Processing Stats

File Path                                          PID  Runtime      # DAGs    # Errors  Last Runtime    Last Run
-----------------------------------------------  -----  ---------  --------  ----------  --------------  -------------------
/opt/airflow/dags/etl_postgres_to_clickhouse.py    825  0.00s             0           1  0.10s           2026-01-04T17:09:41
================================================================================
[2026-01-04T17:10:35.705+0000] {manager.py:737} INFO - Searching for files in /opt/airflow/dags
[2026-01-04T17:10:35.739+0000] {manager.py:740} INFO - There are 1 files in /opt/airflow/dags
[2026-01-04T17:10:41.798+0000] {manager.py:878} INFO - 
================================================================================
DAG File Processing Stats

File Path                                          PID  Runtime      # DAGs    # Errors  Last Runtime    Last Run
-----------------------------------------------  -----  ---------  --------  ----------  --------------  -------------------
/opt/airflow/dags/etl_postgres_to_clickhouse.py    844  0.00s             0           1  0.11s           2026-01-04T17:10:11
================================================================================
[2026-01-04T17:11:11.987+0000] {manager.py:878} INFO - 
================================================================================
DAG File Processing Stats

File Path                                          PID  Runtime      # DAGs    # Errors  Last Runtime    Last Run
-----------------------------------------------  -----  ---------  --------  ----------  --------------  -------------------
/opt/airflow/dags/etl_postgres_to_clickhouse.py    870  0.01s             0           1  0.09s           2026-01-04T17:10:41
================================================================================
[2026-01-04T17:11:42.211+0000] {manager.py:878} INFO - 
================================================================================
DAG File Processing Stats

File Path                                          PID  Runtime      # DAGs    # Errors  Last Runtime    Last Run
-----------------------------------------------  -----  ---------  --------  ----------  --------------  -------------------
/opt/airflow/dags/etl_postgres_to_clickhouse.py    889  0.00s             0           1  0.11s           2026-01-04T17:11:12
================================================================================
[2026-01-04T17:12:12.415+0000] {manager.py:878} INFO - 
================================================================================
DAG File Processing Stats

File Path                                          PID  Runtime      # DAGs    # Errors  Last Runtime    Last Run
-----------------------------------------------  -----  ---------  --------  ----------  --------------  -------------------
/opt/airflow/dags/etl_postgres_to_clickhouse.py    908  0.01s             0           1  0.10s           2026-01-04T17:11:42
================================================================================
[2026-01-04T17:12:42.628+0000] {manager.py:878} INFO - 
================================================================================
DAG File Processing Stats

File Path                                          PID  Runtime      # DAGs    # Errors  Last Runtime    Last Run
-----------------------------------------------  -----  ---------  --------  ----------  --------------  -------------------
/opt/airflow/dags/etl_postgres_to_clickhouse.py    934  0.00s             0           1  0.10s           2026-01-04T17:12:12
================================================================================
[2026-01-04T17:13:12.837+0000] {manager.py:878} INFO - 
================================================================================
DAG File Processing Stats

File Path                                          PID  Runtime      # DAGs    # Errors  Last Runtime    Last Run
-----------------------------------------------  -----  ---------  --------  ----------  --------------  -------------------
/opt/airflow/dags/etl_postgres_to_clickhouse.py    953  0.00s             0           1  0.11s           2026-01-04T17:12:42
================================================================================
[2026-01-04T17:13:43.062+0000] {manager.py:878} INFO - 
================================================================================
DAG File Processing Stats

File Path                                          PID  Runtime      # DAGs    # Errors  Last Runtime    Last Run
-----------------------------------------------  -----  ---------  --------  ----------  --------------  -------------------
/opt/airflow/dags/etl_postgres_to_clickhouse.py    972  0.00s             0           1  0.10s           2026-01-04T17:13:12
================================================================================
[2026-01-04T17:14:13.251+0000] {manager.py:878} INFO - 
================================================================================
DAG File Processing Stats

File Path                                          PID  Runtime      # DAGs    # Errors  Last Runtime    Last Run
-----------------------------------------------  -----  ---------  --------  ----------  --------------  -------------------
/opt/airflow/dags/etl_postgres_to_clickhouse.py    998  0.00s             0           1  0.13s           2026-01-04T17:13:43
================================================================================
[2026-01-04T17:14:43.530+0000] {manager.py:878} INFO - 
================================================================================
DAG File Processing Stats

File Path                                          PID  Runtime      # DAGs    # Errors  Last Runtime    Last Run
-----------------------------------------------  -----  ---------  --------  ----------  --------------  -------------------
/opt/airflow/dags/etl_postgres_to_clickhouse.py   1017  0.00s             0           1  0.12s           2026-01-04T17:14:13
================================================================================
[2026-01-04T17:15:13.769+0000] {manager.py:878} INFO - 
================================================================================
DAG File Processing Stats

File Path                                          PID  Runtime      # DAGs    # Errors  Last Runtime    Last Run
-----------------------------------------------  -----  ---------  --------  ----------  --------------  -------------------
/opt/airflow/dags/etl_postgres_to_clickhouse.py   1043  0.00s             0           1  0.10s           2026-01-04T17:14:43
================================================================================
[2026-01-04T17:15:35.956+0000] {manager.py:737} INFO - Searching for files in /opt/airflow/dags
[2026-01-04T17:15:35.982+0000] {manager.py:740} INFO - There are 1 files in /opt/airflow/dags
[2026-01-04T17:15:44.055+0000] {manager.py:878} INFO - 
================================================================================
DAG File Processing Stats

File Path                                          PID  Runtime      # DAGs    # Errors  Last Runtime    Last Run
-----------------------------------------------  -----  ---------  --------  ----------  --------------  -------------------
/opt/airflow/dags/etl_postgres_to_clickhouse.py   1063  0.00s             0           1  0.09s           2026-01-04T17:15:13
================================================================================
[2026-01-04T17:16:14.292+0000] {manager.py:878} INFO - 
================================================================================
DAG File Processing Stats

File Path                                          PID  Runtime      # DAGs    # Errors  Last Runtime    Last Run
-----------------------------------------------  -----  ---------  --------  ----------  --------------  -------------------
/opt/airflow/dags/etl_postgres_to_clickhouse.py   1082  0.01s             0           1  0.10s           2026-01-04T17:15:44
================================================================================
[2026-01-04T17:16:44.563+0000] {manager.py:878} INFO - 
================================================================================
DAG File Processing Stats

File Path                                          PID  Runtime      # DAGs    # Errors  Last Runtime    Last Run
-----------------------------------------------  -----  ---------  --------  ----------  --------------  -------------------
/opt/airflow/dags/etl_postgres_to_clickhouse.py   1101  0.01s             0           1  0.12s           2026-01-04T17:16:14
================================================================================
[2026-01-04T17:17:14.811+0000] {manager.py:878} INFO - 
================================================================================
DAG File Processing Stats

File Path                                          PID  Runtime      # DAGs    # Errors  Last Runtime    Last Run
-----------------------------------------------  -----  ---------  --------  ----------  --------------  -------------------
/opt/airflow/dags/etl_postgres_to_clickhouse.py   1120  0.01s             0           1  0.12s           2026-01-04T17:16:44
================================================================================
[2026-01-04T17:17:45.029+0000] {manager.py:878} INFO - 
================================================================================
DAG File Processing Stats

File Path                                        PID    Runtime      # DAGs    # Errors  Last Runtime    Last Run
-----------------------------------------------  -----  ---------  --------  ----------  --------------  -------------------
/opt/airflow/dags/etl_postgres_to_clickhouse.py                           0           1  0.45s           2026-01-04T17:17:15
================================================================================
[2026-01-04T17:18:15.645+0000] {manager.py:878} INFO - 
================================================================================
DAG File Processing Stats

File Path                                        PID    Runtime      # DAGs    # Errors  Last Runtime    Last Run
-----------------------------------------------  -----  ---------  --------  ----------  --------------  -------------------
/opt/airflow/dags/etl_postgres_to_clickhouse.py                           0           1  0.19s           2026-01-04T17:17:45
================================================================================
[2026-01-04T17:18:46.087+0000] {manager.py:878} INFO - 
================================================================================
DAG File Processing Stats

File Path                                          PID  Runtime      # DAGs    # Errors  Last Runtime    Last Run
-----------------------------------------------  -----  ---------  --------  ----------  --------------  -------------------
/opt/airflow/dags/etl_postgres_to_clickhouse.py   1185  0.01s             0           1  0.10s           2026-01-04T17:18:15
================================================================================
[2026-01-04T17:19:16.344+0000] {manager.py:878} INFO - 
================================================================================
DAG File Processing Stats

File Path                                          PID  Runtime      # DAGs    # Errors  Last Runtime    Last Run
-----------------------------------------------  -----  ---------  --------  ----------  --------------  -------------------
/opt/airflow/dags/etl_postgres_to_clickhouse.py   1204  0.01s             0           1  0.12s           2026-01-04T17:18:46
================================================================================
[2026-01-04T17:19:46.607+0000] {manager.py:878} INFO - 
================================================================================
DAG File Processing Stats

File Path                                          PID  Runtime      # DAGs    # Errors  Last Runtime    Last Run
-----------------------------------------------  -----  ---------  --------  ----------  --------------  -------------------
/opt/airflow/dags/etl_postgres_to_clickhouse.py   1224  0.01s             0           1  0.12s           2026-01-04T17:19:16
================================================================================
[2026-01-04T17:20:16.930+0000] {manager.py:878} INFO - 
================================================================================
DAG File Processing Stats

File Path                                          PID  Runtime      # DAGs    # Errors  Last Runtime    Last Run
-----------------------------------------------  -----  ---------  --------  ----------  --------------  -------------------
/opt/airflow/dags/etl_postgres_to_clickhouse.py   1243  0.01s             0           1  0.16s           2026-01-04T17:19:46
================================================================================
[2026-01-04T17:20:36.148+0000] {manager.py:737} INFO - Searching for files in /opt/airflow/dags
[2026-01-04T17:20:36.201+0000] {manager.py:740} INFO - There are 1 files in /opt/airflow/dags
[2026-01-04T17:20:47.315+0000] {manager.py:878} INFO - 
================================================================================
DAG File Processing Stats

File Path                                          PID  Runtime      # DAGs    # Errors  Last Runtime    Last Run
-----------------------------------------------  -----  ---------  --------  ----------  --------------  -------------------
/opt/airflow/dags/etl_postgres_to_clickhouse.py   1262  0.00s             0           1  0.13s           2026-01-04T17:20:17
================================================================================
[2026-01-04T17:21:41.307+0000] {manager.py:470} INFO - Processing files using up to 2 processes at a time 
[2026-01-04T17:21:41.309+0000] {manager.py:471} INFO - Process each file at most once every 30 seconds
[2026-01-04T17:21:41.311+0000] {manager.py:472} INFO - Checking for new files in /opt/airflow/dags every 300 seconds
[2026-01-04T17:21:41.312+0000] {manager.py:737} INFO - Searching for files in /opt/airflow/dags
[2026-01-04T17:21:41.358+0000] {manager.py:740} INFO - There are 1 files in /opt/airflow/dags
[2026-01-04T17:21:41.546+0000] {manager.py:878} INFO - 
================================================================================
DAG File Processing Stats

File Path                                          PID  Runtime      # DAGs    # Errors  Last Runtime    Last Run
-----------------------------------------------  -----  ---------  --------  ----------  --------------  ----------
/opt/airflow/dags/etl_postgres_to_clickhouse.py    174  0.08s             0           0
================================================================================
[2026-01-04T17:22:11.778+0000] {manager.py:878} INFO - 
================================================================================
DAG File Processing Stats

File Path                                          PID  Runtime      # DAGs    # Errors  Last Runtime    Last Run
-----------------------------------------------  -----  ---------  --------  ----------  --------------  -------------------
/opt/airflow/dags/etl_postgres_to_clickhouse.py    213  0.01s             0           1  0.19s           2026-01-04T17:21:41
================================================================================
[2026-01-04T17:22:42.100+0000] {manager.py:878} INFO - 
================================================================================
DAG File Processing Stats

File Path                                          PID  Runtime      # DAGs    # Errors  Last Runtime    Last Run
-----------------------------------------------  -----  ---------  --------  ----------  --------------  -------------------
/opt/airflow/dags/etl_postgres_to_clickhouse.py    242  0.01s             0           1  0.22s           2026-01-04T17:22:11
================================================================================
[2026-01-04T17:23:12.542+0000] {manager.py:878} INFO - 
================================================================================
DAG File Processing Stats

File Path                                          PID  Runtime      # DAGs    # Errors  Last Runtime    Last Run
-----------------------------------------------  -----  ---------  --------  ----------  --------------  -------------------
/opt/airflow/dags/etl_postgres_to_clickhouse.py    261  0.01s             0           1  0.15s           2026-01-04T17:22:42
================================================================================
[2026-01-04T17:23:42.878+0000] {manager.py:878} INFO - 
================================================================================
DAG File Processing Stats

File Path                                          PID  Runtime      # DAGs    # Errors  Last Runtime    Last Run
-----------------------------------------------  -----  ---------  --------  ----------  --------------  -------------------
/opt/airflow/dags/etl_postgres_to_clickhouse.py    287  0.01s             0           1  0.19s           2026-01-04T17:23:12
================================================================================
[2026-01-04T17:24:13.076+0000] {manager.py:878} INFO - 
================================================================================
DAG File Processing Stats

File Path                                          PID  Runtime      # DAGs    # Errors  Last Runtime    Last Run
-----------------------------------------------  -----  ---------  --------  ----------  --------------  -------------------
/opt/airflow/dags/etl_postgres_to_clickhouse.py    306  0.00s             0           1  0.12s           2026-01-04T17:23:42
================================================================================
[2026-01-04T17:24:43.339+0000] {manager.py:878} INFO - 
================================================================================
DAG File Processing Stats

File Path                                          PID  Runtime      # DAGs    # Errors  Last Runtime    Last Run
-----------------------------------------------  -----  ---------  --------  ----------  --------------  -------------------
/opt/airflow/dags/etl_postgres_to_clickhouse.py    325  0.00s             0           1  0.10s           2026-01-04T17:24:13
================================================================================
[2026-01-04T17:25:13.588+0000] {manager.py:878} INFO - 
================================================================================
DAG File Processing Stats

File Path                                          PID  Runtime      # DAGs    # Errors  Last Runtime    Last Run
-----------------------------------------------  -----  ---------  --------  ----------  --------------  -------------------
/opt/airflow/dags/etl_postgres_to_clickhouse.py    344  0.02s             0           1  0.11s           2026-01-04T17:24:43
================================================================================
[2026-01-04T17:25:43.841+0000] {manager.py:878} INFO - 
================================================================================
DAG File Processing Stats

File Path                                        PID    Runtime      # DAGs    # Errors  Last Runtime    Last Run
-----------------------------------------------  -----  ---------  --------  ----------  --------------  -------------------
/opt/airflow/dags/etl_postgres_to_clickhouse.py                           0           1  0.31s           2026-01-04T17:25:13
================================================================================
[2026-01-04T17:26:14.315+0000] {manager.py:878} INFO - 
================================================================================
DAG File Processing Stats

File Path                                          PID  Runtime      # DAGs    # Errors  Last Runtime    Last Run
-----------------------------------------------  -----  ---------  --------  ----------  --------------  -------------------
/opt/airflow/dags/etl_postgres_to_clickhouse.py    382  0.01s             0           1  0.14s           2026-01-04T17:25:44
================================================================================
[2026-01-04T17:26:41.616+0000] {manager.py:737} INFO - Searching for files in /opt/airflow/dags
[2026-01-04T17:26:41.697+0000] {manager.py:740} INFO - There are 1 files in /opt/airflow/dags
[2026-01-04T17:26:44.767+0000] {manager.py:878} INFO - 
================================================================================
DAG File Processing Stats

File Path                                          PID  Runtime      # DAGs    # Errors  Last Runtime    Last Run
-----------------------------------------------  -----  ---------  --------  ----------  --------------  -------------------
/opt/airflow/dags/etl_postgres_to_clickhouse.py    401  0.01s             0           1  0.18s           2026-01-04T17:26:14
================================================================================
[2026-01-04T17:27:15.008+0000] {manager.py:878} INFO - 
================================================================================
DAG File Processing Stats

File Path                                          PID  Runtime      # DAGs    # Errors  Last Runtime    Last Run
-----------------------------------------------  -----  ---------  --------  ----------  --------------  -------------------
/opt/airflow/dags/etl_postgres_to_clickhouse.py    427  0.01s             0           1  0.13s           2026-01-04T17:26:44
================================================================================
[2026-01-04T17:27:45.296+0000] {manager.py:878} INFO - 
================================================================================
DAG File Processing Stats

File Path                                          PID  Runtime      # DAGs    # Errors  Last Runtime    Last Run
-----------------------------------------------  -----  ---------  --------  ----------  --------------  -------------------
/opt/airflow/dags/etl_postgres_to_clickhouse.py    446  0.01s             0           1  0.17s           2026-01-04T17:27:15
================================================================================
[2026-01-04T17:28:15.685+0000] {manager.py:878} INFO - 
================================================================================
DAG File Processing Stats

File Path                                          PID  Runtime      # DAGs    # Errors  Last Runtime    Last Run
-----------------------------------------------  -----  ---------  --------  ----------  --------------  -------------------
/opt/airflow/dags/etl_postgres_to_clickhouse.py    465  0.01s             0           1  0.11s           2026-01-04T17:27:45
================================================================================
[2026-01-04T17:28:45.929+0000] {manager.py:878} INFO - 
================================================================================
DAG File Processing Stats

File Path                                          PID  Runtime      # DAGs    # Errors  Last Runtime    Last Run
-----------------------------------------------  -----  ---------  --------  ----------  --------------  -------------------
/opt/airflow/dags/etl_postgres_to_clickhouse.py    484  0.01s             0           1  0.12s           2026-01-04T17:28:15
================================================================================
[2026-01-04T17:29:16.298+0000] {manager.py:878} INFO - 
================================================================================
DAG File Processing Stats

File Path                                          PID  Runtime      # DAGs    # Errors  Last Runtime    Last Run
-----------------------------------------------  -----  ---------  --------  ----------  --------------  -------------------
/opt/airflow/dags/etl_postgres_to_clickhouse.py    503  0.01s             0           1  0.19s           2026-01-04T17:28:46
================================================================================
[2026-01-04T17:29:46.571+0000] {manager.py:878} INFO - 
================================================================================
DAG File Processing Stats

File Path                                          PID  Runtime      # DAGs    # Errors  Last Runtime    Last Run
-----------------------------------------------  -----  ---------  --------  ----------  --------------  -------------------
/opt/airflow/dags/etl_postgres_to_clickhouse.py    522  0.01s             0           1  0.16s           2026-01-04T17:29:16
================================================================================
[2026-01-04T17:30:16.883+0000] {manager.py:878} INFO - 
================================================================================
DAG File Processing Stats

File Path                                          PID  Runtime      # DAGs    # Errors  Last Runtime    Last Run
-----------------------------------------------  -----  ---------  --------  ----------  --------------  -------------------
/opt/airflow/dags/etl_postgres_to_clickhouse.py    541  0.01s             0           1  0.22s           2026-01-04T17:29:46
================================================================================
[2026-01-04T17:30:47.216+0000] {manager.py:878} INFO - 
================================================================================
DAG File Processing Stats

File Path                                          PID  Runtime      # DAGs    # Errors  Last Runtime    Last Run
-----------------------------------------------  -----  ---------  --------  ----------  --------------  -------------------
/opt/airflow/dags/etl_postgres_to_clickhouse.py    561  0.01s             0           1  0.17s           2026-01-04T17:30:17
================================================================================
[2026-01-04T17:31:17.440+0000] {manager.py:878} INFO - 
================================================================================
DAG File Processing Stats

File Path                                          PID  Runtime      # DAGs    # Errors  Last Runtime    Last Run
-----------------------------------------------  -----  ---------  --------  ----------  --------------  -------------------
/opt/airflow/dags/etl_postgres_to_clickhouse.py    581  0.01s             0           1  0.14s           2026-01-04T17:30:47
================================================================================
[2026-01-04T17:31:41.695+0000] {manager.py:737} INFO - Searching for files in /opt/airflow/dags
[2026-01-04T17:31:41.724+0000] {manager.py:740} INFO - There are 1 files in /opt/airflow/dags
[2026-01-04T17:31:47.793+0000] {manager.py:878} INFO - 
================================================================================
DAG File Processing Stats

File Path                                          PID  Runtime      # DAGs    # Errors  Last Runtime    Last Run
-----------------------------------------------  -----  ---------  --------  ----------  --------------  -------------------
/opt/airflow/dags/etl_postgres_to_clickhouse.py    607  0.01s             0           1  0.12s           2026-01-04T17:31:17
================================================================================
[2026-01-04T17:32:18.021+0000] {manager.py:878} INFO - 
================================================================================
DAG File Processing Stats

File Path                                          PID  Runtime      # DAGs    # Errors  Last Runtime    Last Run
-----------------------------------------------  -----  ---------  --------  ----------  --------------  -------------------
/opt/airflow/dags/etl_postgres_to_clickhouse.py    626  0.01s             0           1  0.12s           2026-01-04T17:31:47
================================================================================
[2026-01-04T17:32:48.389+0000] {manager.py:878} INFO - 
================================================================================
DAG File Processing Stats

File Path                                          PID  Runtime      # DAGs    # Errors  Last Runtime    Last Run
-----------------------------------------------  -----  ---------  --------  ----------  --------------  -------------------
/opt/airflow/dags/etl_postgres_to_clickhouse.py    645  0.02s             0           1  0.16s           2026-01-04T17:32:18
================================================================================
[2026-01-04T17:33:18.648+0000] {manager.py:878} INFO - 
================================================================================
DAG File Processing Stats

File Path                                          PID  Runtime      # DAGs    # Errors  Last Runtime    Last Run
-----------------------------------------------  -----  ---------  --------  ----------  --------------  -------------------
/opt/airflow/dags/etl_postgres_to_clickhouse.py    665  0.02s             0           1  0.20s           2026-01-04T17:32:48
================================================================================
[2026-01-04T17:33:48.999+0000] {manager.py:878} INFO - 
================================================================================
DAG File Processing Stats

File Path                                          PID  Runtime      # DAGs    # Errors  Last Runtime    Last Run
-----------------------------------------------  -----  ---------  --------  ----------  --------------  -------------------
/opt/airflow/dags/etl_postgres_to_clickhouse.py    685  0.01s             0           1  0.16s           2026-01-04T17:33:18
================================================================================
[2026-01-04T17:34:19.258+0000] {manager.py:878} INFO - 
================================================================================
DAG File Processing Stats

File Path                                          PID  Runtime      # DAGs    # Errors  Last Runtime    Last Run
-----------------------------------------------  -----  ---------  --------  ----------  --------------  -------------------
/opt/airflow/dags/etl_postgres_to_clickhouse.py    704  0.01s             0           1  0.12s           2026-01-04T17:33:49
================================================================================
[2026-01-04T21:47:40.732+0000] {manager.py:470} INFO - Processing files using up to 2 processes at a time 
[2026-01-04T21:47:40.733+0000] {manager.py:471} INFO - Process each file at most once every 30 seconds
[2026-01-04T21:47:40.734+0000] {manager.py:472} INFO - Checking for new files in /opt/airflow/dags every 300 seconds
[2026-01-04T21:47:40.736+0000] {manager.py:737} INFO - Searching for files in /opt/airflow/dags
[2026-01-04T21:47:40.764+0000] {manager.py:740} INFO - There are 1 files in /opt/airflow/dags
[2026-01-04T21:47:40.912+0000] {manager.py:878} INFO - 
================================================================================
DAG File Processing Stats

File Path                                          PID  Runtime      # DAGs    # Errors  Last Runtime    Last Run
-----------------------------------------------  -----  ---------  --------  ----------  --------------  ----------
/opt/airflow/dags/etl_postgres_to_clickhouse.py    183  0.05s             0           0
================================================================================
[2026-01-04T21:48:11.036+0000] {manager.py:878} INFO - 
================================================================================
DAG File Processing Stats

File Path                                          PID  Runtime      # DAGs    # Errors  Last Runtime    Last Run
-----------------------------------------------  -----  ---------  --------  ----------  --------------  -------------------
/opt/airflow/dags/etl_postgres_to_clickhouse.py    228  0.01s             0           1  0.11s           2026-01-04T21:47:40
================================================================================
[2026-01-04T21:48:41.221+0000] {manager.py:878} INFO - 
================================================================================
DAG File Processing Stats

File Path                                          PID  Runtime      # DAGs    # Errors  Last Runtime    Last Run
-----------------------------------------------  -----  ---------  --------  ----------  --------------  -------------------
/opt/airflow/dags/etl_postgres_to_clickhouse.py    248  0.01s             0           1  0.14s           2026-01-04T21:48:11
================================================================================
[2026-01-04T21:49:11.314+0000] {manager.py:878} INFO - 
================================================================================
DAG File Processing Stats

File Path                                        PID    Runtime      # DAGs    # Errors  Last Runtime    Last Run
-----------------------------------------------  -----  ---------  --------  ----------  --------------  -------------------
/opt/airflow/dags/etl_postgres_to_clickhouse.py                           0           1  0.10s           2026-01-04T21:48:41
================================================================================
[2026-01-04T21:50:02.290+0000] {manager.py:470} INFO - Processing files using up to 2 processes at a time 
[2026-01-04T21:50:02.294+0000] {manager.py:471} INFO - Process each file at most once every 30 seconds
[2026-01-04T21:50:02.295+0000] {manager.py:472} INFO - Checking for new files in /opt/airflow/dags every 300 seconds
[2026-01-04T21:50:02.296+0000] {manager.py:737} INFO - Searching for files in /opt/airflow/dags
[2026-01-04T21:50:02.322+0000] {manager.py:740} INFO - There are 1 files in /opt/airflow/dags
[2026-01-04T21:50:02.432+0000] {manager.py:878} INFO - 
================================================================================
DAG File Processing Stats

File Path                                          PID  Runtime      # DAGs    # Errors  Last Runtime    Last Run
-----------------------------------------------  -----  ---------  --------  ----------  --------------  ----------
/opt/airflow/dags/etl_postgres_to_clickhouse.py    183  0.05s             0           0
================================================================================
[2026-01-04T21:50:32.507+0000] {manager.py:878} INFO - 
================================================================================
DAG File Processing Stats

File Path                                        PID    Runtime      # DAGs    # Errors  Last Runtime    Last Run
-----------------------------------------------  -----  ---------  --------  ----------  --------------  -------------------
/opt/airflow/dags/etl_postgres_to_clickhouse.py                           1           0  0.39s           2026-01-04T21:50:02
================================================================================
[2026-01-04T21:51:02.570+0000] {manager.py:878} INFO - 
================================================================================
DAG File Processing Stats

File Path                                        PID    Runtime      # DAGs    # Errors  Last Runtime    Last Run
-----------------------------------------------  -----  ---------  --------  ----------  --------------  -------------------
/opt/airflow/dags/etl_postgres_to_clickhouse.py                           1           0  0.66s           2026-01-04T21:50:33
================================================================================
[2026-01-04T21:51:33.002+0000] {manager.py:878} INFO - 
================================================================================
DAG File Processing Stats

File Path                                        PID    Runtime      # DAGs    # Errors  Last Runtime    Last Run
-----------------------------------------------  -----  ---------  --------  ----------  --------------  -------------------
/opt/airflow/dags/etl_postgres_to_clickhouse.py                           1           0  0.38s           2026-01-04T21:51:03
================================================================================
[2026-01-04T21:52:03.103+0000] {manager.py:878} INFO - 
================================================================================
DAG File Processing Stats

File Path                                        PID    Runtime      # DAGs    # Errors  Last Runtime    Last Run
-----------------------------------------------  -----  ---------  --------  ----------  --------------  -------------------
/opt/airflow/dags/etl_postgres_to_clickhouse.py                           1           0  0.46s           2026-01-04T21:51:34
================================================================================
[2026-01-04T21:53:04.366+0000] {manager.py:470} INFO - Processing files using up to 2 processes at a time 
[2026-01-04T21:53:04.368+0000] {manager.py:471} INFO - Process each file at most once every 30 seconds
[2026-01-04T21:53:04.370+0000] {manager.py:472} INFO - Checking for new files in /opt/airflow/dags every 300 seconds
[2026-01-04T21:53:04.372+0000] {manager.py:737} INFO - Searching for files in /opt/airflow/dags
[2026-01-04T21:53:04.441+0000] {manager.py:740} INFO - There are 1 files in /opt/airflow/dags
[2026-01-04T21:53:04.647+0000] {manager.py:878} INFO - 
================================================================================
DAG File Processing Stats

File Path                                          PID  Runtime      # DAGs    # Errors  Last Runtime    Last Run
-----------------------------------------------  -----  ---------  --------  ----------  --------------  ----------
/opt/airflow/dags/etl_postgres_to_clickhouse.py    191  0.06s             0           0
================================================================================
[2026-01-04T21:53:34.755+0000] {manager.py:878} INFO - 
================================================================================
DAG File Processing Stats

File Path                                        PID    Runtime      # DAGs    # Errors  Last Runtime    Last Run
-----------------------------------------------  -----  ---------  --------  ----------  --------------  -------------------
/opt/airflow/dags/etl_postgres_to_clickhouse.py                           1           0  0.72s           2026-01-04T21:53:05
================================================================================
[2026-01-04T21:54:04.837+0000] {manager.py:878} INFO - 
================================================================================
DAG File Processing Stats

File Path                                        PID    Runtime      # DAGs    # Errors  Last Runtime    Last Run
-----------------------------------------------  -----  ---------  --------  ----------  --------------  -------------------
/opt/airflow/dags/etl_postgres_to_clickhouse.py                           1           0  0.57s           2026-01-04T21:53:36
================================================================================
[2026-01-04T21:54:35.236+0000] {manager.py:878} INFO - 
================================================================================
DAG File Processing Stats

File Path                                        PID    Runtime      # DAGs    # Errors  Last Runtime    Last Run
-----------------------------------------------  -----  ---------  --------  ----------  --------------  -------------------
/opt/airflow/dags/etl_postgres_to_clickhouse.py                           1           0  0.35s           2026-01-04T21:54:06
================================================================================
[2026-01-04T21:55:05.680+0000] {manager.py:878} INFO - 
================================================================================
DAG File Processing Stats

File Path                                        PID    Runtime      # DAGs    # Errors  Last Runtime    Last Run
-----------------------------------------------  -----  ---------  --------  ----------  --------------  -------------------
/opt/airflow/dags/etl_postgres_to_clickhouse.py                           1           0  0.33s           2026-01-04T21:54:36
================================================================================
[2026-01-04T21:55:35.840+0000] {manager.py:878} INFO - 
================================================================================
DAG File Processing Stats

File Path                                        PID    Runtime      # DAGs    # Errors  Last Runtime    Last Run
-----------------------------------------------  -----  ---------  --------  ----------  --------------  -------------------
/opt/airflow/dags/etl_postgres_to_clickhouse.py                           1           0  0.70s           2026-01-04T21:55:07
================================================================================
[2026-01-04T21:56:06.029+0000] {manager.py:878} INFO - 
================================================================================
DAG File Processing Stats

File Path                                        PID    Runtime      # DAGs    # Errors  Last Runtime    Last Run
-----------------------------------------------  -----  ---------  --------  ----------  --------------  -------------------
/opt/airflow/dags/etl_postgres_to_clickhouse.py                           1           0  0.58s           2026-01-04T21:55:38
================================================================================
[2026-01-04T21:56:36.147+0000] {manager.py:878} INFO - 
================================================================================
DAG File Processing Stats

File Path                                        PID    Runtime      # DAGs    # Errors  Last Runtime    Last Run
-----------------------------------------------  -----  ---------  --------  ----------  --------------  -------------------
/opt/airflow/dags/etl_postgres_to_clickhouse.py                           1           0  0.80s           2026-01-04T21:56:09
================================================================================
[2026-01-04T21:57:06.159+0000] {manager.py:878} INFO - 
================================================================================
DAG File Processing Stats

File Path                                        PID    Runtime      # DAGs    # Errors  Last Runtime    Last Run
-----------------------------------------------  -----  ---------  --------  ----------  --------------  -------------------
/opt/airflow/dags/etl_postgres_to_clickhouse.py                           1           0  0.53s           2026-01-04T21:56:40
================================================================================
[2026-01-04T21:57:36.240+0000] {manager.py:878} INFO - 
================================================================================
DAG File Processing Stats

File Path                                        PID    Runtime      # DAGs    # Errors  Last Runtime    Last Run
-----------------------------------------------  -----  ---------  --------  ----------  --------------  -------------------
/opt/airflow/dags/etl_postgres_to_clickhouse.py                           1           0  0.40s           2026-01-04T21:57:10
================================================================================
[2026-01-04T21:58:04.776+0000] {manager.py:737} INFO - Searching for files in /opt/airflow/dags
[2026-01-04T21:58:04.895+0000] {manager.py:740} INFO - There are 1 files in /opt/airflow/dags
[2026-01-04T21:58:06.185+0000] {manager.py:878} INFO - 
================================================================================
DAG File Processing Stats

File Path                                        PID    Runtime      # DAGs    # Errors  Last Runtime    Last Run
-----------------------------------------------  -----  ---------  --------  ----------  --------------  -------------------
/opt/airflow/dags/etl_postgres_to_clickhouse.py                           1           0  0.41s           2026-01-04T21:57:41
================================================================================
[2026-01-04T21:58:36.260+0000] {manager.py:878} INFO - 
================================================================================
DAG File Processing Stats

File Path                                        PID    Runtime      # DAGs    # Errors  Last Runtime    Last Run
-----------------------------------------------  -----  ---------  --------  ----------  --------------  -------------------
/opt/airflow/dags/etl_postgres_to_clickhouse.py                           1           0  0.36s           2026-01-04T21:58:11
================================================================================
[2026-01-04T21:59:06.755+0000] {manager.py:878} INFO - 
================================================================================
DAG File Processing Stats

File Path                                        PID    Runtime      # DAGs    # Errors  Last Runtime    Last Run
-----------------------------------------------  -----  ---------  --------  ----------  --------------  -------------------
/opt/airflow/dags/etl_postgres_to_clickhouse.py                           1           0  0.38s           2026-01-04T21:58:42
================================================================================
[2026-01-04T21:59:36.682+0000] {manager.py:878} INFO - 
================================================================================
DAG File Processing Stats

File Path                                        PID    Runtime      # DAGs    # Errors  Last Runtime    Last Run
-----------------------------------------------  -----  ---------  --------  ----------  --------------  -------------------
/opt/airflow/dags/etl_postgres_to_clickhouse.py                           1           0  0.44s           2026-01-04T21:59:12
================================================================================
[2026-01-04T22:00:06.781+0000] {manager.py:878} INFO - 
================================================================================
DAG File Processing Stats

File Path                                        PID    Runtime      # DAGs    # Errors  Last Runtime    Last Run
-----------------------------------------------  -----  ---------  --------  ----------  --------------  -------------------
/opt/airflow/dags/etl_postgres_to_clickhouse.py                           1           0  0.47s           2026-01-04T21:59:42
================================================================================
[2026-01-04T22:00:36.872+0000] {manager.py:878} INFO - 
================================================================================
DAG File Processing Stats

File Path                                        PID    Runtime      # DAGs    # Errors  Last Runtime    Last Run
-----------------------------------------------  -----  ---------  --------  ----------  --------------  -------------------
/opt/airflow/dags/etl_postgres_to_clickhouse.py                           1           0  0.36s           2026-01-04T22:00:13
================================================================================
[2026-01-04T22:01:21.216+0000] {manager.py:470} INFO - Processing files using up to 2 processes at a time 
[2026-01-04T22:01:21.217+0000] {manager.py:471} INFO - Process each file at most once every 30 seconds
[2026-01-04T22:01:21.219+0000] {manager.py:472} INFO - Checking for new files in /opt/airflow/dags every 300 seconds
[2026-01-04T22:01:21.221+0000] {manager.py:737} INFO - Searching for files in /opt/airflow/dags
[2026-01-04T22:01:21.247+0000] {manager.py:740} INFO - There are 1 files in /opt/airflow/dags
[2026-01-04T22:01:21.412+0000] {manager.py:878} INFO - 
================================================================================
DAG File Processing Stats

File Path                                          PID  Runtime      # DAGs    # Errors  Last Runtime    Last Run
-----------------------------------------------  -----  ---------  --------  ----------  --------------  ----------
/opt/airflow/dags/etl_postgres_to_clickhouse.py    190  0.06s             0           0
================================================================================
[2026-01-04T22:01:51.501+0000] {manager.py:878} INFO - 
================================================================================
DAG File Processing Stats

File Path                                        PID    Runtime      # DAGs    # Errors  Last Runtime    Last Run
-----------------------------------------------  -----  ---------  --------  ----------  --------------  -------------------
/opt/airflow/dags/etl_postgres_to_clickhouse.py                           1           0  0.67s           2026-01-04T22:01:22
================================================================================
[2026-01-04T22:02:21.572+0000] {manager.py:878} INFO - 
================================================================================
DAG File Processing Stats

File Path                                        PID    Runtime      # DAGs    # Errors  Last Runtime    Last Run
-----------------------------------------------  -----  ---------  --------  ----------  --------------  -------------------
/opt/airflow/dags/etl_postgres_to_clickhouse.py                           1           0  0.45s           2026-01-04T22:01:52
================================================================================
[2026-01-04T22:02:51.709+0000] {manager.py:878} INFO - 
================================================================================
DAG File Processing Stats

File Path                                        PID    Runtime      # DAGs    # Errors  Last Runtime    Last Run
-----------------------------------------------  -----  ---------  --------  ----------  --------------  -------------------
/opt/airflow/dags/etl_postgres_to_clickhouse.py                           1           0  0.34s           2026-01-04T22:02:22
================================================================================
[2026-01-04T22:03:22.145+0000] {manager.py:878} INFO - 
================================================================================
DAG File Processing Stats

File Path                                        PID    Runtime      # DAGs    # Errors  Last Runtime    Last Run
-----------------------------------------------  -----  ---------  --------  ----------  --------------  -------------------
/opt/airflow/dags/etl_postgres_to_clickhouse.py                           1           0  0.34s           2026-01-04T22:02:53
================================================================================
[2026-01-04T22:03:52.546+0000] {manager.py:878} INFO - 
================================================================================
DAG File Processing Stats

File Path                                        PID    Runtime      # DAGs    # Errors  Last Runtime    Last Run
-----------------------------------------------  -----  ---------  --------  ----------  --------------  -------------------
/opt/airflow/dags/etl_postgres_to_clickhouse.py                           1           0  0.32s           2026-01-04T22:03:23
================================================================================
[2026-01-04T22:04:23.032+0000] {manager.py:878} INFO - 
================================================================================
DAG File Processing Stats

File Path                                        PID    Runtime      # DAGs    # Errors  Last Runtime    Last Run
-----------------------------------------------  -----  ---------  --------  ----------  --------------  -------------------
/opt/airflow/dags/etl_postgres_to_clickhouse.py                           1           0  0.39s           2026-01-04T22:03:54
================================================================================
[2026-01-04T22:04:53.444+0000] {manager.py:878} INFO - 
================================================================================
DAG File Processing Stats

File Path                                        PID    Runtime      # DAGs    # Errors  Last Runtime    Last Run
-----------------------------------------------  -----  ---------  --------  ----------  --------------  -------------------
/opt/airflow/dags/etl_postgres_to_clickhouse.py                           1           0  0.40s           2026-01-04T22:04:24
================================================================================
[2026-01-04T22:05:23.940+0000] {manager.py:878} INFO - 
================================================================================
DAG File Processing Stats

File Path                                        PID    Runtime      # DAGs    # Errors  Last Runtime    Last Run
-----------------------------------------------  -----  ---------  --------  ----------  --------------  -------------------
/opt/airflow/dags/etl_postgres_to_clickhouse.py                           1           0  0.34s           2026-01-04T22:04:55
================================================================================
[2026-01-04T22:05:54.378+0000] {manager.py:878} INFO - 
================================================================================
DAG File Processing Stats

File Path                                        PID    Runtime      # DAGs    # Errors  Last Runtime    Last Run
-----------------------------------------------  -----  ---------  --------  ----------  --------------  -------------------
/opt/airflow/dags/etl_postgres_to_clickhouse.py                           1           0  0.47s           2026-01-04T22:05:25
================================================================================
[2026-01-04T22:06:21.491+0000] {manager.py:737} INFO - Searching for files in /opt/airflow/dags
[2026-01-04T22:06:21.518+0000] {manager.py:740} INFO - There are 1 files in /opt/airflow/dags
[2026-01-04T22:06:24.550+0000] {manager.py:878} INFO - 
================================================================================
DAG File Processing Stats

File Path                                        PID    Runtime      # DAGs    # Errors  Last Runtime    Last Run
-----------------------------------------------  -----  ---------  --------  ----------  --------------  -------------------
/opt/airflow/dags/etl_postgres_to_clickhouse.py                           1           0  1.32s           2026-01-04T22:05:57
================================================================================
[2026-01-04T22:06:54.746+0000] {manager.py:878} INFO - 
================================================================================
DAG File Processing Stats

File Path                                        PID    Runtime      # DAGs    # Errors  Last Runtime    Last Run
-----------------------------------------------  -----  ---------  --------  ----------  --------------  -------------------
/opt/airflow/dags/etl_postgres_to_clickhouse.py                           1           0  0.44s           2026-01-04T22:06:28
================================================================================
[2026-01-04T22:07:25.173+0000] {manager.py:878} INFO - 
================================================================================
DAG File Processing Stats

File Path                                        PID    Runtime      # DAGs    # Errors  Last Runtime    Last Run
-----------------------------------------------  -----  ---------  --------  ----------  --------------  -------------------
/opt/airflow/dags/etl_postgres_to_clickhouse.py                           1           0  0.40s           2026-01-04T22:06:58
================================================================================
[2026-01-04T22:07:55.659+0000] {manager.py:878} INFO - 
================================================================================
DAG File Processing Stats

File Path                                        PID    Runtime      # DAGs    # Errors  Last Runtime    Last Run
-----------------------------------------------  -----  ---------  --------  ----------  --------------  -------------------
/opt/airflow/dags/etl_postgres_to_clickhouse.py                           1           0  0.36s           2026-01-04T22:07:28
================================================================================
[2026-01-04T22:08:26.078+0000] {manager.py:878} INFO - 
================================================================================
DAG File Processing Stats

File Path                                        PID    Runtime      # DAGs    # Errors  Last Runtime    Last Run
-----------------------------------------------  -----  ---------  --------  ----------  --------------  -------------------
/opt/airflow/dags/etl_postgres_to_clickhouse.py                           1           0  0.33s           2026-01-04T22:07:59
================================================================================
[2026-01-04T22:08:56.530+0000] {manager.py:878} INFO - 
================================================================================
DAG File Processing Stats

File Path                                        PID    Runtime      # DAGs    # Errors  Last Runtime    Last Run
-----------------------------------------------  -----  ---------  --------  ----------  --------------  -------------------
/opt/airflow/dags/etl_postgres_to_clickhouse.py                           1           0  0.35s           2026-01-04T22:08:29
================================================================================
[2026-01-04T22:09:26.989+0000] {manager.py:878} INFO - 
================================================================================
DAG File Processing Stats

File Path                                        PID    Runtime      # DAGs    # Errors  Last Runtime    Last Run
-----------------------------------------------  -----  ---------  --------  ----------  --------------  -------------------
/opt/airflow/dags/etl_postgres_to_clickhouse.py                           1           0  0.40s           2026-01-04T22:09:00
================================================================================
[2026-01-04T22:09:56.971+0000] {manager.py:878} INFO - 
================================================================================
DAG File Processing Stats

File Path                                        PID    Runtime      # DAGs    # Errors  Last Runtime    Last Run
-----------------------------------------------  -----  ---------  --------  ----------  --------------  -------------------
/opt/airflow/dags/etl_postgres_to_clickhouse.py                           1           0  0.52s           2026-01-04T22:09:30
================================================================================
[2026-01-04T22:10:27.051+0000] {manager.py:878} INFO - 
================================================================================
DAG File Processing Stats

File Path                                        PID    Runtime      # DAGs    # Errors  Last Runtime    Last Run
-----------------------------------------------  -----  ---------  --------  ----------  --------------  -------------------
/opt/airflow/dags/etl_postgres_to_clickhouse.py                           1           0  0.36s           2026-01-04T22:10:01
================================================================================
[2026-01-04T22:12:40.406+0000] {manager.py:470} INFO - Processing files using up to 2 processes at a time 
[2026-01-04T22:12:40.408+0000] {manager.py:471} INFO - Process each file at most once every 30 seconds
[2026-01-04T22:12:40.409+0000] {manager.py:472} INFO - Checking for new files in /opt/airflow/dags every 300 seconds
[2026-01-04T22:12:40.412+0000] {manager.py:737} INFO - Searching for files in /opt/airflow/dags
[2026-01-04T22:12:40.463+0000] {manager.py:740} INFO - There are 1 files in /opt/airflow/dags
[2026-01-04T22:12:40.665+0000] {manager.py:878} INFO - 
================================================================================
DAG File Processing Stats

File Path                                          PID  Runtime      # DAGs    # Errors  Last Runtime    Last Run
-----------------------------------------------  -----  ---------  --------  ----------  --------------  ----------
/opt/airflow/dags/etl_postgres_to_clickhouse.py    190  0.08s             0           0
================================================================================
[2026-01-04T22:13:10.688+0000] {manager.py:878} INFO - 
================================================================================
DAG File Processing Stats

File Path                                        PID    Runtime      # DAGs    # Errors  Last Runtime    Last Run
-----------------------------------------------  -----  ---------  --------  ----------  --------------  -------------------
/opt/airflow/dags/etl_postgres_to_clickhouse.py                           1           0  1.05s           2026-01-04T22:12:41
================================================================================
[2026-01-04T22:13:41.202+0000] {manager.py:878} INFO - 
================================================================================
DAG File Processing Stats

File Path                                        PID    Runtime      # DAGs    # Errors  Last Runtime    Last Run
-----------------------------------------------  -----  ---------  --------  ----------  --------------  -------------------
/opt/airflow/dags/etl_postgres_to_clickhouse.py                           1           0  0.46s           2026-01-04T22:13:35
================================================================================
[2026-01-04T22:14:11.398+0000] {manager.py:878} INFO - 
================================================================================
DAG File Processing Stats

File Path                                        PID    Runtime      # DAGs    # Errors  Last Runtime    Last Run
-----------------------------------------------  -----  ---------  --------  ----------  --------------  -------------------
/opt/airflow/dags/etl_postgres_to_clickhouse.py                           1           0  0.52s           2026-01-04T22:14:05
================================================================================
[2026-01-04T22:33:40.233+0000] {manager.py:470} INFO - Processing files using up to 2 processes at a time 
[2026-01-04T22:33:40.240+0000] {manager.py:471} INFO - Process each file at most once every 30 seconds
[2026-01-04T22:33:40.242+0000] {manager.py:472} INFO - Checking for new files in /opt/airflow/dags every 300 seconds
[2026-01-04T22:33:40.247+0000] {manager.py:737} INFO - Searching for files in /opt/airflow/dags
[2026-01-04T22:33:40.322+0000] {manager.py:740} INFO - There are 1 files in /opt/airflow/dags
[2026-01-04T22:33:40.550+0000] {manager.py:878} INFO - 
================================================================================
DAG File Processing Stats

File Path                                          PID  Runtime      # DAGs    # Errors  Last Runtime    Last Run
-----------------------------------------------  -----  ---------  --------  ----------  --------------  ----------
/opt/airflow/dags/etl_postgres_to_clickhouse.py    184  0.08s             0           0
================================================================================
[2026-01-04T22:34:10.680+0000] {manager.py:878} INFO - 
================================================================================
DAG File Processing Stats

File Path                                        PID    Runtime      # DAGs    # Errors  Last Runtime    Last Run
-----------------------------------------------  -----  ---------  --------  ----------  --------------  -------------------
/opt/airflow/dags/etl_postgres_to_clickhouse.py                           1           0  1.31s           2026-01-04T22:33:41
================================================================================
[2026-01-04T22:34:40.775+0000] {manager.py:878} INFO - 
================================================================================
DAG File Processing Stats

File Path                                        PID    Runtime      # DAGs    # Errors  Last Runtime    Last Run
-----------------------------------------------  -----  ---------  --------  ----------  --------------  -------------------
/opt/airflow/dags/etl_postgres_to_clickhouse.py                           1           0  0.78s           2026-01-04T22:34:12
================================================================================
[2026-01-04T22:35:11.083+0000] {manager.py:878} INFO - 
================================================================================
DAG File Processing Stats

File Path                                        PID    Runtime      # DAGs    # Errors  Last Runtime    Last Run
-----------------------------------------------  -----  ---------  --------  ----------  --------------  -------------------
/opt/airflow/dags/etl_postgres_to_clickhouse.py                           1           0  0.71s           2026-01-04T22:34:43
================================================================================
[2026-01-04T22:35:41.218+0000] {manager.py:878} INFO - 
================================================================================
DAG File Processing Stats

File Path                                        PID    Runtime      # DAGs    # Errors  Last Runtime    Last Run
-----------------------------------------------  -----  ---------  --------  ----------  --------------  -------------------
/opt/airflow/dags/etl_postgres_to_clickhouse.py                           1           0  0.48s           2026-01-04T22:35:14
================================================================================
[2026-01-04T22:36:11.849+0000] {manager.py:878} INFO - 
================================================================================
DAG File Processing Stats

File Path                                        PID    Runtime      # DAGs    # Errors  Last Runtime    Last Run
-----------------------------------------------  -----  ---------  --------  ----------  --------------  -------------------
/opt/airflow/dags/etl_postgres_to_clickhouse.py                           1           0  0.50s           2026-01-04T22:35:44
================================================================================
[2026-01-04T22:36:42.087+0000] {manager.py:878} INFO - 
================================================================================
DAG File Processing Stats

File Path                                        PID    Runtime      # DAGs    # Errors  Last Runtime    Last Run
-----------------------------------------------  -----  ---------  --------  ----------  --------------  -------------------
/opt/airflow/dags/etl_postgres_to_clickhouse.py                           1           0  0.47s           2026-01-04T22:36:15
================================================================================
[2026-01-04T22:37:12.055+0000] {manager.py:878} INFO - 
================================================================================
DAG File Processing Stats

File Path                                        PID    Runtime      # DAGs    # Errors  Last Runtime    Last Run
-----------------------------------------------  -----  ---------  --------  ----------  --------------  -------------------
/opt/airflow/dags/etl_postgres_to_clickhouse.py                           1           0  0.45s           2026-01-04T22:36:46
================================================================================
[2026-01-04T22:37:42.670+0000] {manager.py:878} INFO - 
================================================================================
DAG File Processing Stats

File Path                                        PID    Runtime      # DAGs    # Errors  Last Runtime    Last Run
-----------------------------------------------  -----  ---------  --------  ----------  --------------  -------------------
/opt/airflow/dags/etl_postgres_to_clickhouse.py                           1           0  0.52s           2026-01-04T22:37:16
================================================================================
[2026-01-04T22:38:12.958+0000] {manager.py:878} INFO - 
================================================================================
DAG File Processing Stats

File Path                                        PID    Runtime      # DAGs    # Errors  Last Runtime    Last Run
-----------------------------------------------  -----  ---------  --------  ----------  --------------  -------------------
/opt/airflow/dags/etl_postgres_to_clickhouse.py                           1           0  0.37s           2026-01-04T22:37:47
================================================================================
[2026-01-04T22:38:40.374+0000] {manager.py:737} INFO - Searching for files in /opt/airflow/dags
[2026-01-04T22:38:40.400+0000] {manager.py:740} INFO - There are 1 files in /opt/airflow/dags
[2026-01-04T22:38:42.908+0000] {manager.py:878} INFO - 
================================================================================
DAG File Processing Stats

File Path                                        PID    Runtime      # DAGs    # Errors  Last Runtime    Last Run
-----------------------------------------------  -----  ---------  --------  ----------  --------------  -------------------
/opt/airflow/dags/etl_postgres_to_clickhouse.py                           1           0  0.51s           2026-01-04T22:38:17
================================================================================
[2026-01-04T22:39:13.531+0000] {manager.py:878} INFO - 
================================================================================
DAG File Processing Stats

File Path                                        PID    Runtime      # DAGs    # Errors  Last Runtime    Last Run
-----------------------------------------------  -----  ---------  --------  ----------  --------------  -------------------
/opt/airflow/dags/etl_postgres_to_clickhouse.py                           1           0  0.53s           2026-01-04T22:38:48
================================================================================
[2026-01-04T22:39:43.648+0000] {manager.py:878} INFO - 
================================================================================
DAG File Processing Stats

File Path                                        PID    Runtime      # DAGs    # Errors  Last Runtime    Last Run
-----------------------------------------------  -----  ---------  --------  ----------  --------------  -------------------
/opt/airflow/dags/etl_postgres_to_clickhouse.py                           1           0  0.46s           2026-01-04T22:39:18
================================================================================
[2026-01-04T22:40:13.872+0000] {manager.py:878} INFO - 
================================================================================
DAG File Processing Stats

File Path                                        PID    Runtime      # DAGs    # Errors  Last Runtime    Last Run
-----------------------------------------------  -----  ---------  --------  ----------  --------------  -------------------
/opt/airflow/dags/etl_postgres_to_clickhouse.py                           1           0  0.55s           2026-01-04T22:39:49
================================================================================
[2026-01-04T22:40:44.309+0000] {manager.py:878} INFO - 
================================================================================
DAG File Processing Stats

File Path                                        PID    Runtime      # DAGs    # Errors  Last Runtime    Last Run
-----------------------------------------------  -----  ---------  --------  ----------  --------------  -------------------
/opt/airflow/dags/etl_postgres_to_clickhouse.py                           1           0  2.10s           2026-01-04T22:40:21
================================================================================
[2026-01-04T22:41:14.587+0000] {manager.py:878} INFO - 
================================================================================
DAG File Processing Stats

File Path                                        PID    Runtime      # DAGs    # Errors  Last Runtime    Last Run
-----------------------------------------------  -----  ---------  --------  ----------  --------------  -------------------
/opt/airflow/dags/etl_postgres_to_clickhouse.py                           1           0  0.96s           2026-01-04T22:40:53
================================================================================
[2026-01-04T22:41:44.727+0000] {manager.py:878} INFO - 
================================================================================
DAG File Processing Stats

File Path                                        PID    Runtime      # DAGs    # Errors  Last Runtime    Last Run
-----------------------------------------------  -----  ---------  --------  ----------  --------------  -------------------
/opt/airflow/dags/etl_postgres_to_clickhouse.py                           1           0  0.56s           2026-01-04T22:41:24
================================================================================
[2026-01-04T22:42:14.868+0000] {manager.py:878} INFO - 
================================================================================
DAG File Processing Stats

File Path                                        PID    Runtime      # DAGs    # Errors  Last Runtime    Last Run
-----------------------------------------------  -----  ---------  --------  ----------  --------------  -------------------
/opt/airflow/dags/etl_postgres_to_clickhouse.py                           1           0  0.58s           2026-01-04T22:41:54
================================================================================
[2026-01-04T22:42:45.178+0000] {manager.py:878} INFO - 
================================================================================
DAG File Processing Stats

File Path                                        PID    Runtime      # DAGs    # Errors  Last Runtime    Last Run
-----------------------------------------------  -----  ---------  --------  ----------  --------------  -------------------
/opt/airflow/dags/etl_postgres_to_clickhouse.py                           1           0  0.40s           2026-01-04T22:42:25
================================================================================
[2026-01-04T22:43:15.246+0000] {manager.py:878} INFO - 
================================================================================
DAG File Processing Stats

File Path                                        PID    Runtime      # DAGs    # Errors  Last Runtime    Last Run
-----------------------------------------------  -----  ---------  --------  ----------  --------------  -------------------
/opt/airflow/dags/etl_postgres_to_clickhouse.py                           1           0  0.57s           2026-01-04T22:42:56
================================================================================
[2026-01-04T22:43:40.781+0000] {manager.py:737} INFO - Searching for files in /opt/airflow/dags
[2026-01-04T22:43:40.805+0000] {manager.py:740} INFO - There are 1 files in /opt/airflow/dags
[2026-01-04T22:43:45.775+0000] {manager.py:878} INFO - 
================================================================================
DAG File Processing Stats

File Path                                        PID    Runtime      # DAGs    # Errors  Last Runtime    Last Run
-----------------------------------------------  -----  ---------  --------  ----------  --------------  -------------------
/opt/airflow/dags/etl_postgres_to_clickhouse.py                           1           0  0.57s           2026-01-04T22:43:26
================================================================================
[2026-01-04T22:44:16.017+0000] {manager.py:878} INFO - 
================================================================================
DAG File Processing Stats

File Path                                        PID    Runtime      # DAGs    # Errors  Last Runtime    Last Run
-----------------------------------------------  -----  ---------  --------  ----------  --------------  -------------------
/opt/airflow/dags/etl_postgres_to_clickhouse.py                           1           0  0.68s           2026-01-04T22:43:57
================================================================================
[2026-01-04T22:44:46.295+0000] {manager.py:878} INFO - 
================================================================================
DAG File Processing Stats

File Path                                        PID    Runtime      # DAGs    # Errors  Last Runtime    Last Run
-----------------------------------------------  -----  ---------  --------  ----------  --------------  -------------------
/opt/airflow/dags/etl_postgres_to_clickhouse.py                           1           0  0.60s           2026-01-04T22:44:28
================================================================================
[2026-01-04T22:45:16.588+0000] {manager.py:878} INFO - 
================================================================================
DAG File Processing Stats

File Path                                        PID    Runtime      # DAGs    # Errors  Last Runtime    Last Run
-----------------------------------------------  -----  ---------  --------  ----------  --------------  -------------------
/opt/airflow/dags/etl_postgres_to_clickhouse.py                           1           0  0.64s           2026-01-04T22:44:59
================================================================================
[2026-01-04T22:45:46.772+0000] {manager.py:878} INFO - 
================================================================================
DAG File Processing Stats

File Path                                        PID    Runtime      # DAGs    # Errors  Last Runtime    Last Run
-----------------------------------------------  -----  ---------  --------  ----------  --------------  -------------------
/opt/airflow/dags/etl_postgres_to_clickhouse.py                           1           0  0.56s           2026-01-04T22:45:29
================================================================================
[2026-01-04T22:46:17.123+0000] {manager.py:878} INFO - 
================================================================================
DAG File Processing Stats

File Path                                        PID    Runtime      # DAGs    # Errors  Last Runtime    Last Run
-----------------------------------------------  -----  ---------  --------  ----------  --------------  -------------------
/opt/airflow/dags/etl_postgres_to_clickhouse.py                           1           0  0.57s           2026-01-04T22:46:00
================================================================================
[2026-01-04T22:46:47.383+0000] {manager.py:878} INFO - 
================================================================================
DAG File Processing Stats

File Path                                        PID    Runtime      # DAGs    # Errors  Last Runtime    Last Run
-----------------------------------------------  -----  ---------  --------  ----------  --------------  -------------------
/opt/airflow/dags/etl_postgres_to_clickhouse.py                           1           0  0.52s           2026-01-04T22:46:31
================================================================================
[2026-01-04T22:47:17.318+0000] {manager.py:878} INFO - 
================================================================================
DAG File Processing Stats

File Path                                        PID    Runtime      # DAGs    # Errors  Last Runtime    Last Run
-----------------------------------------------  -----  ---------  --------  ----------  --------------  -------------------
/opt/airflow/dags/etl_postgres_to_clickhouse.py                           1           0  0.76s           2026-01-04T22:47:02
================================================================================
[2026-01-04T22:47:47.428+0000] {manager.py:878} INFO - 
================================================================================
DAG File Processing Stats

File Path                                        PID    Runtime      # DAGs    # Errors  Last Runtime    Last Run
-----------------------------------------------  -----  ---------  --------  ----------  --------------  -------------------
/opt/airflow/dags/etl_postgres_to_clickhouse.py                           1           0  0.54s           2026-01-04T22:47:32
================================================================================
[2026-01-04T22:48:17.535+0000] {manager.py:878} INFO - 
================================================================================
DAG File Processing Stats

File Path                                        PID    Runtime      # DAGs    # Errors  Last Runtime    Last Run
-----------------------------------------------  -----  ---------  --------  ----------  --------------  -------------------
/opt/airflow/dags/etl_postgres_to_clickhouse.py                           1           0  0.57s           2026-01-04T22:48:03
================================================================================
[2026-01-04T22:48:40.797+0000] {manager.py:737} INFO - Searching for files in /opt/airflow/dags
[2026-01-04T22:48:40.827+0000] {manager.py:740} INFO - There are 1 files in /opt/airflow/dags
[2026-01-04T22:48:47.814+0000] {manager.py:878} INFO - 
================================================================================
DAG File Processing Stats

File Path                                        PID    Runtime      # DAGs    # Errors  Last Runtime    Last Run
-----------------------------------------------  -----  ---------  --------  ----------  --------------  -------------------
/opt/airflow/dags/etl_postgres_to_clickhouse.py                           1           0  0.58s           2026-01-04T22:48:34
================================================================================
[2026-01-04T22:49:17.934+0000] {manager.py:878} INFO - 
================================================================================
DAG File Processing Stats

File Path                                        PID    Runtime      # DAGs    # Errors  Last Runtime    Last Run
-----------------------------------------------  -----  ---------  --------  ----------  --------------  -------------------
/opt/airflow/dags/etl_postgres_to_clickhouse.py                           1           0  0.49s           2026-01-04T22:49:04
================================================================================
[2026-01-04T22:49:48.559+0000] {manager.py:878} INFO - 
================================================================================
DAG File Processing Stats

File Path                                        PID    Runtime      # DAGs    # Errors  Last Runtime    Last Run
-----------------------------------------------  -----  ---------  --------  ----------  --------------  -------------------
/opt/airflow/dags/etl_postgres_to_clickhouse.py                           1           0  0.52s           2026-01-04T22:49:35
================================================================================
[2026-01-04T22:50:18.722+0000] {manager.py:878} INFO - 
================================================================================
DAG File Processing Stats

File Path                                        PID    Runtime      # DAGs    # Errors  Last Runtime    Last Run
-----------------------------------------------  -----  ---------  --------  ----------  --------------  -------------------
/opt/airflow/dags/etl_postgres_to_clickhouse.py                           1           0  0.55s           2026-01-04T22:50:06
================================================================================
[2026-01-04T22:50:48.907+0000] {manager.py:878} INFO - 
================================================================================
DAG File Processing Stats

File Path                                        PID    Runtime      # DAGs    # Errors  Last Runtime    Last Run
-----------------------------------------------  -----  ---------  --------  ----------  --------------  -------------------
/opt/airflow/dags/etl_postgres_to_clickhouse.py                           1           0  0.80s           2026-01-04T22:50:37
================================================================================
[2026-01-04T22:51:19.160+0000] {manager.py:878} INFO - 
================================================================================
DAG File Processing Stats

File Path                                        PID    Runtime      # DAGs    # Errors  Last Runtime    Last Run
-----------------------------------------------  -----  ---------  --------  ----------  --------------  -------------------
/opt/airflow/dags/etl_postgres_to_clickhouse.py                           1           0  0.66s           2026-01-04T22:51:08
================================================================================
[2026-01-04T22:52:14.478+0000] {manager.py:470} INFO - Processing files using up to 2 processes at a time 
[2026-01-04T22:52:14.480+0000] {manager.py:471} INFO - Process each file at most once every 30 seconds
[2026-01-04T22:52:14.481+0000] {manager.py:472} INFO - Checking for new files in /opt/airflow/dags every 300 seconds
[2026-01-04T22:52:14.485+0000] {manager.py:737} INFO - Searching for files in /opt/airflow/dags
[2026-01-04T22:52:14.517+0000] {manager.py:740} INFO - There are 1 files in /opt/airflow/dags
[2026-01-04T22:52:14.716+0000] {manager.py:878} INFO - 
================================================================================
DAG File Processing Stats

File Path                                          PID  Runtime      # DAGs    # Errors  Last Runtime    Last Run
-----------------------------------------------  -----  ---------  --------  ----------  --------------  ----------
/opt/airflow/dags/etl_postgres_to_clickhouse.py    189  0.09s             0           0
================================================================================
[2026-01-04T22:52:44.814+0000] {manager.py:878} INFO - 
================================================================================
DAG File Processing Stats

File Path                                        PID    Runtime      # DAGs    # Errors  Last Runtime    Last Run
-----------------------------------------------  -----  ---------  --------  ----------  --------------  -------------------
/opt/airflow/dags/etl_postgres_to_clickhouse.py                           1           0  0.68s           2026-01-04T22:52:15
================================================================================
[2026-01-04T22:53:15.039+0000] {manager.py:878} INFO - 
================================================================================
DAG File Processing Stats

File Path                                        PID    Runtime      # DAGs    # Errors  Last Runtime    Last Run
-----------------------------------------------  -----  ---------  --------  ----------  --------------  -------------------
/opt/airflow/dags/etl_postgres_to_clickhouse.py                           1           0  0.79s           2026-01-04T22:52:46
================================================================================
[2026-01-04T22:53:44.978+0000] {manager.py:878} INFO - 
================================================================================
DAG File Processing Stats

File Path                                        PID    Runtime      # DAGs    # Errors  Last Runtime    Last Run
-----------------------------------------------  -----  ---------  --------  ----------  --------------  -------------------
/opt/airflow/dags/etl_postgres_to_clickhouse.py                           1           0  0.34s           2026-01-04T22:53:16
================================================================================
[2026-01-04T22:54:15.077+0000] {manager.py:878} INFO - 
================================================================================
DAG File Processing Stats

File Path                                        PID    Runtime      # DAGs    # Errors  Last Runtime    Last Run
-----------------------------------------------  -----  ---------  --------  ----------  --------------  -------------------
/opt/airflow/dags/etl_postgres_to_clickhouse.py                           1           0  0.55s           2026-01-04T22:53:47
================================================================================
[2026-01-04T22:54:45.154+0000] {manager.py:878} INFO - 
================================================================================
DAG File Processing Stats

File Path                                        PID    Runtime      # DAGs    # Errors  Last Runtime    Last Run
-----------------------------------------------  -----  ---------  --------  ----------  --------------  -------------------
/opt/airflow/dags/etl_postgres_to_clickhouse.py                           1           0  0.48s           2026-01-04T22:54:18
================================================================================
[2026-01-04T22:55:15.281+0000] {manager.py:878} INFO - 
================================================================================
DAG File Processing Stats

File Path                                        PID    Runtime      # DAGs    # Errors  Last Runtime    Last Run
-----------------------------------------------  -----  ---------  --------  ----------  --------------  -------------------
/opt/airflow/dags/etl_postgres_to_clickhouse.py                           1           0  0.36s           2026-01-04T22:54:48
================================================================================
[2026-01-04T22:55:45.708+0000] {manager.py:878} INFO - 
================================================================================
DAG File Processing Stats

File Path                                        PID    Runtime      # DAGs    # Errors  Last Runtime    Last Run
-----------------------------------------------  -----  ---------  --------  ----------  --------------  -------------------
/opt/airflow/dags/etl_postgres_to_clickhouse.py                           1           0  0.38s           2026-01-04T22:55:19
================================================================================
[2026-01-04T22:56:15.787+0000] {manager.py:878} INFO - 
================================================================================
DAG File Processing Stats

File Path                                        PID    Runtime      # DAGs    # Errors  Last Runtime    Last Run
-----------------------------------------------  -----  ---------  --------  ----------  --------------  -------------------
/opt/airflow/dags/etl_postgres_to_clickhouse.py                           1           0  0.52s           2026-01-04T22:55:49
================================================================================
[2026-01-04T22:56:46.353+0000] {manager.py:878} INFO - 
================================================================================
DAG File Processing Stats

File Path                                        PID    Runtime      # DAGs    # Errors  Last Runtime    Last Run
-----------------------------------------------  -----  ---------  --------  ----------  --------------  -------------------
/opt/airflow/dags/etl_postgres_to_clickhouse.py                           1           0  0.62s           2026-01-04T22:56:20
================================================================================
[2026-01-04T22:57:14.621+0000] {manager.py:737} INFO - Searching for files in /opt/airflow/dags
[2026-01-04T22:57:14.657+0000] {manager.py:740} INFO - There are 1 files in /opt/airflow/dags
[2026-01-04T22:57:16.686+0000] {manager.py:878} INFO - 
================================================================================
DAG File Processing Stats

File Path                                        PID    Runtime      # DAGs    # Errors  Last Runtime    Last Run
-----------------------------------------------  -----  ---------  --------  ----------  --------------  -------------------
/opt/airflow/dags/etl_postgres_to_clickhouse.py                           1           0  0.58s           2026-01-04T22:56:51
================================================================================
[2026-01-04T22:57:46.847+0000] {manager.py:878} INFO - 
================================================================================
DAG File Processing Stats

File Path                                        PID    Runtime      # DAGs    # Errors  Last Runtime    Last Run
-----------------------------------------------  -----  ---------  --------  ----------  --------------  -------------------
/opt/airflow/dags/etl_postgres_to_clickhouse.py                           1           0  0.50s           2026-01-04T22:57:21
================================================================================
[2026-01-04T22:58:17.005+0000] {manager.py:878} INFO - 
================================================================================
DAG File Processing Stats

File Path                                        PID    Runtime      # DAGs    # Errors  Last Runtime    Last Run
-----------------------------------------------  -----  ---------  --------  ----------  --------------  -------------------
/opt/airflow/dags/etl_postgres_to_clickhouse.py                           1           0  0.43s           2026-01-04T22:57:52
================================================================================
[2026-01-04T22:58:47.090+0000] {manager.py:878} INFO - 
================================================================================
DAG File Processing Stats

File Path                                        PID    Runtime      # DAGs    # Errors  Last Runtime    Last Run
-----------------------------------------------  -----  ---------  --------  ----------  --------------  -------------------
/opt/airflow/dags/etl_postgres_to_clickhouse.py                           1           0  0.54s           2026-01-04T22:58:22
================================================================================
[2026-01-04T22:59:17.605+0000] {manager.py:878} INFO - 
================================================================================
DAG File Processing Stats

File Path                                        PID    Runtime      # DAGs    # Errors  Last Runtime    Last Run
-----------------------------------------------  -----  ---------  --------  ----------  --------------  -------------------
/opt/airflow/dags/etl_postgres_to_clickhouse.py                           1           0  0.50s           2026-01-04T22:58:53
================================================================================
[2026-01-04T22:59:47.801+0000] {manager.py:878} INFO - 
================================================================================
DAG File Processing Stats

File Path                                        PID    Runtime      # DAGs    # Errors  Last Runtime    Last Run
-----------------------------------------------  -----  ---------  --------  ----------  --------------  -------------------
/opt/airflow/dags/etl_postgres_to_clickhouse.py                           1           0  0.55s           2026-01-04T22:59:24
================================================================================
[2026-01-04T23:00:17.901+0000] {manager.py:878} INFO - 
================================================================================
DAG File Processing Stats

File Path                                        PID    Runtime      # DAGs    # Errors  Last Runtime    Last Run
-----------------------------------------------  -----  ---------  --------  ----------  --------------  -------------------
/opt/airflow/dags/etl_postgres_to_clickhouse.py                           1           0  0.54s           2026-01-04T22:59:54
================================================================================
[2026-01-04T23:00:48.017+0000] {manager.py:878} INFO - 
================================================================================
DAG File Processing Stats

File Path                                        PID    Runtime      # DAGs    # Errors  Last Runtime    Last Run
-----------------------------------------------  -----  ---------  --------  ----------  --------------  -------------------
/opt/airflow/dags/etl_postgres_to_clickhouse.py                           1           0  0.43s           2026-01-04T23:00:25
================================================================================
[2026-01-04T23:01:18.085+0000] {manager.py:878} INFO - 
================================================================================
DAG File Processing Stats

File Path                                        PID    Runtime      # DAGs    # Errors  Last Runtime    Last Run
-----------------------------------------------  -----  ---------  --------  ----------  --------------  -------------------
/opt/airflow/dags/etl_postgres_to_clickhouse.py                           1           0  0.48s           2026-01-04T23:00:56
================================================================================
[2026-01-04T23:01:48.690+0000] {manager.py:878} INFO - 
================================================================================
DAG File Processing Stats

File Path                                        PID    Runtime      # DAGs    # Errors  Last Runtime    Last Run
-----------------------------------------------  -----  ---------  --------  ----------  --------------  -------------------
/opt/airflow/dags/etl_postgres_to_clickhouse.py                           1           0  0.49s           2026-01-04T23:01:26
================================================================================
[2026-01-04T23:02:14.845+0000] {manager.py:737} INFO - Searching for files in /opt/airflow/dags
[2026-01-04T23:02:14.874+0000] {manager.py:740} INFO - There are 1 files in /opt/airflow/dags
[2026-01-04T23:02:18.914+0000] {manager.py:878} INFO - 
================================================================================
DAG File Processing Stats

File Path                                        PID    Runtime      # DAGs    # Errors  Last Runtime    Last Run
-----------------------------------------------  -----  ---------  --------  ----------  --------------  -------------------
/opt/airflow/dags/etl_postgres_to_clickhouse.py                           1           0  0.47s           2026-01-04T23:01:57
================================================================================
[2026-01-04T23:02:48.917+0000] {manager.py:878} INFO - 
================================================================================
DAG File Processing Stats

File Path                                        PID    Runtime      # DAGs    # Errors  Last Runtime    Last Run
-----------------------------------------------  -----  ---------  --------  ----------  --------------  -------------------
/opt/airflow/dags/etl_postgres_to_clickhouse.py                           1           0  0.52s           2026-01-04T23:02:27
================================================================================
[2026-01-04T23:03:18.866+0000] {manager.py:878} INFO - 
================================================================================
DAG File Processing Stats

File Path                                        PID    Runtime      # DAGs    # Errors  Last Runtime    Last Run
-----------------------------------------------  -----  ---------  --------  ----------  --------------  -------------------
/opt/airflow/dags/etl_postgres_to_clickhouse.py                           1           0  0.82s           2026-01-04T23:02:58
================================================================================
[2026-01-04T23:03:48.975+0000] {manager.py:878} INFO - 
================================================================================
DAG File Processing Stats

File Path                                        PID    Runtime      # DAGs    # Errors  Last Runtime    Last Run
-----------------------------------------------  -----  ---------  --------  ----------  --------------  -------------------
/opt/airflow/dags/etl_postgres_to_clickhouse.py                           1           0  0.48s           2026-01-04T23:03:29
================================================================================
[2026-01-04T23:04:18.912+0000] {manager.py:878} INFO - 
================================================================================
DAG File Processing Stats

File Path                                        PID    Runtime      # DAGs    # Errors  Last Runtime    Last Run
-----------------------------------------------  -----  ---------  --------  ----------  --------------  -------------------
/opt/airflow/dags/etl_postgres_to_clickhouse.py                           1           0  0.35s           2026-01-04T23:03:59
================================================================================
[2026-01-04T23:04:48.993+0000] {manager.py:878} INFO - 
================================================================================
DAG File Processing Stats

File Path                                        PID    Runtime      # DAGs    # Errors  Last Runtime    Last Run
-----------------------------------------------  -----  ---------  --------  ----------  --------------  -------------------
/opt/airflow/dags/etl_postgres_to_clickhouse.py                           1           0  0.54s           2026-01-04T23:04:30
================================================================================
[2026-01-04T23:05:19.100+0000] {manager.py:878} INFO - 
================================================================================
DAG File Processing Stats

File Path                                        PID    Runtime      # DAGs    # Errors  Last Runtime    Last Run
-----------------------------------------------  -----  ---------  --------  ----------  --------------  -------------------
/opt/airflow/dags/etl_postgres_to_clickhouse.py                           1           0  0.50s           2026-01-04T23:05:01
================================================================================
[2026-01-04T23:05:49.160+0000] {manager.py:878} INFO - 
================================================================================
DAG File Processing Stats

File Path                                        PID    Runtime      # DAGs    # Errors  Last Runtime    Last Run
-----------------------------------------------  -----  ---------  --------  ----------  --------------  -------------------
/opt/airflow/dags/etl_postgres_to_clickhouse.py                           1           0  0.87s           2026-01-04T23:05:32
================================================================================
[2026-01-04T23:06:19.349+0000] {manager.py:878} INFO - 
================================================================================
DAG File Processing Stats

File Path                                        PID    Runtime      # DAGs    # Errors  Last Runtime    Last Run
-----------------------------------------------  -----  ---------  --------  ----------  --------------  -------------------
/opt/airflow/dags/etl_postgres_to_clickhouse.py                           1           0  0.56s           2026-01-04T23:06:02
================================================================================
[2026-01-04T23:06:49.574+0000] {manager.py:878} INFO - 
================================================================================
DAG File Processing Stats

File Path                                        PID    Runtime      # DAGs    # Errors  Last Runtime    Last Run
-----------------------------------------------  -----  ---------  --------  ----------  --------------  -------------------
/opt/airflow/dags/etl_postgres_to_clickhouse.py                           1           0  0.73s           2026-01-04T23:06:33
================================================================================
[2026-01-04T23:07:14.905+0000] {manager.py:737} INFO - Searching for files in /opt/airflow/dags
[2026-01-04T23:07:14.953+0000] {manager.py:740} INFO - There are 1 files in /opt/airflow/dags
[2026-01-04T23:07:19.683+0000] {manager.py:878} INFO - 
================================================================================
DAG File Processing Stats

File Path                                        PID    Runtime      # DAGs    # Errors  Last Runtime    Last Run
-----------------------------------------------  -----  ---------  --------  ----------  --------------  -------------------
/opt/airflow/dags/etl_postgres_to_clickhouse.py                           1           0  0.71s           2026-01-04T23:07:04
================================================================================
[2026-01-04T23:07:50.196+0000] {manager.py:878} INFO - 
================================================================================
DAG File Processing Stats

File Path                                        PID    Runtime      # DAGs    # Errors  Last Runtime    Last Run
-----------------------------------------------  -----  ---------  --------  ----------  --------------  -------------------
/opt/airflow/dags/etl_postgres_to_clickhouse.py                           1           0  0.64s           2026-01-04T23:07:35
================================================================================
[2026-01-06T13:02:19.721+0000] {manager.py:470} INFO - Processing files using up to 2 processes at a time 
[2026-01-06T13:02:19.722+0000] {manager.py:471} INFO - Process each file at most once every 30 seconds
[2026-01-06T13:02:19.724+0000] {manager.py:472} INFO - Checking for new files in /opt/airflow/dags every 300 seconds
[2026-01-06T13:02:19.725+0000] {manager.py:737} INFO - Searching for files in /opt/airflow/dags
[2026-01-06T13:02:19.757+0000] {manager.py:740} INFO - There are 1 files in /opt/airflow/dags
[2026-01-06T13:02:19.920+0000] {manager.py:878} INFO - 
================================================================================
DAG File Processing Stats

File Path                                          PID  Runtime      # DAGs    # Errors  Last Runtime    Last Run
-----------------------------------------------  -----  ---------  --------  ----------  --------------  ----------
/opt/airflow/dags/etl_postgres_to_clickhouse.py    192  0.08s             0           0
================================================================================
[2026-01-06T13:02:49.724+0000] {manager.py:878} INFO - 
================================================================================
DAG File Processing Stats

File Path                                        PID    Runtime      # DAGs    # Errors  Last Runtime    Last Run
-----------------------------------------------  -----  ---------  --------  ----------  --------------  -------------------
/opt/airflow/dags/etl_postgres_to_clickhouse.py                           1           0  0.81s           2026-01-06T13:02:20
================================================================================
[2026-01-06T13:03:18.576+0000] {manager.py:878} INFO - 
================================================================================
DAG File Processing Stats

File Path                                        PID    Runtime      # DAGs    # Errors  Last Runtime    Last Run
-----------------------------------------------  -----  ---------  --------  ----------  --------------  -------------------
/opt/airflow/dags/etl_postgres_to_clickhouse.py                           1           0  5.83s           2026-01-06T13:02:56
================================================================================
[2026-01-06T13:03:54.302+0000] {manager.py:878} INFO - 
================================================================================
DAG File Processing Stats

File Path                                        PID    Runtime      # DAGs    # Errors  Last Runtime    Last Run
-----------------------------------------------  -----  ---------  --------  ----------  --------------  -------------------
/opt/airflow/dags/etl_postgres_to_clickhouse.py                           1           0  21.71s          2026-01-06T13:03:53
================================================================================
[2026-01-06T13:04:23.608+0000] {manager.py:878} INFO - 
================================================================================
DAG File Processing Stats

File Path                                          PID  Runtime      # DAGs    # Errors  Last Runtime    Last Run
-----------------------------------------------  -----  ---------  --------  ----------  --------------  -------------------
/opt/airflow/dags/etl_postgres_to_clickhouse.py    289  0.02s             1           0  21.71s          2026-01-06T13:03:53
================================================================================
[2026-01-06T13:04:54.111+0000] {manager.py:878} INFO - 
================================================================================
DAG File Processing Stats

File Path                                        PID    Runtime      # DAGs    # Errors  Last Runtime    Last Run
-----------------------------------------------  -----  ---------  --------  ----------  --------------  -------------------
/opt/airflow/dags/etl_postgres_to_clickhouse.py                           1           0  7.80s           2026-01-06T13:04:31
================================================================================
[2026-01-06T13:10:46.214+0000] {manager.py:878} INFO - 
================================================================================
DAG File Processing Stats

File Path                                          PID  Runtime      # DAGs    # Errors  Last Runtime    Last Run
-----------------------------------------------  -----  ---------  --------  ----------  --------------  -------------------
/opt/airflow/dags/etl_postgres_to_clickhouse.py    307  31.99s            1           0  7.80s           2026-01-06T13:04:31
================================================================================
[2026-01-06T13:14:33.395+0000] {manager.py:470} INFO - Processing files using up to 2 processes at a time 
[2026-01-06T13:14:33.397+0000] {manager.py:471} INFO - Process each file at most once every 30 seconds
[2026-01-06T13:14:33.409+0000] {manager.py:472} INFO - Checking for new files in /opt/airflow/dags every 300 seconds
[2026-01-06T13:14:33.413+0000] {manager.py:737} INFO - Searching for files in /opt/airflow/dags
[2026-01-06T13:14:33.554+0000] {manager.py:740} INFO - There are 1 files in /opt/airflow/dags
[2026-01-06T13:14:33.951+0000] {manager.py:878} INFO - 
================================================================================
DAG File Processing Stats

File Path                                          PID  Runtime      # DAGs    # Errors  Last Runtime    Last Run
-----------------------------------------------  -----  ---------  --------  ----------  --------------  ----------
/opt/airflow/dags/etl_postgres_to_clickhouse.py    190  0.11s             0           0
================================================================================
[2026-01-06T13:15:49.874+0000] {manager.py:470} INFO - Processing files using up to 2 processes at a time 
[2026-01-06T13:15:49.878+0000] {manager.py:471} INFO - Process each file at most once every 30 seconds
[2026-01-06T13:15:49.882+0000] {manager.py:472} INFO - Checking for new files in /opt/airflow/dags every 300 seconds
[2026-01-06T13:15:49.886+0000] {manager.py:737} INFO - Searching for files in /opt/airflow/dags
[2026-01-06T13:15:49.922+0000] {manager.py:740} INFO - There are 1 files in /opt/airflow/dags
[2026-01-06T13:15:50.196+0000] {manager.py:878} INFO - 
================================================================================
DAG File Processing Stats

File Path                                          PID  Runtime      # DAGs    # Errors  Last Runtime    Last Run
-----------------------------------------------  -----  ---------  --------  ----------  --------------  ----------
/opt/airflow/dags/etl_postgres_to_clickhouse.py    198  0.10s             0           0
================================================================================
[2026-01-06T13:16:18.909+0000] {manager.py:878} INFO - 
================================================================================
DAG File Processing Stats

File Path                                        PID    Runtime      # DAGs    # Errors  Last Runtime    Last Run
-----------------------------------------------  -----  ---------  --------  ----------  --------------  -------------------
/opt/airflow/dags/etl_postgres_to_clickhouse.py                           1           0  1.50s           2026-01-06T13:15:51
================================================================================
[2026-01-06T13:16:47.859+0000] {manager.py:878} INFO - 
================================================================================
DAG File Processing Stats

File Path                                        PID    Runtime      # DAGs    # Errors  Last Runtime    Last Run
-----------------------------------------------  -----  ---------  --------  ----------  --------------  -------------------
/opt/airflow/dags/etl_postgres_to_clickhouse.py                           1           0  1.04s           2026-01-06T13:16:22
================================================================================
[2026-01-06T13:17:16.402+0000] {manager.py:878} INFO - 
================================================================================
DAG File Processing Stats

File Path                                        PID    Runtime      # DAGs    # Errors  Last Runtime    Last Run
-----------------------------------------------  -----  ---------  --------  ----------  --------------  -------------------
/opt/airflow/dags/etl_postgres_to_clickhouse.py                           1           0  1.43s           2026-01-06T13:16:54
================================================================================
[2026-01-06T13:17:44.987+0000] {manager.py:878} INFO - 
================================================================================
DAG File Processing Stats

File Path                                        PID    Runtime      # DAGs    # Errors  Last Runtime    Last Run
-----------------------------------------------  -----  ---------  --------  ----------  --------------  -------------------
/opt/airflow/dags/etl_postgres_to_clickhouse.py                           1           0  0.58s           2026-01-06T13:17:25
================================================================================
[2026-01-06T13:18:13.415+0000] {manager.py:878} INFO - 
================================================================================
DAG File Processing Stats

File Path                                        PID    Runtime      # DAGs    # Errors  Last Runtime    Last Run
-----------------------------------------------  -----  ---------  --------  ----------  --------------  -------------------
/opt/airflow/dags/etl_postgres_to_clickhouse.py                           1           0  0.51s           2026-01-06T13:17:56
================================================================================
[2026-01-06T13:18:42.018+0000] {manager.py:878} INFO - 
================================================================================
DAG File Processing Stats

File Path                                        PID    Runtime      # DAGs    # Errors  Last Runtime    Last Run
-----------------------------------------------  -----  ---------  --------  ----------  --------------  -------------------
/opt/airflow/dags/etl_postgres_to_clickhouse.py                           1           0  0.73s           2026-01-06T13:18:27
================================================================================
[2026-01-06T13:19:10.728+0000] {manager.py:878} INFO - 
================================================================================
DAG File Processing Stats

File Path                                        PID    Runtime      # DAGs    # Errors  Last Runtime    Last Run
-----------------------------------------------  -----  ---------  --------  ----------  --------------  -------------------
/opt/airflow/dags/etl_postgres_to_clickhouse.py                           1           0  0.68s           2026-01-06T13:18:58
================================================================================
[2026-01-06T13:19:39.134+0000] {manager.py:878} INFO - 
================================================================================
DAG File Processing Stats

File Path                                        PID    Runtime      # DAGs    # Errors  Last Runtime    Last Run
-----------------------------------------------  -----  ---------  --------  ----------  --------------  -------------------
/opt/airflow/dags/etl_postgres_to_clickhouse.py                           1           0  0.90s           2026-01-06T13:19:29
================================================================================
[2026-01-06T13:20:07.737+0000] {manager.py:878} INFO - 
================================================================================
DAG File Processing Stats

File Path                                        PID    Runtime      # DAGs    # Errors  Last Runtime    Last Run
-----------------------------------------------  -----  ---------  --------  ----------  --------------  -------------------
/opt/airflow/dags/etl_postgres_to_clickhouse.py                           1           0  0.94s           2026-01-06T13:20:00
================================================================================
[2026-01-06T13:20:36.728+0000] {manager.py:878} INFO - 
================================================================================
DAG File Processing Stats

File Path                                        PID    Runtime      # DAGs    # Errors  Last Runtime    Last Run
-----------------------------------------------  -----  ---------  --------  ----------  --------------  -------------------
/opt/airflow/dags/etl_postgres_to_clickhouse.py                           1           0  0.48s           2026-01-06T13:20:31
================================================================================
[2026-01-06T13:20:50.811+0000] {manager.py:737} INFO - Searching for files in /opt/airflow/dags
[2026-01-06T13:20:50.840+0000] {manager.py:740} INFO - There are 1 files in /opt/airflow/dags
[2026-01-06T13:21:05.260+0000] {manager.py:878} INFO - 
================================================================================
DAG File Processing Stats

File Path                                        PID    Runtime      # DAGs    # Errors  Last Runtime    Last Run
-----------------------------------------------  -----  ---------  --------  ----------  --------------  -------------------
/opt/airflow/dags/etl_postgres_to_clickhouse.py                           1           0  -1.19s          2026-01-06T13:21:00
================================================================================
[2026-01-06T13:21:33.753+0000] {manager.py:878} INFO - 
================================================================================
DAG File Processing Stats

File Path                                        PID    Runtime      # DAGs    # Errors  Last Runtime    Last Run
-----------------------------------------------  -----  ---------  --------  ----------  --------------  -------------------
/opt/airflow/dags/etl_postgres_to_clickhouse.py                           1           0  0.80s           2026-01-06T13:21:32
================================================================================
[2026-01-06T13:22:02.248+0000] {manager.py:878} INFO - 
================================================================================
DAG File Processing Stats

File Path                                          PID  Runtime      # DAGs    # Errors  Last Runtime    Last Run
-----------------------------------------------  -----  ---------  --------  ----------  --------------  -------------------
/opt/airflow/dags/etl_postgres_to_clickhouse.py    540  0.01s             1           0  0.80s           2026-01-06T13:21:32
================================================================================
[2026-01-06T13:22:31.148+0000] {manager.py:878} INFO - 
================================================================================
DAG File Processing Stats

File Path                                        PID    Runtime      # DAGs    # Errors  Last Runtime    Last Run
-----------------------------------------------  -----  ---------  --------  ----------  --------------  -------------------
/opt/airflow/dags/etl_postgres_to_clickhouse.py                           1           0  0.73s           2026-01-06T13:22:02
================================================================================
[2026-01-06T13:22:59.488+0000] {manager.py:878} INFO - 
================================================================================
DAG File Processing Stats

File Path                                        PID    Runtime      # DAGs    # Errors  Last Runtime    Last Run
-----------------------------------------------  -----  ---------  --------  ----------  --------------  -------------------
/opt/airflow/dags/etl_postgres_to_clickhouse.py                           1           0  0.81s           2026-01-06T13:22:34
================================================================================
[2026-01-06T13:23:27.933+0000] {manager.py:878} INFO - 
================================================================================
DAG File Processing Stats

File Path                                        PID    Runtime      # DAGs    # Errors  Last Runtime    Last Run
-----------------------------------------------  -----  ---------  --------  ----------  --------------  -------------------
/opt/airflow/dags/etl_postgres_to_clickhouse.py                           1           0  0.71s           2026-01-06T13:23:04
================================================================================
[2026-01-06T13:23:56.704+0000] {manager.py:878} INFO - 
================================================================================
DAG File Processing Stats

File Path                                        PID    Runtime      # DAGs    # Errors  Last Runtime    Last Run
-----------------------------------------------  -----  ---------  --------  ----------  --------------  -------------------
/opt/airflow/dags/etl_postgres_to_clickhouse.py                           1           0  0.63s           2026-01-06T13:23:35
================================================================================
[2026-01-06T13:24:25.520+0000] {manager.py:878} INFO - 
================================================================================
DAG File Processing Stats

File Path                                        PID    Runtime      # DAGs    # Errors  Last Runtime    Last Run
-----------------------------------------------  -----  ---------  --------  ----------  --------------  -------------------
/opt/airflow/dags/etl_postgres_to_clickhouse.py                           1           0  0.71s           2026-01-06T13:24:06
================================================================================
[2026-01-06T13:24:53.915+0000] {manager.py:878} INFO - 
================================================================================
DAG File Processing Stats

File Path                                        PID    Runtime      # DAGs    # Errors  Last Runtime    Last Run
-----------------------------------------------  -----  ---------  --------  ----------  --------------  -------------------
/opt/airflow/dags/etl_postgres_to_clickhouse.py                           1           0  0.94s           2026-01-06T13:24:37
================================================================================
[2026-01-06T13:25:22.355+0000] {manager.py:878} INFO - 
================================================================================
DAG File Processing Stats

File Path                                        PID    Runtime      # DAGs    # Errors  Last Runtime    Last Run
-----------------------------------------------  -----  ---------  --------  ----------  --------------  -------------------
/opt/airflow/dags/etl_postgres_to_clickhouse.py                           1           0  0.54s           2026-01-06T13:25:08
================================================================================
[2026-01-06T13:25:50.785+0000] {manager.py:878} INFO - 
================================================================================
DAG File Processing Stats

File Path                                        PID    Runtime      # DAGs    # Errors  Last Runtime    Last Run
-----------------------------------------------  -----  ---------  --------  ----------  --------------  -------------------
/opt/airflow/dags/etl_postgres_to_clickhouse.py                           1           0  0.58s           2026-01-06T13:25:39
================================================================================
[2026-01-06T13:25:50.864+0000] {manager.py:737} INFO - Searching for files in /opt/airflow/dags
[2026-01-06T13:25:50.902+0000] {manager.py:740} INFO - There are 1 files in /opt/airflow/dags
[2026-01-06T13:26:19.359+0000] {manager.py:878} INFO - 
================================================================================
DAG File Processing Stats

File Path                                        PID    Runtime      # DAGs    # Errors  Last Runtime    Last Run
-----------------------------------------------  -----  ---------  --------  ----------  --------------  -------------------
/opt/airflow/dags/etl_postgres_to_clickhouse.py                           1           0  0.57s           2026-01-06T13:26:10
================================================================================
[2026-01-06T13:26:48.121+0000] {manager.py:878} INFO - 
================================================================================
DAG File Processing Stats

File Path                                        PID    Runtime      # DAGs    # Errors  Last Runtime    Last Run
-----------------------------------------------  -----  ---------  --------  ----------  --------------  -------------------
/opt/airflow/dags/etl_postgres_to_clickhouse.py                           1           0  0.67s           2026-01-06T13:26:41
================================================================================
[2026-01-06T13:27:16.244+0000] {manager.py:878} INFO - 
================================================================================
DAG File Processing Stats

File Path                                        PID    Runtime      # DAGs    # Errors  Last Runtime    Last Run
-----------------------------------------------  -----  ---------  --------  ----------  --------------  -------------------
/opt/airflow/dags/etl_postgres_to_clickhouse.py                           1           0  0.65s           2026-01-06T13:27:12
================================================================================
[2026-01-06T13:27:44.532+0000] {manager.py:878} INFO - 
================================================================================
DAG File Processing Stats

File Path                                        PID    Runtime      # DAGs    # Errors  Last Runtime    Last Run
-----------------------------------------------  -----  ---------  --------  ----------  --------------  -------------------
/opt/airflow/dags/etl_postgres_to_clickhouse.py                           1           0  0.75s           2026-01-06T13:27:43
================================================================================
[2026-01-06T13:28:12.839+0000] {manager.py:878} INFO - 
================================================================================
DAG File Processing Stats

File Path                                        PID    Runtime      # DAGs    # Errors  Last Runtime    Last Run
-----------------------------------------------  -----  ---------  --------  ----------  --------------  -------------------
/opt/airflow/dags/etl_postgres_to_clickhouse.py                           1           0  0.75s           2026-01-06T13:27:43
================================================================================
[2026-01-06T13:28:41.321+0000] {manager.py:878} INFO - 
================================================================================
DAG File Processing Stats

File Path                                        PID    Runtime      # DAGs    # Errors  Last Runtime    Last Run
-----------------------------------------------  -----  ---------  --------  ----------  --------------  -------------------
/opt/airflow/dags/etl_postgres_to_clickhouse.py                           1           0  0.54s           2026-01-06T13:28:14
================================================================================
[2026-01-06T13:29:09.659+0000] {manager.py:878} INFO - 
================================================================================
DAG File Processing Stats

File Path                                        PID    Runtime      # DAGs    # Errors  Last Runtime    Last Run
-----------------------------------------------  -----  ---------  --------  ----------  --------------  -------------------
/opt/airflow/dags/etl_postgres_to_clickhouse.py                           1           0  0.73s           2026-01-06T13:28:45
================================================================================
[2026-01-06T13:29:38.269+0000] {manager.py:878} INFO - 
================================================================================
DAG File Processing Stats

File Path                                        PID    Runtime      # DAGs    # Errors  Last Runtime    Last Run
-----------------------------------------------  -----  ---------  --------  ----------  --------------  -------------------
/opt/airflow/dags/etl_postgres_to_clickhouse.py                           1           0  0.69s           2026-01-06T13:29:16
================================================================================
[2026-01-06T13:30:06.586+0000] {manager.py:878} INFO - 
================================================================================
DAG File Processing Stats

File Path                                        PID    Runtime      # DAGs    # Errors  Last Runtime    Last Run
-----------------------------------------------  -----  ---------  --------  ----------  --------------  -------------------
/opt/airflow/dags/etl_postgres_to_clickhouse.py                           1           0  0.97s           2026-01-06T13:29:47
================================================================================
[2026-01-06T13:30:34.993+0000] {manager.py:878} INFO - 
================================================================================
DAG File Processing Stats

File Path                                        PID    Runtime      # DAGs    # Errors  Last Runtime    Last Run
-----------------------------------------------  -----  ---------  --------  ----------  --------------  -------------------
/opt/airflow/dags/etl_postgres_to_clickhouse.py                           1           0  0.59s           2026-01-06T13:30:18
================================================================================
[2026-01-06T13:30:50.878+0000] {manager.py:737} INFO - Searching for files in /opt/airflow/dags
[2026-01-06T13:30:50.910+0000] {manager.py:740} INFO - There are 1 files in /opt/airflow/dags
[2026-01-06T13:31:03.074+0000] {manager.py:878} INFO - 
================================================================================
DAG File Processing Stats

File Path                                        PID    Runtime      # DAGs    # Errors  Last Runtime    Last Run
-----------------------------------------------  -----  ---------  --------  ----------  --------------  -------------------
/opt/airflow/dags/etl_postgres_to_clickhouse.py                           1           0  0.70s           2026-01-06T13:30:49
================================================================================
[2026-01-06T13:31:31.741+0000] {manager.py:878} INFO - 
================================================================================
DAG File Processing Stats

File Path                                        PID    Runtime      # DAGs    # Errors  Last Runtime    Last Run
-----------------------------------------------  -----  ---------  --------  ----------  --------------  -------------------
/opt/airflow/dags/etl_postgres_to_clickhouse.py                           1           0  0.57s           2026-01-06T13:31:20
================================================================================
[2026-01-06T13:31:59.963+0000] {manager.py:878} INFO - 
================================================================================
DAG File Processing Stats

File Path                                        PID    Runtime      # DAGs    # Errors  Last Runtime    Last Run
-----------------------------------------------  -----  ---------  --------  ----------  --------------  -------------------
/opt/airflow/dags/etl_postgres_to_clickhouse.py                           1           0  0.90s           2026-01-06T13:31:51
================================================================================
[2026-01-06T13:32:28.231+0000] {manager.py:878} INFO - 
================================================================================
DAG File Processing Stats

File Path                                        PID    Runtime      # DAGs    # Errors  Last Runtime    Last Run
-----------------------------------------------  -----  ---------  --------  ----------  --------------  -------------------
/opt/airflow/dags/etl_postgres_to_clickhouse.py                           1           0  0.89s           2026-01-06T13:32:23
================================================================================
[2026-01-06T13:32:57.055+0000] {manager.py:878} INFO - 
================================================================================
DAG File Processing Stats

File Path                                        PID    Runtime      # DAGs    # Errors  Last Runtime    Last Run
-----------------------------------------------  -----  ---------  --------  ----------  --------------  -------------------
/opt/airflow/dags/etl_postgres_to_clickhouse.py                           1           0  0.69s           2026-01-06T13:32:54
================================================================================
[2026-01-06T13:33:25.518+0000] {manager.py:878} INFO - 
================================================================================
DAG File Processing Stats

File Path                                        PID    Runtime      # DAGs    # Errors  Last Runtime    Last Run
-----------------------------------------------  -----  ---------  --------  ----------  --------------  -------------------
/opt/airflow/dags/etl_postgres_to_clickhouse.py                           1           0  0.51s           2026-01-06T13:33:24
================================================================================
[2026-01-06T13:33:53.788+0000] {manager.py:878} INFO - 
================================================================================
DAG File Processing Stats

File Path                                        PID    Runtime      # DAGs    # Errors  Last Runtime    Last Run
-----------------------------------------------  -----  ---------  --------  ----------  --------------  -------------------
/opt/airflow/dags/etl_postgres_to_clickhouse.py                           1           0  0.51s           2026-01-06T13:33:24
================================================================================
[2026-01-06T13:34:22.061+0000] {manager.py:878} INFO - 
================================================================================
DAG File Processing Stats

File Path                                        PID    Runtime      # DAGs    # Errors  Last Runtime    Last Run
-----------------------------------------------  -----  ---------  --------  ----------  --------------  -------------------
/opt/airflow/dags/etl_postgres_to_clickhouse.py                           1           0  0.57s           2026-01-06T13:33:55
================================================================================
[2026-01-06T13:34:50.680+0000] {manager.py:878} INFO - 
================================================================================
DAG File Processing Stats

File Path                                        PID    Runtime      # DAGs    # Errors  Last Runtime    Last Run
-----------------------------------------------  -----  ---------  --------  ----------  --------------  -------------------
/opt/airflow/dags/etl_postgres_to_clickhouse.py                           1           0  0.87s           2026-01-06T13:34:27
================================================================================
[2026-01-06T13:35:18.782+0000] {manager.py:878} INFO - 
================================================================================
DAG File Processing Stats

File Path                                        PID    Runtime      # DAGs    # Errors  Last Runtime    Last Run
-----------------------------------------------  -----  ---------  --------  ----------  --------------  -------------------
/opt/airflow/dags/etl_postgres_to_clickhouse.py                           1           0  0.71s           2026-01-06T13:34:58
================================================================================
[2026-01-06T13:35:47.004+0000] {manager.py:878} INFO - 
================================================================================
DAG File Processing Stats

File Path                                        PID    Runtime      # DAGs    # Errors  Last Runtime    Last Run
-----------------------------------------------  -----  ---------  --------  ----------  --------------  -------------------
/opt/airflow/dags/etl_postgres_to_clickhouse.py                           1           0  0.89s           2026-01-06T13:35:29
================================================================================
[2026-01-06T13:35:51.035+0000] {manager.py:737} INFO - Searching for files in /opt/airflow/dags
[2026-01-06T13:35:51.105+0000] {manager.py:740} INFO - There are 1 files in /opt/airflow/dags
[2026-01-06T13:36:15.628+0000] {manager.py:878} INFO - 
================================================================================
DAG File Processing Stats

File Path                                        PID    Runtime      # DAGs    # Errors  Last Runtime    Last Run
-----------------------------------------------  -----  ---------  --------  ----------  --------------  -------------------
/opt/airflow/dags/etl_postgres_to_clickhouse.py                           1           0  0.61s           2026-01-06T13:36:00
================================================================================
[2026-01-06T13:36:43.842+0000] {manager.py:878} INFO - 
================================================================================
DAG File Processing Stats

File Path                                        PID    Runtime      # DAGs    # Errors  Last Runtime    Last Run
-----------------------------------------------  -----  ---------  --------  ----------  --------------  -------------------
/opt/airflow/dags/etl_postgres_to_clickhouse.py                           1           0  0.55s           2026-01-06T13:36:31
================================================================================
[2026-01-06T13:37:12.625+0000] {manager.py:878} INFO - 
================================================================================
DAG File Processing Stats

File Path                                        PID    Runtime      # DAGs    # Errors  Last Runtime    Last Run
-----------------------------------------------  -----  ---------  --------  ----------  --------------  -------------------
/opt/airflow/dags/etl_postgres_to_clickhouse.py                           1           0  0.69s           2026-01-06T13:37:02
================================================================================
[2026-01-06T13:37:40.874+0000] {manager.py:878} INFO - 
================================================================================
DAG File Processing Stats

File Path                                        PID    Runtime      # DAGs    # Errors  Last Runtime    Last Run
-----------------------------------------------  -----  ---------  --------  ----------  --------------  -------------------
/opt/airflow/dags/etl_postgres_to_clickhouse.py                           1           0  0.96s           2026-01-06T13:37:33
================================================================================
[2026-01-06T13:38:09.438+0000] {manager.py:878} INFO - 
================================================================================
DAG File Processing Stats

File Path                                        PID    Runtime      # DAGs    # Errors  Last Runtime    Last Run
-----------------------------------------------  -----  ---------  --------  ----------  --------------  -------------------
/opt/airflow/dags/etl_postgres_to_clickhouse.py                           1           0  0.64s           2026-01-06T13:38:04
================================================================================
[2026-01-06T13:38:37.577+0000] {manager.py:878} INFO - 
================================================================================
DAG File Processing Stats

File Path                                        PID    Runtime      # DAGs    # Errors  Last Runtime    Last Run
-----------------------------------------------  -----  ---------  --------  ----------  --------------  -------------------
/opt/airflow/dags/etl_postgres_to_clickhouse.py                           1           0  0.61s           2026-01-06T13:38:35
================================================================================
[2026-01-06T13:39:05.985+0000] {manager.py:878} INFO - 
================================================================================
DAG File Processing Stats

File Path                                          PID  Runtime      # DAGs    # Errors  Last Runtime    Last Run
-----------------------------------------------  -----  ---------  --------  ----------  --------------  -------------------
/opt/airflow/dags/etl_postgres_to_clickhouse.py   1419  0.01s             1           0  0.61s           2026-01-06T13:38:35
================================================================================
[2026-01-06T13:39:34.223+0000] {manager.py:878} INFO - 
================================================================================
DAG File Processing Stats

File Path                                        PID    Runtime      # DAGs    # Errors  Last Runtime    Last Run
-----------------------------------------------  -----  ---------  --------  ----------  --------------  -------------------
/opt/airflow/dags/etl_postgres_to_clickhouse.py                           1           0  0.77s           2026-01-06T13:39:06
================================================================================
[2026-01-06T13:40:02.509+0000] {manager.py:878} INFO - 
================================================================================
DAG File Processing Stats

File Path                                        PID    Runtime      # DAGs    # Errors  Last Runtime    Last Run
-----------------------------------------------  -----  ---------  --------  ----------  --------------  -------------------
/opt/airflow/dags/etl_postgres_to_clickhouse.py                           1           0  0.64s           2026-01-06T13:39:37
================================================================================
[2026-01-06T13:40:30.792+0000] {manager.py:878} INFO - 
================================================================================
DAG File Processing Stats

File Path                                        PID    Runtime      # DAGs    # Errors  Last Runtime    Last Run
-----------------------------------------------  -----  ---------  --------  ----------  --------------  -------------------
/opt/airflow/dags/etl_postgres_to_clickhouse.py                           1           0  0.57s           2026-01-06T13:40:08
================================================================================
[2026-01-06T13:40:51.087+0000] {manager.py:737} INFO - Searching for files in /opt/airflow/dags
[2026-01-06T13:40:51.120+0000] {manager.py:740} INFO - There are 1 files in /opt/airflow/dags
[2026-01-06T13:40:59.219+0000] {manager.py:878} INFO - 
================================================================================
DAG File Processing Stats

File Path                                        PID    Runtime      # DAGs    # Errors  Last Runtime    Last Run
-----------------------------------------------  -----  ---------  --------  ----------  --------------  -------------------
/opt/airflow/dags/etl_postgres_to_clickhouse.py                           1           0  0.90s           2026-01-06T13:40:39
================================================================================
[2026-01-06T13:42:17.967+0000] {manager.py:470} INFO - Processing files using up to 2 processes at a time 
[2026-01-06T13:42:17.968+0000] {manager.py:471} INFO - Process each file at most once every 30 seconds
[2026-01-06T13:42:17.970+0000] {manager.py:472} INFO - Checking for new files in /opt/airflow/dags every 300 seconds
[2026-01-06T13:42:17.971+0000] {manager.py:737} INFO - Searching for files in /opt/airflow/dags
[2026-01-06T13:42:18.005+0000] {manager.py:740} INFO - There are 1 files in /opt/airflow/dags
[2026-01-06T13:42:18.210+0000] {manager.py:878} INFO - 
================================================================================
DAG File Processing Stats

File Path                                          PID  Runtime      # DAGs    # Errors  Last Runtime    Last Run
-----------------------------------------------  -----  ---------  --------  ----------  --------------  ----------
/opt/airflow/dags/etl_postgres_to_clickhouse.py    191  0.09s             0           0
================================================================================
[2026-01-06T13:42:46.578+0000] {manager.py:878} INFO - 
================================================================================
DAG File Processing Stats

File Path                                        PID    Runtime      # DAGs    # Errors  Last Runtime    Last Run
-----------------------------------------------  -----  ---------  --------  ----------  --------------  -------------------
/opt/airflow/dags/etl_postgres_to_clickhouse.py                           1           0  1.03s           2026-01-06T13:42:19
================================================================================
[2026-01-06T13:43:14.790+0000] {manager.py:878} INFO - 
================================================================================
DAG File Processing Stats

File Path                                        PID    Runtime      # DAGs    # Errors  Last Runtime    Last Run
-----------------------------------------------  -----  ---------  --------  ----------  --------------  -------------------
/opt/airflow/dags/etl_postgres_to_clickhouse.py                           1           0  0.61s           2026-01-06T13:42:50
================================================================================
[2026-01-06T13:43:43.060+0000] {manager.py:878} INFO - 
================================================================================
DAG File Processing Stats

File Path                                        PID    Runtime      # DAGs    # Errors  Last Runtime    Last Run
-----------------------------------------------  -----  ---------  --------  ----------  --------------  -------------------
/opt/airflow/dags/etl_postgres_to_clickhouse.py                           1           0  0.60s           2026-01-06T13:43:21
================================================================================
[2026-01-06T13:44:11.458+0000] {manager.py:878} INFO - 
================================================================================
DAG File Processing Stats

File Path                                        PID    Runtime      # DAGs    # Errors  Last Runtime    Last Run
-----------------------------------------------  -----  ---------  --------  ----------  --------------  -------------------
/opt/airflow/dags/etl_postgres_to_clickhouse.py                           1           0  0.65s           2026-01-06T13:43:51
================================================================================
[2026-01-06T13:44:39.702+0000] {manager.py:878} INFO - 
================================================================================
DAG File Processing Stats

File Path                                        PID    Runtime      # DAGs    # Errors  Last Runtime    Last Run
-----------------------------------------------  -----  ---------  --------  ----------  --------------  -------------------
/opt/airflow/dags/etl_postgres_to_clickhouse.py                           1           0  0.57s           2026-01-06T13:44:22
================================================================================
[2026-01-06T13:45:08.298+0000] {manager.py:878} INFO - 
================================================================================
DAG File Processing Stats

File Path                                        PID    Runtime      # DAGs    # Errors  Last Runtime    Last Run
-----------------------------------------------  -----  ---------  --------  ----------  --------------  -------------------
/opt/airflow/dags/etl_postgres_to_clickhouse.py                           1           0  0.75s           2026-01-06T13:44:53
================================================================================
[2026-01-06T13:46:15.846+0000] {manager.py:470} INFO - Processing files using up to 2 processes at a time 
[2026-01-06T13:46:15.854+0000] {manager.py:471} INFO - Process each file at most once every 30 seconds
[2026-01-06T13:46:15.855+0000] {manager.py:472} INFO - Checking for new files in /opt/airflow/dags every 300 seconds
[2026-01-06T13:46:15.857+0000] {manager.py:737} INFO - Searching for files in /opt/airflow/dags
[2026-01-06T13:46:15.902+0000] {manager.py:740} INFO - There are 1 files in /opt/airflow/dags
[2026-01-06T13:46:16.080+0000] {manager.py:878} INFO - 
================================================================================
DAG File Processing Stats

File Path                                          PID  Runtime      # DAGs    # Errors  Last Runtime    Last Run
-----------------------------------------------  -----  ---------  --------  ----------  --------------  ----------
/opt/airflow/dags/etl_postgres_to_clickhouse.py    189  0.06s             0           0
================================================================================
[2026-01-06T13:46:44.157+0000] {manager.py:878} INFO - 
================================================================================
DAG File Processing Stats

File Path                                        PID    Runtime      # DAGs    # Errors  Last Runtime    Last Run
-----------------------------------------------  -----  ---------  --------  ----------  --------------  -------------------
/opt/airflow/dags/etl_postgres_to_clickhouse.py                           1           0  0.84s           2026-01-06T13:46:16
================================================================================
[2026-01-06T13:47:12.600+0000] {manager.py:878} INFO - 
================================================================================
DAG File Processing Stats

File Path                                        PID    Runtime      # DAGs    # Errors  Last Runtime    Last Run
-----------------------------------------------  -----  ---------  --------  ----------  --------------  -------------------
/opt/airflow/dags/etl_postgres_to_clickhouse.py                           1           0  -1.55s          2026-01-06T13:46:45
================================================================================
[2026-01-06T13:47:41.103+0000] {manager.py:878} INFO - 
================================================================================
DAG File Processing Stats

File Path                                        PID    Runtime      # DAGs    # Errors  Last Runtime    Last Run
-----------------------------------------------  -----  ---------  --------  ----------  --------------  -------------------
/opt/airflow/dags/etl_postgres_to_clickhouse.py                           1           0  0.56s           2026-01-06T13:47:16
================================================================================
[2026-01-06T13:48:09.582+0000] {manager.py:878} INFO - 
================================================================================
DAG File Processing Stats

File Path                                        PID    Runtime      # DAGs    # Errors  Last Runtime    Last Run
-----------------------------------------------  -----  ---------  --------  ----------  --------------  -------------------
/opt/airflow/dags/etl_postgres_to_clickhouse.py                           1           0  0.43s           2026-01-06T13:47:46
================================================================================
[2026-01-06T13:48:37.800+0000] {manager.py:878} INFO - 
================================================================================
DAG File Processing Stats

File Path                                        PID    Runtime      # DAGs    # Errors  Last Runtime    Last Run
-----------------------------------------------  -----  ---------  --------  ----------  --------------  -------------------
/opt/airflow/dags/etl_postgres_to_clickhouse.py                           1           0  0.51s           2026-01-06T13:48:17
================================================================================
[2026-01-06T13:49:06.532+0000] {manager.py:878} INFO - 
================================================================================
DAG File Processing Stats

File Path                                        PID    Runtime      # DAGs    # Errors  Last Runtime    Last Run
-----------------------------------------------  -----  ---------  --------  ----------  --------------  -------------------
/opt/airflow/dags/etl_postgres_to_clickhouse.py                           1           0  0.58s           2026-01-06T13:48:48
================================================================================
[2026-01-06T13:49:34.774+0000] {manager.py:878} INFO - 
================================================================================
DAG File Processing Stats

File Path                                        PID    Runtime      # DAGs    # Errors  Last Runtime    Last Run
-----------------------------------------------  -----  ---------  --------  ----------  --------------  -------------------
/opt/airflow/dags/etl_postgres_to_clickhouse.py                           1           0  0.49s           2026-01-06T13:49:19
================================================================================
[2026-01-06T13:50:02.801+0000] {manager.py:878} INFO - 
================================================================================
DAG File Processing Stats

File Path                                        PID    Runtime      # DAGs    # Errors  Last Runtime    Last Run
-----------------------------------------------  -----  ---------  --------  ----------  --------------  -------------------
/opt/airflow/dags/etl_postgres_to_clickhouse.py                           1           0  0.38s           2026-01-06T13:49:49
================================================================================
[2026-01-06T13:50:29.660+0000] {manager.py:878} INFO - 
================================================================================
DAG File Processing Stats

File Path                                        PID    Runtime      # DAGs    # Errors  Last Runtime    Last Run
-----------------------------------------------  -----  ---------  --------  ----------  --------------  -------------------
/opt/airflow/dags/etl_postgres_to_clickhouse.py                           1           0  0.61s           2026-01-06T13:50:20
================================================================================
[2026-01-06T13:51:41.853+0000] {manager.py:470} INFO - Processing files using up to 2 processes at a time 
[2026-01-06T13:51:41.855+0000] {manager.py:471} INFO - Process each file at most once every 30 seconds
[2026-01-06T13:51:41.856+0000] {manager.py:472} INFO - Checking for new files in /opt/airflow/dags every 300 seconds
[2026-01-06T13:51:41.857+0000] {manager.py:737} INFO - Searching for files in /opt/airflow/dags
[2026-01-06T13:51:41.909+0000] {manager.py:740} INFO - There are 1 files in /opt/airflow/dags
[2026-01-06T13:51:42.066+0000] {manager.py:878} INFO - 
================================================================================
DAG File Processing Stats

File Path                                          PID  Runtime      # DAGs    # Errors  Last Runtime    Last Run
-----------------------------------------------  -----  ---------  --------  ----------  --------------  ----------
/opt/airflow/dags/etl_postgres_to_clickhouse.py    191  0.06s             0           0
================================================================================
[2026-01-06T13:52:10.364+0000] {manager.py:878} INFO - 
================================================================================
DAG File Processing Stats

File Path                                        PID    Runtime      # DAGs    # Errors  Last Runtime    Last Run
-----------------------------------------------  -----  ---------  --------  ----------  --------------  -------------------
/opt/airflow/dags/etl_postgres_to_clickhouse.py                           1           0  0.78s           2026-01-06T13:51:42
================================================================================
[2026-01-06T13:52:38.548+0000] {manager.py:878} INFO - 
================================================================================
DAG File Processing Stats

File Path                                        PID    Runtime      # DAGs    # Errors  Last Runtime    Last Run
-----------------------------------------------  -----  ---------  --------  ----------  --------------  -------------------
/opt/airflow/dags/etl_postgres_to_clickhouse.py                           1           0  0.55s           2026-01-06T13:52:13
================================================================================
[2026-01-06T13:53:06.879+0000] {manager.py:878} INFO - 
================================================================================
DAG File Processing Stats

File Path                                        PID    Runtime      # DAGs    # Errors  Last Runtime    Last Run
-----------------------------------------------  -----  ---------  --------  ----------  --------------  -------------------
/opt/airflow/dags/etl_postgres_to_clickhouse.py                           1           0  0.94s           2026-01-06T13:52:44
================================================================================
[2026-01-06T13:53:35.298+0000] {manager.py:878} INFO - 
================================================================================
DAG File Processing Stats

File Path                                        PID    Runtime      # DAGs    # Errors  Last Runtime    Last Run
-----------------------------------------------  -----  ---------  --------  ----------  --------------  -------------------
/opt/airflow/dags/etl_postgres_to_clickhouse.py                           1           0  0.56s           2026-01-06T13:53:15
================================================================================
[2026-01-06T13:54:03.896+0000] {manager.py:878} INFO - 
================================================================================
DAG File Processing Stats

File Path                                        PID    Runtime      # DAGs    # Errors  Last Runtime    Last Run
-----------------------------------------------  -----  ---------  --------  ----------  --------------  -------------------
/opt/airflow/dags/etl_postgres_to_clickhouse.py                           1           0  0.48s           2026-01-06T13:53:46
================================================================================
[2026-01-06T13:54:32.066+0000] {manager.py:878} INFO - 
================================================================================
DAG File Processing Stats

File Path                                        PID    Runtime      # DAGs    # Errors  Last Runtime    Last Run
-----------------------------------------------  -----  ---------  --------  ----------  --------------  -------------------
/opt/airflow/dags/etl_postgres_to_clickhouse.py                           1           0  0.54s           2026-01-06T13:54:16
================================================================================
[2026-01-06T13:55:00.337+0000] {manager.py:878} INFO - 
================================================================================
DAG File Processing Stats

File Path                                        PID    Runtime      # DAGs    # Errors  Last Runtime    Last Run
-----------------------------------------------  -----  ---------  --------  ----------  --------------  -------------------
/opt/airflow/dags/etl_postgres_to_clickhouse.py                           1           0  0.43s           2026-01-06T13:54:47
================================================================================
[2026-01-06T13:55:28.414+0000] {manager.py:878} INFO - 
================================================================================
DAG File Processing Stats

File Path                                        PID    Runtime      # DAGs    # Errors  Last Runtime    Last Run
-----------------------------------------------  -----  ---------  --------  ----------  --------------  -------------------
/opt/airflow/dags/etl_postgres_to_clickhouse.py                           1           0  0.44s           2026-01-06T13:55:18
================================================================================
[2026-01-06T13:55:57.210+0000] {manager.py:878} INFO - 
================================================================================
DAG File Processing Stats

File Path                                        PID    Runtime      # DAGs    # Errors  Last Runtime    Last Run
-----------------------------------------------  -----  ---------  --------  ----------  --------------  -------------------
/opt/airflow/dags/etl_postgres_to_clickhouse.py                           1           0  0.71s           2026-01-06T13:55:49
================================================================================
[2026-01-06T13:56:25.589+0000] {manager.py:878} INFO - 
================================================================================
DAG File Processing Stats

File Path                                        PID    Runtime      # DAGs    # Errors  Last Runtime    Last Run
-----------------------------------------------  -----  ---------  --------  ----------  --------------  -------------------
/opt/airflow/dags/etl_postgres_to_clickhouse.py                           1           0  0.59s           2026-01-06T13:56:20
================================================================================
[2026-01-06T13:56:42.362+0000] {manager.py:737} INFO - Searching for files in /opt/airflow/dags
[2026-01-06T13:56:42.421+0000] {manager.py:740} INFO - There are 1 files in /opt/airflow/dags
[2026-01-06T13:56:53.842+0000] {manager.py:878} INFO - 
================================================================================
DAG File Processing Stats

File Path                                        PID    Runtime      # DAGs    # Errors  Last Runtime    Last Run
-----------------------------------------------  -----  ---------  --------  ----------  --------------  -------------------
/opt/airflow/dags/etl_postgres_to_clickhouse.py                           1           0  0.51s           2026-01-06T13:56:51
================================================================================
[2026-01-06T13:57:22.212+0000] {manager.py:878} INFO - 
================================================================================
DAG File Processing Stats

File Path                                        PID    Runtime      # DAGs    # Errors  Last Runtime    Last Run
-----------------------------------------------  -----  ---------  --------  ----------  --------------  -------------------
/opt/airflow/dags/etl_postgres_to_clickhouse.py                           1           0  0.55s           2026-01-06T13:57:21
================================================================================
[2026-01-06T13:57:50.498+0000] {manager.py:878} INFO - 
================================================================================
DAG File Processing Stats

File Path                                        PID    Runtime      # DAGs    # Errors  Last Runtime    Last Run
-----------------------------------------------  -----  ---------  --------  ----------  --------------  -------------------
/opt/airflow/dags/etl_postgres_to_clickhouse.py                           1           0  0.55s           2026-01-06T13:57:21
================================================================================
[2026-01-06T13:58:18.651+0000] {manager.py:878} INFO - 
================================================================================
DAG File Processing Stats

File Path                                        PID    Runtime      # DAGs    # Errors  Last Runtime    Last Run
-----------------------------------------------  -----  ---------  --------  ----------  --------------  -------------------
/opt/airflow/dags/etl_postgres_to_clickhouse.py                           1           0  0.58s           2026-01-06T13:57:52
================================================================================
[2026-01-06T13:58:47.362+0000] {manager.py:878} INFO - 
================================================================================
DAG File Processing Stats

File Path                                        PID    Runtime      # DAGs    # Errors  Last Runtime    Last Run
-----------------------------------------------  -----  ---------  --------  ----------  --------------  -------------------
/opt/airflow/dags/etl_postgres_to_clickhouse.py                           1           0  0.65s           2026-01-06T13:58:23
================================================================================
[2026-01-06T13:59:15.768+0000] {manager.py:878} INFO - 
================================================================================
DAG File Processing Stats

File Path                                        PID    Runtime      # DAGs    # Errors  Last Runtime    Last Run
-----------------------------------------------  -----  ---------  --------  ----------  --------------  -------------------
/opt/airflow/dags/etl_postgres_to_clickhouse.py                           1           0  0.49s           2026-01-06T13:58:53
================================================================================
[2026-01-06T13:59:43.874+0000] {manager.py:878} INFO - 
================================================================================
DAG File Processing Stats

File Path                                        PID    Runtime      # DAGs    # Errors  Last Runtime    Last Run
-----------------------------------------------  -----  ---------  --------  ----------  --------------  -------------------
/opt/airflow/dags/etl_postgres_to_clickhouse.py                           1           0  0.59s           2026-01-06T13:59:24
================================================================================
[2026-01-06T14:00:12.562+0000] {manager.py:878} INFO - 
================================================================================
DAG File Processing Stats

File Path                                        PID    Runtime      # DAGs    # Errors  Last Runtime    Last Run
-----------------------------------------------  -----  ---------  --------  ----------  --------------  -------------------
/opt/airflow/dags/etl_postgres_to_clickhouse.py                           1           0  0.51s           2026-01-06T13:59:55
================================================================================
[2026-01-06T14:00:40.929+0000] {manager.py:878} INFO - 
================================================================================
DAG File Processing Stats

File Path                                        PID    Runtime      # DAGs    # Errors  Last Runtime    Last Run
-----------------------------------------------  -----  ---------  --------  ----------  --------------  -------------------
/opt/airflow/dags/etl_postgres_to_clickhouse.py                           1           0  0.54s           2026-01-06T14:00:26
================================================================================
[2026-01-06T14:01:09.126+0000] {manager.py:878} INFO - 
================================================================================
DAG File Processing Stats

File Path                                        PID    Runtime      # DAGs    # Errors  Last Runtime    Last Run
-----------------------------------------------  -----  ---------  --------  ----------  --------------  -------------------
/opt/airflow/dags/etl_postgres_to_clickhouse.py                           1           0  0.50s           2026-01-06T14:00:57
================================================================================
[2026-01-06T14:01:38.098+0000] {manager.py:878} INFO - 
================================================================================
DAG File Processing Stats

File Path                                        PID    Runtime      # DAGs    # Errors  Last Runtime    Last Run
-----------------------------------------------  -----  ---------  --------  ----------  --------------  -------------------
/opt/airflow/dags/etl_postgres_to_clickhouse.py                           1           0  2.24s           2026-01-06T14:01:30
================================================================================
[2026-01-06T14:01:43.138+0000] {manager.py:737} INFO - Searching for files in /opt/airflow/dags
[2026-01-06T14:01:43.164+0000] {manager.py:740} INFO - There are 1 files in /opt/airflow/dags
[2026-01-06T14:02:06.443+0000] {manager.py:878} INFO - 
================================================================================
DAG File Processing Stats

File Path                                        PID    Runtime      # DAGs    # Errors  Last Runtime    Last Run
-----------------------------------------------  -----  ---------  --------  ----------  --------------  -------------------
/opt/airflow/dags/etl_postgres_to_clickhouse.py                           1           0  0.58s           2026-01-06T14:02:00
================================================================================
[2026-01-06T14:02:34.768+0000] {manager.py:878} INFO - 
================================================================================
DAG File Processing Stats

File Path                                        PID    Runtime      # DAGs    # Errors  Last Runtime    Last Run
-----------------------------------------------  -----  ---------  --------  ----------  --------------  -------------------
/opt/airflow/dags/etl_postgres_to_clickhouse.py                           1           0  0.64s           2026-01-06T14:02:31
================================================================================
[2026-01-06T14:03:03.143+0000] {manager.py:878} INFO - 
================================================================================
DAG File Processing Stats

File Path                                        PID    Runtime      # DAGs    # Errors  Last Runtime    Last Run
-----------------------------------------------  -----  ---------  --------  ----------  --------------  -------------------
/opt/airflow/dags/etl_postgres_to_clickhouse.py                           1           0  0.63s           2026-01-06T14:03:02
================================================================================
[2026-01-06T14:03:31.410+0000] {manager.py:878} INFO - 
================================================================================
DAG File Processing Stats

File Path                                        PID    Runtime      # DAGs    # Errors  Last Runtime    Last Run
-----------------------------------------------  -----  ---------  --------  ----------  --------------  -------------------
/opt/airflow/dags/etl_postgres_to_clickhouse.py                           1           0  0.63s           2026-01-06T14:03:02
================================================================================
[2026-01-06T14:03:59.629+0000] {manager.py:878} INFO - 
================================================================================
DAG File Processing Stats

File Path                                        PID    Runtime      # DAGs    # Errors  Last Runtime    Last Run
-----------------------------------------------  -----  ---------  --------  ----------  --------------  -------------------
/opt/airflow/dags/etl_postgres_to_clickhouse.py                           1           0  0.55s           2026-01-06T14:03:33
================================================================================
[2026-01-06T14:04:27.921+0000] {manager.py:878} INFO - 
================================================================================
DAG File Processing Stats

File Path                                        PID    Runtime      # DAGs    # Errors  Last Runtime    Last Run
-----------------------------------------------  -----  ---------  --------  ----------  --------------  -------------------
/opt/airflow/dags/etl_postgres_to_clickhouse.py                           1           0  0.60s           2026-01-06T14:04:04
================================================================================
[2026-01-06T14:04:56.117+0000] {manager.py:878} INFO - 
================================================================================
DAG File Processing Stats

File Path                                        PID    Runtime      # DAGs    # Errors  Last Runtime    Last Run
-----------------------------------------------  -----  ---------  --------  ----------  --------------  -------------------
/opt/airflow/dags/etl_postgres_to_clickhouse.py                           1           0  0.45s           2026-01-06T14:04:35
================================================================================
[2026-01-06T14:05:24.478+0000] {manager.py:878} INFO - 
================================================================================
DAG File Processing Stats

File Path                                        PID    Runtime      # DAGs    # Errors  Last Runtime    Last Run
-----------------------------------------------  -----  ---------  --------  ----------  --------------  -------------------
/opt/airflow/dags/etl_postgres_to_clickhouse.py                           1           0  0.47s           2026-01-06T14:05:05
================================================================================
[2026-01-06T14:05:52.697+0000] {manager.py:878} INFO - 
================================================================================
DAG File Processing Stats

File Path                                        PID    Runtime      # DAGs    # Errors  Last Runtime    Last Run
-----------------------------------------------  -----  ---------  --------  ----------  --------------  -------------------
/opt/airflow/dags/etl_postgres_to_clickhouse.py                           1           0  0.57s           2026-01-06T14:05:36
================================================================================
[2026-01-06T14:06:21.406+0000] {manager.py:878} INFO - 
================================================================================
DAG File Processing Stats

File Path                                        PID    Runtime      # DAGs    # Errors  Last Runtime    Last Run
-----------------------------------------------  -----  ---------  --------  ----------  --------------  -------------------
/opt/airflow/dags/etl_postgres_to_clickhouse.py                           1           0  0.57s           2026-01-06T14:06:07
================================================================================
[2026-01-06T14:06:43.361+0000] {manager.py:737} INFO - Searching for files in /opt/airflow/dags
[2026-01-06T14:06:43.389+0000] {manager.py:740} INFO - There are 1 files in /opt/airflow/dags
[2026-01-06T14:06:49.467+0000] {manager.py:878} INFO - 
================================================================================
DAG File Processing Stats

File Path                                        PID    Runtime      # DAGs    # Errors  Last Runtime    Last Run
-----------------------------------------------  -----  ---------  --------  ----------  --------------  -------------------
/opt/airflow/dags/etl_postgres_to_clickhouse.py                           1           0  0.71s           2026-01-06T14:06:38
================================================================================
[2026-01-06T14:07:17.562+0000] {manager.py:878} INFO - 
================================================================================
DAG File Processing Stats

File Path                                        PID    Runtime      # DAGs    # Errors  Last Runtime    Last Run
-----------------------------------------------  -----  ---------  --------  ----------  --------------  -------------------
/opt/airflow/dags/etl_postgres_to_clickhouse.py                           1           0  0.72s           2026-01-06T14:07:09
================================================================================
[2026-01-06T14:07:45.819+0000] {manager.py:878} INFO - 
================================================================================
DAG File Processing Stats

File Path                                        PID    Runtime      # DAGs    # Errors  Last Runtime    Last Run
-----------------------------------------------  -----  ---------  --------  ----------  --------------  -------------------
/opt/airflow/dags/etl_postgres_to_clickhouse.py                           1           0  0.57s           2026-01-06T14:07:40
================================================================================
[2026-01-06T14:08:14.169+0000] {manager.py:878} INFO - 
================================================================================
DAG File Processing Stats

File Path                                        PID    Runtime      # DAGs    # Errors  Last Runtime    Last Run
-----------------------------------------------  -----  ---------  --------  ----------  --------------  -------------------
/opt/airflow/dags/etl_postgres_to_clickhouse.py                           1           0  0.61s           2026-01-06T14:08:11
================================================================================
[2026-01-06T14:08:42.412+0000] {manager.py:878} INFO - 
================================================================================
DAG File Processing Stats

File Path                                          PID  Runtime      # DAGs    # Errors  Last Runtime    Last Run
-----------------------------------------------  -----  ---------  --------  ----------  --------------  -------------------
/opt/airflow/dags/etl_postgres_to_clickhouse.py   1116  1.01s             1           0  0.61s           2026-01-06T14:08:11
================================================================================
[2026-01-06T14:09:10.773+0000] {manager.py:878} INFO - 
================================================================================
DAG File Processing Stats

File Path                                        PID    Runtime      # DAGs    # Errors  Last Runtime    Last Run
-----------------------------------------------  -----  ---------  --------  ----------  --------------  -------------------
/opt/airflow/dags/etl_postgres_to_clickhouse.py                           1           0  1.08s           2026-01-06T14:08:42
================================================================================
[2026-01-06T14:09:39.000+0000] {manager.py:878} INFO - 
================================================================================
DAG File Processing Stats

File Path                                        PID    Runtime      # DAGs    # Errors  Last Runtime    Last Run
-----------------------------------------------  -----  ---------  --------  ----------  --------------  -------------------
/opt/airflow/dags/etl_postgres_to_clickhouse.py                           1           0  -1.40s          2026-01-06T14:09:11
================================================================================
[2026-01-06T14:10:07.310+0000] {manager.py:878} INFO - 
================================================================================
DAG File Processing Stats

File Path                                        PID    Runtime      # DAGs    # Errors  Last Runtime    Last Run
-----------------------------------------------  -----  ---------  --------  ----------  --------------  -------------------
/opt/airflow/dags/etl_postgres_to_clickhouse.py                           1           0  0.56s           2026-01-06T14:09:42
================================================================================
[2026-01-06T14:10:35.667+0000] {manager.py:878} INFO - 
================================================================================
DAG File Processing Stats

File Path                                        PID    Runtime      # DAGs    # Errors  Last Runtime    Last Run
-----------------------------------------------  -----  ---------  --------  ----------  --------------  -------------------
/opt/airflow/dags/etl_postgres_to_clickhouse.py                           1           0  0.59s           2026-01-06T14:10:12
================================================================================
[2026-01-06T14:11:04.008+0000] {manager.py:878} INFO - 
================================================================================
DAG File Processing Stats

File Path                                        PID    Runtime      # DAGs    # Errors  Last Runtime    Last Run
-----------------------------------------------  -----  ---------  --------  ----------  --------------  -------------------
/opt/airflow/dags/etl_postgres_to_clickhouse.py                           1           0  0.70s           2026-01-06T14:10:44
================================================================================
[2026-01-06T14:11:32.492+0000] {manager.py:878} INFO - 
================================================================================
DAG File Processing Stats

File Path                                        PID    Runtime      # DAGs    # Errors  Last Runtime    Last Run
-----------------------------------------------  -----  ---------  --------  ----------  --------------  -------------------
/opt/airflow/dags/etl_postgres_to_clickhouse.py                           1           0  0.65s           2026-01-06T14:11:14
================================================================================
[2026-01-06T14:11:43.708+0000] {manager.py:737} INFO - Searching for files in /opt/airflow/dags
[2026-01-06T14:11:43.738+0000] {manager.py:740} INFO - There are 1 files in /opt/airflow/dags
[2026-01-06T14:12:00.851+0000] {manager.py:878} INFO - 
================================================================================
DAG File Processing Stats

File Path                                        PID    Runtime      # DAGs    # Errors  Last Runtime    Last Run
-----------------------------------------------  -----  ---------  --------  ----------  --------------  -------------------
/opt/airflow/dags/etl_postgres_to_clickhouse.py                           1           0  0.57s           2026-01-06T14:11:45
================================================================================
[2026-01-06T14:12:29.594+0000] {manager.py:878} INFO - 
================================================================================
DAG File Processing Stats

File Path                                        PID    Runtime      # DAGs    # Errors  Last Runtime    Last Run
-----------------------------------------------  -----  ---------  --------  ----------  --------------  -------------------
/opt/airflow/dags/etl_postgres_to_clickhouse.py                           1           0  0.55s           2026-01-06T14:12:16
================================================================================
[2026-01-06T14:12:56.034+0000] {manager.py:878} INFO - 
================================================================================
DAG File Processing Stats

File Path                                        PID    Runtime      # DAGs    # Errors  Last Runtime    Last Run
-----------------------------------------------  -----  ---------  --------  ----------  --------------  -------------------
/opt/airflow/dags/etl_postgres_to_clickhouse.py                           1           0  0.58s           2026-01-06T14:12:47
================================================================================
[2026-01-06T14:13:24.340+0000] {manager.py:878} INFO - 
================================================================================
DAG File Processing Stats

File Path                                        PID    Runtime      # DAGs    # Errors  Last Runtime    Last Run
-----------------------------------------------  -----  ---------  --------  ----------  --------------  -------------------
/opt/airflow/dags/etl_postgres_to_clickhouse.py                           1           0  0.53s           2026-01-06T14:13:18
================================================================================
[2026-01-06T14:13:52.661+0000] {manager.py:878} INFO - 
================================================================================
DAG File Processing Stats

File Path                                        PID    Runtime      # DAGs    # Errors  Last Runtime    Last Run
-----------------------------------------------  -----  ---------  --------  ----------  --------------  -------------------
/opt/airflow/dags/etl_postgres_to_clickhouse.py                           1           0  0.61s           2026-01-06T14:13:49
================================================================================
[2026-01-06T14:14:21.192+0000] {manager.py:878} INFO - 
================================================================================
DAG File Processing Stats

File Path                                        PID    Runtime      # DAGs    # Errors  Last Runtime    Last Run
-----------------------------------------------  -----  ---------  --------  ----------  --------------  -------------------
/opt/airflow/dags/etl_postgres_to_clickhouse.py                           1           0  1.00s           2026-01-06T14:14:20
================================================================================
[2026-01-06T14:14:49.437+0000] {manager.py:878} INFO - 
================================================================================
DAG File Processing Stats

File Path                                        PID    Runtime      # DAGs    # Errors  Last Runtime    Last Run
-----------------------------------------------  -----  ---------  --------  ----------  --------------  -------------------
/opt/airflow/dags/etl_postgres_to_clickhouse.py                           1           0  1.00s           2026-01-06T14:14:20
================================================================================
[2026-01-06T14:15:17.572+0000] {manager.py:878} INFO - 
================================================================================
DAG File Processing Stats

File Path                                        PID    Runtime      # DAGs    # Errors  Last Runtime    Last Run
-----------------------------------------------  -----  ---------  --------  ----------  --------------  -------------------
/opt/airflow/dags/etl_postgres_to_clickhouse.py                           1           0  0.78s           2026-01-06T14:14:52
================================================================================
[2026-01-06T14:15:46.030+0000] {manager.py:878} INFO - 
================================================================================
DAG File Processing Stats

File Path                                        PID    Runtime      # DAGs    # Errors  Last Runtime    Last Run
-----------------------------------------------  -----  ---------  --------  ----------  --------------  -------------------
/opt/airflow/dags/etl_postgres_to_clickhouse.py                           1           0  0.63s           2026-01-06T14:15:23
================================================================================
[2026-01-06T14:17:20.524+0000] {manager.py:470} INFO - Processing files using up to 2 processes at a time 
[2026-01-06T14:17:20.527+0000] {manager.py:471} INFO - Process each file at most once every 30 seconds
[2026-01-06T14:17:20.530+0000] {manager.py:472} INFO - Checking for new files in /opt/airflow/dags every 300 seconds
[2026-01-06T14:17:20.532+0000] {manager.py:737} INFO - Searching for files in /opt/airflow/dags
[2026-01-06T14:17:20.597+0000] {manager.py:740} INFO - There are 1 files in /opt/airflow/dags
[2026-01-06T14:17:20.839+0000] {manager.py:878} INFO - 
================================================================================
DAG File Processing Stats

File Path                                          PID  Runtime      # DAGs    # Errors  Last Runtime    Last Run
-----------------------------------------------  -----  ---------  --------  ----------  --------------  ----------
/opt/airflow/dags/etl_postgres_to_clickhouse.py    198  0.08s             0           0
================================================================================
[2026-01-06T14:17:48.915+0000] {manager.py:878} INFO - 
================================================================================
DAG File Processing Stats

File Path                                        PID    Runtime      # DAGs    # Errors  Last Runtime    Last Run
-----------------------------------------------  -----  ---------  --------  ----------  --------------  -------------------
/opt/airflow/dags/etl_postgres_to_clickhouse.py                           1           0  0.87s           2026-01-06T14:17:21
================================================================================
[2026-01-06T14:18:17.463+0000] {manager.py:878} INFO - 
================================================================================
DAG File Processing Stats

File Path                                        PID    Runtime      # DAGs    # Errors  Last Runtime    Last Run
-----------------------------------------------  -----  ---------  --------  ----------  --------------  -------------------
/opt/airflow/dags/etl_postgres_to_clickhouse.py                           1           0  0.58s           2026-01-06T14:17:52
================================================================================
[2026-01-06T14:18:45.733+0000] {manager.py:878} INFO - 
================================================================================
DAG File Processing Stats

File Path                                        PID    Runtime      # DAGs    # Errors  Last Runtime    Last Run
-----------------------------------------------  -----  ---------  --------  ----------  --------------  -------------------
/opt/airflow/dags/etl_postgres_to_clickhouse.py                           1           0  0.81s           2026-01-06T14:18:23
================================================================================
[2026-01-06T14:19:14.173+0000] {manager.py:878} INFO - 
================================================================================
DAG File Processing Stats

File Path                                        PID    Runtime      # DAGs    # Errors  Last Runtime    Last Run
-----------------------------------------------  -----  ---------  --------  ----------  --------------  -------------------
/opt/airflow/dags/etl_postgres_to_clickhouse.py                           1           0  0.38s           2026-01-06T14:18:54
================================================================================
[2026-01-06T14:19:42.660+0000] {manager.py:878} INFO - 
================================================================================
DAG File Processing Stats

File Path                                        PID    Runtime      # DAGs    # Errors  Last Runtime    Last Run
-----------------------------------------------  -----  ---------  --------  ----------  --------------  -------------------
/opt/airflow/dags/etl_postgres_to_clickhouse.py                           1           0  0.53s           2026-01-06T14:19:24
================================================================================
[2026-01-06T14:21:12.517+0000] {manager.py:470} INFO - Processing files using up to 2 processes at a time 
[2026-01-06T14:21:12.520+0000] {manager.py:471} INFO - Process each file at most once every 30 seconds
[2026-01-06T14:21:12.521+0000] {manager.py:472} INFO - Checking for new files in /opt/airflow/dags every 300 seconds
[2026-01-06T14:21:12.523+0000] {manager.py:737} INFO - Searching for files in /opt/airflow/dags
[2026-01-06T14:21:12.559+0000] {manager.py:740} INFO - There are 1 files in /opt/airflow/dags
[2026-01-06T14:21:12.733+0000] {manager.py:878} INFO - 
================================================================================
DAG File Processing Stats

File Path                                          PID  Runtime      # DAGs    # Errors  Last Runtime    Last Run
-----------------------------------------------  -----  ---------  --------  ----------  --------------  ----------
/opt/airflow/dags/etl_postgres_to_clickhouse.py    190  0.08s             0           0
================================================================================
[2026-01-06T14:21:41.015+0000] {manager.py:878} INFO - 
================================================================================
DAG File Processing Stats

File Path                                        PID    Runtime      # DAGs    # Errors  Last Runtime    Last Run
-----------------------------------------------  -----  ---------  --------  ----------  --------------  -------------------
/opt/airflow/dags/etl_postgres_to_clickhouse.py                           1           0  1.24s           2026-01-06T14:21:13
================================================================================
[2026-01-06T14:22:09.438+0000] {manager.py:878} INFO - 
================================================================================
DAG File Processing Stats

File Path                                        PID    Runtime      # DAGs    # Errors  Last Runtime    Last Run
-----------------------------------------------  -----  ---------  --------  ----------  --------------  -------------------
/opt/airflow/dags/etl_postgres_to_clickhouse.py                           1           0  0.53s           2026-01-06T14:21:44
================================================================================
[2026-01-06T14:22:37.617+0000] {manager.py:878} INFO - 
================================================================================
DAG File Processing Stats

File Path                                        PID    Runtime      # DAGs    # Errors  Last Runtime    Last Run
-----------------------------------------------  -----  ---------  --------  ----------  --------------  -------------------
/opt/airflow/dags/etl_postgres_to_clickhouse.py                           1           0  0.58s           2026-01-06T14:22:15
================================================================================
[2026-01-06T14:23:05.472+0000] {manager.py:878} INFO - 
================================================================================
DAG File Processing Stats

File Path                                        PID    Runtime      # DAGs    # Errors  Last Runtime    Last Run
-----------------------------------------------  -----  ---------  --------  ----------  --------------  -------------------
/opt/airflow/dags/etl_postgres_to_clickhouse.py                           1           0  0.48s           2026-01-06T14:22:46
================================================================================
[2026-01-06T14:23:34.734+0000] {manager.py:878} INFO - 
================================================================================
DAG File Processing Stats

File Path                                        PID    Runtime      # DAGs    # Errors  Last Runtime    Last Run
-----------------------------------------------  -----  ---------  --------  ----------  --------------  -------------------
/opt/airflow/dags/etl_postgres_to_clickhouse.py                           1           0  0.43s           2026-01-06T14:23:17
================================================================================
[2026-01-06T14:24:02.822+0000] {manager.py:878} INFO - 
================================================================================
DAG File Processing Stats

File Path                                        PID    Runtime      # DAGs    # Errors  Last Runtime    Last Run
-----------------------------------------------  -----  ---------  --------  ----------  --------------  -------------------
/opt/airflow/dags/etl_postgres_to_clickhouse.py                           1           0  0.48s           2026-01-06T14:23:47
================================================================================
[2026-01-06T14:24:31.104+0000] {manager.py:878} INFO - 
================================================================================
DAG File Processing Stats

File Path                                        PID    Runtime      # DAGs    # Errors  Last Runtime    Last Run
-----------------------------------------------  -----  ---------  --------  ----------  --------------  -------------------
/opt/airflow/dags/etl_postgres_to_clickhouse.py                           1           0  0.44s           2026-01-06T14:24:18
================================================================================
[2026-01-06T14:24:59.322+0000] {manager.py:878} INFO - 
================================================================================
DAG File Processing Stats

File Path                                        PID    Runtime      # DAGs    # Errors  Last Runtime    Last Run
-----------------------------------------------  -----  ---------  --------  ----------  --------------  -------------------
/opt/airflow/dags/etl_postgres_to_clickhouse.py                           1           0  0.44s           2026-01-06T14:24:49
================================================================================
[2026-01-06T14:25:27.568+0000] {manager.py:878} INFO - 
================================================================================
DAG File Processing Stats

File Path                                        PID    Runtime      # DAGs    # Errors  Last Runtime    Last Run
-----------------------------------------------  -----  ---------  --------  ----------  --------------  -------------------
/opt/airflow/dags/etl_postgres_to_clickhouse.py                           1           0  0.61s           2026-01-06T14:25:20
================================================================================
[2026-01-06T14:25:55.906+0000] {manager.py:878} INFO - 
================================================================================
DAG File Processing Stats

File Path                                        PID    Runtime      # DAGs    # Errors  Last Runtime    Last Run
-----------------------------------------------  -----  ---------  --------  ----------  --------------  -------------------
/opt/airflow/dags/etl_postgres_to_clickhouse.py                           1           0  0.64s           2026-01-06T14:25:51
================================================================================
[2026-01-06T14:26:13.069+0000] {manager.py:737} INFO - Searching for files in /opt/airflow/dags
[2026-01-06T14:26:13.104+0000] {manager.py:740} INFO - There are 1 files in /opt/airflow/dags
[2026-01-06T14:26:24.466+0000] {manager.py:878} INFO - 
================================================================================
DAG File Processing Stats

File Path                                        PID    Runtime      # DAGs    # Errors  Last Runtime    Last Run
-----------------------------------------------  -----  ---------  --------  ----------  --------------  -------------------
/opt/airflow/dags/etl_postgres_to_clickhouse.py                           1           0  0.49s           2026-01-06T14:26:21
================================================================================
[2026-01-06T14:26:53.027+0000] {manager.py:878} INFO - 
================================================================================
DAG File Processing Stats

File Path                                        PID    Runtime      # DAGs    # Errors  Last Runtime    Last Run
-----------------------------------------------  -----  ---------  --------  ----------  --------------  -------------------
/opt/airflow/dags/etl_postgres_to_clickhouse.py                           1           0  0.65s           2026-01-06T14:26:52
================================================================================
[2026-01-06T14:27:21.263+0000] {manager.py:878} INFO - 
================================================================================
DAG File Processing Stats

File Path                                        PID    Runtime      # DAGs    # Errors  Last Runtime    Last Run
-----------------------------------------------  -----  ---------  --------  ----------  --------------  -------------------
/opt/airflow/dags/etl_postgres_to_clickhouse.py                           1           0  0.65s           2026-01-06T14:26:52
================================================================================
[2026-01-06T14:27:49.555+0000] {manager.py:878} INFO - 
================================================================================
DAG File Processing Stats

File Path                                        PID    Runtime      # DAGs    # Errors  Last Runtime    Last Run
-----------------------------------------------  -----  ---------  --------  ----------  --------------  -------------------
/opt/airflow/dags/etl_postgres_to_clickhouse.py                           1           0  0.58s           2026-01-06T14:27:23
================================================================================
[2026-01-06T14:28:18.193+0000] {manager.py:878} INFO - 
================================================================================
DAG File Processing Stats

File Path                                        PID    Runtime      # DAGs    # Errors  Last Runtime    Last Run
-----------------------------------------------  -----  ---------  --------  ----------  --------------  -------------------
/opt/airflow/dags/etl_postgres_to_clickhouse.py                           1           0  0.55s           2026-01-06T14:27:54
================================================================================
[2026-01-06T14:28:45.731+0000] {manager.py:878} INFO - 
================================================================================
DAG File Processing Stats

File Path                                        PID    Runtime      # DAGs    # Errors  Last Runtime    Last Run
-----------------------------------------------  -----  ---------  --------  ----------  --------------  -------------------
/opt/airflow/dags/etl_postgres_to_clickhouse.py                           1           0  -0.19s          2026-01-06T14:28:24
================================================================================
[2026-01-06T14:29:14.852+0000] {manager.py:878} INFO - 
================================================================================
DAG File Processing Stats

File Path                                        PID    Runtime      # DAGs    # Errors  Last Runtime    Last Run
-----------------------------------------------  -----  ---------  --------  ----------  --------------  -------------------
/opt/airflow/dags/etl_postgres_to_clickhouse.py                           1           0  0.54s           2026-01-06T14:28:54
================================================================================
[2026-01-06T14:29:43.625+0000] {manager.py:878} INFO - 
================================================================================
DAG File Processing Stats

File Path                                        PID    Runtime      # DAGs    # Errors  Last Runtime    Last Run
-----------------------------------------------  -----  ---------  --------  ----------  --------------  -------------------
/opt/airflow/dags/etl_postgres_to_clickhouse.py                           1           0  0.65s           2026-01-06T14:29:25
================================================================================
[2026-01-06T14:30:12.071+0000] {manager.py:878} INFO - 
================================================================================
DAG File Processing Stats

File Path                                        PID    Runtime      # DAGs    # Errors  Last Runtime    Last Run
-----------------------------------------------  -----  ---------  --------  ----------  --------------  -------------------
/opt/airflow/dags/etl_postgres_to_clickhouse.py                           1           0  0.57s           2026-01-06T14:29:56
================================================================================
[2026-01-06T14:30:40.403+0000] {manager.py:878} INFO - 
================================================================================
DAG File Processing Stats

File Path                                        PID    Runtime      # DAGs    # Errors  Last Runtime    Last Run
-----------------------------------------------  -----  ---------  --------  ----------  --------------  -------------------
/opt/airflow/dags/etl_postgres_to_clickhouse.py                           1           0  0.55s           2026-01-06T14:30:27
================================================================================
[2026-01-06T14:31:51.789+0000] {manager.py:470} INFO - Processing files using up to 2 processes at a time 
[2026-01-06T14:31:51.791+0000] {manager.py:471} INFO - Process each file at most once every 30 seconds
[2026-01-06T14:31:51.792+0000] {manager.py:472} INFO - Checking for new files in /opt/airflow/dags every 300 seconds
[2026-01-06T14:31:51.794+0000] {manager.py:737} INFO - Searching for files in /opt/airflow/dags
[2026-01-06T14:31:51.819+0000] {manager.py:740} INFO - There are 1 files in /opt/airflow/dags
[2026-01-06T14:31:52.038+0000] {manager.py:878} INFO - 
================================================================================
DAG File Processing Stats

File Path                                          PID  Runtime      # DAGs    # Errors  Last Runtime    Last Run
-----------------------------------------------  -----  ---------  --------  ----------  --------------  ----------
/opt/airflow/dags/etl_postgres_to_clickhouse.py    190  0.08s             0           0
================================================================================
[2026-01-06T14:32:20.326+0000] {manager.py:878} INFO - 
================================================================================
DAG File Processing Stats

File Path                                        PID    Runtime      # DAGs    # Errors  Last Runtime    Last Run
-----------------------------------------------  -----  ---------  --------  ----------  --------------  -------------------
/opt/airflow/dags/etl_postgres_to_clickhouse.py                           1           0  1.10s           2026-01-06T14:31:53
================================================================================
[2026-01-06T14:32:48.570+0000] {manager.py:878} INFO - 
================================================================================
DAG File Processing Stats

File Path                                        PID    Runtime      # DAGs    # Errors  Last Runtime    Last Run
-----------------------------------------------  -----  ---------  --------  ----------  --------------  -------------------
/opt/airflow/dags/etl_postgres_to_clickhouse.py                           1           0  0.57s           2026-01-06T14:32:23
================================================================================
[2026-01-06T14:33:16.909+0000] {manager.py:878} INFO - 
================================================================================
DAG File Processing Stats

File Path                                        PID    Runtime      # DAGs    # Errors  Last Runtime    Last Run
-----------------------------------------------  -----  ---------  --------  ----------  --------------  -------------------
/opt/airflow/dags/etl_postgres_to_clickhouse.py                           1           0  0.51s           2026-01-06T14:32:54
================================================================================
[2026-01-06T14:33:45.170+0000] {manager.py:878} INFO - 
================================================================================
DAG File Processing Stats

File Path                                        PID    Runtime      # DAGs    # Errors  Last Runtime    Last Run
-----------------------------------------------  -----  ---------  --------  ----------  --------------  -------------------
/opt/airflow/dags/etl_postgres_to_clickhouse.py                           1           0  0.63s           2026-01-06T14:33:25
================================================================================
[2026-01-06T14:34:13.508+0000] {manager.py:878} INFO - 
================================================================================
DAG File Processing Stats

File Path                                        PID    Runtime      # DAGs    # Errors  Last Runtime    Last Run
-----------------------------------------------  -----  ---------  --------  ----------  --------------  -------------------
/opt/airflow/dags/etl_postgres_to_clickhouse.py                           1           0  0.40s           2026-01-06T14:33:56
================================================================================
[2026-01-06T14:34:41.773+0000] {manager.py:878} INFO - 
================================================================================
DAG File Processing Stats

File Path                                        PID    Runtime      # DAGs    # Errors  Last Runtime    Last Run
-----------------------------------------------  -----  ---------  --------  ----------  --------------  -------------------
/opt/airflow/dags/etl_postgres_to_clickhouse.py                           1           0  0.44s           2026-01-06T14:34:27
================================================================================
[2026-01-06T14:35:10.065+0000] {manager.py:878} INFO - 
================================================================================
DAG File Processing Stats

File Path                                        PID    Runtime      # DAGs    # Errors  Last Runtime    Last Run
-----------------------------------------------  -----  ---------  --------  ----------  --------------  -------------------
/opt/airflow/dags/etl_postgres_to_clickhouse.py                           1           0  -1.27s          2026-01-06T14:34:56
================================================================================
[2026-01-06T14:35:38.302+0000] {manager.py:878} INFO - 
================================================================================
DAG File Processing Stats

File Path                                        PID    Runtime      # DAGs    # Errors  Last Runtime    Last Run
-----------------------------------------------  -----  ---------  --------  ----------  --------------  -------------------
/opt/airflow/dags/etl_postgres_to_clickhouse.py                           1           0  0.45s           2026-01-06T14:35:26
================================================================================
[2026-01-06T14:36:06.531+0000] {manager.py:878} INFO - 
================================================================================
DAG File Processing Stats

File Path                                        PID    Runtime      # DAGs    # Errors  Last Runtime    Last Run
-----------------------------------------------  -----  ---------  --------  ----------  --------------  -------------------
/opt/airflow/dags/etl_postgres_to_clickhouse.py                           1           0  0.51s           2026-01-06T14:35:57
================================================================================
[2026-01-06T14:36:34.783+0000] {manager.py:878} INFO - 
================================================================================
DAG File Processing Stats

File Path                                        PID    Runtime      # DAGs    # Errors  Last Runtime    Last Run
-----------------------------------------------  -----  ---------  --------  ----------  --------------  -------------------
/opt/airflow/dags/etl_postgres_to_clickhouse.py                           1           0  0.41s           2026-01-06T14:36:28
================================================================================
[2026-01-06T14:36:52.038+0000] {manager.py:737} INFO - Searching for files in /opt/airflow/dags
[2026-01-06T14:36:52.119+0000] {manager.py:740} INFO - There are 1 files in /opt/airflow/dags
[2026-01-06T14:37:03.490+0000] {manager.py:878} INFO - 
================================================================================
DAG File Processing Stats

File Path                                        PID    Runtime      # DAGs    # Errors  Last Runtime    Last Run
-----------------------------------------------  -----  ---------  --------  ----------  --------------  -------------------
/opt/airflow/dags/etl_postgres_to_clickhouse.py                           1           0  0.52s           2026-01-06T14:36:58
================================================================================
[2026-01-06T14:37:32.034+0000] {manager.py:878} INFO - 
================================================================================
DAG File Processing Stats

File Path                                        PID    Runtime      # DAGs    # Errors  Last Runtime    Last Run
-----------------------------------------------  -----  ---------  --------  ----------  --------------  -------------------
/opt/airflow/dags/etl_postgres_to_clickhouse.py                           1           0  0.45s           2026-01-06T14:37:29
================================================================================
[2026-01-06T14:38:00.528+0000] {manager.py:878} INFO - 
================================================================================
DAG File Processing Stats

File Path                                        PID    Runtime      # DAGs    # Errors  Last Runtime    Last Run
-----------------------------------------------  -----  ---------  --------  ----------  --------------  -------------------
/opt/airflow/dags/etl_postgres_to_clickhouse.py                           1           0  0.65s           2026-01-06T14:37:59
================================================================================
[2026-01-06T14:38:28.763+0000] {manager.py:878} INFO - 
================================================================================
DAG File Processing Stats

File Path                                        PID    Runtime      # DAGs    # Errors  Last Runtime    Last Run
-----------------------------------------------  -----  ---------  --------  ----------  --------------  -------------------
/opt/airflow/dags/etl_postgres_to_clickhouse.py                           1           0  0.65s           2026-01-06T14:37:59
================================================================================
[2026-01-06T14:38:57.080+0000] {manager.py:878} INFO - 
================================================================================
DAG File Processing Stats

File Path                                        PID    Runtime      # DAGs    # Errors  Last Runtime    Last Run
-----------------------------------------------  -----  ---------  --------  ----------  --------------  -------------------
/opt/airflow/dags/etl_postgres_to_clickhouse.py                           1           0  0.54s           2026-01-06T14:38:30
================================================================================
[2026-01-06T14:39:25.383+0000] {manager.py:878} INFO - 
================================================================================
DAG File Processing Stats

File Path                                        PID    Runtime      # DAGs    # Errors  Last Runtime    Last Run
-----------------------------------------------  -----  ---------  --------  ----------  --------------  -------------------
/opt/airflow/dags/etl_postgres_to_clickhouse.py                           1           0  0.52s           2026-01-06T14:39:01
================================================================================
[2026-01-06T14:39:53.675+0000] {manager.py:878} INFO - 
================================================================================
DAG File Processing Stats

File Path                                        PID    Runtime      # DAGs    # Errors  Last Runtime    Last Run
-----------------------------------------------  -----  ---------  --------  ----------  --------------  -------------------
/opt/airflow/dags/etl_postgres_to_clickhouse.py                           1           0  0.52s           2026-01-06T14:39:32
================================================================================
[2026-01-06T14:40:22.413+0000] {manager.py:878} INFO - 
================================================================================
DAG File Processing Stats

File Path                                        PID    Runtime      # DAGs    # Errors  Last Runtime    Last Run
-----------------------------------------------  -----  ---------  --------  ----------  --------------  -------------------
/opt/airflow/dags/etl_postgres_to_clickhouse.py                           1           0  0.59s           2026-01-06T14:40:03
================================================================================
[2026-01-06T14:40:50.795+0000] {manager.py:878} INFO - 
================================================================================
DAG File Processing Stats

File Path                                        PID    Runtime      # DAGs    # Errors  Last Runtime    Last Run
-----------------------------------------------  -----  ---------  --------  ----------  --------------  -------------------
/opt/airflow/dags/etl_postgres_to_clickhouse.py                           1           0  0.54s           2026-01-06T14:40:34
================================================================================
[2026-01-06T14:41:19.027+0000] {manager.py:878} INFO - 
================================================================================
DAG File Processing Stats

File Path                                        PID    Runtime      # DAGs    # Errors  Last Runtime    Last Run
-----------------------------------------------  -----  ---------  --------  ----------  --------------  -------------------
/opt/airflow/dags/etl_postgres_to_clickhouse.py                           1           0  0.63s           2026-01-06T14:41:05
================================================================================
[2026-01-06T14:41:47.451+0000] {manager.py:878} INFO - 
================================================================================
DAG File Processing Stats

File Path                                        PID    Runtime      # DAGs    # Errors  Last Runtime    Last Run
-----------------------------------------------  -----  ---------  --------  ----------  --------------  -------------------
/opt/airflow/dags/etl_postgres_to_clickhouse.py                           1           0  0.64s           2026-01-06T14:41:35
================================================================================
[2026-01-06T14:41:52.489+0000] {manager.py:737} INFO - Searching for files in /opt/airflow/dags
[2026-01-06T14:41:52.533+0000] {manager.py:740} INFO - There are 1 files in /opt/airflow/dags
[2026-01-06T14:42:15.749+0000] {manager.py:878} INFO - 
================================================================================
DAG File Processing Stats

File Path                                        PID    Runtime      # DAGs    # Errors  Last Runtime    Last Run
-----------------------------------------------  -----  ---------  --------  ----------  --------------  -------------------
/opt/airflow/dags/etl_postgres_to_clickhouse.py                           1           0  0.56s           2026-01-06T14:42:06
================================================================================
[2026-01-06T14:42:44.100+0000] {manager.py:878} INFO - 
================================================================================
DAG File Processing Stats

File Path                                        PID    Runtime      # DAGs    # Errors  Last Runtime    Last Run
-----------------------------------------------  -----  ---------  --------  ----------  --------------  -------------------
/opt/airflow/dags/etl_postgres_to_clickhouse.py                           1           0  0.55s           2026-01-06T14:42:37
================================================================================
[2026-01-06T14:43:12.341+0000] {manager.py:878} INFO - 
================================================================================
DAG File Processing Stats

File Path                                        PID    Runtime      # DAGs    # Errors  Last Runtime    Last Run
-----------------------------------------------  -----  ---------  --------  ----------  --------------  -------------------
/opt/airflow/dags/etl_postgres_to_clickhouse.py                           1           0  0.70s           2026-01-06T14:43:08
================================================================================
[2026-01-06T14:44:15.965+0000] {manager.py:470} INFO - Processing files using up to 2 processes at a time 
[2026-01-06T14:44:15.973+0000] {manager.py:471} INFO - Process each file at most once every 30 seconds
[2026-01-06T14:44:15.975+0000] {manager.py:472} INFO - Checking for new files in /opt/airflow/dags every 300 seconds
[2026-01-06T14:44:15.977+0000] {manager.py:737} INFO - Searching for files in /opt/airflow/dags
[2026-01-06T14:44:16.096+0000] {manager.py:740} INFO - There are 1 files in /opt/airflow/dags
[2026-01-06T14:44:16.419+0000] {manager.py:878} INFO - 
================================================================================
DAG File Processing Stats

File Path                                          PID  Runtime      # DAGs    # Errors  Last Runtime    Last Run
-----------------------------------------------  -----  ---------  --------  ----------  --------------  ----------
/opt/airflow/dags/etl_postgres_to_clickhouse.py    190  0.13s             0           0
================================================================================
[2026-01-06T14:44:44.847+0000] {manager.py:878} INFO - 
================================================================================
DAG File Processing Stats

File Path                                        PID    Runtime      # DAGs    # Errors  Last Runtime    Last Run
-----------------------------------------------  -----  ---------  --------  ----------  --------------  -------------------
/opt/airflow/dags/etl_postgres_to_clickhouse.py                           1           0  1.64s           2026-01-06T14:44:17
================================================================================
[2026-01-06T14:45:13.072+0000] {manager.py:878} INFO - 
================================================================================
DAG File Processing Stats

File Path                                        PID    Runtime      # DAGs    # Errors  Last Runtime    Last Run
-----------------------------------------------  -----  ---------  --------  ----------  --------------  -------------------
/opt/airflow/dags/etl_postgres_to_clickhouse.py                           1           0  0.65s           2026-01-06T14:44:48
================================================================================
[2026-01-06T14:45:41.380+0000] {manager.py:878} INFO - 
================================================================================
DAG File Processing Stats

File Path                                        PID    Runtime      # DAGs    # Errors  Last Runtime    Last Run
-----------------------------------------------  -----  ---------  --------  ----------  --------------  -------------------
/opt/airflow/dags/etl_postgres_to_clickhouse.py                           1           0  0.69s           2026-01-06T14:45:19
================================================================================
[2026-01-06T14:46:09.605+0000] {manager.py:878} INFO - 
================================================================================
DAG File Processing Stats

File Path                                        PID    Runtime      # DAGs    # Errors  Last Runtime    Last Run
-----------------------------------------------  -----  ---------  --------  ----------  --------------  -------------------
/opt/airflow/dags/etl_postgres_to_clickhouse.py                           1           0  0.41s           2026-01-06T14:45:50
================================================================================
[2026-01-06T14:46:38.036+0000] {manager.py:878} INFO - 
================================================================================
DAG File Processing Stats

File Path                                        PID    Runtime      # DAGs    # Errors  Last Runtime    Last Run
-----------------------------------------------  -----  ---------  --------  ----------  --------------  -------------------
/opt/airflow/dags/etl_postgres_to_clickhouse.py                           1           0  0.53s           2026-01-06T14:46:21
================================================================================
[2026-01-06T14:47:06.250+0000] {manager.py:878} INFO - 
================================================================================
DAG File Processing Stats

File Path                                        PID    Runtime      # DAGs    # Errors  Last Runtime    Last Run
-----------------------------------------------  -----  ---------  --------  ----------  --------------  -------------------
/opt/airflow/dags/etl_postgres_to_clickhouse.py                           1           0  0.53s           2026-01-06T14:46:52
================================================================================
[2026-01-06T14:47:34.931+0000] {manager.py:878} INFO - 
================================================================================
DAG File Processing Stats

File Path                                        PID    Runtime      # DAGs    # Errors  Last Runtime    Last Run
-----------------------------------------------  -----  ---------  --------  ----------  --------------  -------------------
/opt/airflow/dags/etl_postgres_to_clickhouse.py                           1           0  0.52s           2026-01-06T14:47:23
================================================================================
[2026-01-06T14:48:03.345+0000] {manager.py:878} INFO - 
================================================================================
DAG File Processing Stats

File Path                                        PID    Runtime      # DAGs    # Errors  Last Runtime    Last Run
-----------------------------------------------  -----  ---------  --------  ----------  --------------  -------------------
/opt/airflow/dags/etl_postgres_to_clickhouse.py                           1           0  0.52s           2026-01-06T14:47:53
================================================================================
[2026-01-06T14:49:12.628+0000] {manager.py:470} INFO - Processing files using up to 2 processes at a time 
[2026-01-06T14:49:12.629+0000] {manager.py:471} INFO - Process each file at most once every 30 seconds
[2026-01-06T14:49:12.631+0000] {manager.py:472} INFO - Checking for new files in /opt/airflow/dags every 300 seconds
[2026-01-06T14:49:12.633+0000] {manager.py:737} INFO - Searching for files in /opt/airflow/dags
[2026-01-06T14:49:12.669+0000] {manager.py:740} INFO - There are 1 files in /opt/airflow/dags
[2026-01-06T14:49:12.819+0000] {manager.py:878} INFO - 
================================================================================
DAG File Processing Stats

File Path                                          PID  Runtime      # DAGs    # Errors  Last Runtime    Last Run
-----------------------------------------------  -----  ---------  --------  ----------  --------------  ----------
/opt/airflow/dags/etl_postgres_to_clickhouse.py    190  0.06s             0           0
================================================================================
[2026-01-06T14:49:41.153+0000] {manager.py:878} INFO - 
================================================================================
DAG File Processing Stats

File Path                                        PID    Runtime      # DAGs    # Errors  Last Runtime    Last Run
-----------------------------------------------  -----  ---------  --------  ----------  --------------  -------------------
/opt/airflow/dags/etl_postgres_to_clickhouse.py                           1           0  0.79s           2026-01-06T14:49:13
================================================================================
[2026-01-06T14:50:09.436+0000] {manager.py:878} INFO - 
================================================================================
DAG File Processing Stats

File Path                                        PID    Runtime      # DAGs    # Errors  Last Runtime    Last Run
-----------------------------------------------  -----  ---------  --------  ----------  --------------  -------------------
/opt/airflow/dags/etl_postgres_to_clickhouse.py                           1           0  0.43s           2026-01-06T14:49:44
================================================================================
[2026-01-06T14:50:37.780+0000] {manager.py:878} INFO - 
================================================================================
DAG File Processing Stats

File Path                                        PID    Runtime      # DAGs    # Errors  Last Runtime    Last Run
-----------------------------------------------  -----  ---------  --------  ----------  --------------  -------------------
/opt/airflow/dags/etl_postgres_to_clickhouse.py                           1           0  0.51s           2026-01-06T14:50:14
================================================================================
[2026-01-06T14:51:06.040+0000] {manager.py:878} INFO - 
================================================================================
DAG File Processing Stats

File Path                                        PID    Runtime      # DAGs    # Errors  Last Runtime    Last Run
-----------------------------------------------  -----  ---------  --------  ----------  --------------  -------------------
/opt/airflow/dags/etl_postgres_to_clickhouse.py                           1           0  0.42s           2026-01-06T14:50:45
================================================================================
[2026-01-06T14:51:34.250+0000] {manager.py:878} INFO - 
================================================================================
DAG File Processing Stats

File Path                                        PID    Runtime      # DAGs    # Errors  Last Runtime    Last Run
-----------------------------------------------  -----  ---------  --------  ----------  --------------  -------------------
/opt/airflow/dags/etl_postgres_to_clickhouse.py                           1           0  0.59s           2026-01-06T14:51:16
================================================================================
[2026-01-06T14:52:02.525+0000] {manager.py:878} INFO - 
================================================================================
DAG File Processing Stats

File Path                                        PID    Runtime      # DAGs    # Errors  Last Runtime    Last Run
-----------------------------------------------  -----  ---------  --------  ----------  --------------  -------------------
/opt/airflow/dags/etl_postgres_to_clickhouse.py                           1           0  0.59s           2026-01-06T14:51:47
================================================================================
[2026-01-06T14:52:30.909+0000] {manager.py:878} INFO - 
================================================================================
DAG File Processing Stats

File Path                                        PID    Runtime      # DAGs    # Errors  Last Runtime    Last Run
-----------------------------------------------  -----  ---------  --------  ----------  --------------  -------------------
/opt/airflow/dags/etl_postgres_to_clickhouse.py                           1           0  0.46s           2026-01-06T14:52:18
================================================================================
[2026-01-06T14:52:59.492+0000] {manager.py:878} INFO - 
================================================================================
DAG File Processing Stats

File Path                                        PID    Runtime      # DAGs    # Errors  Last Runtime    Last Run
-----------------------------------------------  -----  ---------  --------  ----------  --------------  -------------------
/opt/airflow/dags/etl_postgres_to_clickhouse.py                           1           0  0.53s           2026-01-06T14:52:48
================================================================================
[2026-01-06T14:53:28.034+0000] {manager.py:878} INFO - 
================================================================================
DAG File Processing Stats

File Path                                        PID    Runtime      # DAGs    # Errors  Last Runtime    Last Run
-----------------------------------------------  -----  ---------  --------  ----------  --------------  -------------------
/opt/airflow/dags/etl_postgres_to_clickhouse.py                           1           0  0.43s           2026-01-06T14:53:19
================================================================================
[2026-01-06T14:53:56.185+0000] {manager.py:878} INFO - 
================================================================================
DAG File Processing Stats

File Path                                        PID    Runtime      # DAGs    # Errors  Last Runtime    Last Run
-----------------------------------------------  -----  ---------  --------  ----------  --------------  -------------------
/opt/airflow/dags/etl_postgres_to_clickhouse.py                           1           0  0.44s           2026-01-06T14:53:50
================================================================================
[2026-01-06T14:54:12.872+0000] {manager.py:737} INFO - Searching for files in /opt/airflow/dags
[2026-01-06T14:54:12.898+0000] {manager.py:740} INFO - There are 1 files in /opt/airflow/dags
[2026-01-06T14:54:24.466+0000] {manager.py:878} INFO - 
================================================================================
DAG File Processing Stats

File Path                                        PID    Runtime      # DAGs    # Errors  Last Runtime    Last Run
-----------------------------------------------  -----  ---------  --------  ----------  --------------  -------------------
/opt/airflow/dags/etl_postgres_to_clickhouse.py                           1           0  0.52s           2026-01-06T14:54:20
================================================================================
[2026-01-06T14:55:45.503+0000] {manager.py:470} INFO - Processing files using up to 2 processes at a time 
[2026-01-06T14:55:45.505+0000] {manager.py:471} INFO - Process each file at most once every 30 seconds
[2026-01-06T14:55:45.507+0000] {manager.py:472} INFO - Checking for new files in /opt/airflow/dags every 300 seconds
[2026-01-06T14:55:45.511+0000] {manager.py:737} INFO - Searching for files in /opt/airflow/dags
[2026-01-06T14:55:45.550+0000] {manager.py:740} INFO - There are 1 files in /opt/airflow/dags
[2026-01-06T14:55:45.723+0000] {manager.py:878} INFO - 
================================================================================
DAG File Processing Stats

File Path                                          PID  Runtime      # DAGs    # Errors  Last Runtime    Last Run
-----------------------------------------------  -----  ---------  --------  ----------  --------------  ----------
/opt/airflow/dags/etl_postgres_to_clickhouse.py    191  0.07s             0           0
================================================================================
[2026-01-06T14:56:13.998+0000] {manager.py:878} INFO - 
================================================================================
DAG File Processing Stats

File Path                                        PID    Runtime      # DAGs    # Errors  Last Runtime    Last Run
-----------------------------------------------  -----  ---------  --------  ----------  --------------  -------------------
/opt/airflow/dags/etl_postgres_to_clickhouse.py                           1           0  1.13s           2026-01-06T14:55:46
================================================================================
[2026-01-06T14:56:42.327+0000] {manager.py:878} INFO - 
================================================================================
DAG File Processing Stats

File Path                                        PID    Runtime      # DAGs    # Errors  Last Runtime    Last Run
-----------------------------------------------  -----  ---------  --------  ----------  --------------  -------------------
/opt/airflow/dags/etl_postgres_to_clickhouse.py                           1           0  0.39s           2026-01-06T14:56:17
================================================================================
[2026-01-06T14:57:10.577+0000] {manager.py:878} INFO - 
================================================================================
DAG File Processing Stats

File Path                                        PID    Runtime      # DAGs    # Errors  Last Runtime    Last Run
-----------------------------------------------  -----  ---------  --------  ----------  --------------  -------------------
/opt/airflow/dags/etl_postgres_to_clickhouse.py                           1           0  0.79s           2026-01-06T14:56:48
================================================================================
[2026-01-06T14:57:38.811+0000] {manager.py:878} INFO - 
================================================================================
DAG File Processing Stats

File Path                                        PID    Runtime      # DAGs    # Errors  Last Runtime    Last Run
-----------------------------------------------  -----  ---------  --------  ----------  --------------  -------------------
/opt/airflow/dags/etl_postgres_to_clickhouse.py                           1           0  1.94s           2026-01-06T14:57:20
================================================================================
[2026-01-06T14:58:07.271+0000] {manager.py:878} INFO - 
================================================================================
DAG File Processing Stats

File Path                                        PID    Runtime      # DAGs    # Errors  Last Runtime    Last Run
-----------------------------------------------  -----  ---------  --------  ----------  --------------  -------------------
/opt/airflow/dags/etl_postgres_to_clickhouse.py                           1           0  0.53s           2026-01-06T14:57:51
================================================================================
[2026-01-06T14:58:35.849+0000] {manager.py:878} INFO - 
================================================================================
DAG File Processing Stats

File Path                                        PID    Runtime      # DAGs    # Errors  Last Runtime    Last Run
-----------------------------------------------  -----  ---------  --------  ----------  --------------  -------------------
/opt/airflow/dags/etl_postgres_to_clickhouse.py                           1           0  0.48s           2026-01-06T14:58:21
================================================================================
[2026-01-06T14:59:04.277+0000] {manager.py:878} INFO - 
================================================================================
DAG File Processing Stats

File Path                                        PID    Runtime      # DAGs    # Errors  Last Runtime    Last Run
-----------------------------------------------  -----  ---------  --------  ----------  --------------  -------------------
/opt/airflow/dags/etl_postgres_to_clickhouse.py                           1           0  0.64s           2026-01-06T14:58:52
================================================================================
[2026-01-06T14:59:32.563+0000] {manager.py:878} INFO - 
================================================================================
DAG File Processing Stats

File Path                                        PID    Runtime      # DAGs    # Errors  Last Runtime    Last Run
-----------------------------------------------  -----  ---------  --------  ----------  --------------  -------------------
/opt/airflow/dags/etl_postgres_to_clickhouse.py                           1           0  0.57s           2026-01-06T14:59:23
================================================================================
[2026-01-06T15:00:00.837+0000] {manager.py:878} INFO - 
================================================================================
DAG File Processing Stats

File Path                                        PID    Runtime      # DAGs    # Errors  Last Runtime    Last Run
-----------------------------------------------  -----  ---------  --------  ----------  --------------  -------------------
/opt/airflow/dags/etl_postgres_to_clickhouse.py                           1           0  0.53s           2026-01-06T14:59:54
================================================================================
[2026-01-06T15:01:27.329+0000] {manager.py:470} INFO - Processing files using up to 2 processes at a time 
[2026-01-06T15:01:27.332+0000] {manager.py:471} INFO - Process each file at most once every 30 seconds
[2026-01-06T15:01:27.334+0000] {manager.py:472} INFO - Checking for new files in /opt/airflow/dags every 300 seconds
[2026-01-06T15:01:27.338+0000] {manager.py:737} INFO - Searching for files in /opt/airflow/dags
[2026-01-06T15:01:27.373+0000] {manager.py:740} INFO - There are 1 files in /opt/airflow/dags
[2026-01-06T15:01:27.539+0000] {manager.py:878} INFO - 
================================================================================
DAG File Processing Stats

File Path                                          PID  Runtime      # DAGs    # Errors  Last Runtime    Last Run
-----------------------------------------------  -----  ---------  --------  ----------  --------------  ----------
/opt/airflow/dags/etl_postgres_to_clickhouse.py    189  0.08s             0           0
================================================================================
[2026-01-06T15:01:55.661+0000] {manager.py:878} INFO - 
================================================================================
DAG File Processing Stats

File Path                                        PID    Runtime      # DAGs    # Errors  Last Runtime    Last Run
-----------------------------------------------  -----  ---------  --------  ----------  --------------  -------------------
/opt/airflow/dags/etl_postgres_to_clickhouse.py                           1           0  0.88s           2026-01-06T15:01:28
================================================================================
[2026-01-06T15:02:24.047+0000] {manager.py:878} INFO - 
================================================================================
DAG File Processing Stats

File Path                                        PID    Runtime      # DAGs    # Errors  Last Runtime    Last Run
-----------------------------------------------  -----  ---------  --------  ----------  --------------  -------------------
/opt/airflow/dags/etl_postgres_to_clickhouse.py                           1           0  0.51s           2026-01-06T15:01:59
================================================================================
[2026-01-06T15:02:52.180+0000] {manager.py:878} INFO - 
================================================================================
DAG File Processing Stats

File Path                                        PID    Runtime      # DAGs    # Errors  Last Runtime    Last Run
-----------------------------------------------  -----  ---------  --------  ----------  --------------  -------------------
/opt/airflow/dags/etl_postgres_to_clickhouse.py                           1           0  0.49s           2026-01-06T15:02:30
================================================================================
[2026-01-06T15:03:20.455+0000] {manager.py:878} INFO - 
================================================================================
DAG File Processing Stats

File Path                                        PID    Runtime      # DAGs    # Errors  Last Runtime    Last Run
-----------------------------------------------  -----  ---------  --------  ----------  --------------  -------------------
/opt/airflow/dags/etl_postgres_to_clickhouse.py                           1           0  0.47s           2026-01-06T15:03:00
================================================================================
[2026-01-06T15:03:48.700+0000] {manager.py:878} INFO - 
================================================================================
DAG File Processing Stats

File Path                                        PID    Runtime      # DAGs    # Errors  Last Runtime    Last Run
-----------------------------------------------  -----  ---------  --------  ----------  --------------  -------------------
/opt/airflow/dags/etl_postgres_to_clickhouse.py                           1           0  0.66s           2026-01-06T15:03:31
================================================================================
[2026-01-06T15:04:59.007+0000] {manager.py:470} INFO - Processing files using up to 2 processes at a time 
[2026-01-06T15:04:59.012+0000] {manager.py:471} INFO - Process each file at most once every 30 seconds
[2026-01-06T15:04:59.013+0000] {manager.py:472} INFO - Checking for new files in /opt/airflow/dags every 300 seconds
[2026-01-06T15:04:59.019+0000] {manager.py:737} INFO - Searching for files in /opt/airflow/dags
[2026-01-06T15:04:59.072+0000] {manager.py:740} INFO - There are 1 files in /opt/airflow/dags
[2026-01-06T15:04:59.223+0000] {manager.py:878} INFO - 
================================================================================
DAG File Processing Stats

File Path                                          PID  Runtime      # DAGs    # Errors  Last Runtime    Last Run
-----------------------------------------------  -----  ---------  --------  ----------  --------------  ----------
/opt/airflow/dags/etl_postgres_to_clickhouse.py    191  0.06s             0           0
================================================================================
[2026-01-06T15:05:27.323+0000] {manager.py:878} INFO - 
================================================================================
DAG File Processing Stats

File Path                                        PID    Runtime      # DAGs    # Errors  Last Runtime    Last Run
-----------------------------------------------  -----  ---------  --------  ----------  --------------  -------------------
/opt/airflow/dags/etl_postgres_to_clickhouse.py                           1           0  0.90s           2026-01-06T15:05:00
================================================================================
[2026-01-06T15:05:55.783+0000] {manager.py:878} INFO - 
================================================================================
DAG File Processing Stats

File Path                                        PID    Runtime      # DAGs    # Errors  Last Runtime    Last Run
-----------------------------------------------  -----  ---------  --------  ----------  --------------  -------------------
/opt/airflow/dags/etl_postgres_to_clickhouse.py                           1           0  0.41s           2026-01-06T15:05:30
================================================================================
[2026-01-06T15:06:24.243+0000] {manager.py:878} INFO - 
================================================================================
DAG File Processing Stats

File Path                                        PID    Runtime      # DAGs    # Errors  Last Runtime    Last Run
-----------------------------------------------  -----  ---------  --------  ----------  --------------  -------------------
/opt/airflow/dags/etl_postgres_to_clickhouse.py                           1           0  0.53s           2026-01-06T15:06:01
================================================================================
[2026-01-06T15:06:52.807+0000] {manager.py:878} INFO - 
================================================================================
DAG File Processing Stats

File Path                                        PID    Runtime      # DAGs    # Errors  Last Runtime    Last Run
-----------------------------------------------  -----  ---------  --------  ----------  --------------  -------------------
/opt/airflow/dags/etl_postgres_to_clickhouse.py                           1           0  0.44s           2026-01-06T15:06:32
================================================================================
[2026-01-06T15:07:21.036+0000] {manager.py:878} INFO - 
================================================================================
DAG File Processing Stats

File Path                                        PID    Runtime      # DAGs    # Errors  Last Runtime    Last Run
-----------------------------------------------  -----  ---------  --------  ----------  --------------  -------------------
/opt/airflow/dags/etl_postgres_to_clickhouse.py                           1           0  0.62s           2026-01-06T15:07:03
================================================================================
[2026-01-06T15:07:49.426+0000] {manager.py:878} INFO - 
================================================================================
DAG File Processing Stats

File Path                                        PID    Runtime      # DAGs    # Errors  Last Runtime    Last Run
-----------------------------------------------  -----  ---------  --------  ----------  --------------  -------------------
/opt/airflow/dags/etl_postgres_to_clickhouse.py                           1           0  0.73s           2026-01-06T15:07:33
================================================================================
[2026-01-06T15:08:17.697+0000] {manager.py:878} INFO - 
================================================================================
DAG File Processing Stats

File Path                                        PID    Runtime      # DAGs    # Errors  Last Runtime    Last Run
-----------------------------------------------  -----  ---------  --------  ----------  --------------  -------------------
/opt/airflow/dags/etl_postgres_to_clickhouse.py                           1           0  0.74s           2026-01-06T15:08:04
================================================================================
[2026-01-06T15:08:45.811+0000] {manager.py:878} INFO - 
================================================================================
DAG File Processing Stats

File Path                                        PID    Runtime      # DAGs    # Errors  Last Runtime    Last Run
-----------------------------------------------  -----  ---------  --------  ----------  --------------  -------------------
/opt/airflow/dags/etl_postgres_to_clickhouse.py                           1           0  0.47s           2026-01-06T15:08:35
================================================================================
[2026-01-06T15:09:13.844+0000] {manager.py:878} INFO - 
================================================================================
DAG File Processing Stats

File Path                                        PID    Runtime      # DAGs    # Errors  Last Runtime    Last Run
-----------------------------------------------  -----  ---------  --------  ----------  --------------  -------------------
/opt/airflow/dags/etl_postgres_to_clickhouse.py                           1           0  -1.22s          2026-01-06T15:09:04
================================================================================
[2026-01-06T15:09:42.127+0000] {manager.py:878} INFO - 
================================================================================
DAG File Processing Stats

File Path                                        PID    Runtime      # DAGs    # Errors  Last Runtime    Last Run
-----------------------------------------------  -----  ---------  --------  ----------  --------------  -------------------
/opt/airflow/dags/etl_postgres_to_clickhouse.py                           1           0  0.40s           2026-01-06T15:09:35
================================================================================
[2026-01-06T15:09:59.250+0000] {manager.py:737} INFO - Searching for files in /opt/airflow/dags
[2026-01-06T15:09:59.280+0000] {manager.py:740} INFO - There are 1 files in /opt/airflow/dags
[2026-01-06T15:10:10.573+0000] {manager.py:878} INFO - 
================================================================================
DAG File Processing Stats

File Path                                        PID    Runtime      # DAGs    # Errors  Last Runtime    Last Run
-----------------------------------------------  -----  ---------  --------  ----------  --------------  -------------------
/opt/airflow/dags/etl_postgres_to_clickhouse.py                           1           0  0.49s           2026-01-06T15:10:05
================================================================================
[2026-01-06T15:10:39.222+0000] {manager.py:878} INFO - 
================================================================================
DAG File Processing Stats

File Path                                        PID    Runtime      # DAGs    # Errors  Last Runtime    Last Run
-----------------------------------------------  -----  ---------  --------  ----------  --------------  -------------------
/opt/airflow/dags/etl_postgres_to_clickhouse.py                           1           0  0.44s           2026-01-06T15:10:36
================================================================================
[2026-01-06T15:15:10.571+0000] {manager.py:470} INFO - Processing files using up to 2 processes at a time 
[2026-01-06T15:15:10.576+0000] {manager.py:471} INFO - Process each file at most once every 30 seconds
[2026-01-06T15:15:10.582+0000] {manager.py:472} INFO - Checking for new files in /opt/airflow/dags every 300 seconds
[2026-01-06T15:15:10.584+0000] {manager.py:737} INFO - Searching for files in /opt/airflow/dags
[2026-01-06T15:15:10.618+0000] {manager.py:740} INFO - There are 1 files in /opt/airflow/dags
[2026-01-06T15:15:10.769+0000] {manager.py:878} INFO - 
================================================================================
DAG File Processing Stats

File Path                                          PID  Runtime      # DAGs    # Errors  Last Runtime    Last Run
-----------------------------------------------  -----  ---------  --------  ----------  --------------  ----------
/opt/airflow/dags/etl_postgres_to_clickhouse.py    189  0.05s             0           0
================================================================================
[2026-01-06T15:15:38.859+0000] {manager.py:878} INFO - 
================================================================================
DAG File Processing Stats

File Path                                        PID    Runtime      # DAGs    # Errors  Last Runtime    Last Run
-----------------------------------------------  -----  ---------  --------  ----------  --------------  -------------------
/opt/airflow/dags/etl_postgres_to_clickhouse.py                           1           0  0.82s           2026-01-06T15:15:11
================================================================================
[2026-01-06T15:16:07.274+0000] {manager.py:878} INFO - 
================================================================================
DAG File Processing Stats

File Path                                        PID    Runtime      # DAGs    # Errors  Last Runtime    Last Run
-----------------------------------------------  -----  ---------  --------  ----------  --------------  -------------------
/opt/airflow/dags/etl_postgres_to_clickhouse.py                           1           0  0.56s           2026-01-06T15:15:42
================================================================================
[2026-01-06T15:16:35.443+0000] {manager.py:878} INFO - 
================================================================================
DAG File Processing Stats

File Path                                        PID    Runtime      # DAGs    # Errors  Last Runtime    Last Run
-----------------------------------------------  -----  ---------  --------  ----------  --------------  -------------------
/opt/airflow/dags/etl_postgres_to_clickhouse.py                           1           0  0.54s           2026-01-06T15:16:13
================================================================================
[2026-01-06T15:17:03.665+0000] {manager.py:878} INFO - 
================================================================================
DAG File Processing Stats

File Path                                        PID    Runtime      # DAGs    # Errors  Last Runtime    Last Run
-----------------------------------------------  -----  ---------  --------  ----------  --------------  -------------------
/opt/airflow/dags/etl_postgres_to_clickhouse.py                           1           0  0.44s           2026-01-06T15:16:43
================================================================================
[2026-01-06T15:17:30.367+0000] {manager.py:878} INFO - 
================================================================================
DAG File Processing Stats

File Path                                        PID    Runtime      # DAGs    # Errors  Last Runtime    Last Run
-----------------------------------------------  -----  ---------  --------  ----------  --------------  -------------------
/opt/airflow/dags/etl_postgres_to_clickhouse.py                           1           0  0.41s           2026-01-06T15:17:14
================================================================================
[2026-01-06T15:17:58.704+0000] {manager.py:878} INFO - 
================================================================================
DAG File Processing Stats

File Path                                        PID    Runtime      # DAGs    # Errors  Last Runtime    Last Run
-----------------------------------------------  -----  ---------  --------  ----------  --------------  -------------------
/opt/airflow/dags/etl_postgres_to_clickhouse.py                           1           0  0.70s           2026-01-06T15:17:45
================================================================================
[2026-01-06T15:18:26.971+0000] {manager.py:878} INFO - 
================================================================================
DAG File Processing Stats

File Path                                        PID    Runtime      # DAGs    # Errors  Last Runtime    Last Run
-----------------------------------------------  -----  ---------  --------  ----------  --------------  -------------------
/opt/airflow/dags/etl_postgres_to_clickhouse.py                           1           0  0.56s           2026-01-06T15:18:16
================================================================================
[2026-01-06T15:18:55.225+0000] {manager.py:878} INFO - 
================================================================================
DAG File Processing Stats

File Path                                        PID    Runtime      # DAGs    # Errors  Last Runtime    Last Run
-----------------------------------------------  -----  ---------  --------  ----------  --------------  -------------------
/opt/airflow/dags/etl_postgres_to_clickhouse.py                           1           0  0.41s           2026-01-06T15:18:47
================================================================================
[2026-01-06T15:19:23.501+0000] {manager.py:878} INFO - 
================================================================================
DAG File Processing Stats

File Path                                        PID    Runtime      # DAGs    # Errors  Last Runtime    Last Run
-----------------------------------------------  -----  ---------  --------  ----------  --------------  -------------------
/opt/airflow/dags/etl_postgres_to_clickhouse.py                           1           0  0.51s           2026-01-06T15:19:17
================================================================================
[2026-01-06T15:19:51.771+0000] {manager.py:878} INFO - 
================================================================================
DAG File Processing Stats

File Path                                        PID    Runtime      # DAGs    # Errors  Last Runtime    Last Run
-----------------------------------------------  -----  ---------  --------  ----------  --------------  -------------------
/opt/airflow/dags/etl_postgres_to_clickhouse.py                           1           0  0.52s           2026-01-06T15:19:48
================================================================================
[2026-01-06T15:20:10.894+0000] {manager.py:737} INFO - Searching for files in /opt/airflow/dags
[2026-01-06T15:20:10.935+0000] {manager.py:740} INFO - There are 1 files in /opt/airflow/dags
[2026-01-06T15:20:20.093+0000] {manager.py:878} INFO - 
================================================================================
DAG File Processing Stats

File Path                                        PID    Runtime      # DAGs    # Errors  Last Runtime    Last Run
-----------------------------------------------  -----  ---------  --------  ----------  --------------  -------------------
/opt/airflow/dags/etl_postgres_to_clickhouse.py                           1           0  0.44s           2026-01-06T15:20:19
================================================================================
[2026-01-06T15:20:48.332+0000] {manager.py:878} INFO - 
================================================================================
DAG File Processing Stats

File Path                                        PID    Runtime      # DAGs    # Errors  Last Runtime    Last Run
-----------------------------------------------  -----  ---------  --------  ----------  --------------  -------------------
/opt/airflow/dags/etl_postgres_to_clickhouse.py                           1           0  0.44s           2026-01-06T15:20:19
================================================================================
[2026-01-06T15:21:16.540+0000] {manager.py:878} INFO - 
================================================================================
DAG File Processing Stats

File Path                                        PID    Runtime      # DAGs    # Errors  Last Runtime    Last Run
-----------------------------------------------  -----  ---------  --------  ----------  --------------  -------------------
/opt/airflow/dags/etl_postgres_to_clickhouse.py                           1           0  0.52s           2026-01-06T15:20:50
================================================================================
[2026-01-06T15:21:45.285+0000] {manager.py:878} INFO - 
================================================================================
DAG File Processing Stats

File Path                                        PID    Runtime      # DAGs    # Errors  Last Runtime    Last Run
-----------------------------------------------  -----  ---------  --------  ----------  --------------  -------------------
/opt/airflow/dags/etl_postgres_to_clickhouse.py                           1           0  0.64s           2026-01-06T15:21:21
================================================================================
[2026-01-06T15:22:13.704+0000] {manager.py:878} INFO - 
================================================================================
DAG File Processing Stats

File Path                                        PID    Runtime      # DAGs    # Errors  Last Runtime    Last Run
-----------------------------------------------  -----  ---------  --------  ----------  --------------  -------------------
/opt/airflow/dags/etl_postgres_to_clickhouse.py                           1           0  0.47s           2026-01-06T15:21:51
================================================================================
[2026-01-06T15:22:42.271+0000] {manager.py:878} INFO - 
================================================================================
DAG File Processing Stats

File Path                                        PID    Runtime      # DAGs    # Errors  Last Runtime    Last Run
-----------------------------------------------  -----  ---------  --------  ----------  --------------  -------------------
/opt/airflow/dags/etl_postgres_to_clickhouse.py                           1           0  0.48s           2026-01-06T15:22:22
================================================================================
[2026-01-06T15:23:10.495+0000] {manager.py:878} INFO - 
================================================================================
DAG File Processing Stats

File Path                                        PID    Runtime      # DAGs    # Errors  Last Runtime    Last Run
-----------------------------------------------  -----  ---------  --------  ----------  --------------  -------------------
/opt/airflow/dags/etl_postgres_to_clickhouse.py                           1           0  0.81s           2026-01-06T15:22:53
================================================================================
[2026-01-06T15:23:39.062+0000] {manager.py:878} INFO - 
================================================================================
DAG File Processing Stats

File Path                                        PID    Runtime      # DAGs    # Errors  Last Runtime    Last Run
-----------------------------------------------  -----  ---------  --------  ----------  --------------  -------------------
/opt/airflow/dags/etl_postgres_to_clickhouse.py                           1           0  1.12s           2026-01-06T15:23:24
================================================================================
[2026-01-06T15:24:07.368+0000] {manager.py:878} INFO - 
================================================================================
DAG File Processing Stats

File Path                                        PID    Runtime      # DAGs    # Errors  Last Runtime    Last Run
-----------------------------------------------  -----  ---------  --------  ----------  --------------  -------------------
/opt/airflow/dags/etl_postgres_to_clickhouse.py                           1           0  0.53s           2026-01-06T15:23:55
================================================================================
[2026-01-06T15:24:35.537+0000] {manager.py:878} INFO - 
================================================================================
DAG File Processing Stats

File Path                                        PID    Runtime      # DAGs    # Errors  Last Runtime    Last Run
-----------------------------------------------  -----  ---------  --------  ----------  --------------  -------------------
/opt/airflow/dags/etl_postgres_to_clickhouse.py                           1           0  0.49s           2026-01-06T15:24:26
================================================================================
[2026-01-06T15:25:04.254+0000] {manager.py:878} INFO - 
================================================================================
DAG File Processing Stats

File Path                                        PID    Runtime      # DAGs    # Errors  Last Runtime    Last Run
-----------------------------------------------  -----  ---------  --------  ----------  --------------  -------------------
/opt/airflow/dags/etl_postgres_to_clickhouse.py                           1           0  0.60s           2026-01-06T15:24:57
================================================================================
[2026-01-06T15:25:11.301+0000] {manager.py:737} INFO - Searching for files in /opt/airflow/dags
[2026-01-06T15:25:11.329+0000] {manager.py:740} INFO - There are 1 files in /opt/airflow/dags
[2026-01-06T15:25:32.646+0000] {manager.py:878} INFO - 
================================================================================
DAG File Processing Stats

File Path                                        PID    Runtime      # DAGs    # Errors  Last Runtime    Last Run
-----------------------------------------------  -----  ---------  --------  ----------  --------------  -------------------
/opt/airflow/dags/etl_postgres_to_clickhouse.py                           1           0  0.63s           2026-01-06T15:25:28
================================================================================
[2026-01-06T15:26:00.828+0000] {manager.py:878} INFO - 
================================================================================
DAG File Processing Stats

File Path                                        PID    Runtime      # DAGs    # Errors  Last Runtime    Last Run
-----------------------------------------------  -----  ---------  --------  ----------  --------------  -------------------
/opt/airflow/dags/etl_postgres_to_clickhouse.py                           1           0  0.48s           2026-01-06T15:25:58
================================================================================
[2026-01-06T15:26:29.169+0000] {manager.py:878} INFO - 
================================================================================
DAG File Processing Stats

File Path                                          PID  Runtime      # DAGs    # Errors  Last Runtime    Last Run
-----------------------------------------------  -----  ---------  --------  ----------  --------------  -------------------
/opt/airflow/dags/etl_postgres_to_clickhouse.py    805  0.01s             1           0  0.48s           2026-01-06T15:25:58
================================================================================
[2026-01-06T15:26:57.429+0000] {manager.py:878} INFO - 
================================================================================
DAG File Processing Stats

File Path                                        PID    Runtime      # DAGs    # Errors  Last Runtime    Last Run
-----------------------------------------------  -----  ---------  --------  ----------  --------------  -------------------
/opt/airflow/dags/etl_postgres_to_clickhouse.py                           1           0  0.52s           2026-01-06T15:26:29
================================================================================
[2026-01-06T15:27:25.824+0000] {manager.py:878} INFO - 
================================================================================
DAG File Processing Stats

File Path                                        PID    Runtime      # DAGs    # Errors  Last Runtime    Last Run
-----------------------------------------------  -----  ---------  --------  ----------  --------------  -------------------
/opt/airflow/dags/etl_postgres_to_clickhouse.py                           1           0  0.63s           2026-01-06T15:27:00
================================================================================
[2026-01-06T15:27:54.043+0000] {manager.py:878} INFO - 
================================================================================
DAG File Processing Stats

File Path                                        PID    Runtime      # DAGs    # Errors  Last Runtime    Last Run
-----------------------------------------------  -----  ---------  --------  ----------  --------------  -------------------
/opt/airflow/dags/etl_postgres_to_clickhouse.py                           1           0  0.95s           2026-01-06T15:27:31
================================================================================
[2026-01-06T15:28:22.365+0000] {manager.py:878} INFO - 
================================================================================
DAG File Processing Stats

File Path                                        PID    Runtime      # DAGs    # Errors  Last Runtime    Last Run
-----------------------------------------------  -----  ---------  --------  ----------  --------------  -------------------
/opt/airflow/dags/etl_postgres_to_clickhouse.py                           1           0  0.65s           2026-01-06T15:28:02
================================================================================
[2026-01-06T15:28:50.622+0000] {manager.py:878} INFO - 
================================================================================
DAG File Processing Stats

File Path                                        PID    Runtime      # DAGs    # Errors  Last Runtime    Last Run
-----------------------------------------------  -----  ---------  --------  ----------  --------------  -------------------
/opt/airflow/dags/etl_postgres_to_clickhouse.py                           1           0  0.90s           2026-01-06T15:28:34
================================================================================
[2026-01-06T15:29:18.988+0000] {manager.py:878} INFO - 
================================================================================
DAG File Processing Stats

File Path                                        PID    Runtime      # DAGs    # Errors  Last Runtime    Last Run
-----------------------------------------------  -----  ---------  --------  ----------  --------------  -------------------
/opt/airflow/dags/etl_postgres_to_clickhouse.py                           1           0  0.86s           2026-01-06T15:29:05
================================================================================
[2026-01-06T15:29:47.218+0000] {manager.py:878} INFO - 
================================================================================
DAG File Processing Stats

File Path                                        PID    Runtime      # DAGs    # Errors  Last Runtime    Last Run
-----------------------------------------------  -----  ---------  --------  ----------  --------------  -------------------
/opt/airflow/dags/etl_postgres_to_clickhouse.py                           1           0  0.70s           2026-01-06T15:29:36
================================================================================
[2026-01-06T15:30:11.502+0000] {manager.py:737} INFO - Searching for files in /opt/airflow/dags
[2026-01-06T15:30:11.538+0000] {manager.py:740} INFO - There are 1 files in /opt/airflow/dags
[2026-01-06T15:30:15.610+0000] {manager.py:878} INFO - 
================================================================================
DAG File Processing Stats

File Path                                        PID    Runtime      # DAGs    # Errors  Last Runtime    Last Run
-----------------------------------------------  -----  ---------  --------  ----------  --------------  -------------------
/opt/airflow/dags/etl_postgres_to_clickhouse.py                           1           0  0.68s           2026-01-06T15:30:07
================================================================================
[2026-01-06T15:30:44.105+0000] {manager.py:878} INFO - 
================================================================================
DAG File Processing Stats

File Path                                        PID    Runtime      # DAGs    # Errors  Last Runtime    Last Run
-----------------------------------------------  -----  ---------  --------  ----------  --------------  -------------------
/opt/airflow/dags/etl_postgres_to_clickhouse.py                           1           0  1.62s           2026-01-06T15:30:39
================================================================================
[2026-01-06T15:31:12.440+0000] {manager.py:878} INFO - 
================================================================================
DAG File Processing Stats

File Path                                        PID    Runtime      # DAGs    # Errors  Last Runtime    Last Run
-----------------------------------------------  -----  ---------  --------  ----------  --------------  -------------------
/opt/airflow/dags/etl_postgres_to_clickhouse.py                           1           0  1.00s           2026-01-06T15:31:10
================================================================================
[2026-01-06T15:31:40.751+0000] {manager.py:878} INFO - 
================================================================================
DAG File Processing Stats

File Path                                        PID    Runtime      # DAGs    # Errors  Last Runtime    Last Run
-----------------------------------------------  -----  ---------  --------  ----------  --------------  -------------------
/opt/airflow/dags/etl_postgres_to_clickhouse.py                           1           0  1.00s           2026-01-06T15:31:10
================================================================================
[2026-01-06T15:32:09.122+0000] {manager.py:878} INFO - 
================================================================================
DAG File Processing Stats

File Path                                        PID    Runtime      # DAGs    # Errors  Last Runtime    Last Run
-----------------------------------------------  -----  ---------  --------  ----------  --------------  -------------------
/opt/airflow/dags/etl_postgres_to_clickhouse.py                           1           0  1.55s           2026-01-06T15:31:42
================================================================================
[2026-01-06T15:32:37.371+0000] {manager.py:878} INFO - 
================================================================================
DAG File Processing Stats

File Path                                        PID    Runtime      # DAGs    # Errors  Last Runtime    Last Run
-----------------------------------------------  -----  ---------  --------  ----------  --------------  -------------------
/opt/airflow/dags/etl_postgres_to_clickhouse.py                           1           0  0.97s           2026-01-06T15:32:14
================================================================================
[2026-01-06T15:34:10.011+0000] {manager.py:470} INFO - Processing files using up to 2 processes at a time 
[2026-01-06T15:34:10.019+0000] {manager.py:471} INFO - Process each file at most once every 30 seconds
[2026-01-06T15:34:10.025+0000] {manager.py:472} INFO - Checking for new files in /opt/airflow/dags every 300 seconds
[2026-01-06T15:34:10.030+0000] {manager.py:737} INFO - Searching for files in /opt/airflow/dags
[2026-01-06T15:34:10.113+0000] {manager.py:740} INFO - There are 1 files in /opt/airflow/dags
[2026-01-06T15:34:10.477+0000] {manager.py:878} INFO - 
================================================================================
DAG File Processing Stats

File Path                                          PID  Runtime      # DAGs    # Errors  Last Runtime    Last Run
-----------------------------------------------  -----  ---------  --------  ----------  --------------  ----------
/opt/airflow/dags/etl_postgres_to_clickhouse.py    191  0.15s             0           0
================================================================================
[2026-01-06T15:35:29.882+0000] {manager.py:470} INFO - Processing files using up to 2 processes at a time 
[2026-01-06T15:35:29.885+0000] {manager.py:471} INFO - Process each file at most once every 30 seconds
[2026-01-06T15:35:29.891+0000] {manager.py:472} INFO - Checking for new files in /opt/airflow/dags every 300 seconds
[2026-01-06T15:35:29.893+0000] {manager.py:737} INFO - Searching for files in /opt/airflow/dags
[2026-01-06T15:35:29.938+0000] {manager.py:740} INFO - There are 1 files in /opt/airflow/dags
[2026-01-06T15:35:30.188+0000] {manager.py:878} INFO - 
================================================================================
DAG File Processing Stats

File Path                                          PID  Runtime      # DAGs    # Errors  Last Runtime    Last Run
-----------------------------------------------  -----  ---------  --------  ----------  --------------  ----------
/opt/airflow/dags/etl_postgres_to_clickhouse.py    190  0.13s             0           0
================================================================================
[2026-01-06T15:35:58.417+0000] {manager.py:878} INFO - 
================================================================================
DAG File Processing Stats

File Path                                        PID    Runtime      # DAGs    # Errors  Last Runtime    Last Run
-----------------------------------------------  -----  ---------  --------  ----------  --------------  -------------------
/opt/airflow/dags/etl_postgres_to_clickhouse.py                           1           0  1.16s           2026-01-06T15:35:31
================================================================================
[2026-01-06T15:36:26.703+0000] {manager.py:878} INFO - 
================================================================================
DAG File Processing Stats

File Path                                        PID    Runtime      # DAGs    # Errors  Last Runtime    Last Run
-----------------------------------------------  -----  ---------  --------  ----------  --------------  -------------------
/opt/airflow/dags/etl_postgres_to_clickhouse.py                           1           0  1.38s           2026-01-06T15:36:02
================================================================================
[2026-01-06T15:36:55.276+0000] {manager.py:878} INFO - 
================================================================================
DAG File Processing Stats

File Path                                        PID    Runtime      # DAGs    # Errors  Last Runtime    Last Run
-----------------------------------------------  -----  ---------  --------  ----------  --------------  -------------------
/opt/airflow/dags/etl_postgres_to_clickhouse.py                           1           0  0.46s           2026-01-06T15:36:33
================================================================================
[2026-01-06T15:37:23.485+0000] {manager.py:878} INFO - 
================================================================================
DAG File Processing Stats

File Path                                        PID    Runtime      # DAGs    # Errors  Last Runtime    Last Run
-----------------------------------------------  -----  ---------  --------  ----------  --------------  -------------------
/opt/airflow/dags/etl_postgres_to_clickhouse.py                           1           0  0.53s           2026-01-06T15:37:04
================================================================================
[2026-01-06T15:37:51.842+0000] {manager.py:878} INFO - 
================================================================================
DAG File Processing Stats

File Path                                        PID    Runtime      # DAGs    # Errors  Last Runtime    Last Run
-----------------------------------------------  -----  ---------  --------  ----------  --------------  -------------------
/opt/airflow/dags/etl_postgres_to_clickhouse.py                           1           0  0.41s           2026-01-06T15:37:35
================================================================================
[2026-01-06T15:38:20.066+0000] {manager.py:878} INFO - 
================================================================================
DAG File Processing Stats

File Path                                        PID    Runtime      # DAGs    # Errors  Last Runtime    Last Run
-----------------------------------------------  -----  ---------  --------  ----------  --------------  -------------------
/opt/airflow/dags/etl_postgres_to_clickhouse.py                           1           0  -1.28s          2026-01-06T15:38:04
================================================================================
[2026-01-06T15:38:48.548+0000] {manager.py:878} INFO - 
================================================================================
DAG File Processing Stats

File Path                                        PID    Runtime      # DAGs    # Errors  Last Runtime    Last Run
-----------------------------------------------  -----  ---------  --------  ----------  --------------  -------------------
/opt/airflow/dags/etl_postgres_to_clickhouse.py                           1           0  0.63s           2026-01-06T15:38:34
================================================================================
[2026-01-06T15:39:16.851+0000] {manager.py:878} INFO - 
================================================================================
DAG File Processing Stats

File Path                                        PID    Runtime      # DAGs    # Errors  Last Runtime    Last Run
-----------------------------------------------  -----  ---------  --------  ----------  --------------  -------------------
/opt/airflow/dags/etl_postgres_to_clickhouse.py                           1           0  0.95s           2026-01-06T15:39:06
================================================================================
[2026-01-06T15:39:45.211+0000] {manager.py:878} INFO - 
================================================================================
DAG File Processing Stats

File Path                                        PID    Runtime      # DAGs    # Errors  Last Runtime    Last Run
-----------------------------------------------  -----  ---------  --------  ----------  --------------  -------------------
/opt/airflow/dags/etl_postgres_to_clickhouse.py                           1           0  0.65s           2026-01-06T15:39:37
================================================================================
[2026-01-06T15:40:13.659+0000] {manager.py:878} INFO - 
================================================================================
DAG File Processing Stats

File Path                                        PID    Runtime      # DAGs    # Errors  Last Runtime    Last Run
-----------------------------------------------  -----  ---------  --------  ----------  --------------  -------------------
/opt/airflow/dags/etl_postgres_to_clickhouse.py                           1           0  0.47s           2026-01-06T15:40:07
================================================================================
[2026-01-06T15:40:30.198+0000] {manager.py:737} INFO - Searching for files in /opt/airflow/dags
[2026-01-06T15:40:30.227+0000] {manager.py:740} INFO - There are 1 files in /opt/airflow/dags
[2026-01-06T15:40:42.339+0000] {manager.py:878} INFO - 
================================================================================
DAG File Processing Stats

File Path                                        PID    Runtime      # DAGs    # Errors  Last Runtime    Last Run
-----------------------------------------------  -----  ---------  --------  ----------  --------------  -------------------
/opt/airflow/dags/etl_postgres_to_clickhouse.py                           1           0  0.61s           2026-01-06T15:40:38
================================================================================
[2026-01-06T15:41:10.562+0000] {manager.py:878} INFO - 
================================================================================
DAG File Processing Stats

File Path                                        PID    Runtime      # DAGs    # Errors  Last Runtime    Last Run
-----------------------------------------------  -----  ---------  --------  ----------  --------------  -------------------
/opt/airflow/dags/etl_postgres_to_clickhouse.py                           1           0  0.71s           2026-01-06T15:41:09
================================================================================
[2026-01-06T15:41:38.926+0000] {manager.py:878} INFO - 
================================================================================
DAG File Processing Stats

File Path                                        PID    Runtime      # DAGs    # Errors  Last Runtime    Last Run
-----------------------------------------------  -----  ---------  --------  ----------  --------------  -------------------
/opt/airflow/dags/etl_postgres_to_clickhouse.py                           1           0  0.71s           2026-01-06T15:41:09
================================================================================
[2026-01-06T15:42:07.030+0000] {manager.py:878} INFO - 
================================================================================
DAG File Processing Stats

File Path                                        PID    Runtime      # DAGs    # Errors  Last Runtime    Last Run
-----------------------------------------------  -----  ---------  --------  ----------  --------------  -------------------
/opt/airflow/dags/etl_postgres_to_clickhouse.py                           1           0  0.78s           2026-01-06T15:41:40
================================================================================
[2026-01-06T15:42:35.181+0000] {manager.py:878} INFO - 
================================================================================
DAG File Processing Stats

File Path                                        PID    Runtime      # DAGs    # Errors  Last Runtime    Last Run
-----------------------------------------------  -----  ---------  --------  ----------  --------------  -------------------
/opt/airflow/dags/etl_postgres_to_clickhouse.py                           1           0  0.70s           2026-01-06T15:42:11
================================================================================
[2026-01-06T15:43:03.287+0000] {manager.py:878} INFO - 
================================================================================
DAG File Processing Stats

File Path                                        PID    Runtime      # DAGs    # Errors  Last Runtime    Last Run
-----------------------------------------------  -----  ---------  --------  ----------  --------------  -------------------
/opt/airflow/dags/etl_postgres_to_clickhouse.py                           1           0  0.86s           2026-01-06T15:42:43
================================================================================
[2026-01-06T15:43:32.281+0000] {manager.py:878} INFO - 
================================================================================
DAG File Processing Stats

File Path                                        PID    Runtime      # DAGs    # Errors  Last Runtime    Last Run
-----------------------------------------------  -----  ---------  --------  ----------  --------------  -------------------
/opt/airflow/dags/etl_postgres_to_clickhouse.py                           1           0  0.66s           2026-01-06T15:43:14
================================================================================
[2026-01-06T15:44:00.585+0000] {manager.py:878} INFO - 
================================================================================
DAG File Processing Stats

File Path                                        PID    Runtime      # DAGs    # Errors  Last Runtime    Last Run
-----------------------------------------------  -----  ---------  --------  ----------  --------------  -------------------
/opt/airflow/dags/etl_postgres_to_clickhouse.py                           1           0  0.52s           2026-01-06T15:43:44
================================================================================
[2026-01-06T15:44:28.959+0000] {manager.py:878} INFO - 
================================================================================
DAG File Processing Stats

File Path                                        PID    Runtime      # DAGs    # Errors  Last Runtime    Last Run
-----------------------------------------------  -----  ---------  --------  ----------  --------------  -------------------
/opt/airflow/dags/etl_postgres_to_clickhouse.py                           1           0  0.54s           2026-01-06T15:44:15
================================================================================
[2026-01-06T15:44:57.215+0000] {manager.py:878} INFO - 
================================================================================
DAG File Processing Stats

File Path                                        PID    Runtime      # DAGs    # Errors  Last Runtime    Last Run
-----------------------------------------------  -----  ---------  --------  ----------  --------------  -------------------
/opt/airflow/dags/etl_postgres_to_clickhouse.py                           1           0  0.59s           2026-01-06T15:44:46
================================================================================
[2026-01-06T15:45:25.627+0000] {manager.py:878} INFO - 
================================================================================
DAG File Processing Stats

File Path                                        PID    Runtime      # DAGs    # Errors  Last Runtime    Last Run
-----------------------------------------------  -----  ---------  --------  ----------  --------------  -------------------
/opt/airflow/dags/etl_postgres_to_clickhouse.py                           1           0  0.90s           2026-01-06T15:45:18
================================================================================
[2026-01-06T15:45:30.673+0000] {manager.py:737} INFO - Searching for files in /opt/airflow/dags
[2026-01-06T15:45:30.705+0000] {manager.py:740} INFO - There are 1 files in /opt/airflow/dags
[2026-01-06T15:46:30.774+0000] {manager.py:470} INFO - Processing files using up to 2 processes at a time 
[2026-01-06T15:46:30.776+0000] {manager.py:471} INFO - Process each file at most once every 30 seconds
[2026-01-06T15:46:30.777+0000] {manager.py:472} INFO - Checking for new files in /opt/airflow/dags every 300 seconds
[2026-01-06T15:46:30.778+0000] {manager.py:737} INFO - Searching for files in /opt/airflow/dags
[2026-01-06T15:46:30.812+0000] {manager.py:740} INFO - There are 1 files in /opt/airflow/dags
[2026-01-06T15:46:31.041+0000] {manager.py:878} INFO - 
================================================================================
DAG File Processing Stats

File Path                                          PID  Runtime      # DAGs    # Errors  Last Runtime    Last Run
-----------------------------------------------  -----  ---------  --------  ----------  --------------  ----------
/opt/airflow/dags/etl_postgres_to_clickhouse.py    189  0.11s             0           0
================================================================================
[2026-01-06T15:46:59.197+0000] {manager.py:878} INFO - 
================================================================================
DAG File Processing Stats

File Path                                        PID    Runtime      # DAGs    # Errors  Last Runtime    Last Run
-----------------------------------------------  -----  ---------  --------  ----------  --------------  -------------------
/opt/airflow/dags/etl_postgres_to_clickhouse.py                           1           0  -0.85s          2026-01-06T15:46:30
================================================================================
[2026-01-06T15:47:25.643+0000] {manager.py:878} INFO - 
================================================================================
DAG File Processing Stats

File Path                                        PID    Runtime      # DAGs    # Errors  Last Runtime    Last Run
-----------------------------------------------  -----  ---------  --------  ----------  --------------  -------------------
/opt/airflow/dags/etl_postgres_to_clickhouse.py                           1           0  0.47s           2026-01-06T15:47:00
================================================================================
[2026-01-06T15:47:53.959+0000] {manager.py:878} INFO - 
================================================================================
DAG File Processing Stats

File Path                                        PID    Runtime      # DAGs    # Errors  Last Runtime    Last Run
-----------------------------------------------  -----  ---------  --------  ----------  --------------  -------------------
/opt/airflow/dags/etl_postgres_to_clickhouse.py                           1           0  0.68s           2026-01-06T15:47:31
================================================================================
[2026-01-06T15:48:22.388+0000] {manager.py:878} INFO - 
================================================================================
DAG File Processing Stats

File Path                                        PID    Runtime      # DAGs    # Errors  Last Runtime    Last Run
-----------------------------------------------  -----  ---------  --------  ----------  --------------  -------------------
/opt/airflow/dags/etl_postgres_to_clickhouse.py                           1           0  0.48s           2026-01-06T15:48:02
================================================================================
[2026-01-06T15:48:50.542+0000] {manager.py:878} INFO - 
================================================================================
DAG File Processing Stats

File Path                                        PID    Runtime      # DAGs    # Errors  Last Runtime    Last Run
-----------------------------------------------  -----  ---------  --------  ----------  --------------  -------------------
/opt/airflow/dags/etl_postgres_to_clickhouse.py                           1           0  0.53s           2026-01-06T15:48:33
================================================================================
[2026-01-06T15:49:19.067+0000] {manager.py:878} INFO - 
================================================================================
DAG File Processing Stats

File Path                                        PID    Runtime      # DAGs    # Errors  Last Runtime    Last Run
-----------------------------------------------  -----  ---------  --------  ----------  --------------  -------------------
/opt/airflow/dags/etl_postgres_to_clickhouse.py                           1           0  2.30s           2026-01-06T15:49:06
================================================================================
[2026-01-06T15:49:47.627+0000] {manager.py:878} INFO - 
================================================================================
DAG File Processing Stats

File Path                                        PID    Runtime      # DAGs    # Errors  Last Runtime    Last Run
-----------------------------------------------  -----  ---------  --------  ----------  --------------  -------------------
/opt/airflow/dags/etl_postgres_to_clickhouse.py                           1           0  0.48s           2026-01-06T15:49:36
================================================================================
[2026-01-06T15:50:16.141+0000] {manager.py:878} INFO - 
================================================================================
DAG File Processing Stats

File Path                                        PID    Runtime      # DAGs    # Errors  Last Runtime    Last Run
-----------------------------------------------  -----  ---------  --------  ----------  --------------  -------------------
/opt/airflow/dags/etl_postgres_to_clickhouse.py                           1           0  0.47s           2026-01-06T15:50:07
================================================================================
[2026-01-06T15:50:44.678+0000] {manager.py:878} INFO - 
================================================================================
DAG File Processing Stats

File Path                                        PID    Runtime      # DAGs    # Errors  Last Runtime    Last Run
-----------------------------------------------  -----  ---------  --------  ----------  --------------  -------------------
/opt/airflow/dags/etl_postgres_to_clickhouse.py                           1           0  0.39s           2026-01-06T15:50:37
================================================================================
[2026-01-06T15:51:13.160+0000] {manager.py:878} INFO - 
================================================================================
DAG File Processing Stats

File Path                                        PID    Runtime      # DAGs    # Errors  Last Runtime    Last Run
-----------------------------------------------  -----  ---------  --------  ----------  --------------  -------------------
/opt/airflow/dags/etl_postgres_to_clickhouse.py                           1           0  0.50s           2026-01-06T15:51:08
================================================================================
[2026-01-06T15:51:31.376+0000] {manager.py:737} INFO - Searching for files in /opt/airflow/dags
[2026-01-06T15:51:31.435+0000] {manager.py:740} INFO - There are 1 files in /opt/airflow/dags
[2026-01-06T15:51:41.821+0000] {manager.py:878} INFO - 
================================================================================
DAG File Processing Stats

File Path                                        PID    Runtime      # DAGs    # Errors  Last Runtime    Last Run
-----------------------------------------------  -----  ---------  --------  ----------  --------------  -------------------
/opt/airflow/dags/etl_postgres_to_clickhouse.py                           1           0  1.17s           2026-01-06T15:51:39
================================================================================
[2026-01-06T15:52:10.227+0000] {manager.py:878} INFO - 
================================================================================
DAG File Processing Stats

File Path                                          PID  Runtime      # DAGs    # Errors  Last Runtime    Last Run
-----------------------------------------------  -----  ---------  --------  ----------  --------------  -------------------
/opt/airflow/dags/etl_postgres_to_clickhouse.py    506  0.02s             1           0  1.17s           2026-01-06T15:51:39
================================================================================
[2026-01-06T15:52:38.655+0000] {manager.py:878} INFO - 
================================================================================
DAG File Processing Stats

File Path                                        PID    Runtime      # DAGs    # Errors  Last Runtime    Last Run
-----------------------------------------------  -----  ---------  --------  ----------  --------------  -------------------
/opt/airflow/dags/etl_postgres_to_clickhouse.py                           1           0  1.03s           2026-01-06T15:52:11
================================================================================
[2026-01-06T15:53:06.807+0000] {manager.py:878} INFO - 
================================================================================
DAG File Processing Stats

File Path                                        PID    Runtime      # DAGs    # Errors  Last Runtime    Last Run
-----------------------------------------------  -----  ---------  --------  ----------  --------------  -------------------
/opt/airflow/dags/etl_postgres_to_clickhouse.py                           1           0  0.83s           2026-01-06T15:52:42
================================================================================
[2026-01-06T15:53:35.037+0000] {manager.py:878} INFO - 
================================================================================
DAG File Processing Stats

File Path                                        PID    Runtime      # DAGs    # Errors  Last Runtime    Last Run
-----------------------------------------------  -----  ---------  --------  ----------  --------------  -------------------
/opt/airflow/dags/etl_postgres_to_clickhouse.py                           1           0  0.81s           2026-01-06T15:53:13
================================================================================
[2026-01-06T15:54:03.155+0000] {manager.py:878} INFO - 
================================================================================
DAG File Processing Stats

File Path                                        PID    Runtime      # DAGs    # Errors  Last Runtime    Last Run
-----------------------------------------------  -----  ---------  --------  ----------  --------------  -------------------
/opt/airflow/dags/etl_postgres_to_clickhouse.py                           1           0  0.79s           2026-01-06T15:53:44
================================================================================
[2026-01-06T15:54:31.466+0000] {manager.py:878} INFO - 
================================================================================
DAG File Processing Stats

File Path                                        PID    Runtime      # DAGs    # Errors  Last Runtime    Last Run
-----------------------------------------------  -----  ---------  --------  ----------  --------------  -------------------
/opt/airflow/dags/etl_postgres_to_clickhouse.py                           1           0  0.88s           2026-01-06T15:54:16
================================================================================
[2026-01-06T15:54:59.711+0000] {manager.py:878} INFO - 
================================================================================
DAG File Processing Stats

File Path                                        PID    Runtime      # DAGs    # Errors  Last Runtime    Last Run
-----------------------------------------------  -----  ---------  --------  ----------  --------------  -------------------
/opt/airflow/dags/etl_postgres_to_clickhouse.py                           1           0  0.49s           2026-01-06T15:54:46
================================================================================
[2026-01-06T15:55:28.234+0000] {manager.py:878} INFO - 
================================================================================
DAG File Processing Stats

File Path                                        PID    Runtime      # DAGs    # Errors  Last Runtime    Last Run
-----------------------------------------------  -----  ---------  --------  ----------  --------------  -------------------
/opt/airflow/dags/etl_postgres_to_clickhouse.py                           1           0  0.70s           2026-01-06T15:55:17
================================================================================
[2026-01-06T15:55:56.578+0000] {manager.py:878} INFO - 
================================================================================
DAG File Processing Stats

File Path                                        PID    Runtime      # DAGs    # Errors  Last Runtime    Last Run
-----------------------------------------------  -----  ---------  --------  ----------  --------------  -------------------
/opt/airflow/dags/etl_postgres_to_clickhouse.py                           1           0  0.54s           2026-01-06T15:55:48
================================================================================
[2026-01-06T15:56:25.052+0000] {manager.py:878} INFO - 
================================================================================
DAG File Processing Stats

File Path                                        PID    Runtime      # DAGs    # Errors  Last Runtime    Last Run
-----------------------------------------------  -----  ---------  --------  ----------  --------------  -------------------
/opt/airflow/dags/etl_postgres_to_clickhouse.py                           1           0  0.72s           2026-01-06T15:56:19
================================================================================
[2026-01-06T15:56:31.703+0000] {manager.py:737} INFO - Searching for files in /opt/airflow/dags
[2026-01-06T15:56:31.741+0000] {manager.py:740} INFO - There are 1 files in /opt/airflow/dags
[2026-01-06T15:56:53.292+0000] {manager.py:878} INFO - 
================================================================================
DAG File Processing Stats

File Path                                        PID    Runtime      # DAGs    # Errors  Last Runtime    Last Run
-----------------------------------------------  -----  ---------  --------  ----------  --------------  -------------------
/opt/airflow/dags/etl_postgres_to_clickhouse.py                           1           0  0.48s           2026-01-06T15:56:50
================================================================================
[2026-01-06T15:57:21.809+0000] {manager.py:878} INFO - 
================================================================================
DAG File Processing Stats

File Path                                        PID    Runtime      # DAGs    # Errors  Last Runtime    Last Run
-----------------------------------------------  -----  ---------  --------  ----------  --------------  -------------------
/opt/airflow/dags/etl_postgres_to_clickhouse.py                           1           0  0.51s           2026-01-06T15:57:21
================================================================================
[2026-01-06T15:57:50.047+0000] {manager.py:878} INFO - 
================================================================================
DAG File Processing Stats

File Path                                        PID    Runtime      # DAGs    # Errors  Last Runtime    Last Run
-----------------------------------------------  -----  ---------  --------  ----------  --------------  -------------------
/opt/airflow/dags/etl_postgres_to_clickhouse.py                           1           0  0.51s           2026-01-06T15:57:21
================================================================================
[2026-01-06T15:58:18.354+0000] {manager.py:878} INFO - 
================================================================================
DAG File Processing Stats

File Path                                        PID    Runtime      # DAGs    # Errors  Last Runtime    Last Run
-----------------------------------------------  -----  ---------  --------  ----------  --------------  -------------------
/opt/airflow/dags/etl_postgres_to_clickhouse.py                           1           0  0.66s           2026-01-06T15:57:52
================================================================================
[2026-01-06T15:58:46.969+0000] {manager.py:878} INFO - 
================================================================================
DAG File Processing Stats

File Path                                        PID    Runtime      # DAGs    # Errors  Last Runtime    Last Run
-----------------------------------------------  -----  ---------  --------  ----------  --------------  -------------------
/opt/airflow/dags/etl_postgres_to_clickhouse.py                           1           0  0.62s           2026-01-06T15:58:23
================================================================================
[2026-01-06T15:59:15.494+0000] {manager.py:878} INFO - 
================================================================================
DAG File Processing Stats

File Path                                        PID    Runtime      # DAGs    # Errors  Last Runtime    Last Run
-----------------------------------------------  -----  ---------  --------  ----------  --------------  -------------------
/opt/airflow/dags/etl_postgres_to_clickhouse.py                           1           0  1.10s           2026-01-06T15:58:54
================================================================================
[2026-01-06T15:59:43.845+0000] {manager.py:878} INFO - 
================================================================================
DAG File Processing Stats

File Path                                        PID    Runtime      # DAGs    # Errors  Last Runtime    Last Run
-----------------------------------------------  -----  ---------  --------  ----------  --------------  -------------------
/opt/airflow/dags/etl_postgres_to_clickhouse.py                           1           0  0.62s           2026-01-06T15:59:25
================================================================================
[2026-01-06T16:00:12.278+0000] {manager.py:878} INFO - 
================================================================================
DAG File Processing Stats

File Path                                        PID    Runtime      # DAGs    # Errors  Last Runtime    Last Run
-----------------------------------------------  -----  ---------  --------  ----------  --------------  -------------------
/opt/airflow/dags/etl_postgres_to_clickhouse.py                           1           0  0.90s           2026-01-06T15:59:56
================================================================================
[2026-01-06T16:00:40.603+0000] {manager.py:878} INFO - 
================================================================================
DAG File Processing Stats

File Path                                        PID    Runtime      # DAGs    # Errors  Last Runtime    Last Run
-----------------------------------------------  -----  ---------  --------  ----------  --------------  -------------------
/opt/airflow/dags/etl_postgres_to_clickhouse.py                           1           0  0.66s           2026-01-06T16:00:27
================================================================================
[2026-01-06T16:01:09.140+0000] {manager.py:878} INFO - 
================================================================================
DAG File Processing Stats

File Path                                        PID    Runtime      # DAGs    # Errors  Last Runtime    Last Run
-----------------------------------------------  -----  ---------  --------  ----------  --------------  -------------------
/opt/airflow/dags/etl_postgres_to_clickhouse.py                           1           0  0.72s           2026-01-06T16:00:58
================================================================================
[2026-01-06T16:01:32.065+0000] {manager.py:737} INFO - Searching for files in /opt/airflow/dags
[2026-01-06T16:01:32.097+0000] {manager.py:740} INFO - There are 1 files in /opt/airflow/dags
[2026-01-06T16:01:37.162+0000] {manager.py:878} INFO - 
================================================================================
DAG File Processing Stats

File Path                                        PID    Runtime      # DAGs    # Errors  Last Runtime    Last Run
-----------------------------------------------  -----  ---------  --------  ----------  --------------  -------------------
/opt/airflow/dags/etl_postgres_to_clickhouse.py                           1           0  1.16s           2026-01-06T16:01:30
================================================================================
[2026-01-06T16:02:42.554+0000] {manager.py:470} INFO - Processing files using up to 2 processes at a time 
[2026-01-06T16:02:42.563+0000] {manager.py:471} INFO - Process each file at most once every 30 seconds
[2026-01-06T16:02:42.564+0000] {manager.py:472} INFO - Checking for new files in /opt/airflow/dags every 300 seconds
[2026-01-06T16:02:42.567+0000] {manager.py:737} INFO - Searching for files in /opt/airflow/dags
[2026-01-06T16:02:42.603+0000] {manager.py:740} INFO - There are 1 files in /opt/airflow/dags
[2026-01-06T16:02:42.772+0000] {manager.py:878} INFO - 
================================================================================
DAG File Processing Stats

File Path                                          PID  Runtime      # DAGs    # Errors  Last Runtime    Last Run
-----------------------------------------------  -----  ---------  --------  ----------  --------------  ----------
/opt/airflow/dags/etl_postgres_to_clickhouse.py    190  0.06s             0           0
================================================================================
[2026-01-06T16:03:11.163+0000] {manager.py:878} INFO - 
================================================================================
DAG File Processing Stats

File Path                                        PID    Runtime      # DAGs    # Errors  Last Runtime    Last Run
-----------------------------------------------  -----  ---------  --------  ----------  --------------  -------------------
/opt/airflow/dags/etl_postgres_to_clickhouse.py                           1           0  0.98s           2026-01-06T16:02:43
================================================================================
[2026-01-06T16:03:39.442+0000] {manager.py:878} INFO - 
================================================================================
DAG File Processing Stats

File Path                                        PID    Runtime      # DAGs    # Errors  Last Runtime    Last Run
-----------------------------------------------  -----  ---------  --------  ----------  --------------  -------------------
/opt/airflow/dags/etl_postgres_to_clickhouse.py                           1           0  0.55s           2026-01-06T16:03:14
================================================================================
[2026-01-06T16:04:07.744+0000] {manager.py:878} INFO - 
================================================================================
DAG File Processing Stats

File Path                                        PID    Runtime      # DAGs    # Errors  Last Runtime    Last Run
-----------------------------------------------  -----  ---------  --------  ----------  --------------  -------------------
/opt/airflow/dags/etl_postgres_to_clickhouse.py                           1           0  0.50s           2026-01-06T16:03:45
================================================================================
[2026-01-06T16:04:36.037+0000] {manager.py:878} INFO - 
================================================================================
DAG File Processing Stats

File Path                                        PID    Runtime      # DAGs    # Errors  Last Runtime    Last Run
-----------------------------------------------  -----  ---------  --------  ----------  --------------  -------------------
/opt/airflow/dags/etl_postgres_to_clickhouse.py                           1           0  0.46s           2026-01-06T16:04:16
================================================================================
[2026-01-06T16:05:04.319+0000] {manager.py:878} INFO - 
================================================================================
DAG File Processing Stats

File Path                                        PID    Runtime      # DAGs    # Errors  Last Runtime    Last Run
-----------------------------------------------  -----  ---------  --------  ----------  --------------  -------------------
/opt/airflow/dags/etl_postgres_to_clickhouse.py                           1           0  -1.38s          2026-01-06T16:04:45
================================================================================
[2026-01-06T16:05:33.070+0000] {manager.py:878} INFO - 
================================================================================
DAG File Processing Stats

File Path                                        PID    Runtime      # DAGs    # Errors  Last Runtime    Last Run
-----------------------------------------------  -----  ---------  --------  ----------  --------------  -------------------
/opt/airflow/dags/etl_postgres_to_clickhouse.py                           1           0  0.75s           2026-01-06T16:05:16
================================================================================
[2026-01-06T16:06:01.653+0000] {manager.py:878} INFO - 
================================================================================
DAG File Processing Stats

File Path                                        PID    Runtime      # DAGs    # Errors  Last Runtime    Last Run
-----------------------------------------------  -----  ---------  --------  ----------  --------------  -------------------
/opt/airflow/dags/etl_postgres_to_clickhouse.py                           1           0  0.37s           2026-01-06T16:05:46
================================================================================
[2026-01-06T16:06:29.999+0000] {manager.py:878} INFO - 
================================================================================
DAG File Processing Stats

File Path                                        PID    Runtime      # DAGs    # Errors  Last Runtime    Last Run
-----------------------------------------------  -----  ---------  --------  ----------  --------------  -------------------
/opt/airflow/dags/etl_postgres_to_clickhouse.py                           1           0  0.46s           2026-01-06T16:06:17
================================================================================
[2026-01-06T16:06:58.687+0000] {manager.py:878} INFO - 
================================================================================
DAG File Processing Stats

File Path                                        PID    Runtime      # DAGs    # Errors  Last Runtime    Last Run
-----------------------------------------------  -----  ---------  --------  ----------  --------------  -------------------
/opt/airflow/dags/etl_postgres_to_clickhouse.py                           1           0  0.44s           2026-01-06T16:06:48
================================================================================
[2026-01-06T16:07:26.757+0000] {manager.py:878} INFO - 
================================================================================
DAG File Processing Stats

File Path                                        PID    Runtime      # DAGs    # Errors  Last Runtime    Last Run
-----------------------------------------------  -----  ---------  --------  ----------  --------------  -------------------
/opt/airflow/dags/etl_postgres_to_clickhouse.py                           1           0  0.43s           2026-01-06T16:07:18
================================================================================
[2026-01-06T16:07:42.997+0000] {manager.py:737} INFO - Searching for files in /opt/airflow/dags
[2026-01-06T16:07:43.030+0000] {manager.py:740} INFO - There are 1 files in /opt/airflow/dags
[2026-01-06T16:07:55.149+0000] {manager.py:878} INFO - 
================================================================================
DAG File Processing Stats

File Path                                        PID    Runtime      # DAGs    # Errors  Last Runtime    Last Run
-----------------------------------------------  -----  ---------  --------  ----------  --------------  -------------------
/opt/airflow/dags/etl_postgres_to_clickhouse.py                           1           0  0.46s           2026-01-06T16:07:49
================================================================================
[2026-01-06T16:08:23.410+0000] {manager.py:878} INFO - 
================================================================================
DAG File Processing Stats

File Path                                        PID    Runtime      # DAGs    # Errors  Last Runtime    Last Run
-----------------------------------------------  -----  ---------  --------  ----------  --------------  -------------------
/opt/airflow/dags/etl_postgres_to_clickhouse.py                           1           0  0.53s           2026-01-06T16:08:20
================================================================================
[2026-01-06T16:08:51.568+0000] {manager.py:878} INFO - 
================================================================================
DAG File Processing Stats

File Path                                        PID    Runtime      # DAGs    # Errors  Last Runtime    Last Run
-----------------------------------------------  -----  ---------  --------  ----------  --------------  -------------------
/opt/airflow/dags/etl_postgres_to_clickhouse.py                           1           0  0.73s           2026-01-06T16:08:51
================================================================================
[2026-01-06T16:09:19.830+0000] {manager.py:878} INFO - 
================================================================================
DAG File Processing Stats

File Path                                        PID    Runtime      # DAGs    # Errors  Last Runtime    Last Run
-----------------------------------------------  -----  ---------  --------  ----------  --------------  -------------------
/opt/airflow/dags/etl_postgres_to_clickhouse.py                           1           0  0.73s           2026-01-06T16:08:51
================================================================================
[2026-01-06T16:09:48.081+0000] {manager.py:878} INFO - 
================================================================================
DAG File Processing Stats

File Path                                        PID    Runtime      # DAGs    # Errors  Last Runtime    Last Run
-----------------------------------------------  -----  ---------  --------  ----------  --------------  -------------------
/opt/airflow/dags/etl_postgres_to_clickhouse.py                           1           0  0.88s           2026-01-06T16:09:22
================================================================================
[2026-01-06T16:10:16.644+0000] {manager.py:878} INFO - 
================================================================================
DAG File Processing Stats

File Path                                        PID    Runtime      # DAGs    # Errors  Last Runtime    Last Run
-----------------------------------------------  -----  ---------  --------  ----------  --------------  -------------------
/opt/airflow/dags/etl_postgres_to_clickhouse.py                           1           0  0.57s           2026-01-06T16:09:53
================================================================================
[2026-01-06T16:10:45.208+0000] {manager.py:878} INFO - 
================================================================================
DAG File Processing Stats

File Path                                        PID    Runtime      # DAGs    # Errors  Last Runtime    Last Run
-----------------------------------------------  -----  ---------  --------  ----------  --------------  -------------------
/opt/airflow/dags/etl_postgres_to_clickhouse.py                           1           0  0.42s           2026-01-06T16:10:24
================================================================================
[2026-01-06T16:11:13.688+0000] {manager.py:878} INFO - 
================================================================================
DAG File Processing Stats

File Path                                        PID    Runtime      # DAGs    # Errors  Last Runtime    Last Run
-----------------------------------------------  -----  ---------  --------  ----------  --------------  -------------------
/opt/airflow/dags/etl_postgres_to_clickhouse.py                           1           0  0.63s           2026-01-06T16:10:55
================================================================================
[2026-01-06T16:12:28.364+0000] {manager.py:470} INFO - Processing files using up to 2 processes at a time 
[2026-01-06T16:12:28.366+0000] {manager.py:471} INFO - Process each file at most once every 30 seconds
[2026-01-06T16:12:28.367+0000] {manager.py:472} INFO - Checking for new files in /opt/airflow/dags every 300 seconds
[2026-01-06T16:12:28.368+0000] {manager.py:737} INFO - Searching for files in /opt/airflow/dags
[2026-01-06T16:12:28.403+0000] {manager.py:740} INFO - There are 1 files in /opt/airflow/dags
[2026-01-06T16:12:28.573+0000] {manager.py:878} INFO - 
================================================================================
DAG File Processing Stats

File Path                                          PID  Runtime      # DAGs    # Errors  Last Runtime    Last Run
-----------------------------------------------  -----  ---------  --------  ----------  --------------  ----------
/opt/airflow/dags/etl_postgres_to_clickhouse.py    190  0.06s             0           0
================================================================================
[2026-01-06T16:12:56.740+0000] {manager.py:878} INFO - 
================================================================================
DAG File Processing Stats

File Path                                        PID    Runtime      # DAGs    # Errors  Last Runtime    Last Run
-----------------------------------------------  -----  ---------  --------  ----------  --------------  -------------------
/opt/airflow/dags/etl_postgres_to_clickhouse.py                           1           0  0.87s           2026-01-06T16:12:29
================================================================================
[2026-01-06T16:13:24.969+0000] {manager.py:878} INFO - 
================================================================================
DAG File Processing Stats

File Path                                        PID    Runtime      # DAGs    # Errors  Last Runtime    Last Run
-----------------------------------------------  -----  ---------  --------  ----------  --------------  -------------------
/opt/airflow/dags/etl_postgres_to_clickhouse.py                           1           0  0.89s           2026-01-06T16:13:00
================================================================================
[2026-01-06T16:13:53.492+0000] {manager.py:878} INFO - 
================================================================================
DAG File Processing Stats

File Path                                        PID    Runtime      # DAGs    # Errors  Last Runtime    Last Run
-----------------------------------------------  -----  ---------  --------  ----------  --------------  -------------------
/opt/airflow/dags/etl_postgres_to_clickhouse.py                           1           0  0.62s           2026-01-06T16:13:31
================================================================================
[2026-01-06T16:14:22.095+0000] {manager.py:878} INFO - 
================================================================================
DAG File Processing Stats

File Path                                        PID    Runtime      # DAGs    # Errors  Last Runtime    Last Run
-----------------------------------------------  -----  ---------  --------  ----------  --------------  -------------------
/opt/airflow/dags/etl_postgres_to_clickhouse.py                           1           0  0.43s           2026-01-06T16:14:02
================================================================================
[2026-01-06T16:14:50.250+0000] {manager.py:878} INFO - 
================================================================================
DAG File Processing Stats

File Path                                        PID    Runtime      # DAGs    # Errors  Last Runtime    Last Run
-----------------------------------------------  -----  ---------  --------  ----------  --------------  -------------------
/opt/airflow/dags/etl_postgres_to_clickhouse.py                           1           0  0.47s           2026-01-06T16:14:33
================================================================================
[2026-01-06T16:15:19.052+0000] {manager.py:878} INFO - 
================================================================================
DAG File Processing Stats

File Path                                        PID    Runtime      # DAGs    # Errors  Last Runtime    Last Run
-----------------------------------------------  -----  ---------  --------  ----------  --------------  -------------------
/opt/airflow/dags/etl_postgres_to_clickhouse.py                           1           0  0.74s           2026-01-06T16:15:04
================================================================================
[2026-01-06T16:15:47.564+0000] {manager.py:878} INFO - 
================================================================================
DAG File Processing Stats

File Path                                        PID    Runtime      # DAGs    # Errors  Last Runtime    Last Run
-----------------------------------------------  -----  ---------  --------  ----------  --------------  -------------------
/opt/airflow/dags/etl_postgres_to_clickhouse.py                           1           0  0.47s           2026-01-06T16:15:34
================================================================================
[2026-01-06T16:16:16.092+0000] {manager.py:878} INFO - 
================================================================================
DAG File Processing Stats

File Path                                        PID    Runtime      # DAGs    # Errors  Last Runtime    Last Run
-----------------------------------------------  -----  ---------  --------  ----------  --------------  -------------------
/opt/airflow/dags/etl_postgres_to_clickhouse.py                           1           0  0.59s           2026-01-06T16:16:05
================================================================================
[2026-01-06T16:16:44.291+0000] {manager.py:878} INFO - 
================================================================================
DAG File Processing Stats

File Path                                        PID    Runtime      # DAGs    # Errors  Last Runtime    Last Run
-----------------------------------------------  -----  ---------  --------  ----------  --------------  -------------------
/opt/airflow/dags/etl_postgres_to_clickhouse.py                           1           0  0.55s           2026-01-06T16:16:36
================================================================================
[2026-01-06T16:17:13.144+0000] {manager.py:878} INFO - 
================================================================================
DAG File Processing Stats

File Path                                        PID    Runtime      # DAGs    # Errors  Last Runtime    Last Run
-----------------------------------------------  -----  ---------  --------  ----------  --------------  -------------------
/opt/airflow/dags/etl_postgres_to_clickhouse.py                           1           0  0.65s           2026-01-06T16:17:07
================================================================================
[2026-01-06T16:17:28.428+0000] {manager.py:737} INFO - Searching for files in /opt/airflow/dags
[2026-01-06T16:17:28.452+0000] {manager.py:740} INFO - There are 1 files in /opt/airflow/dags
[2026-01-06T16:17:41.548+0000] {manager.py:878} INFO - 
================================================================================
DAG File Processing Stats

File Path                                        PID    Runtime      # DAGs    # Errors  Last Runtime    Last Run
-----------------------------------------------  -----  ---------  --------  ----------  --------------  -------------------
/opt/airflow/dags/etl_postgres_to_clickhouse.py                           1           0  0.40s           2026-01-06T16:17:37
================================================================================
[2026-01-06T16:18:10.076+0000] {manager.py:878} INFO - 
================================================================================
DAG File Processing Stats

File Path                                        PID    Runtime      # DAGs    # Errors  Last Runtime    Last Run
-----------------------------------------------  -----  ---------  --------  ----------  --------------  -------------------
/opt/airflow/dags/etl_postgres_to_clickhouse.py                           1           0  0.45s           2026-01-06T16:18:08
================================================================================
[2026-01-06T16:18:38.334+0000] {manager.py:878} INFO - 
================================================================================
DAG File Processing Stats

File Path                                          PID  Runtime      # DAGs    # Errors  Last Runtime    Last Run
-----------------------------------------------  -----  ---------  --------  ----------  --------------  -------------------
/opt/airflow/dags/etl_postgres_to_clickhouse.py    543  0.01s             1           0  0.45s           2026-01-06T16:18:08
================================================================================
[2026-01-06T16:19:06.828+0000] {manager.py:878} INFO - 
================================================================================
DAG File Processing Stats

File Path                                        PID    Runtime      # DAGs    # Errors  Last Runtime    Last Run
-----------------------------------------------  -----  ---------  --------  ----------  --------------  -------------------
/opt/airflow/dags/etl_postgres_to_clickhouse.py                           1           0  0.39s           2026-01-06T16:18:38
================================================================================
[2026-01-06T16:19:35.205+0000] {manager.py:878} INFO - 
================================================================================
DAG File Processing Stats

File Path                                        PID    Runtime      # DAGs    # Errors  Last Runtime    Last Run
-----------------------------------------------  -----  ---------  --------  ----------  --------------  -------------------
/opt/airflow/dags/etl_postgres_to_clickhouse.py                           1           0  0.42s           2026-01-06T16:19:09
================================================================================
[2026-01-06T16:20:03.799+0000] {manager.py:878} INFO - 
================================================================================
DAG File Processing Stats

File Path                                        PID    Runtime      # DAGs    # Errors  Last Runtime    Last Run
-----------------------------------------------  -----  ---------  --------  ----------  --------------  -------------------
/opt/airflow/dags/etl_postgres_to_clickhouse.py                           1           0  0.52s           2026-01-06T16:19:40
================================================================================
[2026-01-06T16:20:32.014+0000] {manager.py:878} INFO - 
================================================================================
DAG File Processing Stats

File Path                                        PID    Runtime      # DAGs    # Errors  Last Runtime    Last Run
-----------------------------------------------  -----  ---------  --------  ----------  --------------  -------------------
/opt/airflow/dags/etl_postgres_to_clickhouse.py                           1           0  0.56s           2026-01-06T16:20:10
================================================================================
[2026-01-06T16:21:00.353+0000] {manager.py:878} INFO - 
================================================================================
DAG File Processing Stats

File Path                                        PID    Runtime      # DAGs    # Errors  Last Runtime    Last Run
-----------------------------------------------  -----  ---------  --------  ----------  --------------  -------------------
/opt/airflow/dags/etl_postgres_to_clickhouse.py                           1           0  -1.39s          2026-01-06T16:20:39
================================================================================
[2026-01-06T16:21:28.637+0000] {manager.py:878} INFO - 
================================================================================
DAG File Processing Stats

File Path                                        PID    Runtime      # DAGs    # Errors  Last Runtime    Last Run
-----------------------------------------------  -----  ---------  --------  ----------  --------------  -------------------
/opt/airflow/dags/etl_postgres_to_clickhouse.py                           1           0  0.52s           2026-01-06T16:21:10
================================================================================
[2026-01-06T16:21:57.006+0000] {manager.py:878} INFO - 
================================================================================
DAG File Processing Stats

File Path                                        PID    Runtime      # DAGs    # Errors  Last Runtime    Last Run
-----------------------------------------------  -----  ---------  --------  ----------  --------------  -------------------
/opt/airflow/dags/etl_postgres_to_clickhouse.py                           1           0  0.46s           2026-01-06T16:21:41
================================================================================
[2026-01-06T16:22:25.257+0000] {manager.py:878} INFO - 
================================================================================
DAG File Processing Stats

File Path                                        PID    Runtime      # DAGs    # Errors  Last Runtime    Last Run
-----------------------------------------------  -----  ---------  --------  ----------  --------------  -------------------
/opt/airflow/dags/etl_postgres_to_clickhouse.py                           1           0  0.54s           2026-01-06T16:22:12
================================================================================
[2026-01-06T16:22:29.285+0000] {manager.py:737} INFO - Searching for files in /opt/airflow/dags
[2026-01-06T16:22:29.313+0000] {manager.py:740} INFO - There are 1 files in /opt/airflow/dags
[2026-01-06T16:22:53.380+0000] {manager.py:878} INFO - 
================================================================================
DAG File Processing Stats

File Path                                        PID    Runtime      # DAGs    # Errors  Last Runtime    Last Run
-----------------------------------------------  -----  ---------  --------  ----------  --------------  -------------------
/opt/airflow/dags/etl_postgres_to_clickhouse.py                           1           0  0.74s           2026-01-06T16:22:43
================================================================================
[2026-01-06T16:23:21.849+0000] {manager.py:878} INFO - 
================================================================================
DAG File Processing Stats

File Path                                        PID    Runtime      # DAGs    # Errors  Last Runtime    Last Run
-----------------------------------------------  -----  ---------  --------  ----------  --------------  -------------------
/opt/airflow/dags/etl_postgres_to_clickhouse.py                           1           0  0.51s           2026-01-06T16:23:14
================================================================================
[2026-01-06T16:23:50.337+0000] {manager.py:878} INFO - 
================================================================================
DAG File Processing Stats

File Path                                        PID    Runtime      # DAGs    # Errors  Last Runtime    Last Run
-----------------------------------------------  -----  ---------  --------  ----------  --------------  -------------------
/opt/airflow/dags/etl_postgres_to_clickhouse.py                           1           0  1.21s           2026-01-06T16:23:45
================================================================================
[2026-01-06T16:24:17.999+0000] {manager.py:878} INFO - 
================================================================================
DAG File Processing Stats

File Path                                        PID    Runtime      # DAGs    # Errors  Last Runtime    Last Run
-----------------------------------------------  -----  ---------  --------  ----------  --------------  -------------------
/opt/airflow/dags/etl_postgres_to_clickhouse.py                           1           0  1.45s           2026-01-06T16:24:17
================================================================================
[2026-01-06T16:24:47.571+0000] {manager.py:878} INFO - 
================================================================================
DAG File Processing Stats

File Path                                          PID  Runtime      # DAGs    # Errors  Last Runtime    Last Run
-----------------------------------------------  -----  ---------  --------  ----------  --------------  -------------------
/opt/airflow/dags/etl_postgres_to_clickhouse.py    858  0.01s             1           0  1.45s           2026-01-06T16:24:17
================================================================================
[2026-01-06T16:25:16.350+0000] {manager.py:878} INFO - 
================================================================================
DAG File Processing Stats

File Path                                        PID    Runtime      # DAGs    # Errors  Last Runtime    Last Run
-----------------------------------------------  -----  ---------  --------  ----------  --------------  -------------------
/opt/airflow/dags/etl_postgres_to_clickhouse.py                           1           0  1.73s           2026-01-06T16:24:49
================================================================================
[2026-01-06T16:25:44.584+0000] {manager.py:878} INFO - 
================================================================================
DAG File Processing Stats

File Path                                        PID    Runtime      # DAGs    # Errors  Last Runtime    Last Run
-----------------------------------------------  -----  ---------  --------  ----------  --------------  -------------------
/opt/airflow/dags/etl_postgres_to_clickhouse.py                           1           0  3.68s           2026-01-06T16:25:23
================================================================================
[2026-01-06T16:26:13.020+0000] {manager.py:878} INFO - 
================================================================================
DAG File Processing Stats

File Path                                        PID    Runtime      # DAGs    # Errors  Last Runtime    Last Run
-----------------------------------------------  -----  ---------  --------  ----------  --------------  -------------------
/opt/airflow/dags/etl_postgres_to_clickhouse.py                           1           0  5.15s           2026-01-06T16:25:59
================================================================================
[2026-01-06T16:26:41.434+0000] {manager.py:878} INFO - 
================================================================================
DAG File Processing Stats

File Path                                        PID    Runtime      # DAGs    # Errors  Last Runtime    Last Run
-----------------------------------------------  -----  ---------  --------  ----------  --------------  -------------------
/opt/airflow/dags/etl_postgres_to_clickhouse.py                           1           0  4.14s           2026-01-06T16:26:34
================================================================================
[2026-01-06T16:27:09.963+0000] {manager.py:878} INFO - 
================================================================================
DAG File Processing Stats

File Path                                        PID    Runtime      # DAGs    # Errors  Last Runtime    Last Run
-----------------------------------------------  -----  ---------  --------  ----------  --------------  -------------------
/opt/airflow/dags/etl_postgres_to_clickhouse.py                           1           0  1.73s           2026-01-06T16:27:06
================================================================================
[2026-01-06T16:27:29.557+0000] {manager.py:737} INFO - Searching for files in /opt/airflow/dags
[2026-01-06T16:27:29.606+0000] {manager.py:740} INFO - There are 1 files in /opt/airflow/dags
[2026-01-06T16:27:38.742+0000] {manager.py:878} INFO - 
================================================================================
DAG File Processing Stats

File Path                                        PID    Runtime      # DAGs    # Errors  Last Runtime    Last Run
-----------------------------------------------  -----  ---------  --------  ----------  --------------  -------------------
/opt/airflow/dags/etl_postgres_to_clickhouse.py                           1           0  0.68s           2026-01-06T16:27:36
================================================================================
[2026-01-06T16:28:06.976+0000] {manager.py:878} INFO - 
================================================================================
DAG File Processing Stats

File Path                                        PID    Runtime      # DAGs    # Errors  Last Runtime    Last Run
-----------------------------------------------  -----  ---------  --------  ----------  --------------  -------------------
/opt/airflow/dags/etl_postgres_to_clickhouse.py                           1           0  0.68s           2026-01-06T16:27:36
================================================================================
[2026-01-06T16:28:35.153+0000] {manager.py:878} INFO - 
================================================================================
DAG File Processing Stats

File Path                                        PID    Runtime      # DAGs    # Errors  Last Runtime    Last Run
-----------------------------------------------  -----  ---------  --------  ----------  --------------  -------------------
/opt/airflow/dags/etl_postgres_to_clickhouse.py                           1           0  0.58s           2026-01-06T16:28:07
================================================================================
[2026-01-06T16:29:03.805+0000] {manager.py:878} INFO - 
================================================================================
DAG File Processing Stats

File Path                                        PID    Runtime      # DAGs    # Errors  Last Runtime    Last Run
-----------------------------------------------  -----  ---------  --------  ----------  --------------  -------------------
/opt/airflow/dags/etl_postgres_to_clickhouse.py                           1           0  0.56s           2026-01-06T16:28:38
================================================================================
[2026-01-06T16:29:32.238+0000] {manager.py:878} INFO - 
================================================================================
DAG File Processing Stats

File Path                                        PID    Runtime      # DAGs    # Errors  Last Runtime    Last Run
-----------------------------------------------  -----  ---------  --------  ----------  --------------  -------------------
/opt/airflow/dags/etl_postgres_to_clickhouse.py                           1           0  0.47s           2026-01-06T16:29:09
================================================================================
[2026-01-06T16:30:00.418+0000] {manager.py:878} INFO - 
================================================================================
DAG File Processing Stats

File Path                                        PID    Runtime      # DAGs    # Errors  Last Runtime    Last Run
-----------------------------------------------  -----  ---------  --------  ----------  --------------  -------------------
/opt/airflow/dags/etl_postgres_to_clickhouse.py                           1           0  0.62s           2026-01-06T16:29:40
================================================================================
[2026-01-06T16:30:29.243+0000] {manager.py:878} INFO - 
================================================================================
DAG File Processing Stats

File Path                                        PID    Runtime      # DAGs    # Errors  Last Runtime    Last Run
-----------------------------------------------  -----  ---------  --------  ----------  --------------  -------------------
/opt/airflow/dags/etl_postgres_to_clickhouse.py                           1           0  0.53s           2026-01-06T16:30:11
================================================================================
[2026-01-06T21:10:12.403+0000] {manager.py:470} INFO - Processing files using up to 2 processes at a time 
[2026-01-06T21:10:12.406+0000] {manager.py:471} INFO - Process each file at most once every 30 seconds
[2026-01-06T21:10:12.407+0000] {manager.py:472} INFO - Checking for new files in /opt/airflow/dags every 300 seconds
[2026-01-06T21:10:12.408+0000] {manager.py:737} INFO - Searching for files in /opt/airflow/dags
[2026-01-06T21:10:12.430+0000] {manager.py:740} INFO - There are 1 files in /opt/airflow/dags
[2026-01-06T21:10:12.537+0000] {manager.py:878} INFO - 
================================================================================
DAG File Processing Stats

File Path                                          PID  Runtime      # DAGs    # Errors  Last Runtime    Last Run
-----------------------------------------------  -----  ---------  --------  ----------  --------------  ----------
/opt/airflow/dags/etl_postgres_to_clickhouse.py    183  0.04s             0           0
================================================================================
[2026-01-06T21:10:41.548+0000] {manager.py:878} INFO - 
================================================================================
DAG File Processing Stats

File Path                                        PID    Runtime      # DAGs    # Errors  Last Runtime    Last Run
-----------------------------------------------  -----  ---------  --------  ----------  --------------  -------------------
/opt/airflow/dags/etl_postgres_to_clickhouse.py                           1           0  0.93s           2026-01-06T21:10:13
================================================================================
[2026-01-06T21:11:10.353+0000] {manager.py:878} INFO - 
================================================================================
DAG File Processing Stats

File Path                                        PID    Runtime      # DAGs    # Errors  Last Runtime    Last Run
-----------------------------------------------  -----  ---------  --------  ----------  --------------  -------------------
/opt/airflow/dags/etl_postgres_to_clickhouse.py                           1           0  5.04s           2026-01-06T21:10:48
================================================================================
[2026-01-06T21:11:39.489+0000] {manager.py:878} INFO - 
================================================================================
DAG File Processing Stats

File Path                                          PID  Runtime      # DAGs    # Errors  Last Runtime    Last Run
-----------------------------------------------  -----  ---------  --------  ----------  --------------  -------------------
/opt/airflow/dags/etl_postgres_to_clickhouse.py    245  20.02s            1           0  5.04s           2026-01-06T21:10:48
================================================================================
[2026-01-06T21:16:04.511+0000] {manager.py:878} INFO - 
================================================================================
DAG File Processing Stats

File Path                                          PID  Runtime      # DAGs    # Errors  Last Runtime    Last Run
-----------------------------------------------  -----  ---------  --------  ----------  --------------  -------------------
/opt/airflow/dags/etl_postgres_to_clickhouse.py    261  4.27s             1           0  24.29s          2026-01-06T21:11:43
================================================================================
[2026-01-06T21:17:00.487+0000] {manager.py:737} INFO - Searching for files in /opt/airflow/dags
[2026-01-06T21:17:01.507+0000] {manager.py:740} INFO - There are 1 files in /opt/airflow/dags
[2026-01-06T21:17:05.615+0000] {manager.py:1203} ERROR - Processor for /opt/airflow/dags/etl_postgres_to_clickhouse.py with PID 261 started at 2026-01-06T21:15:38.167337+00:00 has timed out, killing it.
[2026-01-06T21:17:06.193+0000] {manager.py:878} INFO - 
================================================================================
DAG File Processing Stats

File Path                                        PID    Runtime      # DAGs    # Errors  Last Runtime    Last Run
-----------------------------------------------  -----  ---------  --------  ----------  --------------  -------------------
/opt/airflow/dags/etl_postgres_to_clickhouse.py                           0           1  87.44s          2026-01-06T21:17:05
================================================================================
[2026-01-06T21:18:40.251+0000] {manager.py:470} INFO - Processing files using up to 2 processes at a time 
[2026-01-06T21:18:40.254+0000] {manager.py:471} INFO - Process each file at most once every 30 seconds
[2026-01-06T21:18:40.269+0000] {manager.py:472} INFO - Checking for new files in /opt/airflow/dags every 300 seconds
[2026-01-06T21:18:40.289+0000] {manager.py:737} INFO - Searching for files in /opt/airflow/dags
[2026-01-06T21:18:40.355+0000] {manager.py:740} INFO - There are 1 files in /opt/airflow/dags
[2026-01-06T21:18:40.859+0000] {manager.py:878} INFO - 
================================================================================
DAG File Processing Stats

File Path                                          PID  Runtime      # DAGs    # Errors  Last Runtime    Last Run
-----------------------------------------------  -----  ---------  --------  ----------  --------------  ----------
/opt/airflow/dags/etl_postgres_to_clickhouse.py    197  0.18s             0           0
================================================================================
[2026-01-06T21:19:09.487+0000] {manager.py:878} INFO - 
================================================================================
DAG File Processing Stats

File Path                                        PID    Runtime      # DAGs    # Errors  Last Runtime    Last Run
-----------------------------------------------  -----  ---------  --------  ----------  --------------  -------------------
/opt/airflow/dags/etl_postgres_to_clickhouse.py                           1           0  2.08s           2026-01-06T21:18:42
================================================================================
[2026-01-06T21:19:38.587+0000] {manager.py:878} INFO - 
================================================================================
DAG File Processing Stats

File Path                                        PID    Runtime      # DAGs    # Errors  Last Runtime    Last Run
-----------------------------------------------  -----  ---------  --------  ----------  --------------  -------------------
/opt/airflow/dags/etl_postgres_to_clickhouse.py                           1           0  0.94s           2026-01-06T21:19:14
================================================================================
[2026-01-06T21:20:07.221+0000] {manager.py:878} INFO - 
================================================================================
DAG File Processing Stats

File Path                                        PID    Runtime      # DAGs    # Errors  Last Runtime    Last Run
-----------------------------------------------  -----  ---------  --------  ----------  --------------  -------------------
/opt/airflow/dags/etl_postgres_to_clickhouse.py                           1           0  1.27s           2026-01-06T21:19:46
================================================================================
[2026-01-06T21:20:35.914+0000] {manager.py:878} INFO - 
================================================================================
DAG File Processing Stats

File Path                                        PID    Runtime      # DAGs    # Errors  Last Runtime    Last Run
-----------------------------------------------  -----  ---------  --------  ----------  --------------  -------------------
/opt/airflow/dags/etl_postgres_to_clickhouse.py                           1           0  0.38s           2026-01-06T21:20:16
================================================================================
[2026-01-06T21:21:04.279+0000] {manager.py:878} INFO - 
================================================================================
DAG File Processing Stats

File Path                                        PID    Runtime      # DAGs    # Errors  Last Runtime    Last Run
-----------------------------------------------  -----  ---------  --------  ----------  --------------  -------------------
/opt/airflow/dags/etl_postgres_to_clickhouse.py                           1           0  0.44s           2026-01-06T21:20:47
================================================================================
[2026-01-06T21:21:32.570+0000] {manager.py:878} INFO - 
================================================================================
DAG File Processing Stats

File Path                                        PID    Runtime      # DAGs    # Errors  Last Runtime    Last Run
-----------------------------------------------  -----  ---------  --------  ----------  --------------  -------------------
/opt/airflow/dags/etl_postgres_to_clickhouse.py                           1           0  0.59s           2026-01-06T21:21:18
================================================================================
[2026-01-06T21:22:01.526+0000] {manager.py:878} INFO - 
================================================================================
DAG File Processing Stats

File Path                                        PID    Runtime      # DAGs    # Errors  Last Runtime    Last Run
-----------------------------------------------  -----  ---------  --------  ----------  --------------  -------------------
/opt/airflow/dags/etl_postgres_to_clickhouse.py                           1           0  0.43s           2026-01-06T21:21:49
================================================================================
[2026-01-06T21:22:29.838+0000] {manager.py:878} INFO - 
================================================================================
DAG File Processing Stats

File Path                                        PID    Runtime      # DAGs    # Errors  Last Runtime    Last Run
-----------------------------------------------  -----  ---------  --------  ----------  --------------  -------------------
/opt/airflow/dags/etl_postgres_to_clickhouse.py                           1           0  0.45s           2026-01-06T21:22:20
================================================================================
[2026-01-06T21:22:58.739+0000] {manager.py:878} INFO - 
================================================================================
DAG File Processing Stats

File Path                                        PID    Runtime      # DAGs    # Errors  Last Runtime    Last Run
-----------------------------------------------  -----  ---------  --------  ----------  --------------  -------------------
/opt/airflow/dags/etl_postgres_to_clickhouse.py                           1           0  0.68s           2026-01-06T21:22:50
================================================================================
[2026-01-06T21:23:27.515+0000] {manager.py:878} INFO - 
================================================================================
DAG File Processing Stats

File Path                                        PID    Runtime      # DAGs    # Errors  Last Runtime    Last Run
-----------------------------------------------  -----  ---------  --------  ----------  --------------  -------------------
/opt/airflow/dags/etl_postgres_to_clickhouse.py                           1           0  0.69s           2026-01-06T21:23:21
================================================================================
[2026-01-06T21:23:40.623+0000] {manager.py:737} INFO - Searching for files in /opt/airflow/dags
[2026-01-06T21:23:40.653+0000] {manager.py:740} INFO - There are 1 files in /opt/airflow/dags
[2026-01-06T21:23:55.770+0000] {manager.py:878} INFO - 
================================================================================
DAG File Processing Stats

File Path                                        PID    Runtime      # DAGs    # Errors  Last Runtime    Last Run
-----------------------------------------------  -----  ---------  --------  ----------  --------------  -------------------
/opt/airflow/dags/etl_postgres_to_clickhouse.py                           1           0  0.45s           2026-01-06T21:23:52
================================================================================
[2026-01-06T21:24:24.280+0000] {manager.py:878} INFO - 
================================================================================
DAG File Processing Stats

File Path                                        PID    Runtime      # DAGs    # Errors  Last Runtime    Last Run
-----------------------------------------------  -----  ---------  --------  ----------  --------------  -------------------
/opt/airflow/dags/etl_postgres_to_clickhouse.py                           1           0  0.53s           2026-01-06T21:24:23
================================================================================
[2026-01-06T21:24:52.641+0000] {manager.py:878} INFO - 
================================================================================
DAG File Processing Stats

File Path                                        PID    Runtime      # DAGs    # Errors  Last Runtime    Last Run
-----------------------------------------------  -----  ---------  --------  ----------  --------------  -------------------
/opt/airflow/dags/etl_postgres_to_clickhouse.py                           1           0  0.53s           2026-01-06T21:24:23
================================================================================
[2026-01-06T21:25:21.171+0000] {manager.py:878} INFO - 
================================================================================
DAG File Processing Stats

File Path                                        PID    Runtime      # DAGs    # Errors  Last Runtime    Last Run
-----------------------------------------------  -----  ---------  --------  ----------  --------------  -------------------
/opt/airflow/dags/etl_postgres_to_clickhouse.py                           1           0  0.58s           2026-01-06T21:24:54
================================================================================
[2026-01-06T21:25:49.514+0000] {manager.py:878} INFO - 
================================================================================
DAG File Processing Stats

File Path                                        PID    Runtime      # DAGs    # Errors  Last Runtime    Last Run
-----------------------------------------------  -----  ---------  --------  ----------  --------------  -------------------
/opt/airflow/dags/etl_postgres_to_clickhouse.py                           1           0  0.50s           2026-01-06T21:25:25
================================================================================
[2026-01-06T21:26:18.006+0000] {manager.py:878} INFO - 
================================================================================
DAG File Processing Stats

File Path                                        PID    Runtime      # DAGs    # Errors  Last Runtime    Last Run
-----------------------------------------------  -----  ---------  --------  ----------  --------------  -------------------
/opt/airflow/dags/etl_postgres_to_clickhouse.py                           1           0  0.58s           2026-01-06T21:25:56
================================================================================
[2026-01-06T21:26:46.473+0000] {manager.py:878} INFO - 
================================================================================
DAG File Processing Stats

File Path                                        PID    Runtime      # DAGs    # Errors  Last Runtime    Last Run
-----------------------------------------------  -----  ---------  --------  ----------  --------------  -------------------
/opt/airflow/dags/etl_postgres_to_clickhouse.py                           1           0  0.95s           2026-01-06T21:26:27
================================================================================
[2026-01-06T21:27:15.344+0000] {manager.py:878} INFO - 
================================================================================
DAG File Processing Stats

File Path                                        PID    Runtime      # DAGs    # Errors  Last Runtime    Last Run
-----------------------------------------------  -----  ---------  --------  ----------  --------------  -------------------
/opt/airflow/dags/etl_postgres_to_clickhouse.py                           1           0  0.48s           2026-01-06T21:26:58
================================================================================
[2026-01-06T21:27:43.783+0000] {manager.py:878} INFO - 
================================================================================
DAG File Processing Stats

File Path                                        PID    Runtime      # DAGs    # Errors  Last Runtime    Last Run
-----------------------------------------------  -----  ---------  --------  ----------  --------------  -------------------
/opt/airflow/dags/etl_postgres_to_clickhouse.py                           1           0  -1.18s          2026-01-06T21:27:27
================================================================================
[2026-01-06T21:28:12.160+0000] {manager.py:878} INFO - 
================================================================================
DAG File Processing Stats

File Path                                        PID    Runtime      # DAGs    # Errors  Last Runtime    Last Run
-----------------------------------------------  -----  ---------  --------  ----------  --------------  -------------------
/opt/airflow/dags/etl_postgres_to_clickhouse.py                           1           0  0.41s           2026-01-06T21:27:58
================================================================================
[2026-01-06T21:28:40.717+0000] {manager.py:737} INFO - Searching for files in /opt/airflow/dags
[2026-01-06T21:28:40.756+0000] {manager.py:740} INFO - There are 1 files in /opt/airflow/dags
[2026-01-06T21:28:40.782+0000] {manager.py:878} INFO - 
================================================================================
DAG File Processing Stats

File Path                                        PID    Runtime      # DAGs    # Errors  Last Runtime    Last Run
-----------------------------------------------  -----  ---------  --------  ----------  --------------  -------------------
/opt/airflow/dags/etl_postgres_to_clickhouse.py                           1           0  1.10s           2026-01-06T21:28:29
================================================================================
[2026-01-06T21:29:09.251+0000] {manager.py:878} INFO - 
================================================================================
DAG File Processing Stats

File Path                                        PID    Runtime      # DAGs    # Errors  Last Runtime    Last Run
-----------------------------------------------  -----  ---------  --------  ----------  --------------  -------------------
/opt/airflow/dags/etl_postgres_to_clickhouse.py                           1           0  0.41s           2026-01-06T21:29:00
================================================================================
[2026-01-06T21:29:38.257+0000] {manager.py:878} INFO - 
================================================================================
DAG File Processing Stats

File Path                                        PID    Runtime      # DAGs    # Errors  Last Runtime    Last Run
-----------------------------------------------  -----  ---------  --------  ----------  --------------  -------------------
/opt/airflow/dags/etl_postgres_to_clickhouse.py                           1           0  0.55s           2026-01-06T21:29:31
================================================================================
[2026-01-06T21:30:06.754+0000] {manager.py:878} INFO - 
================================================================================
DAG File Processing Stats

File Path                                        PID    Runtime      # DAGs    # Errors  Last Runtime    Last Run
-----------------------------------------------  -----  ---------  --------  ----------  --------------  -------------------
/opt/airflow/dags/etl_postgres_to_clickhouse.py                           1           0  4.26s           2026-01-06T21:30:06
================================================================================
[2026-01-06T21:30:35.734+0000] {manager.py:878} INFO - 
================================================================================
DAG File Processing Stats

File Path                                        PID    Runtime      # DAGs    # Errors  Last Runtime    Last Run
-----------------------------------------------  -----  ---------  --------  ----------  --------------  -------------------
/opt/airflow/dags/etl_postgres_to_clickhouse.py                           1           0  4.26s           2026-01-06T21:30:06
================================================================================
[2026-01-06T21:31:03.811+0000] {manager.py:878} INFO - 
================================================================================
DAG File Processing Stats

File Path                                        PID    Runtime      # DAGs    # Errors  Last Runtime    Last Run
-----------------------------------------------  -----  ---------  --------  ----------  --------------  -------------------
/opt/airflow/dags/etl_postgres_to_clickhouse.py                           1           0  2.78s           2026-01-06T21:30:39
================================================================================
[2026-01-06T21:31:32.117+0000] {manager.py:878} INFO - 
================================================================================
DAG File Processing Stats

File Path                                        PID    Runtime      # DAGs    # Errors  Last Runtime    Last Run
-----------------------------------------------  -----  ---------  --------  ----------  --------------  -------------------
/opt/airflow/dags/etl_postgres_to_clickhouse.py                           1           0  1.62s           2026-01-06T21:31:11
================================================================================
[2026-01-06T21:32:00.231+0000] {manager.py:878} INFO - 
================================================================================
DAG File Processing Stats

File Path                                        PID    Runtime      # DAGs    # Errors  Last Runtime    Last Run
-----------------------------------------------  -----  ---------  --------  ----------  --------------  -------------------
/opt/airflow/dags/etl_postgres_to_clickhouse.py                           1           0  0.34s           2026-01-06T21:31:42
================================================================================
[2026-01-06T21:32:28.844+0000] {manager.py:878} INFO - 
================================================================================
DAG File Processing Stats

File Path                                        PID    Runtime      # DAGs    # Errors  Last Runtime    Last Run
-----------------------------------------------  -----  ---------  --------  ----------  --------------  -------------------
/opt/airflow/dags/etl_postgres_to_clickhouse.py                           1           0  3.83s           2026-01-06T21:32:16
================================================================================
[2026-01-06T21:32:56.936+0000] {manager.py:878} INFO - 
================================================================================
DAG File Processing Stats

File Path                                        PID    Runtime      # DAGs    # Errors  Last Runtime    Last Run
-----------------------------------------------  -----  ---------  --------  ----------  --------------  -------------------
/opt/airflow/dags/etl_postgres_to_clickhouse.py                           1           0  5.15s           2026-01-06T21:32:52
================================================================================
[2026-01-06T21:33:25.452+0000] {manager.py:878} INFO - 
================================================================================
DAG File Processing Stats

File Path                                          PID  Runtime      # DAGs    # Errors  Last Runtime    Last Run
-----------------------------------------------  -----  ---------  --------  ----------  --------------  -------------------
/opt/airflow/dags/etl_postgres_to_clickhouse.py    934  2.08s             1           0  5.15s           2026-01-06T21:32:52
================================================================================
[2026-01-06T21:33:41.542+0000] {manager.py:737} INFO - Searching for files in /opt/airflow/dags
[2026-01-06T21:33:41.739+0000] {manager.py:740} INFO - There are 1 files in /opt/airflow/dags
[2026-01-06T21:33:53.563+0000] {manager.py:878} INFO - 
================================================================================
DAG File Processing Stats

File Path                                        PID    Runtime      # DAGs    # Errors  Last Runtime    Last Run
-----------------------------------------------  -----  ---------  --------  ----------  --------------  -------------------
/opt/airflow/dags/etl_postgres_to_clickhouse.py                           1           0  13.03s          2026-01-06T21:33:36
================================================================================
[2026-01-06T21:34:22.673+0000] {manager.py:878} INFO - 
================================================================================
DAG File Processing Stats

File Path                                        PID    Runtime      # DAGs    # Errors  Last Runtime    Last Run
-----------------------------------------------  -----  ---------  --------  ----------  --------------  -------------------
/opt/airflow/dags/etl_postgres_to_clickhouse.py                           1           0  13.53s          2026-01-06T21:34:20
================================================================================
[2026-01-06T21:34:50.290+0000] {manager.py:878} INFO - 
================================================================================
DAG File Processing Stats

File Path                                        PID    Runtime      # DAGs    # Errors  Last Runtime    Last Run
-----------------------------------------------  -----  ---------  --------  ----------  --------------  -------------------
/opt/airflow/dags/etl_postgres_to_clickhouse.py                           1           0  13.53s          2026-01-06T21:34:20
================================================================================
[2026-01-06T21:38:41.665+0000] {manager.py:737} INFO - Searching for files in /opt/airflow/dags
[2026-01-06T21:38:42.414+0000] {manager.py:740} INFO - There are 1 files in /opt/airflow/dags
[2026-01-06T21:38:42.813+0000] {manager.py:1203} ERROR - Processor for /opt/airflow/dags/etl_postgres_to_clickhouse.py with PID 972 started at 2026-01-06T21:34:51.875199+00:00 has timed out, killing it.
[2026-01-06T21:38:43.034+0000] {manager.py:878} INFO - 
================================================================================
DAG File Processing Stats

File Path                                        PID    Runtime      # DAGs    # Errors  Last Runtime    Last Run
-----------------------------------------------  -----  ---------  --------  ----------  --------------  -------------------
/opt/airflow/dags/etl_postgres_to_clickhouse.py                           0           1  230.92s         2026-01-06T21:38:42
================================================================================
[2026-01-06T21:40:33.642+0000] {manager.py:1203} ERROR - Processor for /opt/airflow/dags/etl_postgres_to_clickhouse.py with PID 979 started at 2026-01-06T21:38:51.744891+00:00 has timed out, killing it.
[2026-01-06T21:48:20.429+0000] {manager.py:470} INFO - Processing files using up to 2 processes at a time 
[2026-01-06T21:48:20.433+0000] {manager.py:471} INFO - Process each file at most once every 30 seconds
[2026-01-06T21:48:20.435+0000] {manager.py:472} INFO - Checking for new files in /opt/airflow/dags every 300 seconds
[2026-01-06T21:48:20.437+0000] {manager.py:737} INFO - Searching for files in /opt/airflow/dags
[2026-01-06T21:48:20.522+0000] {manager.py:740} INFO - There are 1 files in /opt/airflow/dags
[2026-01-06T21:48:20.746+0000] {manager.py:878} INFO - 
================================================================================
DAG File Processing Stats

File Path                                          PID  Runtime      # DAGs    # Errors  Last Runtime    Last Run
-----------------------------------------------  -----  ---------  --------  ----------  --------------  ----------
/opt/airflow/dags/etl_postgres_to_clickhouse.py    197  0.08s             0           0
================================================================================
[2026-01-06T21:48:49.496+0000] {manager.py:878} INFO - 
================================================================================
DAG File Processing Stats

File Path                                        PID    Runtime      # DAGs    # Errors  Last Runtime    Last Run
-----------------------------------------------  -----  ---------  --------  ----------  --------------  -------------------
/opt/airflow/dags/etl_postgres_to_clickhouse.py                           1           0  1.12s           2026-01-06T21:48:21
================================================================================
[2026-01-06T21:49:18.461+0000] {manager.py:878} INFO - 
================================================================================
DAG File Processing Stats

File Path                                        PID    Runtime      # DAGs    # Errors  Last Runtime    Last Run
-----------------------------------------------  -----  ---------  --------  ----------  --------------  -------------------
/opt/airflow/dags/etl_postgres_to_clickhouse.py                           1           0  1.34s           2026-01-06T21:48:53
================================================================================
[2026-01-06T21:49:47.324+0000] {manager.py:878} INFO - 
================================================================================
DAG File Processing Stats

File Path                                        PID    Runtime      # DAGs    # Errors  Last Runtime    Last Run
-----------------------------------------------  -----  ---------  --------  ----------  --------------  -------------------
/opt/airflow/dags/etl_postgres_to_clickhouse.py                           1           0  0.63s           2026-01-06T21:49:24
================================================================================
[2026-01-06T21:50:16.295+0000] {manager.py:878} INFO - 
================================================================================
DAG File Processing Stats

File Path                                        PID    Runtime      # DAGs    # Errors  Last Runtime    Last Run
-----------------------------------------------  -----  ---------  --------  ----------  --------------  -------------------
/opt/airflow/dags/etl_postgres_to_clickhouse.py                           1           0  0.45s           2026-01-06T21:49:55
================================================================================
[2026-01-06T21:50:45.027+0000] {manager.py:878} INFO - 
================================================================================
DAG File Processing Stats

File Path                                        PID    Runtime      # DAGs    # Errors  Last Runtime    Last Run
-----------------------------------------------  -----  ---------  --------  ----------  --------------  -------------------
/opt/airflow/dags/etl_postgres_to_clickhouse.py                           1           0  0.40s           2026-01-06T21:50:26
================================================================================
[2026-01-06T21:53:24.138+0000] {manager.py:470} INFO - Processing files using up to 2 processes at a time 
[2026-01-06T21:53:24.146+0000] {manager.py:471} INFO - Process each file at most once every 30 seconds
[2026-01-06T21:53:24.147+0000] {manager.py:472} INFO - Checking for new files in /opt/airflow/dags every 300 seconds
[2026-01-06T21:53:24.150+0000] {manager.py:737} INFO - Searching for files in /opt/airflow/dags
[2026-01-06T21:53:24.189+0000] {manager.py:740} INFO - There are 1 files in /opt/airflow/dags
[2026-01-06T21:53:24.319+0000] {manager.py:878} INFO - 
================================================================================
DAG File Processing Stats

File Path                                          PID  Runtime      # DAGs    # Errors  Last Runtime    Last Run
-----------------------------------------------  -----  ---------  --------  ----------  --------------  ----------
/opt/airflow/dags/etl_postgres_to_clickhouse.py    190  0.05s             0           0
================================================================================
[2026-01-06T21:53:52.949+0000] {manager.py:878} INFO - 
================================================================================
DAG File Processing Stats

File Path                                        PID    Runtime      # DAGs    # Errors  Last Runtime    Last Run
-----------------------------------------------  -----  ---------  --------  ----------  --------------  -------------------
/opt/airflow/dags/etl_postgres_to_clickhouse.py                           1           0  0.66s           2026-01-06T21:53:24
================================================================================
[2026-01-06T21:54:21.476+0000] {manager.py:878} INFO - 
================================================================================
DAG File Processing Stats

File Path                                        PID    Runtime      # DAGs    # Errors  Last Runtime    Last Run
-----------------------------------------------  -----  ---------  --------  ----------  --------------  -------------------
/opt/airflow/dags/etl_postgres_to_clickhouse.py                           1           0  0.44s           2026-01-06T21:53:55
================================================================================
[2026-01-06T21:54:50.484+0000] {manager.py:878} INFO - 
================================================================================
DAG File Processing Stats

File Path                                        PID    Runtime      # DAGs    # Errors  Last Runtime    Last Run
-----------------------------------------------  -----  ---------  --------  ----------  --------------  -------------------
/opt/airflow/dags/etl_postgres_to_clickhouse.py                           1           0  0.60s           2026-01-06T21:54:26
================================================================================
[2026-01-06T21:55:19.197+0000] {manager.py:878} INFO - 
================================================================================
DAG File Processing Stats

File Path                                        PID    Runtime      # DAGs    # Errors  Last Runtime    Last Run
-----------------------------------------------  -----  ---------  --------  ----------  --------------  -------------------
/opt/airflow/dags/etl_postgres_to_clickhouse.py                           1           0  0.44s           2026-01-06T21:54:56
================================================================================
[2026-01-06T21:55:48.183+0000] {manager.py:878} INFO - 
================================================================================
DAG File Processing Stats

File Path                                        PID    Runtime      # DAGs    # Errors  Last Runtime    Last Run
-----------------------------------------------  -----  ---------  --------  ----------  --------------  -------------------
/opt/airflow/dags/etl_postgres_to_clickhouse.py                           1           0  0.40s           2026-01-06T21:55:27
================================================================================
[2026-01-06T21:56:16.128+0000] {manager.py:878} INFO - 
================================================================================
DAG File Processing Stats

File Path                                        PID    Runtime      # DAGs    # Errors  Last Runtime    Last Run
-----------------------------------------------  -----  ---------  --------  ----------  --------------  -------------------
/opt/airflow/dags/etl_postgres_to_clickhouse.py                           1           0  0.53s           2026-01-06T21:55:58
================================================================================
[2026-01-06T21:56:45.912+0000] {manager.py:878} INFO - 
================================================================================
DAG File Processing Stats

File Path                                        PID    Runtime      # DAGs    # Errors  Last Runtime    Last Run
-----------------------------------------------  -----  ---------  --------  ----------  --------------  -------------------
/opt/airflow/dags/etl_postgres_to_clickhouse.py                           1           0  0.75s           2026-01-06T21:56:29
================================================================================
[2026-01-06T21:57:14.940+0000] {manager.py:878} INFO - 
================================================================================
DAG File Processing Stats

File Path                                        PID    Runtime      # DAGs    # Errors  Last Runtime    Last Run
-----------------------------------------------  -----  ---------  --------  ----------  --------------  -------------------
/opt/airflow/dags/etl_postgres_to_clickhouse.py                           1           0  0.48s           2026-01-06T21:56:59
================================================================================
[2026-01-06T21:57:43.594+0000] {manager.py:878} INFO - 
================================================================================
DAG File Processing Stats

File Path                                        PID    Runtime      # DAGs    # Errors  Last Runtime    Last Run
-----------------------------------------------  -----  ---------  --------  ----------  --------------  -------------------
/opt/airflow/dags/etl_postgres_to_clickhouse.py                           1           0  0.53s           2026-01-06T21:57:31
================================================================================
[2026-01-06T21:58:12.653+0000] {manager.py:878} INFO - 
================================================================================
DAG File Processing Stats

File Path                                        PID    Runtime      # DAGs    # Errors  Last Runtime    Last Run
-----------------------------------------------  -----  ---------  --------  ----------  --------------  -------------------
/opt/airflow/dags/etl_postgres_to_clickhouse.py                           1           0  0.68s           2026-01-06T21:58:01
================================================================================
[2026-01-06T21:58:24.291+0000] {manager.py:737} INFO - Searching for files in /opt/airflow/dags
[2026-01-06T21:58:24.332+0000] {manager.py:740} INFO - There are 1 files in /opt/airflow/dags
[2026-01-06T21:58:41.465+0000] {manager.py:878} INFO - 
================================================================================
DAG File Processing Stats

File Path                                        PID    Runtime      # DAGs    # Errors  Last Runtime    Last Run
-----------------------------------------------  -----  ---------  --------  ----------  --------------  -------------------
/opt/airflow/dags/etl_postgres_to_clickhouse.py                           1           0  0.57s           2026-01-06T21:58:32
================================================================================
[2026-01-06T21:59:10.430+0000] {manager.py:878} INFO - 
================================================================================
DAG File Processing Stats

File Path                                        PID    Runtime      # DAGs    # Errors  Last Runtime    Last Run
-----------------------------------------------  -----  ---------  --------  ----------  --------------  -------------------
/opt/airflow/dags/etl_postgres_to_clickhouse.py                           1           0  0.53s           2026-01-06T21:59:03
================================================================================
[2026-01-06T21:59:39.168+0000] {manager.py:878} INFO - 
================================================================================
DAG File Processing Stats

File Path                                        PID    Runtime      # DAGs    # Errors  Last Runtime    Last Run
-----------------------------------------------  -----  ---------  --------  ----------  --------------  -------------------
/opt/airflow/dags/etl_postgres_to_clickhouse.py                           1           0  0.50s           2026-01-06T21:59:34
================================================================================
[2026-01-06T22:00:08.091+0000] {manager.py:878} INFO - 
================================================================================
DAG File Processing Stats

File Path                                        PID    Runtime      # DAGs    # Errors  Last Runtime    Last Run
-----------------------------------------------  -----  ---------  --------  ----------  --------------  -------------------
/opt/airflow/dags/etl_postgres_to_clickhouse.py                           1           0  0.67s           2026-01-06T22:00:05
================================================================================
[2026-01-06T22:00:36.468+0000] {manager.py:878} INFO - 
================================================================================
DAG File Processing Stats

File Path                                        PID    Runtime      # DAGs    # Errors  Last Runtime    Last Run
-----------------------------------------------  -----  ---------  --------  ----------  --------------  -------------------
/opt/airflow/dags/etl_postgres_to_clickhouse.py                           1           0  0.76s           2026-01-06T22:00:36
================================================================================
[2026-01-06T22:01:05.061+0000] {manager.py:878} INFO - 
================================================================================
DAG File Processing Stats

File Path                                        PID    Runtime      # DAGs    # Errors  Last Runtime    Last Run
-----------------------------------------------  -----  ---------  --------  ----------  --------------  -------------------
/opt/airflow/dags/etl_postgres_to_clickhouse.py                           1           0  0.76s           2026-01-06T22:00:36
================================================================================
[2026-01-06T22:01:33.060+0000] {manager.py:878} INFO - 
================================================================================
DAG File Processing Stats

File Path                                        PID    Runtime      # DAGs    # Errors  Last Runtime    Last Run
-----------------------------------------------  -----  ---------  --------  ----------  --------------  -------------------
/opt/airflow/dags/etl_postgres_to_clickhouse.py                           1           0  0.79s           2026-01-06T22:01:07
================================================================================
[2026-01-06T22:02:02.648+0000] {manager.py:878} INFO - 
================================================================================
DAG File Processing Stats

File Path                                        PID    Runtime      # DAGs    # Errors  Last Runtime    Last Run
-----------------------------------------------  -----  ---------  --------  ----------  --------------  -------------------
/opt/airflow/dags/etl_postgres_to_clickhouse.py                           1           0  0.21s           2026-01-06T22:01:37
================================================================================
[2026-01-06T22:02:31.336+0000] {manager.py:878} INFO - 
================================================================================
DAG File Processing Stats

File Path                                        PID    Runtime      # DAGs    # Errors  Last Runtime    Last Run
-----------------------------------------------  -----  ---------  --------  ----------  --------------  -------------------
/opt/airflow/dags/etl_postgres_to_clickhouse.py                           1           0  1.03s           2026-01-06T22:02:09
================================================================================
[2026-01-06T22:03:00.439+0000] {manager.py:878} INFO - 
================================================================================
DAG File Processing Stats

File Path                                        PID    Runtime      # DAGs    # Errors  Last Runtime    Last Run
-----------------------------------------------  -----  ---------  --------  ----------  --------------  -------------------
/opt/airflow/dags/etl_postgres_to_clickhouse.py                           1           0  1.64s           2026-01-06T22:02:40
================================================================================
[2026-01-06T22:03:24.633+0000] {manager.py:737} INFO - Searching for files in /opt/airflow/dags
[2026-01-06T22:03:24.755+0000] {manager.py:740} INFO - There are 1 files in /opt/airflow/dags
[2026-01-06T22:03:28.889+0000] {manager.py:878} INFO - 
================================================================================
DAG File Processing Stats

File Path                                        PID    Runtime      # DAGs    # Errors  Last Runtime    Last Run
-----------------------------------------------  -----  ---------  --------  ----------  --------------  -------------------
/opt/airflow/dags/etl_postgres_to_clickhouse.py                           1           0  2.92s           2026-01-06T22:03:14
================================================================================
[2026-01-06T22:03:57.668+0000] {manager.py:878} INFO - 
================================================================================
DAG File Processing Stats

File Path                                        PID    Runtime      # DAGs    # Errors  Last Runtime    Last Run
-----------------------------------------------  -----  ---------  --------  ----------  --------------  -------------------
/opt/airflow/dags/etl_postgres_to_clickhouse.py                           1           0  0.59s           2026-01-06T22:03:45
================================================================================
[2026-01-06T22:04:26.392+0000] {manager.py:878} INFO - 
================================================================================
DAG File Processing Stats

File Path                                        PID    Runtime      # DAGs    # Errors  Last Runtime    Last Run
-----------------------------------------------  -----  ---------  --------  ----------  --------------  -------------------
/opt/airflow/dags/etl_postgres_to_clickhouse.py                           1           0  0.47s           2026-01-06T22:04:15
================================================================================
[2026-01-06T22:04:55.549+0000] {manager.py:878} INFO - 
================================================================================
DAG File Processing Stats

File Path                                        PID    Runtime      # DAGs    # Errors  Last Runtime    Last Run
-----------------------------------------------  -----  ---------  --------  ----------  --------------  -------------------
/opt/airflow/dags/etl_postgres_to_clickhouse.py                           1           0  0.68s           2026-01-06T22:04:46
================================================================================
[2026-01-06T22:05:24.182+0000] {manager.py:878} INFO - 
================================================================================
DAG File Processing Stats

File Path                                        PID    Runtime      # DAGs    # Errors  Last Runtime    Last Run
-----------------------------------------------  -----  ---------  --------  ----------  --------------  -------------------
/opt/airflow/dags/etl_postgres_to_clickhouse.py                           1           0  0.88s           2026-01-06T22:05:18
================================================================================
[2026-01-06T22:05:52.880+0000] {manager.py:878} INFO - 
================================================================================
DAG File Processing Stats

File Path                                        PID    Runtime      # DAGs    # Errors  Last Runtime    Last Run
-----------------------------------------------  -----  ---------  --------  ----------  --------------  -------------------
/opt/airflow/dags/etl_postgres_to_clickhouse.py                           1           0  0.77s           2026-01-06T22:05:48
================================================================================
[2026-01-06T22:06:21.613+0000] {manager.py:878} INFO - 
================================================================================
DAG File Processing Stats

File Path                                        PID    Runtime      # DAGs    # Errors  Last Runtime    Last Run
-----------------------------------------------  -----  ---------  --------  ----------  --------------  -------------------
/opt/airflow/dags/etl_postgres_to_clickhouse.py                           1           0  1.04s           2026-01-06T22:06:20
================================================================================
[2026-01-06T22:06:50.186+0000] {manager.py:878} INFO - 
================================================================================
DAG File Processing Stats

File Path                                        PID    Runtime      # DAGs    # Errors  Last Runtime    Last Run
-----------------------------------------------  -----  ---------  --------  ----------  --------------  -------------------
/opt/airflow/dags/etl_postgres_to_clickhouse.py                           1           0  1.04s           2026-01-06T22:06:20
================================================================================
[2026-01-06T22:07:18.854+0000] {manager.py:878} INFO - 
================================================================================
DAG File Processing Stats

File Path                                        PID    Runtime      # DAGs    # Errors  Last Runtime    Last Run
-----------------------------------------------  -----  ---------  --------  ----------  --------------  -------------------
/opt/airflow/dags/etl_postgres_to_clickhouse.py                           1           0  0.92s           2026-01-06T22:06:51
================================================================================
[2026-01-06T22:07:47.414+0000] {manager.py:878} INFO - 
================================================================================
DAG File Processing Stats

File Path                                        PID    Runtime      # DAGs    # Errors  Last Runtime    Last Run
-----------------------------------------------  -----  ---------  --------  ----------  --------------  -------------------
/opt/airflow/dags/etl_postgres_to_clickhouse.py                           1           0  0.91s           2026-01-06T22:07:23
================================================================================
[2026-01-06T22:08:14.506+0000] {manager.py:878} INFO - 
================================================================================
DAG File Processing Stats

File Path                                        PID    Runtime      # DAGs    # Errors  Last Runtime    Last Run
-----------------------------------------------  -----  ---------  --------  ----------  --------------  -------------------
/opt/airflow/dags/etl_postgres_to_clickhouse.py                           1           0  0.62s           2026-01-06T22:07:54
================================================================================
[2026-01-06T22:08:25.041+0000] {manager.py:737} INFO - Searching for files in /opt/airflow/dags
[2026-01-06T22:08:25.073+0000] {manager.py:740} INFO - There are 1 files in /opt/airflow/dags
[2026-01-06T22:08:43.088+0000] {manager.py:878} INFO - 
================================================================================
DAG File Processing Stats

File Path                                        PID    Runtime      # DAGs    # Errors  Last Runtime    Last Run
-----------------------------------------------  -----  ---------  --------  ----------  --------------  -------------------
/opt/airflow/dags/etl_postgres_to_clickhouse.py                           1           0  0.75s           2026-01-06T22:08:25
================================================================================
[2026-01-06T22:09:11.586+0000] {manager.py:878} INFO - 
================================================================================
DAG File Processing Stats

File Path                                        PID    Runtime      # DAGs    # Errors  Last Runtime    Last Run
-----------------------------------------------  -----  ---------  --------  ----------  --------------  -------------------
/opt/airflow/dags/etl_postgres_to_clickhouse.py                           1           0  0.63s           2026-01-06T22:08:56
================================================================================
[2026-01-06T22:09:40.769+0000] {manager.py:878} INFO - 
================================================================================
DAG File Processing Stats

File Path                                        PID    Runtime      # DAGs    # Errors  Last Runtime    Last Run
-----------------------------------------------  -----  ---------  --------  ----------  --------------  -------------------
/opt/airflow/dags/etl_postgres_to_clickhouse.py                           1           0  0.64s           2026-01-06T22:09:27
================================================================================
[2026-01-06T22:10:10.800+0000] {manager.py:878} INFO - 
================================================================================
DAG File Processing Stats

File Path                                        PID    Runtime      # DAGs    # Errors  Last Runtime    Last Run
-----------------------------------------------  -----  ---------  --------  ----------  --------------  -------------------
/opt/airflow/dags/etl_postgres_to_clickhouse.py                           1           0  0.54s           2026-01-06T22:09:58
================================================================================
[2026-01-06T22:10:38.424+0000] {manager.py:878} INFO - 
================================================================================
DAG File Processing Stats

File Path                                        PID    Runtime      # DAGs    # Errors  Last Runtime    Last Run
-----------------------------------------------  -----  ---------  --------  ----------  --------------  -------------------
/opt/airflow/dags/etl_postgres_to_clickhouse.py                           1           0  0.54s           2026-01-06T22:10:29
================================================================================
[2026-01-06T22:11:07.193+0000] {manager.py:878} INFO - 
================================================================================
DAG File Processing Stats

File Path                                        PID    Runtime      # DAGs    # Errors  Last Runtime    Last Run
-----------------------------------------------  -----  ---------  --------  ----------  --------------  -------------------
/opt/airflow/dags/etl_postgres_to_clickhouse.py                           1           0  0.71s           2026-01-06T22:11:00
================================================================================
[2026-01-06T22:11:36.332+0000] {manager.py:878} INFO - 
================================================================================
DAG File Processing Stats

File Path                                        PID    Runtime      # DAGs    # Errors  Last Runtime    Last Run
-----------------------------------------------  -----  ---------  --------  ----------  --------------  -------------------
/opt/airflow/dags/etl_postgres_to_clickhouse.py                           1           0  0.62s           2026-01-06T22:11:30
================================================================================
[2026-01-06T22:12:05.014+0000] {manager.py:878} INFO - 
================================================================================
DAG File Processing Stats

File Path                                        PID    Runtime      # DAGs    # Errors  Last Runtime    Last Run
-----------------------------------------------  -----  ---------  --------  ----------  --------------  -------------------
/opt/airflow/dags/etl_postgres_to_clickhouse.py                           1           0  0.58s           2026-01-06T22:12:02
================================================================================
[2026-01-06T22:12:34.015+0000] {manager.py:878} INFO - 
================================================================================
DAG File Processing Stats

File Path                                        PID    Runtime      # DAGs    # Errors  Last Runtime    Last Run
-----------------------------------------------  -----  ---------  --------  ----------  --------------  -------------------
/opt/airflow/dags/etl_postgres_to_clickhouse.py                           1           0  0.56s           2026-01-06T22:12:33
================================================================================
[2026-01-06T22:13:02.611+0000] {manager.py:878} INFO - 
================================================================================
DAG File Processing Stats

File Path                                        PID    Runtime      # DAGs    # Errors  Last Runtime    Last Run
-----------------------------------------------  -----  ---------  --------  ----------  --------------  -------------------
/opt/airflow/dags/etl_postgres_to_clickhouse.py                           1           0  0.56s           2026-01-06T22:12:33
================================================================================
[2026-01-06T22:13:25.607+0000] {manager.py:737} INFO - Searching for files in /opt/airflow/dags
[2026-01-06T22:13:25.632+0000] {manager.py:740} INFO - There are 1 files in /opt/airflow/dags
[2026-01-06T22:13:30.900+0000] {manager.py:878} INFO - 
================================================================================
DAG File Processing Stats

File Path                                        PID    Runtime      # DAGs    # Errors  Last Runtime    Last Run
-----------------------------------------------  -----  ---------  --------  ----------  --------------  -------------------
/opt/airflow/dags/etl_postgres_to_clickhouse.py                           1           0  0.82s           2026-01-06T22:13:04
================================================================================
[2026-01-06T22:13:59.208+0000] {manager.py:878} INFO - 
================================================================================
DAG File Processing Stats

File Path                                        PID    Runtime      # DAGs    # Errors  Last Runtime    Last Run
-----------------------------------------------  -----  ---------  --------  ----------  --------------  -------------------
/opt/airflow/dags/etl_postgres_to_clickhouse.py                           1           0  0.74s           2026-01-06T22:13:35
================================================================================
[2026-01-06T22:14:27.690+0000] {manager.py:878} INFO - 
================================================================================
DAG File Processing Stats

File Path                                        PID    Runtime      # DAGs    # Errors  Last Runtime    Last Run
-----------------------------------------------  -----  ---------  --------  ----------  --------------  -------------------
/opt/airflow/dags/etl_postgres_to_clickhouse.py                           1           0  0.70s           2026-01-06T22:14:06
================================================================================
[2026-01-06T22:14:56.026+0000] {manager.py:878} INFO - 
================================================================================
DAG File Processing Stats

File Path                                        PID    Runtime      # DAGs    # Errors  Last Runtime    Last Run
-----------------------------------------------  -----  ---------  --------  ----------  --------------  -------------------
/opt/airflow/dags/etl_postgres_to_clickhouse.py                           1           0  0.73s           2026-01-06T22:14:37
================================================================================
[2026-01-06T22:15:24.845+0000] {manager.py:878} INFO - 
================================================================================
DAG File Processing Stats

File Path                                        PID    Runtime      # DAGs    # Errors  Last Runtime    Last Run
-----------------------------------------------  -----  ---------  --------  ----------  --------------  -------------------
/opt/airflow/dags/etl_postgres_to_clickhouse.py                           1           0  0.65s           2026-01-06T22:15:08
================================================================================
[2026-01-06T22:15:53.717+0000] {manager.py:878} INFO - 
================================================================================
DAG File Processing Stats

File Path                                        PID    Runtime      # DAGs    # Errors  Last Runtime    Last Run
-----------------------------------------------  -----  ---------  --------  ----------  --------------  -------------------
/opt/airflow/dags/etl_postgres_to_clickhouse.py                           1           0  0.68s           2026-01-06T22:15:39
================================================================================
[2026-01-06T22:16:22.358+0000] {manager.py:878} INFO - 
================================================================================
DAG File Processing Stats

File Path                                        PID    Runtime      # DAGs    # Errors  Last Runtime    Last Run
-----------------------------------------------  -----  ---------  --------  ----------  --------------  -------------------
/opt/airflow/dags/etl_postgres_to_clickhouse.py                           1           0  0.58s           2026-01-06T22:16:10
================================================================================
[2026-01-06T22:16:51.003+0000] {manager.py:878} INFO - 
================================================================================
DAG File Processing Stats

File Path                                        PID    Runtime      # DAGs    # Errors  Last Runtime    Last Run
-----------------------------------------------  -----  ---------  --------  ----------  --------------  -------------------
/opt/airflow/dags/etl_postgres_to_clickhouse.py                           1           0  0.49s           2026-01-06T22:16:40
================================================================================
[2026-01-06T22:17:19.537+0000] {manager.py:878} INFO - 
================================================================================
DAG File Processing Stats

File Path                                        PID    Runtime      # DAGs    # Errors  Last Runtime    Last Run
-----------------------------------------------  -----  ---------  --------  ----------  --------------  -------------------
/opt/airflow/dags/etl_postgres_to_clickhouse.py                           1           0  0.55s           2026-01-06T22:17:11
================================================================================
[2026-01-06T22:17:47.840+0000] {manager.py:878} INFO - 
================================================================================
DAG File Processing Stats

File Path                                        PID    Runtime      # DAGs    # Errors  Last Runtime    Last Run
-----------------------------------------------  -----  ---------  --------  ----------  --------------  -------------------
/opt/airflow/dags/etl_postgres_to_clickhouse.py                           1           0  0.91s           2026-01-06T22:17:42
================================================================================
[2026-01-06T22:18:16.006+0000] {manager.py:878} INFO - 
================================================================================
DAG File Processing Stats

File Path                                        PID    Runtime      # DAGs    # Errors  Last Runtime    Last Run
-----------------------------------------------  -----  ---------  --------  ----------  --------------  -------------------
/opt/airflow/dags/etl_postgres_to_clickhouse.py                           1           0  0.86s           2026-01-06T22:18:13
================================================================================
[2026-01-06T22:18:26.096+0000] {manager.py:737} INFO - Searching for files in /opt/airflow/dags
[2026-01-06T22:18:26.132+0000] {manager.py:740} INFO - There are 1 files in /opt/airflow/dags
[2026-01-06T22:18:44.473+0000] {manager.py:878} INFO - 
================================================================================
DAG File Processing Stats

File Path                                          PID  Runtime      # DAGs    # Errors  Last Runtime    Last Run
-----------------------------------------------  -----  ---------  --------  ----------  --------------  -------------------
/opt/airflow/dags/etl_postgres_to_clickhouse.py   1507  0.01s             1           0  0.86s           2026-01-06T22:18:13
================================================================================
[2026-01-06T22:19:12.677+0000] {manager.py:878} INFO - 
================================================================================
DAG File Processing Stats

File Path                                        PID    Runtime      # DAGs    # Errors  Last Runtime    Last Run
-----------------------------------------------  -----  ---------  --------  ----------  --------------  -------------------
/opt/airflow/dags/etl_postgres_to_clickhouse.py                           1           0  0.86s           2026-01-06T22:18:45
================================================================================
[2026-01-06T22:19:41.222+0000] {manager.py:878} INFO - 
================================================================================
DAG File Processing Stats

File Path                                        PID    Runtime      # DAGs    # Errors  Last Runtime    Last Run
-----------------------------------------------  -----  ---------  --------  ----------  --------------  -------------------
/opt/airflow/dags/etl_postgres_to_clickhouse.py                           1           0  1.14s           2026-01-06T22:19:16
================================================================================
[2026-01-06T22:20:09.687+0000] {manager.py:878} INFO - 
================================================================================
DAG File Processing Stats

File Path                                        PID    Runtime      # DAGs    # Errors  Last Runtime    Last Run
-----------------------------------------------  -----  ---------  --------  ----------  --------------  -------------------
/opt/airflow/dags/etl_postgres_to_clickhouse.py                           1           0  0.94s           2026-01-06T22:19:48
================================================================================
[2026-01-06T22:20:38.084+0000] {manager.py:878} INFO - 
================================================================================
DAG File Processing Stats

File Path                                        PID    Runtime      # DAGs    # Errors  Last Runtime    Last Run
-----------------------------------------------  -----  ---------  --------  ----------  --------------  -------------------
/opt/airflow/dags/etl_postgres_to_clickhouse.py                           1           0  0.76s           2026-01-06T22:20:19
================================================================================
[2026-01-06T22:21:06.671+0000] {manager.py:878} INFO - 
================================================================================
DAG File Processing Stats

File Path                                        PID    Runtime      # DAGs    # Errors  Last Runtime    Last Run
-----------------------------------------------  -----  ---------  --------  ----------  --------------  -------------------
/opt/airflow/dags/etl_postgres_to_clickhouse.py                           1           0  0.50s           2026-01-06T22:20:50
================================================================================
[2026-01-06T22:21:35.442+0000] {manager.py:878} INFO - 
================================================================================
DAG File Processing Stats

File Path                                        PID    Runtime      # DAGs    # Errors  Last Runtime    Last Run
-----------------------------------------------  -----  ---------  --------  ----------  --------------  -------------------
/opt/airflow/dags/etl_postgres_to_clickhouse.py                           1           0  0.74s           2026-01-06T22:21:21
================================================================================
[2026-01-06T22:22:03.784+0000] {manager.py:878} INFO - 
================================================================================
DAG File Processing Stats

File Path                                        PID    Runtime      # DAGs    # Errors  Last Runtime    Last Run
-----------------------------------------------  -----  ---------  --------  ----------  --------------  -------------------
/opt/airflow/dags/etl_postgres_to_clickhouse.py                           1           0  0.99s           2026-01-06T22:21:52
================================================================================
[2026-01-06T22:22:32.191+0000] {manager.py:878} INFO - 
================================================================================
DAG File Processing Stats

File Path                                        PID    Runtime      # DAGs    # Errors  Last Runtime    Last Run
-----------------------------------------------  -----  ---------  --------  ----------  --------------  -------------------
/opt/airflow/dags/etl_postgres_to_clickhouse.py                           1           0  -0.90s          2026-01-06T22:22:22
================================================================================
[2026-01-06T22:23:00.542+0000] {manager.py:878} INFO - 
================================================================================
DAG File Processing Stats

File Path                                        PID    Runtime      # DAGs    # Errors  Last Runtime    Last Run
-----------------------------------------------  -----  ---------  --------  ----------  --------------  -------------------
/opt/airflow/dags/etl_postgres_to_clickhouse.py                           1           0  0.54s           2026-01-06T22:22:52
================================================================================
[2026-01-06T22:23:26.196+0000] {manager.py:737} INFO - Searching for files in /opt/airflow/dags
[2026-01-06T22:23:26.223+0000] {manager.py:740} INFO - There are 1 files in /opt/airflow/dags
[2026-01-06T22:23:28.858+0000] {manager.py:878} INFO - 
================================================================================
DAG File Processing Stats

File Path                                        PID    Runtime      # DAGs    # Errors  Last Runtime    Last Run
-----------------------------------------------  -----  ---------  --------  ----------  --------------  -------------------
/opt/airflow/dags/etl_postgres_to_clickhouse.py                           1           0  0.63s           2026-01-06T22:23:23
================================================================================
[2026-01-06T22:23:57.703+0000] {manager.py:878} INFO - 
================================================================================
DAG File Processing Stats

File Path                                        PID    Runtime      # DAGs    # Errors  Last Runtime    Last Run
-----------------------------------------------  -----  ---------  --------  ----------  --------------  -------------------
/opt/airflow/dags/etl_postgres_to_clickhouse.py                           1           0  0.69s           2026-01-06T22:23:54
================================================================================
[2026-01-06T22:24:26.453+0000] {manager.py:878} INFO - 
================================================================================
DAG File Processing Stats

File Path                                        PID    Runtime      # DAGs    # Errors  Last Runtime    Last Run
-----------------------------------------------  -----  ---------  --------  ----------  --------------  -------------------
/opt/airflow/dags/etl_postgres_to_clickhouse.py                           1           0  0.59s           2026-01-06T22:24:25
================================================================================
[2026-01-06T22:24:55.132+0000] {manager.py:878} INFO - 
================================================================================
DAG File Processing Stats

File Path                                        PID    Runtime      # DAGs    # Errors  Last Runtime    Last Run
-----------------------------------------------  -----  ---------  --------  ----------  --------------  -------------------
/opt/airflow/dags/etl_postgres_to_clickhouse.py                           1           0  0.59s           2026-01-06T22:24:25
================================================================================
[2026-01-06T22:25:23.823+0000] {manager.py:878} INFO - 
================================================================================
DAG File Processing Stats

File Path                                        PID    Runtime      # DAGs    # Errors  Last Runtime    Last Run
-----------------------------------------------  -----  ---------  --------  ----------  --------------  -------------------
/opt/airflow/dags/etl_postgres_to_clickhouse.py                           1           0  0.57s           2026-01-06T22:24:56
================================================================================
[2026-01-06T22:25:52.741+0000] {manager.py:878} INFO - 
================================================================================
DAG File Processing Stats

File Path                                        PID    Runtime      # DAGs    # Errors  Last Runtime    Last Run
-----------------------------------------------  -----  ---------  --------  ----------  --------------  -------------------
/opt/airflow/dags/etl_postgres_to_clickhouse.py                           1           0  0.48s           2026-01-06T22:25:27
================================================================================
[2026-01-06T22:26:21.283+0000] {manager.py:878} INFO - 
================================================================================
DAG File Processing Stats

File Path                                        PID    Runtime      # DAGs    # Errors  Last Runtime    Last Run
-----------------------------------------------  -----  ---------  --------  ----------  --------------  -------------------
/opt/airflow/dags/etl_postgres_to_clickhouse.py                           1           0  0.49s           2026-01-06T22:25:58
================================================================================
[2026-01-06T22:26:50.207+0000] {manager.py:878} INFO - 
================================================================================
DAG File Processing Stats

File Path                                        PID    Runtime      # DAGs    # Errors  Last Runtime    Last Run
-----------------------------------------------  -----  ---------  --------  ----------  --------------  -------------------
/opt/airflow/dags/etl_postgres_to_clickhouse.py                           1           0  0.61s           2026-01-06T22:26:28
================================================================================
[2026-01-06T22:27:18.999+0000] {manager.py:878} INFO - 
================================================================================
DAG File Processing Stats

File Path                                        PID    Runtime      # DAGs    # Errors  Last Runtime    Last Run
-----------------------------------------------  -----  ---------  --------  ----------  --------------  -------------------
/opt/airflow/dags/etl_postgres_to_clickhouse.py                           1           0  0.60s           2026-01-06T22:26:59
================================================================================
[2026-01-06T22:27:46.700+0000] {manager.py:878} INFO - 
================================================================================
DAG File Processing Stats

File Path                                        PID    Runtime      # DAGs    # Errors  Last Runtime    Last Run
-----------------------------------------------  -----  ---------  --------  ----------  --------------  -------------------
/opt/airflow/dags/etl_postgres_to_clickhouse.py                           1           0  1.45s           2026-01-06T22:27:31
================================================================================
[2026-01-06T22:28:14.804+0000] {manager.py:878} INFO - 
================================================================================
DAG File Processing Stats

File Path                                        PID    Runtime      # DAGs    # Errors  Last Runtime    Last Run
-----------------------------------------------  -----  ---------  --------  ----------  --------------  -------------------
/opt/airflow/dags/etl_postgres_to_clickhouse.py                           1           0  -1.14s          2026-01-06T22:28:00
================================================================================
[2026-01-06T22:28:26.421+0000] {manager.py:737} INFO - Searching for files in /opt/airflow/dags
[2026-01-06T22:28:26.466+0000] {manager.py:740} INFO - There are 1 files in /opt/airflow/dags
[2026-01-06T22:28:43.320+0000] {manager.py:878} INFO - 
================================================================================
DAG File Processing Stats

File Path                                        PID    Runtime      # DAGs    # Errors  Last Runtime    Last Run
-----------------------------------------------  -----  ---------  --------  ----------  --------------  -------------------
/opt/airflow/dags/etl_postgres_to_clickhouse.py                           1           0  0.82s           2026-01-06T22:28:31
================================================================================
[2026-01-06T22:29:12.276+0000] {manager.py:878} INFO - 
================================================================================
DAG File Processing Stats

File Path                                        PID    Runtime      # DAGs    # Errors  Last Runtime    Last Run
-----------------------------------------------  -----  ---------  --------  ----------  --------------  -------------------
/opt/airflow/dags/etl_postgres_to_clickhouse.py                           1           0  0.64s           2026-01-06T22:29:02
================================================================================
[2026-01-06T22:29:40.403+0000] {manager.py:878} INFO - 
================================================================================
DAG File Processing Stats

File Path                                        PID    Runtime      # DAGs    # Errors  Last Runtime    Last Run
-----------------------------------------------  -----  ---------  --------  ----------  --------------  -------------------
/opt/airflow/dags/etl_postgres_to_clickhouse.py                           1           0  0.78s           2026-01-06T22:29:33
================================================================================
[2026-01-06T22:30:08.605+0000] {manager.py:878} INFO - 
================================================================================
DAG File Processing Stats

File Path                                        PID    Runtime      # DAGs    # Errors  Last Runtime    Last Run
-----------------------------------------------  -----  ---------  --------  ----------  --------------  -------------------
/opt/airflow/dags/etl_postgres_to_clickhouse.py                           1           0  0.84s           2026-01-06T22:30:04
================================================================================
[2026-01-06T22:30:37.103+0000] {manager.py:878} INFO - 
================================================================================
DAG File Processing Stats

File Path                                        PID    Runtime      # DAGs    # Errors  Last Runtime    Last Run
-----------------------------------------------  -----  ---------  --------  ----------  --------------  -------------------
/opt/airflow/dags/etl_postgres_to_clickhouse.py                           1           0  0.82s           2026-01-06T22:30:35
================================================================================
[2026-01-06T22:31:05.421+0000] {manager.py:878} INFO - 
================================================================================
DAG File Processing Stats

File Path                                        PID    Runtime      # DAGs    # Errors  Last Runtime    Last Run
-----------------------------------------------  -----  ---------  --------  ----------  --------------  -------------------
/opt/airflow/dags/etl_postgres_to_clickhouse.py                           1           0  0.82s           2026-01-06T22:30:35
================================================================================
[2026-01-06T22:31:33.660+0000] {manager.py:878} INFO - 
================================================================================
DAG File Processing Stats

File Path                                        PID    Runtime      # DAGs    # Errors  Last Runtime    Last Run
-----------------------------------------------  -----  ---------  --------  ----------  --------------  -------------------
/opt/airflow/dags/etl_postgres_to_clickhouse.py                           1           0  0.50s           2026-01-06T22:31:06
================================================================================
[2026-01-06T22:32:02.490+0000] {manager.py:878} INFO - 
================================================================================
DAG File Processing Stats

File Path                                        PID    Runtime      # DAGs    # Errors  Last Runtime    Last Run
-----------------------------------------------  -----  ---------  --------  ----------  --------------  -------------------
/opt/airflow/dags/etl_postgres_to_clickhouse.py                           1           0  0.54s           2026-01-06T22:31:37
================================================================================
[2026-01-06T22:32:30.989+0000] {manager.py:878} INFO - 
================================================================================
DAG File Processing Stats

File Path                                        PID    Runtime      # DAGs    # Errors  Last Runtime    Last Run
-----------------------------------------------  -----  ---------  --------  ----------  --------------  -------------------
/opt/airflow/dags/etl_postgres_to_clickhouse.py                           1           0  0.61s           2026-01-06T22:32:08
================================================================================
[2026-01-06T22:32:59.093+0000] {manager.py:878} INFO - 
================================================================================
DAG File Processing Stats

File Path                                        PID    Runtime      # DAGs    # Errors  Last Runtime    Last Run
-----------------------------------------------  -----  ---------  --------  ----------  --------------  -------------------
/opt/airflow/dags/etl_postgres_to_clickhouse.py                           1           0  0.52s           2026-01-06T22:32:39
================================================================================
[2026-01-06T22:33:26.888+0000] {manager.py:737} INFO - Searching for files in /opt/airflow/dags
[2026-01-06T22:33:26.917+0000] {manager.py:740} INFO - There are 1 files in /opt/airflow/dags
[2026-01-06T22:33:27.940+0000] {manager.py:878} INFO - 
================================================================================
DAG File Processing Stats

File Path                                        PID    Runtime      # DAGs    # Errors  Last Runtime    Last Run
-----------------------------------------------  -----  ---------  --------  ----------  --------------  -------------------
/opt/airflow/dags/etl_postgres_to_clickhouse.py                           1           0  0.53s           2026-01-06T22:33:09
================================================================================
[2026-01-06T22:33:56.251+0000] {manager.py:878} INFO - 
================================================================================
DAG File Processing Stats

File Path                                        PID    Runtime      # DAGs    # Errors  Last Runtime    Last Run
-----------------------------------------------  -----  ---------  --------  ----------  --------------  -------------------
/opt/airflow/dags/etl_postgres_to_clickhouse.py                           1           0  0.62s           2026-01-06T22:33:40
================================================================================
[2026-01-06T22:34:24.692+0000] {manager.py:878} INFO - 
================================================================================
DAG File Processing Stats

File Path                                        PID    Runtime      # DAGs    # Errors  Last Runtime    Last Run
-----------------------------------------------  -----  ---------  --------  ----------  --------------  -------------------
/opt/airflow/dags/etl_postgres_to_clickhouse.py                           1           0  0.70s           2026-01-06T22:34:11
================================================================================
[2026-01-06T22:34:52.859+0000] {manager.py:878} INFO - 
================================================================================
DAG File Processing Stats

File Path                                        PID    Runtime      # DAGs    # Errors  Last Runtime    Last Run
-----------------------------------------------  -----  ---------  --------  ----------  --------------  -------------------
/opt/airflow/dags/etl_postgres_to_clickhouse.py                           1           0  0.84s           2026-01-06T22:34:42
================================================================================
[2026-01-07T10:47:40.166+0000] {manager.py:470} INFO - Processing files using up to 2 processes at a time 
[2026-01-07T10:47:40.169+0000] {manager.py:471} INFO - Process each file at most once every 30 seconds
[2026-01-07T10:47:40.171+0000] {manager.py:472} INFO - Checking for new files in /opt/airflow/dags every 300 seconds
[2026-01-07T10:47:40.172+0000] {manager.py:737} INFO - Searching for files in /opt/airflow/dags
[2026-01-07T10:47:40.241+0000] {manager.py:740} INFO - There are 1 files in /opt/airflow/dags
[2026-01-07T10:47:40.482+0000] {manager.py:878} INFO - 
================================================================================
DAG File Processing Stats

File Path                                          PID  Runtime      # DAGs    # Errors  Last Runtime    Last Run
-----------------------------------------------  -----  ---------  --------  ----------  --------------  ----------
/opt/airflow/dags/etl_postgres_to_clickhouse.py    198  0.10s             0           0
================================================================================
[2026-01-07T10:48:08.573+0000] {manager.py:878} INFO - 
================================================================================
DAG File Processing Stats

File Path                                        PID    Runtime      # DAGs    # Errors  Last Runtime    Last Run
-----------------------------------------------  -----  ---------  --------  ----------  --------------  -------------------
/opt/airflow/dags/etl_postgres_to_clickhouse.py                           1           0  1.40s           2026-01-07T10:47:41
================================================================================
[2026-01-07T10:48:36.824+0000] {manager.py:878} INFO - 
================================================================================
DAG File Processing Stats

File Path                                        PID    Runtime      # DAGs    # Errors  Last Runtime    Last Run
-----------------------------------------------  -----  ---------  --------  ----------  --------------  -------------------
/opt/airflow/dags/etl_postgres_to_clickhouse.py                           1           0  0.67s           2026-01-07T10:48:12
================================================================================
[2026-01-07T10:49:04.944+0000] {manager.py:878} INFO - 
================================================================================
DAG File Processing Stats

File Path                                        PID    Runtime      # DAGs    # Errors  Last Runtime    Last Run
-----------------------------------------------  -----  ---------  --------  ----------  --------------  -------------------
/opt/airflow/dags/etl_postgres_to_clickhouse.py                           1           0  0.39s           2026-01-07T10:48:43
================================================================================
[2026-01-07T10:49:32.967+0000] {manager.py:878} INFO - 
================================================================================
DAG File Processing Stats

File Path                                        PID    Runtime      # DAGs    # Errors  Last Runtime    Last Run
-----------------------------------------------  -----  ---------  --------  ----------  --------------  -------------------
/opt/airflow/dags/etl_postgres_to_clickhouse.py                           1           0  0.59s           2026-01-07T10:49:13
================================================================================
[2026-01-07T10:50:01.566+0000] {manager.py:878} INFO - 
================================================================================
DAG File Processing Stats

File Path                                        PID    Runtime      # DAGs    # Errors  Last Runtime    Last Run
-----------------------------------------------  -----  ---------  --------  ----------  --------------  -------------------
/opt/airflow/dags/etl_postgres_to_clickhouse.py                           1           0  0.67s           2026-01-07T10:49:44
================================================================================
[2026-01-07T10:50:29.655+0000] {manager.py:878} INFO - 
================================================================================
DAG File Processing Stats

File Path                                        PID    Runtime      # DAGs    # Errors  Last Runtime    Last Run
-----------------------------------------------  -----  ---------  --------  ----------  --------------  -------------------
/opt/airflow/dags/etl_postgres_to_clickhouse.py                           1           0  0.63s           2026-01-07T10:50:15
================================================================================
[2026-01-07T10:50:58.259+0000] {manager.py:878} INFO - 
================================================================================
DAG File Processing Stats

File Path                                        PID    Runtime      # DAGs    # Errors  Last Runtime    Last Run
-----------------------------------------------  -----  ---------  --------  ----------  --------------  -------------------
/opt/airflow/dags/etl_postgres_to_clickhouse.py                           1           0  0.55s           2026-01-07T10:50:46
================================================================================
[2026-01-07T10:51:26.676+0000] {manager.py:878} INFO - 
================================================================================
DAG File Processing Stats

File Path                                        PID    Runtime      # DAGs    # Errors  Last Runtime    Last Run
-----------------------------------------------  -----  ---------  --------  ----------  --------------  -------------------
/opt/airflow/dags/etl_postgres_to_clickhouse.py                           1           0  0.46s           2026-01-07T10:51:16
================================================================================
[2026-01-07T10:51:55.179+0000] {manager.py:878} INFO - 
================================================================================
DAG File Processing Stats

File Path                                        PID    Runtime      # DAGs    # Errors  Last Runtime    Last Run
-----------------------------------------------  -----  ---------  --------  ----------  --------------  -------------------
/opt/airflow/dags/etl_postgres_to_clickhouse.py                           1           0  0.38s           2026-01-07T10:51:47
================================================================================
[2026-01-07T10:52:23.575+0000] {manager.py:878} INFO - 
================================================================================
DAG File Processing Stats

File Path                                        PID    Runtime      # DAGs    # Errors  Last Runtime    Last Run
-----------------------------------------------  -----  ---------  --------  ----------  --------------  -------------------
/opt/airflow/dags/etl_postgres_to_clickhouse.py                           1           0  0.75s           2026-01-07T10:52:18
================================================================================
[2026-01-07T10:52:40.696+0000] {manager.py:737} INFO - Searching for files in /opt/airflow/dags
[2026-01-07T10:52:40.727+0000] {manager.py:740} INFO - There are 1 files in /opt/airflow/dags
[2026-01-07T10:52:51.779+0000] {manager.py:878} INFO - 
================================================================================
DAG File Processing Stats

File Path                                        PID    Runtime      # DAGs    # Errors  Last Runtime    Last Run
-----------------------------------------------  -----  ---------  --------  ----------  --------------  -------------------
/opt/airflow/dags/etl_postgres_to_clickhouse.py                           1           0  0.44s           2026-01-07T10:52:49
================================================================================
[2026-01-07T10:53:19.875+0000] {manager.py:878} INFO - 
================================================================================
DAG File Processing Stats

File Path                                          PID  Runtime      # DAGs    # Errors  Last Runtime    Last Run
-----------------------------------------------  -----  ---------  --------  ----------  --------------  -------------------
/opt/airflow/dags/etl_postgres_to_clickhouse.py    517  0.57s             1           0  0.44s           2026-01-07T10:52:49
================================================================================
[2026-01-07T10:53:47.974+0000] {manager.py:878} INFO - 
================================================================================
DAG File Processing Stats

File Path                                        PID    Runtime      # DAGs    # Errors  Last Runtime    Last Run
-----------------------------------------------  -----  ---------  --------  ----------  --------------  -------------------
/opt/airflow/dags/etl_postgres_to_clickhouse.py                           1           0  0.60s           2026-01-07T10:53:19
================================================================================
[2026-01-07T10:54:16.035+0000] {manager.py:878} INFO - 
================================================================================
DAG File Processing Stats

File Path                                        PID    Runtime      # DAGs    # Errors  Last Runtime    Last Run
-----------------------------------------------  -----  ---------  --------  ----------  --------------  -------------------
/opt/airflow/dags/etl_postgres_to_clickhouse.py                           1           0  0.44s           2026-01-07T10:53:50
================================================================================
[2026-01-07T10:54:44.114+0000] {manager.py:878} INFO - 
================================================================================
DAG File Processing Stats

File Path                                        PID    Runtime      # DAGs    # Errors  Last Runtime    Last Run
-----------------------------------------------  -----  ---------  --------  ----------  --------------  -------------------
/opt/airflow/dags/etl_postgres_to_clickhouse.py                           1           0  0.51s           2026-01-07T10:54:20
================================================================================
[2026-01-07T10:55:12.428+0000] {manager.py:878} INFO - 
================================================================================
DAG File Processing Stats

File Path                                        PID    Runtime      # DAGs    # Errors  Last Runtime    Last Run
-----------------------------------------------  -----  ---------  --------  ----------  --------------  -------------------
/opt/airflow/dags/etl_postgres_to_clickhouse.py                           1           0  0.45s           2026-01-07T10:54:51
================================================================================
[2026-01-07T10:55:40.584+0000] {manager.py:878} INFO - 
================================================================================
DAG File Processing Stats

File Path                                        PID    Runtime      # DAGs    # Errors  Last Runtime    Last Run
-----------------------------------------------  -----  ---------  --------  ----------  --------------  -------------------
/opt/airflow/dags/etl_postgres_to_clickhouse.py                           1           0  0.53s           2026-01-07T10:55:22
================================================================================
[2026-01-07T10:56:09.241+0000] {manager.py:878} INFO - 
================================================================================
DAG File Processing Stats

File Path                                        PID    Runtime      # DAGs    # Errors  Last Runtime    Last Run
-----------------------------------------------  -----  ---------  --------  ----------  --------------  -------------------
/opt/airflow/dags/etl_postgres_to_clickhouse.py                           1           0  0.60s           2026-01-07T10:55:53
================================================================================
[2026-01-07T10:56:37.409+0000] {manager.py:878} INFO - 
================================================================================
DAG File Processing Stats

File Path                                        PID    Runtime      # DAGs    # Errors  Last Runtime    Last Run
-----------------------------------------------  -----  ---------  --------  ----------  --------------  -------------------
/opt/airflow/dags/etl_postgres_to_clickhouse.py                           1           0  0.96s           2026-01-07T10:56:24
================================================================================
[2026-01-07T10:57:05.884+0000] {manager.py:878} INFO - 
================================================================================
DAG File Processing Stats

File Path                                        PID    Runtime      # DAGs    # Errors  Last Runtime    Last Run
-----------------------------------------------  -----  ---------  --------  ----------  --------------  -------------------
/opt/airflow/dags/etl_postgres_to_clickhouse.py                           1           0  0.49s           2026-01-07T10:56:55
================================================================================
[2026-01-07T10:57:33.845+0000] {manager.py:878} INFO - 
================================================================================
DAG File Processing Stats

File Path                                        PID    Runtime      # DAGs    # Errors  Last Runtime    Last Run
-----------------------------------------------  -----  ---------  --------  ----------  --------------  -------------------
/opt/airflow/dags/etl_postgres_to_clickhouse.py                           1           0  0.55s           2026-01-07T10:57:25
================================================================================
[2026-01-07T10:57:40.893+0000] {manager.py:737} INFO - Searching for files in /opt/airflow/dags
[2026-01-07T10:57:40.922+0000] {manager.py:740} INFO - There are 1 files in /opt/airflow/dags
[2026-01-07T10:58:02.211+0000] {manager.py:878} INFO - 
================================================================================
DAG File Processing Stats

File Path                                        PID    Runtime      # DAGs    # Errors  Last Runtime    Last Run
-----------------------------------------------  -----  ---------  --------  ----------  --------------  -------------------
/opt/airflow/dags/etl_postgres_to_clickhouse.py                           1           0  1.05s           2026-01-07T10:57:57
================================================================================
[2026-01-07T10:58:30.489+0000] {manager.py:878} INFO - 
================================================================================
DAG File Processing Stats

File Path                                        PID    Runtime      # DAGs    # Errors  Last Runtime    Last Run
-----------------------------------------------  -----  ---------  --------  ----------  --------------  -------------------
/opt/airflow/dags/etl_postgres_to_clickhouse.py                           1           0  0.54s           2026-01-07T10:58:27
================================================================================
[2026-01-07T10:58:58.676+0000] {manager.py:878} INFO - 
================================================================================
DAG File Processing Stats

File Path                                          PID  Runtime      # DAGs    # Errors  Last Runtime    Last Run
-----------------------------------------------  -----  ---------  --------  ----------  --------------  -------------------
/opt/airflow/dags/etl_postgres_to_clickhouse.py    813  0.33s             1           0  0.54s           2026-01-07T10:58:27
================================================================================
[2026-01-07T10:59:27.018+0000] {manager.py:878} INFO - 
================================================================================
DAG File Processing Stats

File Path                                        PID    Runtime      # DAGs    # Errors  Last Runtime    Last Run
-----------------------------------------------  -----  ---------  --------  ----------  --------------  -------------------
/opt/airflow/dags/etl_postgres_to_clickhouse.py                           1           0  0.48s           2026-01-07T10:58:58
================================================================================
[2026-01-07T10:59:55.321+0000] {manager.py:878} INFO - 
================================================================================
DAG File Processing Stats

File Path                                        PID    Runtime      # DAGs    # Errors  Last Runtime    Last Run
-----------------------------------------------  -----  ---------  --------  ----------  --------------  -------------------
/opt/airflow/dags/etl_postgres_to_clickhouse.py                           1           0  0.66s           2026-01-07T10:59:29
================================================================================
[2026-01-07T11:00:23.523+0000] {manager.py:878} INFO - 
================================================================================
DAG File Processing Stats

File Path                                        PID    Runtime      # DAGs    # Errors  Last Runtime    Last Run
-----------------------------------------------  -----  ---------  --------  ----------  --------------  -------------------
/opt/airflow/dags/etl_postgres_to_clickhouse.py                           1           0  1.83s           2026-01-07T11:00:01
================================================================================
[2026-01-07T11:00:52.026+0000] {manager.py:878} INFO - 
================================================================================
DAG File Processing Stats

File Path                                        PID    Runtime      # DAGs    # Errors  Last Runtime    Last Run
-----------------------------------------------  -----  ---------  --------  ----------  --------------  -------------------
/opt/airflow/dags/etl_postgres_to_clickhouse.py                           1           0  1.52s           2026-01-07T11:00:34
================================================================================
[2026-01-07T11:01:20.280+0000] {manager.py:878} INFO - 
================================================================================
DAG File Processing Stats

File Path                                        PID    Runtime      # DAGs    # Errors  Last Runtime    Last Run
-----------------------------------------------  -----  ---------  --------  ----------  --------------  -------------------
/opt/airflow/dags/etl_postgres_to_clickhouse.py                           1           0  2.55s           2026-01-07T11:01:07
================================================================================
[2026-01-07T11:01:48.222+0000] {manager.py:878} INFO - 
================================================================================
DAG File Processing Stats

File Path                                        PID    Runtime      # DAGs    # Errors  Last Runtime    Last Run
-----------------------------------------------  -----  ---------  --------  ----------  --------------  -------------------
/opt/airflow/dags/etl_postgres_to_clickhouse.py                           1           0  4.31s           2026-01-07T11:01:42
================================================================================
[2026-01-07T11:02:16.331+0000] {manager.py:878} INFO - 
================================================================================
DAG File Processing Stats

File Path                                          PID  Runtime      # DAGs    # Errors  Last Runtime    Last Run
-----------------------------------------------  -----  ---------  --------  ----------  --------------  -------------------
/opt/airflow/dags/etl_postgres_to_clickhouse.py    945  3.12s             1           0  4.31s           2026-01-07T11:01:42
================================================================================
[2026-01-07T11:02:41.299+0000] {manager.py:737} INFO - Searching for files in /opt/airflow/dags
[2026-01-07T11:02:41.954+0000] {manager.py:740} INFO - There are 1 files in /opt/airflow/dags
[2026-01-07T11:02:47.799+0000] {manager.py:878} INFO - 
================================================================================
DAG File Processing Stats

File Path                                        PID    Runtime      # DAGs    # Errors  Last Runtime    Last Run
-----------------------------------------------  -----  ---------  --------  ----------  --------------  -------------------
/opt/airflow/dags/etl_postgres_to_clickhouse.py                           1           0  4.61s           2026-01-07T11:02:17
================================================================================
[2026-01-07T11:03:29.625+0000] {manager.py:878} INFO - 
================================================================================
DAG File Processing Stats

File Path                                          PID  Runtime      # DAGs    # Errors  Last Runtime    Last Run
-----------------------------------------------  -----  ---------  --------  ----------  --------------  -------------------
/opt/airflow/dags/etl_postgres_to_clickhouse.py    964  27.08s            1           0  4.61s           2026-01-07T11:02:17
================================================================================
[2026-01-07T11:03:40.072+0000] {manager.py:1203} ERROR - Processor for /opt/airflow/dags/etl_postgres_to_clickhouse.py with PID 964 started at 2026-01-07T11:02:49.382500+00:00 has timed out, killing it.
[2026-01-07T11:03:58.478+0000] {manager.py:878} INFO - 
================================================================================
DAG File Processing Stats

File Path                                        PID    Runtime      # DAGs    # Errors  Last Runtime    Last Run
-----------------------------------------------  -----  ---------  --------  ----------  --------------  -------------------
/opt/airflow/dags/etl_postgres_to_clickhouse.py                           0           1  50.69s          2026-01-07T11:03:40
================================================================================
[2026-01-07T11:04:27.239+0000] {manager.py:878} INFO - 
================================================================================
DAG File Processing Stats

File Path                                        PID    Runtime      # DAGs    # Errors  Last Runtime    Last Run
-----------------------------------------------  -----  ---------  --------  ----------  --------------  -------------------
/opt/airflow/dags/etl_postgres_to_clickhouse.py                           1           0  10.82s          2026-01-07T11:04:21
================================================================================
[2026-01-07T11:04:55.645+0000] {manager.py:878} INFO - 
================================================================================
DAG File Processing Stats

File Path                                          PID  Runtime      # DAGs    # Errors  Last Runtime    Last Run
-----------------------------------------------  -----  ---------  --------  ----------  --------------  -------------------
/opt/airflow/dags/etl_postgres_to_clickhouse.py   1009  1.41s             1           0  10.82s          2026-01-07T11:04:21
================================================================================
[2026-01-07T11:07:57.034+0000] {manager.py:737} INFO - Searching for files in /opt/airflow/dags
[2026-01-07T11:07:59.325+0000] {manager.py:740} INFO - There are 1 files in /opt/airflow/dags
[2026-01-07T11:08:09.394+0000] {manager.py:1203} ERROR - Processor for /opt/airflow/dags/etl_postgres_to_clickhouse.py with PID 1009 started at 2026-01-07T11:04:54.137863+00:00 has timed out, killing it.
[2026-01-07T11:08:09.507+0000] {manager.py:878} INFO - 
================================================================================
DAG File Processing Stats

File Path                                        PID    Runtime      # DAGs    # Errors  Last Runtime    Last Run
-----------------------------------------------  -----  ---------  --------  ----------  --------------  -------------------
/opt/airflow/dags/etl_postgres_to_clickhouse.py                           0           1  195.26s         2026-01-07T11:08:09
================================================================================
[2026-01-07T11:12:01.154+0000] {manager.py:470} INFO - Processing files using up to 2 processes at a time 
[2026-01-07T11:12:01.160+0000] {manager.py:471} INFO - Process each file at most once every 30 seconds
[2026-01-07T11:12:01.161+0000] {manager.py:472} INFO - Checking for new files in /opt/airflow/dags every 300 seconds
[2026-01-07T11:12:01.162+0000] {manager.py:737} INFO - Searching for files in /opt/airflow/dags
[2026-01-07T11:12:01.191+0000] {manager.py:740} INFO - There are 1 files in /opt/airflow/dags
[2026-01-07T11:12:01.388+0000] {manager.py:878} INFO - 
================================================================================
DAG File Processing Stats

File Path                                          PID  Runtime      # DAGs    # Errors  Last Runtime    Last Run
-----------------------------------------------  -----  ---------  --------  ----------  --------------  ----------
/opt/airflow/dags/etl_postgres_to_clickhouse.py    190  0.09s             0           0
================================================================================
[2026-01-07T11:12:29.297+0000] {manager.py:878} INFO - 
================================================================================
DAG File Processing Stats

File Path                                        PID    Runtime      # DAGs    # Errors  Last Runtime    Last Run
-----------------------------------------------  -----  ---------  --------  ----------  --------------  -------------------
/opt/airflow/dags/etl_postgres_to_clickhouse.py                           1           0  0.85s           2026-01-07T11:12:02
================================================================================
[2026-01-07T11:12:57.177+0000] {manager.py:878} INFO - 
================================================================================
DAG File Processing Stats

File Path                                        PID    Runtime      # DAGs    # Errors  Last Runtime    Last Run
-----------------------------------------------  -----  ---------  --------  ----------  --------------  -------------------
/opt/airflow/dags/etl_postgres_to_clickhouse.py                           1           0  0.73s           2026-01-07T11:12:33
================================================================================
[2026-01-07T11:13:25.231+0000] {manager.py:878} INFO - 
================================================================================
DAG File Processing Stats

File Path                                        PID    Runtime      # DAGs    # Errors  Last Runtime    Last Run
-----------------------------------------------  -----  ---------  --------  ----------  --------------  -------------------
/opt/airflow/dags/etl_postgres_to_clickhouse.py                           1           0  0.56s           2026-01-07T11:13:03
================================================================================
[2026-01-07T11:13:53.166+0000] {manager.py:878} INFO - 
================================================================================
DAG File Processing Stats

File Path                                        PID    Runtime      # DAGs    # Errors  Last Runtime    Last Run
-----------------------------------------------  -----  ---------  --------  ----------  --------------  -------------------
/opt/airflow/dags/etl_postgres_to_clickhouse.py                           1           0  0.74s           2026-01-07T11:13:34
================================================================================
[2026-01-07T11:14:21.472+0000] {manager.py:878} INFO - 
================================================================================
DAG File Processing Stats

File Path                                        PID    Runtime      # DAGs    # Errors  Last Runtime    Last Run
-----------------------------------------------  -----  ---------  --------  ----------  --------------  -------------------
/opt/airflow/dags/etl_postgres_to_clickhouse.py                           1           0  0.41s           2026-01-07T11:14:05
================================================================================
[2026-01-07T11:14:49.531+0000] {manager.py:878} INFO - 
================================================================================
DAG File Processing Stats

File Path                                        PID    Runtime      # DAGs    # Errors  Last Runtime    Last Run
-----------------------------------------------  -----  ---------  --------  ----------  --------------  -------------------
/opt/airflow/dags/etl_postgres_to_clickhouse.py                           1           0  0.40s           2026-01-07T11:14:36
================================================================================
[2026-01-07T11:15:17.889+0000] {manager.py:878} INFO - 
================================================================================
DAG File Processing Stats

File Path                                        PID    Runtime      # DAGs    # Errors  Last Runtime    Last Run
-----------------------------------------------  -----  ---------  --------  ----------  --------------  -------------------
/opt/airflow/dags/etl_postgres_to_clickhouse.py                           1           0  0.43s           2026-01-07T11:15:07
================================================================================
[2026-01-07T11:15:46.217+0000] {manager.py:878} INFO - 
================================================================================
DAG File Processing Stats

File Path                                        PID    Runtime      # DAGs    # Errors  Last Runtime    Last Run
-----------------------------------------------  -----  ---------  --------  ----------  --------------  -------------------
/opt/airflow/dags/etl_postgres_to_clickhouse.py                           1           0  0.45s           2026-01-07T11:15:38
================================================================================
[2026-01-07T11:16:14.333+0000] {manager.py:878} INFO - 
================================================================================
DAG File Processing Stats

File Path                                        PID    Runtime      # DAGs    # Errors  Last Runtime    Last Run
-----------------------------------------------  -----  ---------  --------  ----------  --------------  -------------------
/opt/airflow/dags/etl_postgres_to_clickhouse.py                           1           0  0.42s           2026-01-07T11:16:08
================================================================================
[2026-01-07T11:16:42.682+0000] {manager.py:878} INFO - 
================================================================================
DAG File Processing Stats

File Path                                        PID    Runtime      # DAGs    # Errors  Last Runtime    Last Run
-----------------------------------------------  -----  ---------  --------  ----------  --------------  -------------------
/opt/airflow/dags/etl_postgres_to_clickhouse.py                           1           0  0.56s           2026-01-07T11:16:39
================================================================================
[2026-01-07T11:17:01.637+0000] {manager.py:737} INFO - Searching for files in /opt/airflow/dags
[2026-01-07T11:17:01.669+0000] {manager.py:740} INFO - There are 1 files in /opt/airflow/dags
[2026-01-07T11:17:10.895+0000] {manager.py:878} INFO - 
================================================================================
DAG File Processing Stats

File Path                                        PID    Runtime      # DAGs    # Errors  Last Runtime    Last Run
-----------------------------------------------  -----  ---------  --------  ----------  --------------  -------------------
/opt/airflow/dags/etl_postgres_to_clickhouse.py                           1           0  0.43s           2026-01-07T11:17:10
================================================================================
[2026-01-07T11:17:38.884+0000] {manager.py:878} INFO - 
================================================================================
DAG File Processing Stats

File Path                                        PID    Runtime      # DAGs    # Errors  Last Runtime    Last Run
-----------------------------------------------  -----  ---------  --------  ----------  --------------  -------------------
/opt/airflow/dags/etl_postgres_to_clickhouse.py                           1           0  0.43s           2026-01-07T11:17:10
================================================================================
[2026-01-07T11:18:07.253+0000] {manager.py:878} INFO - 
================================================================================
DAG File Processing Stats

File Path                                        PID    Runtime      # DAGs    # Errors  Last Runtime    Last Run
-----------------------------------------------  -----  ---------  --------  ----------  --------------  -------------------
/opt/airflow/dags/etl_postgres_to_clickhouse.py                           1           0  0.51s           2026-01-07T11:17:41
================================================================================
[2026-01-07T11:18:35.061+0000] {manager.py:878} INFO - 
================================================================================
DAG File Processing Stats

File Path                                        PID    Runtime      # DAGs    # Errors  Last Runtime    Last Run
-----------------------------------------------  -----  ---------  --------  ----------  --------------  -------------------
/opt/airflow/dags/etl_postgres_to_clickhouse.py                           1           0  0.80s           2026-01-07T11:18:13
================================================================================
[2026-01-07T11:19:03.342+0000] {manager.py:878} INFO - 
================================================================================
DAG File Processing Stats

File Path                                        PID    Runtime      # DAGs    # Errors  Last Runtime    Last Run
-----------------------------------------------  -----  ---------  --------  ----------  --------------  -------------------
/opt/airflow/dags/etl_postgres_to_clickhouse.py                           1           0  0.51s           2026-01-07T11:18:43
================================================================================
[2026-01-07T11:19:31.523+0000] {manager.py:878} INFO - 
================================================================================
DAG File Processing Stats

File Path                                        PID    Runtime      # DAGs    # Errors  Last Runtime    Last Run
-----------------------------------------------  -----  ---------  --------  ----------  --------------  -------------------
/opt/airflow/dags/etl_postgres_to_clickhouse.py                           1           0  0.41s           2026-01-07T11:19:14
================================================================================
[2026-01-07T11:19:59.684+0000] {manager.py:878} INFO - 
================================================================================
DAG File Processing Stats

File Path                                        PID    Runtime      # DAGs    # Errors  Last Runtime    Last Run
-----------------------------------------------  -----  ---------  --------  ----------  --------------  -------------------
/opt/airflow/dags/etl_postgres_to_clickhouse.py                           1           0  0.48s           2026-01-07T11:19:45
================================================================================
[2026-01-07T11:20:28.000+0000] {manager.py:878} INFO - 
================================================================================
DAG File Processing Stats

File Path                                        PID    Runtime      # DAGs    # Errors  Last Runtime    Last Run
-----------------------------------------------  -----  ---------  --------  ----------  --------------  -------------------
/opt/airflow/dags/etl_postgres_to_clickhouse.py                           1           0  0.52s           2026-01-07T11:20:17
================================================================================
[2026-01-07T11:20:56.267+0000] {manager.py:878} INFO - 
================================================================================
DAG File Processing Stats

File Path                                        PID    Runtime      # DAGs    # Errors  Last Runtime    Last Run
-----------------------------------------------  -----  ---------  --------  ----------  --------------  -------------------
/opt/airflow/dags/etl_postgres_to_clickhouse.py                           1           0  0.40s           2026-01-07T11:20:47
================================================================================
[2026-01-07T11:21:24.580+0000] {manager.py:878} INFO - 
================================================================================
DAG File Processing Stats

File Path                                        PID    Runtime      # DAGs    # Errors  Last Runtime    Last Run
-----------------------------------------------  -----  ---------  --------  ----------  --------------  -------------------
/opt/airflow/dags/etl_postgres_to_clickhouse.py                           1           0  0.49s           2026-01-07T11:21:18
================================================================================
[2026-01-07T11:21:52.679+0000] {manager.py:878} INFO - 
================================================================================
DAG File Processing Stats

File Path                                        PID    Runtime      # DAGs    # Errors  Last Runtime    Last Run
-----------------------------------------------  -----  ---------  --------  ----------  --------------  -------------------
/opt/airflow/dags/etl_postgres_to_clickhouse.py                           1           0  0.47s           2026-01-07T11:21:50
================================================================================
[2026-01-07T11:22:01.782+0000] {manager.py:737} INFO - Searching for files in /opt/airflow/dags
[2026-01-07T11:22:01.818+0000] {manager.py:740} INFO - There are 1 files in /opt/airflow/dags
[2026-01-07T11:22:21.000+0000] {manager.py:878} INFO - 
================================================================================
DAG File Processing Stats

File Path                                          PID  Runtime      # DAGs    # Errors  Last Runtime    Last Run
-----------------------------------------------  -----  ---------  --------  ----------  --------------  -------------------
/opt/airflow/dags/etl_postgres_to_clickhouse.py    769  0.73s             1           0  0.47s           2026-01-07T11:21:50
================================================================================
[2026-01-07T11:22:48.993+0000] {manager.py:878} INFO - 
================================================================================
DAG File Processing Stats

File Path                                        PID    Runtime      # DAGs    # Errors  Last Runtime    Last Run
-----------------------------------------------  -----  ---------  --------  ----------  --------------  -------------------
/opt/airflow/dags/etl_postgres_to_clickhouse.py                           1           0  0.75s           2026-01-07T11:22:21
================================================================================
[2026-01-07T11:23:17.016+0000] {manager.py:878} INFO - 
================================================================================
DAG File Processing Stats

File Path                                        PID    Runtime      # DAGs    # Errors  Last Runtime    Last Run
-----------------------------------------------  -----  ---------  --------  ----------  --------------  -------------------
/opt/airflow/dags/etl_postgres_to_clickhouse.py                           1           0  0.62s           2026-01-07T11:22:52
================================================================================
[2026-01-07T11:23:45.040+0000] {manager.py:878} INFO - 
================================================================================
DAG File Processing Stats

File Path                                        PID    Runtime      # DAGs    # Errors  Last Runtime    Last Run
-----------------------------------------------  -----  ---------  --------  ----------  --------------  -------------------
/opt/airflow/dags/etl_postgres_to_clickhouse.py                           1           0  -0.93s          2026-01-07T11:23:21
================================================================================
[2026-01-07T11:24:13.097+0000] {manager.py:878} INFO - 
================================================================================
DAG File Processing Stats

File Path                                        PID    Runtime      # DAGs    # Errors  Last Runtime    Last Run
-----------------------------------------------  -----  ---------  --------  ----------  --------------  -------------------
/opt/airflow/dags/etl_postgres_to_clickhouse.py                           1           0  1.03s           2026-01-07T11:23:52
================================================================================
[2026-01-07T11:24:40.931+0000] {manager.py:878} INFO - 
================================================================================
DAG File Processing Stats

File Path                                        PID    Runtime      # DAGs    # Errors  Last Runtime    Last Run
-----------------------------------------------  -----  ---------  --------  ----------  --------------  -------------------
/opt/airflow/dags/etl_postgres_to_clickhouse.py                           1           0  0.79s           2026-01-07T11:24:23
================================================================================
[2026-01-07T11:25:09.125+0000] {manager.py:878} INFO - 
================================================================================
DAG File Processing Stats

File Path                                        PID    Runtime      # DAGs    # Errors  Last Runtime    Last Run
-----------------------------------------------  -----  ---------  --------  ----------  --------------  -------------------
/opt/airflow/dags/etl_postgres_to_clickhouse.py                           1           0  0.67s           2026-01-07T11:24:54
================================================================================
[2026-01-07T11:25:37.193+0000] {manager.py:878} INFO - 
================================================================================
DAG File Processing Stats

File Path                                        PID    Runtime      # DAGs    # Errors  Last Runtime    Last Run
-----------------------------------------------  -----  ---------  --------  ----------  --------------  -------------------
/opt/airflow/dags/etl_postgres_to_clickhouse.py                           1           0  0.84s           2026-01-07T11:25:25
================================================================================
[2026-01-07T11:26:05.095+0000] {manager.py:878} INFO - 
================================================================================
DAG File Processing Stats

File Path                                        PID    Runtime      # DAGs    # Errors  Last Runtime    Last Run
-----------------------------------------------  -----  ---------  --------  ----------  --------------  -------------------
/opt/airflow/dags/etl_postgres_to_clickhouse.py                           1           0  0.54s           2026-01-07T11:25:56
================================================================================
[2026-01-07T11:26:33.036+0000] {manager.py:878} INFO - 
================================================================================
DAG File Processing Stats

File Path                                        PID    Runtime      # DAGs    # Errors  Last Runtime    Last Run
-----------------------------------------------  -----  ---------  --------  ----------  --------------  -------------------
/opt/airflow/dags/etl_postgres_to_clickhouse.py                           1           0  0.61s           2026-01-07T11:26:27
================================================================================
[2026-01-07T11:27:01.173+0000] {manager.py:878} INFO - 
================================================================================
DAG File Processing Stats

File Path                                        PID    Runtime      # DAGs    # Errors  Last Runtime    Last Run
-----------------------------------------------  -----  ---------  --------  ----------  --------------  -------------------
/opt/airflow/dags/etl_postgres_to_clickhouse.py                           1           0  0.69s           2026-01-07T11:26:57
================================================================================
[2026-01-07T11:27:01.862+0000] {manager.py:737} INFO - Searching for files in /opt/airflow/dags
[2026-01-07T11:27:01.888+0000] {manager.py:740} INFO - There are 1 files in /opt/airflow/dags
[2026-01-07T11:27:29.232+0000] {manager.py:878} INFO - 
================================================================================
DAG File Processing Stats

File Path                                        PID    Runtime      # DAGs    # Errors  Last Runtime    Last Run
-----------------------------------------------  -----  ---------  --------  ----------  --------------  -------------------
/opt/airflow/dags/etl_postgres_to_clickhouse.py                           1           0  0.61s           2026-01-07T11:27:28
================================================================================
[2026-01-07T11:27:57.316+0000] {manager.py:878} INFO - 
================================================================================
DAG File Processing Stats

File Path                                        PID    Runtime      # DAGs    # Errors  Last Runtime    Last Run
-----------------------------------------------  -----  ---------  --------  ----------  --------------  -------------------
/opt/airflow/dags/etl_postgres_to_clickhouse.py                           1           0  0.61s           2026-01-07T11:27:28
================================================================================
[2026-01-07T11:28:25.161+0000] {manager.py:878} INFO - 
================================================================================
DAG File Processing Stats

File Path                                        PID    Runtime      # DAGs    # Errors  Last Runtime    Last Run
-----------------------------------------------  -----  ---------  --------  ----------  --------------  -------------------
/opt/airflow/dags/etl_postgres_to_clickhouse.py                           1           0  0.54s           2026-01-07T11:27:59
================================================================================
[2026-01-07T11:28:53.108+0000] {manager.py:878} INFO - 
================================================================================
DAG File Processing Stats

File Path                                        PID    Runtime      # DAGs    # Errors  Last Runtime    Last Run
-----------------------------------------------  -----  ---------  --------  ----------  --------------  -------------------
/opt/airflow/dags/etl_postgres_to_clickhouse.py                           1           0  0.50s           2026-01-07T11:28:29
================================================================================
[2026-01-07T11:29:21.127+0000] {manager.py:878} INFO - 
================================================================================
DAG File Processing Stats

File Path                                        PID    Runtime      # DAGs    # Errors  Last Runtime    Last Run
-----------------------------------------------  -----  ---------  --------  ----------  --------------  -------------------
/opt/airflow/dags/etl_postgres_to_clickhouse.py                           1           0  0.43s           2026-01-07T11:29:00
================================================================================
[2026-01-07T11:29:49.163+0000] {manager.py:878} INFO - 
================================================================================
DAG File Processing Stats

File Path                                        PID    Runtime      # DAGs    # Errors  Last Runtime    Last Run
-----------------------------------------------  -----  ---------  --------  ----------  --------------  -------------------
/opt/airflow/dags/etl_postgres_to_clickhouse.py                           1           0  0.83s           2026-01-07T11:29:31
================================================================================
[2026-01-07T11:30:17.061+0000] {manager.py:878} INFO - 
================================================================================
DAG File Processing Stats

File Path                                        PID    Runtime      # DAGs    # Errors  Last Runtime    Last Run
-----------------------------------------------  -----  ---------  --------  ----------  --------------  -------------------
/opt/airflow/dags/etl_postgres_to_clickhouse.py                           1           0  0.58s           2026-01-07T11:30:01
================================================================================
[2026-01-07T11:30:44.749+0000] {manager.py:878} INFO - 
================================================================================
DAG File Processing Stats

File Path                                        PID    Runtime      # DAGs    # Errors  Last Runtime    Last Run
-----------------------------------------------  -----  ---------  --------  ----------  --------------  -------------------
/opt/airflow/dags/etl_postgres_to_clickhouse.py                           1           0  0.88s           2026-01-07T11:30:32
================================================================================
[2026-01-07T11:31:12.464+0000] {manager.py:878} INFO - 
================================================================================
DAG File Processing Stats

File Path                                        PID    Runtime      # DAGs    # Errors  Last Runtime    Last Run
-----------------------------------------------  -----  ---------  --------  ----------  --------------  -------------------
/opt/airflow/dags/etl_postgres_to_clickhouse.py                           1           0  0.77s           2026-01-07T11:31:04
================================================================================
[2026-01-07T11:31:41.061+0000] {manager.py:878} INFO - 
================================================================================
DAG File Processing Stats

File Path                                        PID    Runtime      # DAGs    # Errors  Last Runtime    Last Run
-----------------------------------------------  -----  ---------  --------  ----------  --------------  -------------------
/opt/airflow/dags/etl_postgres_to_clickhouse.py                           1           0  0.62s           2026-01-07T11:31:35
================================================================================
[2026-01-07T11:32:01.996+0000] {manager.py:737} INFO - Searching for files in /opt/airflow/dags
[2026-01-07T11:32:02.041+0000] {manager.py:740} INFO - There are 1 files in /opt/airflow/dags
[2026-01-07T11:32:09.161+0000] {manager.py:878} INFO - 
================================================================================
DAG File Processing Stats

File Path                                        PID    Runtime      # DAGs    # Errors  Last Runtime    Last Run
-----------------------------------------------  -----  ---------  --------  ----------  --------------  -------------------
/opt/airflow/dags/etl_postgres_to_clickhouse.py                           1           0  0.98s           2026-01-07T11:32:06
================================================================================
[2026-01-07T11:32:37.024+0000] {manager.py:878} INFO - 
================================================================================
DAG File Processing Stats

File Path                                          PID  Runtime      # DAGs    # Errors  Last Runtime    Last Run
-----------------------------------------------  -----  ---------  --------  ----------  --------------  -------------------
/opt/airflow/dags/etl_postgres_to_clickhouse.py   1304  0.01s             1           0  0.98s           2026-01-07T11:32:06
================================================================================
[2026-01-07T11:33:04.711+0000] {manager.py:878} INFO - 
================================================================================
DAG File Processing Stats

File Path                                        PID    Runtime      # DAGs    # Errors  Last Runtime    Last Run
-----------------------------------------------  -----  ---------  --------  ----------  --------------  -------------------
/opt/airflow/dags/etl_postgres_to_clickhouse.py                           1           0  0.54s           2026-01-07T11:32:37
================================================================================
[2026-01-07T11:33:32.358+0000] {manager.py:878} INFO - 
================================================================================
DAG File Processing Stats

File Path                                        PID    Runtime      # DAGs    # Errors  Last Runtime    Last Run
-----------------------------------------------  -----  ---------  --------  ----------  --------------  -------------------
/opt/airflow/dags/etl_postgres_to_clickhouse.py                           1           0  0.93s           2026-01-07T11:33:09
================================================================================
[2026-01-07T11:34:00.119+0000] {manager.py:878} INFO - 
================================================================================
DAG File Processing Stats

File Path                                        PID    Runtime      # DAGs    # Errors  Last Runtime    Last Run
-----------------------------------------------  -----  ---------  --------  ----------  --------------  -------------------
/opt/airflow/dags/etl_postgres_to_clickhouse.py                           1           0  0.58s           2026-01-07T11:33:39
================================================================================
[2026-01-07T11:34:27.748+0000] {manager.py:878} INFO - 
================================================================================
DAG File Processing Stats

File Path                                        PID    Runtime      # DAGs    # Errors  Last Runtime    Last Run
-----------------------------------------------  -----  ---------  --------  ----------  --------------  -------------------
/opt/airflow/dags/etl_postgres_to_clickhouse.py                           1           0  0.49s           2026-01-07T11:34:10
================================================================================
[2026-01-07T11:34:53.215+0000] {manager.py:878} INFO - 
================================================================================
DAG File Processing Stats

File Path                                        PID    Runtime      # DAGs    # Errors  Last Runtime    Last Run
-----------------------------------------------  -----  ---------  --------  ----------  --------------  -------------------
/opt/airflow/dags/etl_postgres_to_clickhouse.py                           1           0  0.60s           2026-01-07T11:34:41
================================================================================
[2026-01-07T11:35:21.150+0000] {manager.py:878} INFO - 
================================================================================
DAG File Processing Stats

File Path                                        PID    Runtime      # DAGs    # Errors  Last Runtime    Last Run
-----------------------------------------------  -----  ---------  --------  ----------  --------------  -------------------
/opt/airflow/dags/etl_postgres_to_clickhouse.py                           1           0  1.19s           2026-01-07T11:35:13
================================================================================
[2026-01-07T11:35:49.061+0000] {manager.py:878} INFO - 
================================================================================
DAG File Processing Stats

File Path                                        PID    Runtime      # DAGs    # Errors  Last Runtime    Last Run
-----------------------------------------------  -----  ---------  --------  ----------  --------------  -------------------
/opt/airflow/dags/etl_postgres_to_clickhouse.py                           1           0  0.59s           2026-01-07T11:35:44
================================================================================
[2026-01-07T11:36:17.185+0000] {manager.py:878} INFO - 
================================================================================
DAG File Processing Stats

File Path                                        PID    Runtime      # DAGs    # Errors  Last Runtime    Last Run
-----------------------------------------------  -----  ---------  --------  ----------  --------------  -------------------
/opt/airflow/dags/etl_postgres_to_clickhouse.py                           1           0  0.60s           2026-01-07T11:36:15
================================================================================
[2026-01-07T11:36:44.888+0000] {manager.py:878} INFO - 
================================================================================
DAG File Processing Stats

File Path                                        PID    Runtime      # DAGs    # Errors  Last Runtime    Last Run
-----------------------------------------------  -----  ---------  --------  ----------  --------------  -------------------
/opt/airflow/dags/etl_postgres_to_clickhouse.py                           1           0  0.60s           2026-01-07T11:36:15
================================================================================
[2026-01-07T11:37:02.160+0000] {manager.py:737} INFO - Searching for files in /opt/airflow/dags
[2026-01-07T11:37:02.189+0000] {manager.py:740} INFO - There are 1 files in /opt/airflow/dags
[2026-01-07T11:37:12.738+0000] {manager.py:878} INFO - 
================================================================================
DAG File Processing Stats

File Path                                        PID    Runtime      # DAGs    # Errors  Last Runtime    Last Run
-----------------------------------------------  -----  ---------  --------  ----------  --------------  -------------------
/opt/airflow/dags/etl_postgres_to_clickhouse.py                           1           0  0.58s           2026-01-07T11:36:46
================================================================================
[2026-01-07T11:37:40.862+0000] {manager.py:878} INFO - 
================================================================================
DAG File Processing Stats

File Path                                        PID    Runtime      # DAGs    # Errors  Last Runtime    Last Run
-----------------------------------------------  -----  ---------  --------  ----------  --------------  -------------------
/opt/airflow/dags/etl_postgres_to_clickhouse.py                           1           0  0.68s           2026-01-07T11:37:17
================================================================================
[2026-01-07T11:38:08.886+0000] {manager.py:878} INFO - 
================================================================================
DAG File Processing Stats

File Path                                        PID    Runtime      # DAGs    # Errors  Last Runtime    Last Run
-----------------------------------------------  -----  ---------  --------  ----------  --------------  -------------------
/opt/airflow/dags/etl_postgres_to_clickhouse.py                           1           0  0.54s           2026-01-07T11:37:48
================================================================================
[2026-01-07T11:38:36.885+0000] {manager.py:878} INFO - 
================================================================================
DAG File Processing Stats

File Path                                        PID    Runtime      # DAGs    # Errors  Last Runtime    Last Run
-----------------------------------------------  -----  ---------  --------  ----------  --------------  -------------------
/opt/airflow/dags/etl_postgres_to_clickhouse.py                           1           0  0.62s           2026-01-07T11:38:19
================================================================================
[2026-01-07T11:39:04.997+0000] {manager.py:878} INFO - 
================================================================================
DAG File Processing Stats

File Path                                        PID    Runtime      # DAGs    # Errors  Last Runtime    Last Run
-----------------------------------------------  -----  ---------  --------  ----------  --------------  -------------------
/opt/airflow/dags/etl_postgres_to_clickhouse.py                           1           0  0.46s           2026-01-07T11:38:50
================================================================================
[2026-01-07T11:39:32.417+0000] {manager.py:878} INFO - 
================================================================================
DAG File Processing Stats

File Path                                        PID    Runtime      # DAGs    # Errors  Last Runtime    Last Run
-----------------------------------------------  -----  ---------  --------  ----------  --------------  -------------------
/opt/airflow/dags/etl_postgres_to_clickhouse.py                           1           0  0.77s           2026-01-07T11:39:21
================================================================================
[2026-01-07T11:40:00.205+0000] {manager.py:878} INFO - 
================================================================================
DAG File Processing Stats

File Path                                        PID    Runtime      # DAGs    # Errors  Last Runtime    Last Run
-----------------------------------------------  -----  ---------  --------  ----------  --------------  -------------------
/opt/airflow/dags/etl_postgres_to_clickhouse.py                           1           0  0.90s           2026-01-07T11:39:52
================================================================================
[2026-01-07T11:40:28.295+0000] {manager.py:878} INFO - 
================================================================================
DAG File Processing Stats

File Path                                        PID    Runtime      # DAGs    # Errors  Last Runtime    Last Run
-----------------------------------------------  -----  ---------  --------  ----------  --------------  -------------------
/opt/airflow/dags/etl_postgres_to_clickhouse.py                           1           0  1.44s           2026-01-07T11:40:25
================================================================================
[2026-01-07T11:40:56.059+0000] {manager.py:878} INFO - 
================================================================================
DAG File Processing Stats

File Path                                        PID    Runtime      # DAGs    # Errors  Last Runtime    Last Run
-----------------------------------------------  -----  ---------  --------  ----------  --------------  -------------------
/opt/airflow/dags/etl_postgres_to_clickhouse.py                           1           0  0.94s           2026-01-07T11:40:56
================================================================================
[2026-01-07T11:41:23.791+0000] {manager.py:878} INFO - 
================================================================================
DAG File Processing Stats

File Path                                        PID    Runtime      # DAGs    # Errors  Last Runtime    Last Run
-----------------------------------------------  -----  ---------  --------  ----------  --------------  -------------------
/opt/airflow/dags/etl_postgres_to_clickhouse.py                           1           0  0.94s           2026-01-07T11:40:56
================================================================================
[2026-01-07T11:41:51.279+0000] {manager.py:878} INFO - 
================================================================================
DAG File Processing Stats

File Path                                        PID    Runtime      # DAGs    # Errors  Last Runtime    Last Run
-----------------------------------------------  -----  ---------  --------  ----------  --------------  -------------------
/opt/airflow/dags/etl_postgres_to_clickhouse.py                           1           0  0.57s           2026-01-07T11:41:26
================================================================================
[2026-01-07T11:42:02.417+0000] {manager.py:737} INFO - Searching for files in /opt/airflow/dags
[2026-01-07T11:42:02.464+0000] {manager.py:740} INFO - There are 1 files in /opt/airflow/dags
[2026-01-07T11:42:19.156+0000] {manager.py:878} INFO - 
================================================================================
DAG File Processing Stats

File Path                                        PID    Runtime      # DAGs    # Errors  Last Runtime    Last Run
-----------------------------------------------  -----  ---------  --------  ----------  --------------  -------------------
/opt/airflow/dags/etl_postgres_to_clickhouse.py                           1           0  0.55s           2026-01-07T11:41:57
================================================================================
[2026-01-07T11:42:46.845+0000] {manager.py:878} INFO - 
================================================================================
DAG File Processing Stats

File Path                                        PID    Runtime      # DAGs    # Errors  Last Runtime    Last Run
-----------------------------------------------  -----  ---------  --------  ----------  --------------  -------------------
/opt/airflow/dags/etl_postgres_to_clickhouse.py                           1           0  0.52s           2026-01-07T11:42:28
================================================================================
[2026-01-07T11:43:14.930+0000] {manager.py:878} INFO - 
================================================================================
DAG File Processing Stats

File Path                                        PID    Runtime      # DAGs    # Errors  Last Runtime    Last Run
-----------------------------------------------  -----  ---------  --------  ----------  --------------  -------------------
/opt/airflow/dags/etl_postgres_to_clickhouse.py                           1           0  0.55s           2026-01-07T11:42:59
================================================================================
[2026-01-07T11:43:42.442+0000] {manager.py:878} INFO - 
================================================================================
DAG File Processing Stats

File Path                                        PID    Runtime      # DAGs    # Errors  Last Runtime    Last Run
-----------------------------------------------  -----  ---------  --------  ----------  --------------  -------------------
/opt/airflow/dags/etl_postgres_to_clickhouse.py                           1           0  0.65s           2026-01-07T11:43:30
================================================================================
[2026-01-07T11:44:10.125+0000] {manager.py:878} INFO - 
================================================================================
DAG File Processing Stats

File Path                                        PID    Runtime      # DAGs    # Errors  Last Runtime    Last Run
-----------------------------------------------  -----  ---------  --------  ----------  --------------  -------------------
/opt/airflow/dags/etl_postgres_to_clickhouse.py                           1           0  0.70s           2026-01-07T11:44:01
================================================================================
[2026-01-07T11:44:37.907+0000] {manager.py:878} INFO - 
================================================================================
DAG File Processing Stats

File Path                                        PID    Runtime      # DAGs    # Errors  Last Runtime    Last Run
-----------------------------------------------  -----  ---------  --------  ----------  --------------  -------------------
/opt/airflow/dags/etl_postgres_to_clickhouse.py                           1           0  -1.64s          2026-01-07T11:44:30
================================================================================
[2026-01-07T11:45:05.768+0000] {manager.py:878} INFO - 
================================================================================
DAG File Processing Stats

File Path                                        PID    Runtime      # DAGs    # Errors  Last Runtime    Last Run
-----------------------------------------------  -----  ---------  --------  ----------  --------------  -------------------
/opt/airflow/dags/etl_postgres_to_clickhouse.py                           1           0  0.56s           2026-01-07T11:45:01
================================================================================
[2026-01-07T11:45:33.456+0000] {manager.py:878} INFO - 
================================================================================
DAG File Processing Stats

File Path                                        PID    Runtime      # DAGs    # Errors  Last Runtime    Last Run
-----------------------------------------------  -----  ---------  --------  ----------  --------------  -------------------
/opt/airflow/dags/etl_postgres_to_clickhouse.py                           1           0  1.11s           2026-01-07T11:45:32
================================================================================
[2026-01-07T11:46:01.130+0000] {manager.py:878} INFO - 
================================================================================
DAG File Processing Stats

File Path                                        PID    Runtime      # DAGs    # Errors  Last Runtime    Last Run
-----------------------------------------------  -----  ---------  --------  ----------  --------------  -------------------
/opt/airflow/dags/etl_postgres_to_clickhouse.py                           1           0  1.11s           2026-01-07T11:45:32
================================================================================
[2026-01-07T11:46:28.838+0000] {manager.py:878} INFO - 
================================================================================
DAG File Processing Stats

File Path                                        PID    Runtime      # DAGs    # Errors  Last Runtime    Last Run
-----------------------------------------------  -----  ---------  --------  ----------  --------------  -------------------
/opt/airflow/dags/etl_postgres_to_clickhouse.py                           1           0  1.06s           2026-01-07T11:46:04
================================================================================
[2026-01-07T11:46:56.335+0000] {manager.py:878} INFO - 
================================================================================
DAG File Processing Stats

File Path                                        PID    Runtime      # DAGs    # Errors  Last Runtime    Last Run
-----------------------------------------------  -----  ---------  --------  ----------  --------------  -------------------
/opt/airflow/dags/etl_postgres_to_clickhouse.py                           1           0  0.80s           2026-01-07T11:46:35
================================================================================
[2026-01-07T11:47:02.552+0000] {manager.py:737} INFO - Searching for files in /opt/airflow/dags
[2026-01-07T11:47:02.588+0000] {manager.py:740} INFO - There are 1 files in /opt/airflow/dags
[2026-01-07T11:47:24.151+0000] {manager.py:878} INFO - 
================================================================================
DAG File Processing Stats

File Path                                        PID    Runtime      # DAGs    # Errors  Last Runtime    Last Run
-----------------------------------------------  -----  ---------  --------  ----------  --------------  -------------------
/opt/airflow/dags/etl_postgres_to_clickhouse.py                           1           0  0.63s           2026-01-07T11:47:07
================================================================================
[2026-01-07T11:47:52.204+0000] {manager.py:878} INFO - 
================================================================================
DAG File Processing Stats

File Path                                        PID    Runtime      # DAGs    # Errors  Last Runtime    Last Run
-----------------------------------------------  -----  ---------  --------  ----------  --------------  -------------------
/opt/airflow/dags/etl_postgres_to_clickhouse.py                           1           0  0.69s           2026-01-07T11:47:38
================================================================================
[2026-01-07T11:48:20.142+0000] {manager.py:878} INFO - 
================================================================================
DAG File Processing Stats

File Path                                        PID    Runtime      # DAGs    # Errors  Last Runtime    Last Run
-----------------------------------------------  -----  ---------  --------  ----------  --------------  -------------------
/opt/airflow/dags/etl_postgres_to_clickhouse.py                           1           0  0.61s           2026-01-07T11:48:09
================================================================================
[2026-01-07T11:48:47.994+0000] {manager.py:878} INFO - 
================================================================================
DAG File Processing Stats

File Path                                        PID    Runtime      # DAGs    # Errors  Last Runtime    Last Run
-----------------------------------------------  -----  ---------  --------  ----------  --------------  -------------------
/opt/airflow/dags/etl_postgres_to_clickhouse.py                           1           0  0.63s           2026-01-07T11:48:40
================================================================================
[2026-01-07T11:49:15.855+0000] {manager.py:878} INFO - 
================================================================================
DAG File Processing Stats

File Path                                        PID    Runtime      # DAGs    # Errors  Last Runtime    Last Run
-----------------------------------------------  -----  ---------  --------  ----------  --------------  -------------------
/opt/airflow/dags/etl_postgres_to_clickhouse.py                           1           0  0.96s           2026-01-07T11:49:11
================================================================================
[2026-01-07T11:49:43.481+0000] {manager.py:878} INFO - 
================================================================================
DAG File Processing Stats

File Path                                        PID    Runtime      # DAGs    # Errors  Last Runtime    Last Run
-----------------------------------------------  -----  ---------  --------  ----------  --------------  -------------------
/opt/airflow/dags/etl_postgres_to_clickhouse.py                           1           0  0.94s           2026-01-07T11:49:43
================================================================================
[2026-01-07T11:50:11.073+0000] {manager.py:878} INFO - 
================================================================================
DAG File Processing Stats

File Path                                        PID    Runtime      # DAGs    # Errors  Last Runtime    Last Run
-----------------------------------------------  -----  ---------  --------  ----------  --------------  -------------------
/opt/airflow/dags/etl_postgres_to_clickhouse.py                           1           0  0.94s           2026-01-07T11:49:43
================================================================================
[2026-01-07T11:50:38.521+0000] {manager.py:878} INFO - 
================================================================================
DAG File Processing Stats

File Path                                        PID    Runtime      # DAGs    # Errors  Last Runtime    Last Run
-----------------------------------------------  -----  ---------  --------  ----------  --------------  -------------------
/opt/airflow/dags/etl_postgres_to_clickhouse.py                           1           0  0.84s           2026-01-07T11:50:14
================================================================================
[2026-01-07T11:51:05.956+0000] {manager.py:878} INFO - 
================================================================================
DAG File Processing Stats

File Path                                        PID    Runtime      # DAGs    # Errors  Last Runtime    Last Run
-----------------------------------------------  -----  ---------  --------  ----------  --------------  -------------------
/opt/airflow/dags/etl_postgres_to_clickhouse.py                           1           0  0.82s           2026-01-07T11:50:46
================================================================================
[2026-01-07T11:51:33.537+0000] {manager.py:878} INFO - 
================================================================================
DAG File Processing Stats

File Path                                        PID    Runtime      # DAGs    # Errors  Last Runtime    Last Run
-----------------------------------------------  -----  ---------  --------  ----------  --------------  -------------------
/opt/airflow/dags/etl_postgres_to_clickhouse.py                           1           0  0.67s           2026-01-07T11:51:17
================================================================================
[2026-01-07T11:52:01.217+0000] {manager.py:878} INFO - 
================================================================================
DAG File Processing Stats

File Path                                        PID    Runtime      # DAGs    # Errors  Last Runtime    Last Run
-----------------------------------------------  -----  ---------  --------  ----------  --------------  -------------------
/opt/airflow/dags/etl_postgres_to_clickhouse.py                           1           0  0.53s           2026-01-07T11:51:48
================================================================================
[2026-01-07T11:52:02.642+0000] {manager.py:737} INFO - Searching for files in /opt/airflow/dags
[2026-01-07T11:52:02.683+0000] {manager.py:740} INFO - There are 1 files in /opt/airflow/dags
[2026-01-07T11:52:28.794+0000] {manager.py:878} INFO - 
================================================================================
DAG File Processing Stats

File Path                                        PID    Runtime      # DAGs    # Errors  Last Runtime    Last Run
-----------------------------------------------  -----  ---------  --------  ----------  --------------  -------------------
/opt/airflow/dags/etl_postgres_to_clickhouse.py                           1           0  0.57s           2026-01-07T11:52:18
================================================================================
[2026-01-07T11:52:56.496+0000] {manager.py:878} INFO - 
================================================================================
DAG File Processing Stats

File Path                                        PID    Runtime      # DAGs    # Errors  Last Runtime    Last Run
-----------------------------------------------  -----  ---------  --------  ----------  --------------  -------------------
/opt/airflow/dags/etl_postgres_to_clickhouse.py                           1           0  0.65s           2026-01-07T11:52:49
================================================================================
[2026-01-07T11:53:24.028+0000] {manager.py:878} INFO - 
================================================================================
DAG File Processing Stats

File Path                                        PID    Runtime      # DAGs    # Errors  Last Runtime    Last Run
-----------------------------------------------  -----  ---------  --------  ----------  --------------  -------------------
/opt/airflow/dags/etl_postgres_to_clickhouse.py                           1           0  0.72s           2026-01-07T11:53:21
================================================================================
[2026-01-07T11:53:51.610+0000] {manager.py:878} INFO - 
================================================================================
DAG File Processing Stats

File Path                                          PID  Runtime      # DAGs    # Errors  Last Runtime    Last Run
-----------------------------------------------  -----  ---------  --------  ----------  --------------  -------------------
/opt/airflow/dags/etl_postgres_to_clickhouse.py   2402  0.01s             1           0  0.72s           2026-01-07T11:53:21
================================================================================
[2026-01-07T11:54:19.407+0000] {manager.py:878} INFO - 
================================================================================
DAG File Processing Stats

File Path                                        PID    Runtime      # DAGs    # Errors  Last Runtime    Last Run
-----------------------------------------------  -----  ---------  --------  ----------  --------------  -------------------
/opt/airflow/dags/etl_postgres_to_clickhouse.py                           1           0  0.68s           2026-01-07T11:53:52
================================================================================
[2026-01-07T11:54:47.395+0000] {manager.py:878} INFO - 
================================================================================
DAG File Processing Stats

File Path                                        PID    Runtime      # DAGs    # Errors  Last Runtime    Last Run
-----------------------------------------------  -----  ---------  --------  ----------  --------------  -------------------
/opt/airflow/dags/etl_postgres_to_clickhouse.py                           1           0  0.70s           2026-01-07T11:54:23
================================================================================
[2026-01-07T11:55:15.018+0000] {manager.py:878} INFO - 
================================================================================
DAG File Processing Stats

File Path                                        PID    Runtime      # DAGs    # Errors  Last Runtime    Last Run
-----------------------------------------------  -----  ---------  --------  ----------  --------------  -------------------
/opt/airflow/dags/etl_postgres_to_clickhouse.py                           1           0  1.05s           2026-01-07T11:54:54
================================================================================
[2026-01-07T11:55:42.384+0000] {manager.py:878} INFO - 
================================================================================
DAG File Processing Stats

File Path                                        PID    Runtime      # DAGs    # Errors  Last Runtime    Last Run
-----------------------------------------------  -----  ---------  --------  ----------  --------------  -------------------
/opt/airflow/dags/etl_postgres_to_clickhouse.py                           1           0  0.75s           2026-01-07T11:55:25
================================================================================
[2026-01-07T11:56:09.834+0000] {manager.py:878} INFO - 
================================================================================
DAG File Processing Stats

File Path                                        PID    Runtime      # DAGs    # Errors  Last Runtime    Last Run
-----------------------------------------------  -----  ---------  --------  ----------  --------------  -------------------
/opt/airflow/dags/etl_postgres_to_clickhouse.py                           1           0  0.58s           2026-01-07T11:55:56
================================================================================
[2026-01-07T11:56:37.756+0000] {manager.py:878} INFO - 
================================================================================
DAG File Processing Stats

File Path                                        PID    Runtime      # DAGs    # Errors  Last Runtime    Last Run
-----------------------------------------------  -----  ---------  --------  ----------  --------------  -------------------
/opt/airflow/dags/etl_postgres_to_clickhouse.py                           1           0  0.50s           2026-01-07T11:56:27
================================================================================
[2026-01-07T11:57:02.972+0000] {manager.py:737} INFO - Searching for files in /opt/airflow/dags
[2026-01-07T11:57:03.066+0000] {manager.py:740} INFO - There are 1 files in /opt/airflow/dags
[2026-01-07T11:57:05.157+0000] {manager.py:878} INFO - 
================================================================================
DAG File Processing Stats

File Path                                        PID    Runtime      # DAGs    # Errors  Last Runtime    Last Run
-----------------------------------------------  -----  ---------  --------  ----------  --------------  -------------------
/opt/airflow/dags/etl_postgres_to_clickhouse.py                           1           0  0.69s           2026-01-07T11:56:58
================================================================================
[2026-01-07T11:57:32.583+0000] {manager.py:878} INFO - 
================================================================================
DAG File Processing Stats

File Path                                        PID    Runtime      # DAGs    # Errors  Last Runtime    Last Run
-----------------------------------------------  -----  ---------  --------  ----------  --------------  -------------------
/opt/airflow/dags/etl_postgres_to_clickhouse.py                           1           0  0.58s           2026-01-07T11:57:29
================================================================================
[2026-01-07T11:58:00.088+0000] {manager.py:878} INFO - 
================================================================================
DAG File Processing Stats

File Path                                          PID  Runtime      # DAGs    # Errors  Last Runtime    Last Run
-----------------------------------------------  -----  ---------  --------  ----------  --------------  -------------------
/opt/airflow/dags/etl_postgres_to_clickhouse.py   2619  0.01s             1           0  0.58s           2026-01-07T11:57:29
================================================================================
[2026-01-07T11:58:28.064+0000] {manager.py:878} INFO - 
================================================================================
DAG File Processing Stats

File Path                                        PID    Runtime      # DAGs    # Errors  Last Runtime    Last Run
-----------------------------------------------  -----  ---------  --------  ----------  --------------  -------------------
/opt/airflow/dags/etl_postgres_to_clickhouse.py                           1           0  0.56s           2026-01-07T11:58:00
================================================================================
[2026-01-07T11:58:55.727+0000] {manager.py:878} INFO - 
================================================================================
DAG File Processing Stats

File Path                                        PID    Runtime      # DAGs    # Errors  Last Runtime    Last Run
-----------------------------------------------  -----  ---------  --------  ----------  --------------  -------------------
/opt/airflow/dags/etl_postgres_to_clickhouse.py                           1           0  0.67s           2026-01-07T11:58:31
================================================================================
[2026-01-07T11:59:23.900+0000] {manager.py:878} INFO - 
================================================================================
DAG File Processing Stats

File Path                                        PID    Runtime      # DAGs    # Errors  Last Runtime    Last Run
-----------------------------------------------  -----  ---------  --------  ----------  --------------  -------------------
/opt/airflow/dags/etl_postgres_to_clickhouse.py                           1           0  0.66s           2026-01-07T11:59:02
================================================================================
[2026-01-07T11:59:51.544+0000] {manager.py:878} INFO - 
================================================================================
DAG File Processing Stats

File Path                                        PID    Runtime      # DAGs    # Errors  Last Runtime    Last Run
-----------------------------------------------  -----  ---------  --------  ----------  --------------  -------------------
/opt/airflow/dags/etl_postgres_to_clickhouse.py                           1           0  0.65s           2026-01-07T11:59:33
================================================================================
[2026-01-07T12:00:19.109+0000] {manager.py:878} INFO - 
================================================================================
DAG File Processing Stats

File Path                                        PID    Runtime      # DAGs    # Errors  Last Runtime    Last Run
-----------------------------------------------  -----  ---------  --------  ----------  --------------  -------------------
/opt/airflow/dags/etl_postgres_to_clickhouse.py                           1           0  0.59s           2026-01-07T12:00:04
================================================================================
[2026-01-07T12:00:46.681+0000] {manager.py:878} INFO - 
================================================================================
DAG File Processing Stats

File Path                                        PID    Runtime      # DAGs    # Errors  Last Runtime    Last Run
-----------------------------------------------  -----  ---------  --------  ----------  --------------  -------------------
/opt/airflow/dags/etl_postgres_to_clickhouse.py                           1           0  0.57s           2026-01-07T12:00:35
================================================================================
[2026-01-07T12:01:14.260+0000] {manager.py:878} INFO - 
================================================================================
DAG File Processing Stats

File Path                                        PID    Runtime      # DAGs    # Errors  Last Runtime    Last Run
-----------------------------------------------  -----  ---------  --------  ----------  --------------  -------------------
/opt/airflow/dags/etl_postgres_to_clickhouse.py                           1           0  0.72s           2026-01-07T12:01:06
================================================================================
[2026-01-07T12:01:42.196+0000] {manager.py:878} INFO - 
================================================================================
DAG File Processing Stats

File Path                                        PID    Runtime      # DAGs    # Errors  Last Runtime    Last Run
-----------------------------------------------  -----  ---------  --------  ----------  --------------  -------------------
/opt/airflow/dags/etl_postgres_to_clickhouse.py                           1           0  0.71s           2026-01-07T12:01:37
================================================================================
[2026-01-07T12:02:03.008+0000] {manager.py:737} INFO - Searching for files in /opt/airflow/dags
[2026-01-07T12:02:03.048+0000] {manager.py:740} INFO - There are 1 files in /opt/airflow/dags
[2026-01-07T12:02:09.652+0000] {manager.py:878} INFO - 
================================================================================
DAG File Processing Stats

File Path                                        PID    Runtime      # DAGs    # Errors  Last Runtime    Last Run
-----------------------------------------------  -----  ---------  --------  ----------  --------------  -------------------
/opt/airflow/dags/etl_postgres_to_clickhouse.py                           1           0  0.92s           2026-01-07T12:02:08
================================================================================
[2026-01-07T12:02:37.231+0000] {manager.py:878} INFO - 
================================================================================
DAG File Processing Stats

File Path                                        PID    Runtime      # DAGs    # Errors  Last Runtime    Last Run
-----------------------------------------------  -----  ---------  --------  ----------  --------------  -------------------
/opt/airflow/dags/etl_postgres_to_clickhouse.py                           1           0  0.92s           2026-01-07T12:02:08
================================================================================
[2026-01-07T12:03:04.938+0000] {manager.py:878} INFO - 
================================================================================
DAG File Processing Stats

File Path                                        PID    Runtime      # DAGs    # Errors  Last Runtime    Last Run
-----------------------------------------------  -----  ---------  --------  ----------  --------------  -------------------
/opt/airflow/dags/etl_postgres_to_clickhouse.py                           1           0  0.80s           2026-01-07T12:02:39
================================================================================
[2026-01-07T12:03:32.731+0000] {manager.py:878} INFO - 
================================================================================
DAG File Processing Stats

File Path                                        PID    Runtime      # DAGs    # Errors  Last Runtime    Last Run
-----------------------------------------------  -----  ---------  --------  ----------  --------------  -------------------
/opt/airflow/dags/etl_postgres_to_clickhouse.py                           1           0  0.57s           2026-01-07T12:03:10
================================================================================
[2026-01-07T12:04:00.137+0000] {manager.py:878} INFO - 
================================================================================
DAG File Processing Stats

File Path                                        PID    Runtime      # DAGs    # Errors  Last Runtime    Last Run
-----------------------------------------------  -----  ---------  --------  ----------  --------------  -------------------
/opt/airflow/dags/etl_postgres_to_clickhouse.py                           1           0  0.77s           2026-01-07T12:03:41
================================================================================
[2026-01-07T12:04:27.737+0000] {manager.py:878} INFO - 
================================================================================
DAG File Processing Stats

File Path                                        PID    Runtime      # DAGs    # Errors  Last Runtime    Last Run
-----------------------------------------------  -----  ---------  --------  ----------  --------------  -------------------
/opt/airflow/dags/etl_postgres_to_clickhouse.py                           1           0  0.69s           2026-01-07T12:04:12
================================================================================
[2026-01-07T12:04:55.345+0000] {manager.py:878} INFO - 
================================================================================
DAG File Processing Stats

File Path                                        PID    Runtime      # DAGs    # Errors  Last Runtime    Last Run
-----------------------------------------------  -----  ---------  --------  ----------  --------------  -------------------
/opt/airflow/dags/etl_postgres_to_clickhouse.py                           1           0  1.13s           2026-01-07T12:04:44
================================================================================
[2026-01-07T12:06:39.483+0000] {manager.py:470} INFO - Processing files using up to 2 processes at a time 
[2026-01-07T12:06:39.485+0000] {manager.py:471} INFO - Process each file at most once every 30 seconds
[2026-01-07T12:06:39.486+0000] {manager.py:472} INFO - Checking for new files in /opt/airflow/dags every 300 seconds
[2026-01-07T12:06:39.487+0000] {manager.py:737} INFO - Searching for files in /opt/airflow/dags
[2026-01-07T12:06:39.512+0000] {manager.py:740} INFO - There are 1 files in /opt/airflow/dags
[2026-01-07T12:06:39.668+0000] {manager.py:878} INFO - 
================================================================================
DAG File Processing Stats

File Path                                          PID  Runtime      # DAGs    # Errors  Last Runtime    Last Run
-----------------------------------------------  -----  ---------  --------  ----------  --------------  ----------
/opt/airflow/dags/etl_postgres_to_clickhouse.py    190  0.06s             0           0
================================================================================
[2026-01-07T12:07:07.130+0000] {manager.py:878} INFO - 
================================================================================
DAG File Processing Stats

File Path                                        PID    Runtime      # DAGs    # Errors  Last Runtime    Last Run
-----------------------------------------------  -----  ---------  --------  ----------  --------------  -------------------
/opt/airflow/dags/etl_postgres_to_clickhouse.py                           1           0  0.80s           2026-01-07T12:06:40
================================================================================
[2026-01-07T12:07:34.627+0000] {manager.py:878} INFO - 
================================================================================
DAG File Processing Stats

File Path                                        PID    Runtime      # DAGs    # Errors  Last Runtime    Last Run
-----------------------------------------------  -----  ---------  --------  ----------  --------------  -------------------
/opt/airflow/dags/etl_postgres_to_clickhouse.py                           1           0  0.47s           2026-01-07T12:07:11
================================================================================
[2026-01-07T12:08:02.357+0000] {manager.py:878} INFO - 
================================================================================
DAG File Processing Stats

File Path                                        PID    Runtime      # DAGs    # Errors  Last Runtime    Last Run
-----------------------------------------------  -----  ---------  --------  ----------  --------------  -------------------
/opt/airflow/dags/etl_postgres_to_clickhouse.py                           1           0  0.35s           2026-01-07T12:07:42
================================================================================
[2026-01-07T12:08:29.968+0000] {manager.py:878} INFO - 
================================================================================
DAG File Processing Stats

File Path                                        PID    Runtime      # DAGs    # Errors  Last Runtime    Last Run
-----------------------------------------------  -----  ---------  --------  ----------  --------------  -------------------
/opt/airflow/dags/etl_postgres_to_clickhouse.py                           1           0  0.37s           2026-01-07T12:08:12
================================================================================
[2026-01-07T12:08:57.713+0000] {manager.py:878} INFO - 
================================================================================
DAG File Processing Stats

File Path                                        PID    Runtime      # DAGs    # Errors  Last Runtime    Last Run
-----------------------------------------------  -----  ---------  --------  ----------  --------------  -------------------
/opt/airflow/dags/etl_postgres_to_clickhouse.py                           1           0  0.34s           2026-01-07T12:08:43
================================================================================
[2026-01-07T12:09:25.278+0000] {manager.py:878} INFO - 
================================================================================
DAG File Processing Stats

File Path                                        PID    Runtime      # DAGs    # Errors  Last Runtime    Last Run
-----------------------------------------------  -----  ---------  --------  ----------  --------------  -------------------
/opt/airflow/dags/etl_postgres_to_clickhouse.py                           1           0  0.33s           2026-01-07T12:09:14
================================================================================
[2026-01-07T12:09:53.077+0000] {manager.py:878} INFO - 
================================================================================
DAG File Processing Stats

File Path                                        PID    Runtime      # DAGs    # Errors  Last Runtime    Last Run
-----------------------------------------------  -----  ---------  --------  ----------  --------------  -------------------
/opt/airflow/dags/etl_postgres_to_clickhouse.py                           1           0  0.35s           2026-01-07T12:09:45
================================================================================
[2026-01-07T12:10:36.425+0000] {manager.py:470} INFO - Processing files using up to 2 processes at a time 
[2026-01-07T12:10:36.426+0000] {manager.py:471} INFO - Process each file at most once every 30 seconds
[2026-01-07T12:10:36.428+0000] {manager.py:472} INFO - Checking for new files in /opt/airflow/dags every 300 seconds
[2026-01-07T12:10:36.429+0000] {manager.py:737} INFO - Searching for files in /opt/airflow/dags
[2026-01-07T12:10:36.452+0000] {manager.py:740} INFO - There are 1 files in /opt/airflow/dags
[2026-01-07T12:10:36.559+0000] {manager.py:878} INFO - 
================================================================================
DAG File Processing Stats

File Path                                          PID  Runtime      # DAGs    # Errors  Last Runtime    Last Run
-----------------------------------------------  -----  ---------  --------  ----------  --------------  ----------
/opt/airflow/dags/etl_postgres_to_clickhouse.py    190  0.04s             0           0
================================================================================
[2026-01-07T12:11:04.029+0000] {manager.py:878} INFO - 
================================================================================
DAG File Processing Stats

File Path                                        PID    Runtime      # DAGs    # Errors  Last Runtime    Last Run
-----------------------------------------------  -----  ---------  --------  ----------  --------------  -------------------
/opt/airflow/dags/etl_postgres_to_clickhouse.py                           1           0  0.50s           2026-01-07T12:10:37
================================================================================
[2026-01-07T12:12:50.729+0000] {manager.py:470} INFO - Processing files using up to 2 processes at a time 
[2026-01-07T12:12:50.735+0000] {manager.py:471} INFO - Process each file at most once every 30 seconds
[2026-01-07T12:12:50.745+0000] {manager.py:472} INFO - Checking for new files in /opt/airflow/dags every 300 seconds
[2026-01-07T12:12:50.750+0000] {manager.py:737} INFO - Searching for files in /opt/airflow/dags
[2026-01-07T12:12:50.786+0000] {manager.py:740} INFO - There are 1 files in /opt/airflow/dags
[2026-01-07T12:12:50.932+0000] {manager.py:878} INFO - 
================================================================================
DAG File Processing Stats

File Path                                          PID  Runtime      # DAGs    # Errors  Last Runtime    Last Run
-----------------------------------------------  -----  ---------  --------  ----------  --------------  ----------
/opt/airflow/dags/etl_postgres_to_clickhouse.py    190  0.06s             0           0
================================================================================
[2026-01-07T12:13:18.405+0000] {manager.py:878} INFO - 
================================================================================
DAG File Processing Stats

File Path                                        PID    Runtime      # DAGs    # Errors  Last Runtime    Last Run
-----------------------------------------------  -----  ---------  --------  ----------  --------------  -------------------
/opt/airflow/dags/etl_postgres_to_clickhouse.py                           1           0  0.61s           2026-01-07T12:12:51
================================================================================
[2026-01-07T12:13:45.806+0000] {manager.py:878} INFO - 
================================================================================
DAG File Processing Stats

File Path                                        PID    Runtime      # DAGs    # Errors  Last Runtime    Last Run
-----------------------------------------------  -----  ---------  --------  ----------  --------------  -------------------
/opt/airflow/dags/etl_postgres_to_clickhouse.py                           1           0  0.35s           2026-01-07T12:13:22
================================================================================
[2026-01-07T12:14:13.358+0000] {manager.py:878} INFO - 
================================================================================
DAG File Processing Stats

File Path                                        PID    Runtime      # DAGs    # Errors  Last Runtime    Last Run
-----------------------------------------------  -----  ---------  --------  ----------  --------------  -------------------
/opt/airflow/dags/etl_postgres_to_clickhouse.py                           1           0  0.41s           2026-01-07T12:13:52
================================================================================
[2026-01-07T12:14:40.835+0000] {manager.py:878} INFO - 
================================================================================
DAG File Processing Stats

File Path                                        PID    Runtime      # DAGs    # Errors  Last Runtime    Last Run
-----------------------------------------------  -----  ---------  --------  ----------  --------------  -------------------
/opt/airflow/dags/etl_postgres_to_clickhouse.py                           1           0  0.50s           2026-01-07T12:14:23
================================================================================
[2026-01-07T12:15:08.128+0000] {manager.py:878} INFO - 
================================================================================
DAG File Processing Stats

File Path                                        PID    Runtime      # DAGs    # Errors  Last Runtime    Last Run
-----------------------------------------------  -----  ---------  --------  ----------  --------------  -------------------
/opt/airflow/dags/etl_postgres_to_clickhouse.py                           1           0  0.33s           2026-01-07T12:14:54
================================================================================
[2026-01-07T12:15:35.605+0000] {manager.py:878} INFO - 
================================================================================
DAG File Processing Stats

File Path                                        PID    Runtime      # DAGs    # Errors  Last Runtime    Last Run
-----------------------------------------------  -----  ---------  --------  ----------  --------------  -------------------
/opt/airflow/dags/etl_postgres_to_clickhouse.py                           1           0  0.34s           2026-01-07T12:15:25
================================================================================
[2026-01-07T12:16:03.116+0000] {manager.py:878} INFO - 
================================================================================
DAG File Processing Stats

File Path                                        PID    Runtime      # DAGs    # Errors  Last Runtime    Last Run
-----------------------------------------------  -----  ---------  --------  ----------  --------------  -------------------
/opt/airflow/dags/etl_postgres_to_clickhouse.py                           1           0  0.34s           2026-01-07T12:15:56
================================================================================
[2026-01-07T12:16:31.038+0000] {manager.py:878} INFO - 
================================================================================
DAG File Processing Stats

File Path                                        PID    Runtime      # DAGs    # Errors  Last Runtime    Last Run
-----------------------------------------------  -----  ---------  --------  ----------  --------------  -------------------
/opt/airflow/dags/etl_postgres_to_clickhouse.py                           1           0  0.46s           2026-01-07T12:16:27
================================================================================
[2026-01-07T12:16:58.588+0000] {manager.py:878} INFO - 
================================================================================
DAG File Processing Stats

File Path                                        PID    Runtime      # DAGs    # Errors  Last Runtime    Last Run
-----------------------------------------------  -----  ---------  --------  ----------  --------------  -------------------
/opt/airflow/dags/etl_postgres_to_clickhouse.py                           1           0  0.39s           2026-01-07T12:16:57
================================================================================
[2026-01-07T12:17:26.045+0000] {manager.py:878} INFO - 
================================================================================
DAG File Processing Stats

File Path                                        PID    Runtime      # DAGs    # Errors  Last Runtime    Last Run
-----------------------------------------------  -----  ---------  --------  ----------  --------------  -------------------
/opt/airflow/dags/etl_postgres_to_clickhouse.py                           1           0  0.39s           2026-01-07T12:16:57
================================================================================
[2026-01-07T12:17:50.813+0000] {manager.py:737} INFO - Searching for files in /opt/airflow/dags
[2026-01-07T12:17:50.850+0000] {manager.py:740} INFO - There are 1 files in /opt/airflow/dags
[2026-01-07T12:17:53.931+0000] {manager.py:878} INFO - 
================================================================================
DAG File Processing Stats

File Path                                        PID    Runtime      # DAGs    # Errors  Last Runtime    Last Run
-----------------------------------------------  -----  ---------  --------  ----------  --------------  -------------------
/opt/airflow/dags/etl_postgres_to_clickhouse.py                           1           0  0.34s           2026-01-07T12:17:28
================================================================================
[2026-01-07T12:18:21.443+0000] {manager.py:878} INFO - 
================================================================================
DAG File Processing Stats

File Path                                        PID    Runtime      # DAGs    # Errors  Last Runtime    Last Run
-----------------------------------------------  -----  ---------  --------  ----------  --------------  -------------------
/opt/airflow/dags/etl_postgres_to_clickhouse.py                           1           0  0.34s           2026-01-07T12:17:59
================================================================================
[2026-01-07T12:18:49.221+0000] {manager.py:878} INFO - 
================================================================================
DAG File Processing Stats

File Path                                        PID    Runtime      # DAGs    # Errors  Last Runtime    Last Run
-----------------------------------------------  -----  ---------  --------  ----------  --------------  -------------------
/opt/airflow/dags/etl_postgres_to_clickhouse.py                           1           0  0.35s           2026-01-07T12:18:29
================================================================================
[2026-01-07T12:19:16.708+0000] {manager.py:878} INFO - 
================================================================================
DAG File Processing Stats

File Path                                        PID    Runtime      # DAGs    # Errors  Last Runtime    Last Run
-----------------------------------------------  -----  ---------  --------  ----------  --------------  -------------------
/opt/airflow/dags/etl_postgres_to_clickhouse.py                           1           0  0.37s           2026-01-07T12:19:00
================================================================================
[2026-01-07T12:20:09.279+0000] {manager.py:470} INFO - Processing files using up to 2 processes at a time 
[2026-01-07T12:20:09.281+0000] {manager.py:471} INFO - Process each file at most once every 30 seconds
[2026-01-07T12:20:09.282+0000] {manager.py:472} INFO - Checking for new files in /opt/airflow/dags every 300 seconds
[2026-01-07T12:20:09.284+0000] {manager.py:737} INFO - Searching for files in /opt/airflow/dags
[2026-01-07T12:20:09.317+0000] {manager.py:740} INFO - There are 1 files in /opt/airflow/dags
[2026-01-07T12:20:09.478+0000] {manager.py:878} INFO - 
================================================================================
DAG File Processing Stats

File Path                                          PID  Runtime      # DAGs    # Errors  Last Runtime    Last Run
-----------------------------------------------  -----  ---------  --------  ----------  --------------  ----------
/opt/airflow/dags/etl_postgres_to_clickhouse.py    191  0.06s             0           0
================================================================================
[2026-01-07T12:20:36.940+0000] {manager.py:878} INFO - 
================================================================================
DAG File Processing Stats

File Path                                        PID    Runtime      # DAGs    # Errors  Last Runtime    Last Run
-----------------------------------------------  -----  ---------  --------  ----------  --------------  -------------------
/opt/airflow/dags/etl_postgres_to_clickhouse.py                           1           0  0.74s           2026-01-07T12:20:10
================================================================================
[2026-01-07T12:21:04.406+0000] {manager.py:878} INFO - 
================================================================================
DAG File Processing Stats

File Path                                        PID    Runtime      # DAGs    # Errors  Last Runtime    Last Run
-----------------------------------------------  -----  ---------  --------  ----------  --------------  -------------------
/opt/airflow/dags/etl_postgres_to_clickhouse.py                           1           0  0.48s           2026-01-07T12:20:41
================================================================================
[2026-01-07T12:21:32.004+0000] {manager.py:878} INFO - 
================================================================================
DAG File Processing Stats

File Path                                        PID    Runtime      # DAGs    # Errors  Last Runtime    Last Run
-----------------------------------------------  -----  ---------  --------  ----------  --------------  -------------------
/opt/airflow/dags/etl_postgres_to_clickhouse.py                           1           0  0.44s           2026-01-07T12:21:11
================================================================================
[2026-01-07T12:26:20.995+0000] {manager.py:470} INFO - Processing files using up to 2 processes at a time 
[2026-01-07T12:26:21.001+0000] {manager.py:471} INFO - Process each file at most once every 30 seconds
[2026-01-07T12:26:21.003+0000] {manager.py:472} INFO - Checking for new files in /opt/airflow/dags every 300 seconds
[2026-01-07T12:26:21.004+0000] {manager.py:737} INFO - Searching for files in /opt/airflow/dags
[2026-01-07T12:26:21.039+0000] {manager.py:740} INFO - There are 1 files in /opt/airflow/dags
[2026-01-07T12:26:21.189+0000] {manager.py:878} INFO - 
================================================================================
DAG File Processing Stats

File Path                                          PID  Runtime      # DAGs    # Errors  Last Runtime    Last Run
-----------------------------------------------  -----  ---------  --------  ----------  --------------  ----------
/opt/airflow/dags/etl_postgres_to_clickhouse.py    190  0.05s             0           0
================================================================================
[2026-01-07T12:26:48.694+0000] {manager.py:878} INFO - 
================================================================================
DAG File Processing Stats

File Path                                        PID    Runtime      # DAGs    # Errors  Last Runtime    Last Run
-----------------------------------------------  -----  ---------  --------  ----------  --------------  -------------------
/opt/airflow/dags/etl_postgres_to_clickhouse.py                           1           0  0.69s           2026-01-07T12:26:21
================================================================================
[2026-01-07T12:27:16.166+0000] {manager.py:878} INFO - 
================================================================================
DAG File Processing Stats

File Path                                        PID    Runtime      # DAGs    # Errors  Last Runtime    Last Run
-----------------------------------------------  -----  ---------  --------  ----------  --------------  -------------------
/opt/airflow/dags/etl_postgres_to_clickhouse.py                           1           0  -2.05s          2026-01-07T12:26:50
================================================================================
[2026-01-07T12:27:43.893+0000] {manager.py:878} INFO - 
================================================================================
DAG File Processing Stats

File Path                                        PID    Runtime      # DAGs    # Errors  Last Runtime    Last Run
-----------------------------------------------  -----  ---------  --------  ----------  --------------  -------------------
/opt/airflow/dags/etl_postgres_to_clickhouse.py                           1           0  0.52s           2026-01-07T12:27:21
================================================================================
[2026-01-07T12:28:11.586+0000] {manager.py:878} INFO - 
================================================================================
DAG File Processing Stats

File Path                                        PID    Runtime      # DAGs    # Errors  Last Runtime    Last Run
-----------------------------------------------  -----  ---------  --------  ----------  --------------  -------------------
/opt/airflow/dags/etl_postgres_to_clickhouse.py                           1           0  0.56s           2026-01-07T12:27:51
================================================================================
[2026-01-07T12:28:39.411+0000] {manager.py:878} INFO - 
================================================================================
DAG File Processing Stats

File Path                                        PID    Runtime      # DAGs    # Errors  Last Runtime    Last Run
-----------------------------------------------  -----  ---------  --------  ----------  --------------  -------------------
/opt/airflow/dags/etl_postgres_to_clickhouse.py                           1           0  0.57s           2026-01-07T12:28:22
================================================================================
[2026-01-07T12:29:07.156+0000] {manager.py:878} INFO - 
================================================================================
DAG File Processing Stats

File Path                                        PID    Runtime      # DAGs    # Errors  Last Runtime    Last Run
-----------------------------------------------  -----  ---------  --------  ----------  --------------  -------------------
/opt/airflow/dags/etl_postgres_to_clickhouse.py                           1           0  0.40s           2026-01-07T12:28:53
================================================================================
[2026-01-07T12:29:34.698+0000] {manager.py:878} INFO - 
================================================================================
DAG File Processing Stats

File Path                                        PID    Runtime      # DAGs    # Errors  Last Runtime    Last Run
-----------------------------------------------  -----  ---------  --------  ----------  --------------  -------------------
/opt/airflow/dags/etl_postgres_to_clickhouse.py                           1           0  0.52s           2026-01-07T12:29:24
================================================================================
[2026-01-07T12:30:02.079+0000] {manager.py:878} INFO - 
================================================================================
DAG File Processing Stats

File Path                                        PID    Runtime      # DAGs    # Errors  Last Runtime    Last Run
-----------------------------------------------  -----  ---------  --------  ----------  --------------  -------------------
/opt/airflow/dags/etl_postgres_to_clickhouse.py                           1           0  0.47s           2026-01-07T12:29:55
================================================================================
[2026-01-07T12:30:29.514+0000] {manager.py:878} INFO - 
================================================================================
DAG File Processing Stats

File Path                                        PID    Runtime      # DAGs    # Errors  Last Runtime    Last Run
-----------------------------------------------  -----  ---------  --------  ----------  --------------  -------------------
/opt/airflow/dags/etl_postgres_to_clickhouse.py                           1           0  0.46s           2026-01-07T12:30:25
================================================================================
[2026-01-07T12:30:57.001+0000] {manager.py:878} INFO - 
================================================================================
DAG File Processing Stats

File Path                                        PID    Runtime      # DAGs    # Errors  Last Runtime    Last Run
-----------------------------------------------  -----  ---------  --------  ----------  --------------  -------------------
/opt/airflow/dags/etl_postgres_to_clickhouse.py                           1           0  0.40s           2026-01-07T12:30:56
================================================================================
[2026-01-07T12:31:21.424+0000] {manager.py:737} INFO - Searching for files in /opt/airflow/dags
[2026-01-07T12:31:21.461+0000] {manager.py:740} INFO - There are 1 files in /opt/airflow/dags
[2026-01-07T12:31:24.499+0000] {manager.py:878} INFO - 
================================================================================
DAG File Processing Stats

File Path                                        PID    Runtime      # DAGs    # Errors  Last Runtime    Last Run
-----------------------------------------------  -----  ---------  --------  ----------  --------------  -------------------
/opt/airflow/dags/etl_postgres_to_clickhouse.py                           1           0  0.40s           2026-01-07T12:30:56
================================================================================
[2026-01-07T12:31:52.332+0000] {manager.py:878} INFO - 
================================================================================
DAG File Processing Stats

File Path                                        PID    Runtime      # DAGs    # Errors  Last Runtime    Last Run
-----------------------------------------------  -----  ---------  --------  ----------  --------------  -------------------
/opt/airflow/dags/etl_postgres_to_clickhouse.py                           1           0  0.41s           2026-01-07T12:31:27
================================================================================
[2026-01-07T12:32:19.875+0000] {manager.py:878} INFO - 
================================================================================
DAG File Processing Stats

File Path                                        PID    Runtime      # DAGs    # Errors  Last Runtime    Last Run
-----------------------------------------------  -----  ---------  --------  ----------  --------------  -------------------
/opt/airflow/dags/etl_postgres_to_clickhouse.py                           1           0  0.36s           2026-01-07T12:31:58
================================================================================
[2026-01-07T12:32:44.995+0000] {manager.py:878} INFO - 
================================================================================
DAG File Processing Stats

File Path                                        PID    Runtime      # DAGs    # Errors  Last Runtime    Last Run
-----------------------------------------------  -----  ---------  --------  ----------  --------------  -------------------
/opt/airflow/dags/etl_postgres_to_clickhouse.py                           1           0  0.64s           2026-01-07T12:32:28
================================================================================
[2026-01-07T12:33:12.472+0000] {manager.py:878} INFO - 
================================================================================
DAG File Processing Stats

File Path                                        PID    Runtime      # DAGs    # Errors  Last Runtime    Last Run
-----------------------------------------------  -----  ---------  --------  ----------  --------------  -------------------
/opt/airflow/dags/etl_postgres_to_clickhouse.py                           1           0  0.94s           2026-01-07T12:33:00
================================================================================
[2026-01-07T12:33:39.790+0000] {manager.py:878} INFO - 
================================================================================
DAG File Processing Stats

File Path                                        PID    Runtime      # DAGs    # Errors  Last Runtime    Last Run
-----------------------------------------------  -----  ---------  --------  ----------  --------------  -------------------
/opt/airflow/dags/etl_postgres_to_clickhouse.py                           1           0  0.76s           2026-01-07T12:33:31
================================================================================
[2026-01-07T12:34:07.365+0000] {manager.py:878} INFO - 
================================================================================
DAG File Processing Stats

File Path                                        PID    Runtime      # DAGs    # Errors  Last Runtime    Last Run
-----------------------------------------------  -----  ---------  --------  ----------  --------------  -------------------
/opt/airflow/dags/etl_postgres_to_clickhouse.py                           1           0  0.73s           2026-01-07T12:34:02
================================================================================
[2026-01-07T12:34:34.706+0000] {manager.py:878} INFO - 
================================================================================
DAG File Processing Stats

File Path                                        PID    Runtime      # DAGs    # Errors  Last Runtime    Last Run
-----------------------------------------------  -----  ---------  --------  ----------  --------------  -------------------
/opt/airflow/dags/etl_postgres_to_clickhouse.py                           1           0  0.78s           2026-01-07T12:34:33
================================================================================
[2026-01-07T12:35:02.256+0000] {manager.py:878} INFO - 
================================================================================
DAG File Processing Stats

File Path                                        PID    Runtime      # DAGs    # Errors  Last Runtime    Last Run
-----------------------------------------------  -----  ---------  --------  ----------  --------------  -------------------
/opt/airflow/dags/etl_postgres_to_clickhouse.py                           1           0  -2.07s          2026-01-07T12:35:01
================================================================================
[2026-01-07T12:35:29.816+0000] {manager.py:878} INFO - 
================================================================================
DAG File Processing Stats

File Path                                        PID    Runtime      # DAGs    # Errors  Last Runtime    Last Run
-----------------------------------------------  -----  ---------  --------  ----------  --------------  -------------------
/opt/airflow/dags/etl_postgres_to_clickhouse.py                           1           0  -2.07s          2026-01-07T12:35:01
================================================================================
[2026-01-07T12:35:57.614+0000] {manager.py:878} INFO - 
================================================================================
DAG File Processing Stats

File Path                                        PID    Runtime      # DAGs    # Errors  Last Runtime    Last Run
-----------------------------------------------  -----  ---------  --------  ----------  --------------  -------------------
/opt/airflow/dags/etl_postgres_to_clickhouse.py                           1           0  0.66s           2026-01-07T12:35:32
================================================================================
[2026-01-07T12:36:21.515+0000] {manager.py:737} INFO - Searching for files in /opt/airflow/dags
[2026-01-07T12:36:21.548+0000] {manager.py:740} INFO - There are 1 files in /opt/airflow/dags
[2026-01-07T12:36:25.669+0000] {manager.py:878} INFO - 
================================================================================
DAG File Processing Stats

File Path                                        PID    Runtime      # DAGs    # Errors  Last Runtime    Last Run
-----------------------------------------------  -----  ---------  --------  ----------  --------------  -------------------
/opt/airflow/dags/etl_postgres_to_clickhouse.py                           1           0  0.66s           2026-01-07T12:36:03
================================================================================
[2026-01-07T12:36:53.351+0000] {manager.py:878} INFO - 
================================================================================
DAG File Processing Stats

File Path                                        PID    Runtime      # DAGs    # Errors  Last Runtime    Last Run
-----------------------------------------------  -----  ---------  --------  ----------  --------------  -------------------
/opt/airflow/dags/etl_postgres_to_clickhouse.py                           1           0  0.38s           2026-01-07T12:36:34
================================================================================
[2026-01-07T12:37:21.023+0000] {manager.py:878} INFO - 
================================================================================
DAG File Processing Stats

File Path                                        PID    Runtime      # DAGs    # Errors  Last Runtime    Last Run
-----------------------------------------------  -----  ---------  --------  ----------  --------------  -------------------
/opt/airflow/dags/etl_postgres_to_clickhouse.py                           1           0  0.41s           2026-01-07T12:37:04
================================================================================
[2026-01-07T12:37:48.714+0000] {manager.py:878} INFO - 
================================================================================
DAG File Processing Stats

File Path                                        PID    Runtime      # DAGs    # Errors  Last Runtime    Last Run
-----------------------------------------------  -----  ---------  --------  ----------  --------------  -------------------
/opt/airflow/dags/etl_postgres_to_clickhouse.py                           1           0  0.40s           2026-01-07T12:37:35
================================================================================
[2026-01-07T12:38:16.379+0000] {manager.py:878} INFO - 
================================================================================
DAG File Processing Stats

File Path                                        PID    Runtime      # DAGs    # Errors  Last Runtime    Last Run
-----------------------------------------------  -----  ---------  --------  ----------  --------------  -------------------
/opt/airflow/dags/etl_postgres_to_clickhouse.py                           1           0  0.45s           2026-01-07T12:38:06
================================================================================
[2026-01-07T12:38:44.127+0000] {manager.py:878} INFO - 
================================================================================
DAG File Processing Stats

File Path                                        PID    Runtime      # DAGs    # Errors  Last Runtime    Last Run
-----------------------------------------------  -----  ---------  --------  ----------  --------------  -------------------
/opt/airflow/dags/etl_postgres_to_clickhouse.py                           1           0  0.37s           2026-01-07T12:38:36
================================================================================
[2026-01-07T12:39:11.652+0000] {manager.py:878} INFO - 
================================================================================
DAG File Processing Stats

File Path                                        PID    Runtime      # DAGs    # Errors  Last Runtime    Last Run
-----------------------------------------------  -----  ---------  --------  ----------  --------------  -------------------
/opt/airflow/dags/etl_postgres_to_clickhouse.py                           1           0  0.40s           2026-01-07T12:39:07
================================================================================
[2026-01-07T12:39:39.458+0000] {manager.py:878} INFO - 
================================================================================
DAG File Processing Stats

File Path                                        PID    Runtime      # DAGs    # Errors  Last Runtime    Last Run
-----------------------------------------------  -----  ---------  --------  ----------  --------------  -------------------
/opt/airflow/dags/etl_postgres_to_clickhouse.py                           1           0  0.39s           2026-01-07T12:39:38
================================================================================
[2026-01-07T12:40:06.939+0000] {manager.py:878} INFO - 
================================================================================
DAG File Processing Stats

File Path                                        PID    Runtime      # DAGs    # Errors  Last Runtime    Last Run
-----------------------------------------------  -----  ---------  --------  ----------  --------------  -------------------
/opt/airflow/dags/etl_postgres_to_clickhouse.py                           1           0  0.39s           2026-01-07T12:39:38
================================================================================
[2026-01-07T12:40:34.444+0000] {manager.py:878} INFO - 
================================================================================
DAG File Processing Stats

File Path                                        PID    Runtime      # DAGs    # Errors  Last Runtime    Last Run
-----------------------------------------------  -----  ---------  --------  ----------  --------------  -------------------
/opt/airflow/dags/etl_postgres_to_clickhouse.py                           1           0  0.44s           2026-01-07T12:40:09
================================================================================
[2026-01-07T12:41:01.922+0000] {manager.py:878} INFO - 
================================================================================
DAG File Processing Stats

File Path                                        PID    Runtime      # DAGs    # Errors  Last Runtime    Last Run
-----------------------------------------------  -----  ---------  --------  ----------  --------------  -------------------
/opt/airflow/dags/etl_postgres_to_clickhouse.py                           1           0  0.36s           2026-01-07T12:40:39
================================================================================
[2026-01-07T12:41:22.380+0000] {manager.py:737} INFO - Searching for files in /opt/airflow/dags
[2026-01-07T12:41:22.406+0000] {manager.py:740} INFO - There are 1 files in /opt/airflow/dags
[2026-01-07T12:41:29.764+0000] {manager.py:878} INFO - 
================================================================================
DAG File Processing Stats

File Path                                        PID    Runtime      # DAGs    # Errors  Last Runtime    Last Run
-----------------------------------------------  -----  ---------  --------  ----------  --------------  -------------------
/opt/airflow/dags/etl_postgres_to_clickhouse.py                           1           0  0.39s           2026-01-07T12:41:10
================================================================================
[2026-01-07T12:41:57.247+0000] {manager.py:878} INFO - 
================================================================================
DAG File Processing Stats

File Path                                        PID    Runtime      # DAGs    # Errors  Last Runtime    Last Run
-----------------------------------------------  -----  ---------  --------  ----------  --------------  -------------------
/opt/airflow/dags/etl_postgres_to_clickhouse.py                           1           0  0.47s           2026-01-07T12:41:41
================================================================================
[2026-01-07T12:42:24.697+0000] {manager.py:878} INFO - 
================================================================================
DAG File Processing Stats

File Path                                        PID    Runtime      # DAGs    # Errors  Last Runtime    Last Run
-----------------------------------------------  -----  ---------  --------  ----------  --------------  -------------------
/opt/airflow/dags/etl_postgres_to_clickhouse.py                           1           0  0.41s           2026-01-07T12:42:11
================================================================================
[2026-01-07T12:42:52.303+0000] {manager.py:878} INFO - 
================================================================================
DAG File Processing Stats

File Path                                        PID    Runtime      # DAGs    # Errors  Last Runtime    Last Run
-----------------------------------------------  -----  ---------  --------  ----------  --------------  -------------------
/opt/airflow/dags/etl_postgres_to_clickhouse.py                           1           0  0.41s           2026-01-07T12:42:42
================================================================================
[2026-01-07T12:43:20.109+0000] {manager.py:878} INFO - 
================================================================================
DAG File Processing Stats

File Path                                        PID    Runtime      # DAGs    # Errors  Last Runtime    Last Run
-----------------------------------------------  -----  ---------  --------  ----------  --------------  -------------------
/opt/airflow/dags/etl_postgres_to_clickhouse.py                           1           0  0.51s           2026-01-07T12:43:12
================================================================================
[2026-01-07T12:43:47.637+0000] {manager.py:878} INFO - 
================================================================================
DAG File Processing Stats

File Path                                        PID    Runtime      # DAGs    # Errors  Last Runtime    Last Run
-----------------------------------------------  -----  ---------  --------  ----------  --------------  -------------------
/opt/airflow/dags/etl_postgres_to_clickhouse.py                           1           0  0.51s           2026-01-07T12:43:44
================================================================================
[2026-01-07T12:44:15.521+0000] {manager.py:878} INFO - 
================================================================================
DAG File Processing Stats

File Path                                        PID    Runtime      # DAGs    # Errors  Last Runtime    Last Run
-----------------------------------------------  -----  ---------  --------  ----------  --------------  -------------------
/opt/airflow/dags/etl_postgres_to_clickhouse.py                           1           0  0.55s           2026-01-07T12:44:14
================================================================================
[2026-01-07T12:44:42.982+0000] {manager.py:878} INFO - 
================================================================================
DAG File Processing Stats

File Path                                        PID    Runtime      # DAGs    # Errors  Last Runtime    Last Run
-----------------------------------------------  -----  ---------  --------  ----------  --------------  -------------------
/opt/airflow/dags/etl_postgres_to_clickhouse.py                           1           0  0.55s           2026-01-07T12:44:14
================================================================================
[2026-01-07T12:45:10.647+0000] {manager.py:878} INFO - 
================================================================================
DAG File Processing Stats

File Path                                        PID    Runtime      # DAGs    # Errors  Last Runtime    Last Run
-----------------------------------------------  -----  ---------  --------  ----------  --------------  -------------------
/opt/airflow/dags/etl_postgres_to_clickhouse.py                           1           0  0.39s           2026-01-07T12:44:45
================================================================================
