[2026-01-07T10:47:40.465+0000] {processor.py:161} INFO - Started process (PID=198) to work on /opt/airflow/dags/etl_postgres_to_clickhouse.py
[2026-01-07T10:47:40.467+0000] {processor.py:830} INFO - Processing file /opt/airflow/dags/etl_postgres_to_clickhouse.py for tasks to queue
[2026-01-07T10:47:40.476+0000] {logging_mixin.py:188} INFO - [2026-01-07T10:47:40.475+0000] {dagbag.py:545} INFO - Filling up the DagBag from /opt/airflow/dags/etl_postgres_to_clickhouse.py
[2026-01-07T10:47:41.016+0000] {processor.py:840} INFO - DAG(s) 'pg_to_clickhouse_sliding_window' retrieved from /opt/airflow/dags/etl_postgres_to_clickhouse.py
[2026-01-07T10:47:41.634+0000] {logging_mixin.py:188} INFO - [2026-01-07T10:47:41.633+0000] {override.py:1829} INFO - Created Permission View: can edit on DAG:pg_to_clickhouse_sliding_window
[2026-01-07T10:47:41.659+0000] {logging_mixin.py:188} INFO - [2026-01-07T10:47:41.658+0000] {override.py:1829} INFO - Created Permission View: can read on DAG:pg_to_clickhouse_sliding_window
[2026-01-07T10:47:41.677+0000] {logging_mixin.py:188} INFO - [2026-01-07T10:47:41.677+0000] {override.py:1829} INFO - Created Permission View: can delete on DAG:pg_to_clickhouse_sliding_window
[2026-01-07T10:47:41.678+0000] {logging_mixin.py:188} INFO - [2026-01-07T10:47:41.678+0000] {dag.py:3096} INFO - Sync 1 DAGs
[2026-01-07T10:47:41.702+0000] {logging_mixin.py:188} INFO - [2026-01-07T10:47:41.701+0000] {dag.py:3118} INFO - Creating ORM DAG for pg_to_clickhouse_sliding_window
[2026-01-07T10:47:41.722+0000] {logging_mixin.py:188} INFO - [2026-01-07T10:47:41.722+0000] {dag.py:3954} INFO - Setting next_dagrun for pg_to_clickhouse_sliding_window to 2026-01-07 10:47:30+00:00, run_after=2026-01-07 10:47:40+00:00
[2026-01-07T10:47:41.759+0000] {processor.py:183} INFO - Processing /opt/airflow/dags/etl_postgres_to_clickhouse.py took 1.311 seconds
[2026-01-07T10:48:12.049+0000] {processor.py:161} INFO - Started process (PID=235) to work on /opt/airflow/dags/etl_postgres_to_clickhouse.py
[2026-01-07T10:48:12.050+0000] {processor.py:830} INFO - Processing file /opt/airflow/dags/etl_postgres_to_clickhouse.py for tasks to queue
[2026-01-07T10:48:12.060+0000] {logging_mixin.py:188} INFO - [2026-01-07T10:48:12.054+0000] {dagbag.py:545} INFO - Filling up the DagBag from /opt/airflow/dags/etl_postgres_to_clickhouse.py
[2026-01-07T10:48:12.523+0000] {processor.py:840} INFO - DAG(s) 'pg_to_clickhouse_sliding_window' retrieved from /opt/airflow/dags/etl_postgres_to_clickhouse.py
[2026-01-07T10:48:12.573+0000] {logging_mixin.py:188} INFO - [2026-01-07T10:48:12.573+0000] {dag.py:3096} INFO - Sync 1 DAGs
[2026-01-07T10:48:12.608+0000] {logging_mixin.py:188} INFO - [2026-01-07T10:48:12.607+0000] {dag.py:3954} INFO - Setting next_dagrun for pg_to_clickhouse_sliding_window to 2026-01-07 10:48:10+00:00, run_after=2026-01-07 10:48:20+00:00
[2026-01-07T10:48:12.636+0000] {processor.py:183} INFO - Processing /opt/airflow/dags/etl_postgres_to_clickhouse.py took 0.608 seconds
[2026-01-07T10:48:42.912+0000] {processor.py:161} INFO - Started process (PID=269) to work on /opt/airflow/dags/etl_postgres_to_clickhouse.py
[2026-01-07T10:48:42.913+0000] {processor.py:830} INFO - Processing file /opt/airflow/dags/etl_postgres_to_clickhouse.py for tasks to queue
[2026-01-07T10:48:42.918+0000] {logging_mixin.py:188} INFO - [2026-01-07T10:48:42.917+0000] {dagbag.py:545} INFO - Filling up the DagBag from /opt/airflow/dags/etl_postgres_to_clickhouse.py
[2026-01-07T10:48:43.173+0000] {processor.py:840} INFO - DAG(s) 'pg_to_clickhouse_sliding_window' retrieved from /opt/airflow/dags/etl_postgres_to_clickhouse.py
[2026-01-07T10:48:43.207+0000] {logging_mixin.py:188} INFO - [2026-01-07T10:48:43.207+0000] {dag.py:3096} INFO - Sync 1 DAGs
[2026-01-07T10:48:43.231+0000] {logging_mixin.py:188} INFO - [2026-01-07T10:48:43.231+0000] {dag.py:3954} INFO - Setting next_dagrun for pg_to_clickhouse_sliding_window to 2026-01-07 10:48:40+00:00, run_after=2026-01-07 10:48:50+00:00
[2026-01-07T10:48:43.253+0000] {processor.py:183} INFO - Processing /opt/airflow/dags/etl_postgres_to_clickhouse.py took 0.351 seconds
[2026-01-07T10:49:13.460+0000] {processor.py:161} INFO - Started process (PID=301) to work on /opt/airflow/dags/etl_postgres_to_clickhouse.py
[2026-01-07T10:49:13.463+0000] {processor.py:830} INFO - Processing file /opt/airflow/dags/etl_postgres_to_clickhouse.py for tasks to queue
[2026-01-07T10:49:13.466+0000] {logging_mixin.py:188} INFO - [2026-01-07T10:49:13.465+0000] {dagbag.py:545} INFO - Filling up the DagBag from /opt/airflow/dags/etl_postgres_to_clickhouse.py
[2026-01-07T10:49:13.831+0000] {processor.py:840} INFO - DAG(s) 'pg_to_clickhouse_sliding_window' retrieved from /opt/airflow/dags/etl_postgres_to_clickhouse.py
[2026-01-07T10:49:13.882+0000] {logging_mixin.py:188} INFO - [2026-01-07T10:49:13.881+0000] {dag.py:3096} INFO - Sync 1 DAGs
[2026-01-07T10:49:13.923+0000] {logging_mixin.py:188} INFO - [2026-01-07T10:49:13.923+0000] {dag.py:3954} INFO - Setting next_dagrun for pg_to_clickhouse_sliding_window to 2026-01-07 10:49:10+00:00, run_after=2026-01-07 10:49:20+00:00
[2026-01-07T10:49:13.976+0000] {processor.py:183} INFO - Processing /opt/airflow/dags/etl_postgres_to_clickhouse.py took 0.530 seconds
[2026-01-07T10:49:44.084+0000] {processor.py:161} INFO - Started process (PID=325) to work on /opt/airflow/dags/etl_postgres_to_clickhouse.py
[2026-01-07T10:49:44.086+0000] {processor.py:830} INFO - Processing file /opt/airflow/dags/etl_postgres_to_clickhouse.py for tasks to queue
[2026-01-07T10:49:44.089+0000] {logging_mixin.py:188} INFO - [2026-01-07T10:49:44.089+0000] {dagbag.py:545} INFO - Filling up the DagBag from /opt/airflow/dags/etl_postgres_to_clickhouse.py
[2026-01-07T10:49:44.521+0000] {processor.py:840} INFO - DAG(s) 'pg_to_clickhouse_sliding_window' retrieved from /opt/airflow/dags/etl_postgres_to_clickhouse.py
[2026-01-07T10:49:44.580+0000] {logging_mixin.py:188} INFO - [2026-01-07T10:49:44.579+0000] {dag.py:3096} INFO - Sync 1 DAGs
[2026-01-07T10:49:44.641+0000] {logging_mixin.py:188} INFO - [2026-01-07T10:49:44.640+0000] {dag.py:3954} INFO - Setting next_dagrun for pg_to_clickhouse_sliding_window to 2026-01-07 10:49:40+00:00, run_after=2026-01-07 10:49:50+00:00
[2026-01-07T10:49:44.687+0000] {processor.py:183} INFO - Processing /opt/airflow/dags/etl_postgres_to_clickhouse.py took 0.615 seconds
[2026-01-07T10:50:14.956+0000] {processor.py:161} INFO - Started process (PID=351) to work on /opt/airflow/dags/etl_postgres_to_clickhouse.py
[2026-01-07T10:50:14.963+0000] {processor.py:830} INFO - Processing file /opt/airflow/dags/etl_postgres_to_clickhouse.py for tasks to queue
[2026-01-07T10:50:14.971+0000] {logging_mixin.py:188} INFO - [2026-01-07T10:50:14.970+0000] {dagbag.py:545} INFO - Filling up the DagBag from /opt/airflow/dags/etl_postgres_to_clickhouse.py
[2026-01-07T10:50:15.346+0000] {processor.py:840} INFO - DAG(s) 'pg_to_clickhouse_sliding_window' retrieved from /opt/airflow/dags/etl_postgres_to_clickhouse.py
[2026-01-07T10:50:15.403+0000] {logging_mixin.py:188} INFO - [2026-01-07T10:50:15.403+0000] {dag.py:3096} INFO - Sync 1 DAGs
[2026-01-07T10:50:15.444+0000] {logging_mixin.py:188} INFO - [2026-01-07T10:50:15.444+0000] {dag.py:3954} INFO - Setting next_dagrun for pg_to_clickhouse_sliding_window to 2026-01-07 10:50:10+00:00, run_after=2026-01-07 10:50:20+00:00
[2026-01-07T10:50:15.506+0000] {processor.py:183} INFO - Processing /opt/airflow/dags/etl_postgres_to_clickhouse.py took 0.575 seconds
[2026-01-07T10:50:45.817+0000] {processor.py:161} INFO - Started process (PID=376) to work on /opt/airflow/dags/etl_postgres_to_clickhouse.py
[2026-01-07T10:50:45.819+0000] {processor.py:830} INFO - Processing file /opt/airflow/dags/etl_postgres_to_clickhouse.py for tasks to queue
[2026-01-07T10:50:45.822+0000] {logging_mixin.py:188} INFO - [2026-01-07T10:50:45.822+0000] {dagbag.py:545} INFO - Filling up the DagBag from /opt/airflow/dags/etl_postgres_to_clickhouse.py
[2026-01-07T10:50:46.231+0000] {processor.py:840} INFO - DAG(s) 'pg_to_clickhouse_sliding_window' retrieved from /opt/airflow/dags/etl_postgres_to_clickhouse.py
[2026-01-07T10:50:46.267+0000] {logging_mixin.py:188} INFO - [2026-01-07T10:50:46.266+0000] {dag.py:3096} INFO - Sync 1 DAGs
[2026-01-07T10:50:46.292+0000] {logging_mixin.py:188} INFO - [2026-01-07T10:50:46.292+0000] {dag.py:3954} INFO - Setting next_dagrun for pg_to_clickhouse_sliding_window to 2026-01-07 10:50:40+00:00, run_after=2026-01-07 10:50:50+00:00
[2026-01-07T10:50:46.314+0000] {processor.py:183} INFO - Processing /opt/airflow/dags/etl_postgres_to_clickhouse.py took 0.508 seconds
[2026-01-07T10:51:16.419+0000] {processor.py:161} INFO - Started process (PID=408) to work on /opt/airflow/dags/etl_postgres_to_clickhouse.py
[2026-01-07T10:51:16.421+0000] {processor.py:830} INFO - Processing file /opt/airflow/dags/etl_postgres_to_clickhouse.py for tasks to queue
[2026-01-07T10:51:16.425+0000] {logging_mixin.py:188} INFO - [2026-01-07T10:51:16.424+0000] {dagbag.py:545} INFO - Filling up the DagBag from /opt/airflow/dags/etl_postgres_to_clickhouse.py
[2026-01-07T10:51:16.717+0000] {processor.py:840} INFO - DAG(s) 'pg_to_clickhouse_sliding_window' retrieved from /opt/airflow/dags/etl_postgres_to_clickhouse.py
[2026-01-07T10:51:16.763+0000] {logging_mixin.py:188} INFO - [2026-01-07T10:51:16.763+0000] {dag.py:3096} INFO - Sync 1 DAGs
[2026-01-07T10:51:16.798+0000] {logging_mixin.py:188} INFO - [2026-01-07T10:51:16.798+0000] {dag.py:3954} INFO - Setting next_dagrun for pg_to_clickhouse_sliding_window to 2026-01-07 10:51:10+00:00, run_after=2026-01-07 10:51:20+00:00
[2026-01-07T10:51:16.825+0000] {processor.py:183} INFO - Processing /opt/airflow/dags/etl_postgres_to_clickhouse.py took 0.415 seconds
[2026-01-07T10:51:47.167+0000] {processor.py:161} INFO - Started process (PID=433) to work on /opt/airflow/dags/etl_postgres_to_clickhouse.py
[2026-01-07T10:51:47.172+0000] {processor.py:830} INFO - Processing file /opt/airflow/dags/etl_postgres_to_clickhouse.py for tasks to queue
[2026-01-07T10:51:47.174+0000] {logging_mixin.py:188} INFO - [2026-01-07T10:51:47.174+0000] {dagbag.py:545} INFO - Filling up the DagBag from /opt/airflow/dags/etl_postgres_to_clickhouse.py
[2026-01-07T10:51:47.411+0000] {processor.py:840} INFO - DAG(s) 'pg_to_clickhouse_sliding_window' retrieved from /opt/airflow/dags/etl_postgres_to_clickhouse.py
[2026-01-07T10:51:47.448+0000] {logging_mixin.py:188} INFO - [2026-01-07T10:51:47.447+0000] {dag.py:3096} INFO - Sync 1 DAGs
[2026-01-07T10:51:47.472+0000] {logging_mixin.py:188} INFO - [2026-01-07T10:51:47.472+0000] {dag.py:3954} INFO - Setting next_dagrun for pg_to_clickhouse_sliding_window to 2026-01-07 10:51:40+00:00, run_after=2026-01-07 10:51:50+00:00
[2026-01-07T10:51:47.496+0000] {processor.py:183} INFO - Processing /opt/airflow/dags/etl_postgres_to_clickhouse.py took 0.336 seconds
[2026-01-07T10:52:17.823+0000] {processor.py:161} INFO - Started process (PID=465) to work on /opt/airflow/dags/etl_postgres_to_clickhouse.py
[2026-01-07T10:52:17.825+0000] {processor.py:830} INFO - Processing file /opt/airflow/dags/etl_postgres_to_clickhouse.py for tasks to queue
[2026-01-07T10:52:17.829+0000] {logging_mixin.py:188} INFO - [2026-01-07T10:52:17.828+0000] {dagbag.py:545} INFO - Filling up the DagBag from /opt/airflow/dags/etl_postgres_to_clickhouse.py
[2026-01-07T10:52:18.338+0000] {processor.py:840} INFO - DAG(s) 'pg_to_clickhouse_sliding_window' retrieved from /opt/airflow/dags/etl_postgres_to_clickhouse.py
[2026-01-07T10:52:18.419+0000] {logging_mixin.py:188} INFO - [2026-01-07T10:52:18.419+0000] {dag.py:3096} INFO - Sync 1 DAGs
[2026-01-07T10:52:18.465+0000] {logging_mixin.py:188} INFO - [2026-01-07T10:52:18.465+0000] {dag.py:3954} INFO - Setting next_dagrun for pg_to_clickhouse_sliding_window to 2026-01-07 10:52:10+00:00, run_after=2026-01-07 10:52:20+00:00
[2026-01-07T10:52:18.502+0000] {processor.py:183} INFO - Processing /opt/airflow/dags/etl_postgres_to_clickhouse.py took 0.693 seconds
[2026-01-07T10:52:48.780+0000] {processor.py:161} INFO - Started process (PID=492) to work on /opt/airflow/dags/etl_postgres_to_clickhouse.py
[2026-01-07T10:52:48.785+0000] {processor.py:830} INFO - Processing file /opt/airflow/dags/etl_postgres_to_clickhouse.py for tasks to queue
[2026-01-07T10:52:48.787+0000] {logging_mixin.py:188} INFO - [2026-01-07T10:52:48.787+0000] {dagbag.py:545} INFO - Filling up the DagBag from /opt/airflow/dags/etl_postgres_to_clickhouse.py
[2026-01-07T10:52:49.069+0000] {processor.py:840} INFO - DAG(s) 'pg_to_clickhouse_sliding_window' retrieved from /opt/airflow/dags/etl_postgres_to_clickhouse.py
[2026-01-07T10:52:49.116+0000] {logging_mixin.py:188} INFO - [2026-01-07T10:52:49.116+0000] {dag.py:3096} INFO - Sync 1 DAGs
[2026-01-07T10:52:49.146+0000] {logging_mixin.py:188} INFO - [2026-01-07T10:52:49.145+0000] {dag.py:3954} INFO - Setting next_dagrun for pg_to_clickhouse_sliding_window to 2026-01-07 10:52:40+00:00, run_after=2026-01-07 10:52:50+00:00
[2026-01-07T10:52:49.171+0000] {processor.py:183} INFO - Processing /opt/airflow/dags/etl_postgres_to_clickhouse.py took 0.398 seconds
[2026-01-07T10:53:19.349+0000] {processor.py:161} INFO - Started process (PID=517) to work on /opt/airflow/dags/etl_postgres_to_clickhouse.py
[2026-01-07T10:53:19.351+0000] {processor.py:830} INFO - Processing file /opt/airflow/dags/etl_postgres_to_clickhouse.py for tasks to queue
[2026-01-07T10:53:19.355+0000] {logging_mixin.py:188} INFO - [2026-01-07T10:53:19.354+0000] {dagbag.py:545} INFO - Filling up the DagBag from /opt/airflow/dags/etl_postgres_to_clickhouse.py
[2026-01-07T10:53:19.773+0000] {processor.py:840} INFO - DAG(s) 'pg_to_clickhouse_sliding_window' retrieved from /opt/airflow/dags/etl_postgres_to_clickhouse.py
[2026-01-07T10:53:19.830+0000] {logging_mixin.py:188} INFO - [2026-01-07T10:53:19.829+0000] {dag.py:3096} INFO - Sync 1 DAGs
[2026-01-07T10:53:19.864+0000] {logging_mixin.py:188} INFO - [2026-01-07T10:53:19.864+0000] {dag.py:3954} INFO - Setting next_dagrun for pg_to_clickhouse_sliding_window to 2026-01-07 10:53:10+00:00, run_after=2026-01-07 10:53:20+00:00
[2026-01-07T10:53:19.887+0000] {processor.py:183} INFO - Processing /opt/airflow/dags/etl_postgres_to_clickhouse.py took 0.552 seconds
[2026-01-07T10:53:50.028+0000] {processor.py:161} INFO - Started process (PID=542) to work on /opt/airflow/dags/etl_postgres_to_clickhouse.py
[2026-01-07T10:53:50.029+0000] {processor.py:830} INFO - Processing file /opt/airflow/dags/etl_postgres_to_clickhouse.py for tasks to queue
[2026-01-07T10:53:50.031+0000] {logging_mixin.py:188} INFO - [2026-01-07T10:53:50.031+0000] {dagbag.py:545} INFO - Filling up the DagBag from /opt/airflow/dags/etl_postgres_to_clickhouse.py
[2026-01-07T10:53:50.314+0000] {processor.py:840} INFO - DAG(s) 'pg_to_clickhouse_sliding_window' retrieved from /opt/airflow/dags/etl_postgres_to_clickhouse.py
[2026-01-07T10:53:50.359+0000] {logging_mixin.py:188} INFO - [2026-01-07T10:53:50.358+0000] {dag.py:3096} INFO - Sync 1 DAGs
[2026-01-07T10:53:50.387+0000] {logging_mixin.py:188} INFO - [2026-01-07T10:53:50.387+0000] {dag.py:3954} INFO - Setting next_dagrun for pg_to_clickhouse_sliding_window to 2026-01-07 10:53:50+00:00, run_after=2026-01-07 10:54:00+00:00
[2026-01-07T10:53:50.417+0000] {processor.py:183} INFO - Processing /opt/airflow/dags/etl_postgres_to_clickhouse.py took 0.396 seconds
[2026-01-07T10:54:20.516+0000] {processor.py:161} INFO - Started process (PID=574) to work on /opt/airflow/dags/etl_postgres_to_clickhouse.py
[2026-01-07T10:54:20.517+0000] {processor.py:830} INFO - Processing file /opt/airflow/dags/etl_postgres_to_clickhouse.py for tasks to queue
[2026-01-07T10:54:20.521+0000] {logging_mixin.py:188} INFO - [2026-01-07T10:54:20.520+0000] {dagbag.py:545} INFO - Filling up the DagBag from /opt/airflow/dags/etl_postgres_to_clickhouse.py
[2026-01-07T10:54:20.853+0000] {processor.py:840} INFO - DAG(s) 'pg_to_clickhouse_sliding_window' retrieved from /opt/airflow/dags/etl_postgres_to_clickhouse.py
[2026-01-07T10:54:20.893+0000] {logging_mixin.py:188} INFO - [2026-01-07T10:54:20.893+0000] {dag.py:3096} INFO - Sync 1 DAGs
[2026-01-07T10:54:20.931+0000] {logging_mixin.py:188} INFO - [2026-01-07T10:54:20.930+0000] {dag.py:3954} INFO - Setting next_dagrun for pg_to_clickhouse_sliding_window to 2026-01-07 10:54:20+00:00, run_after=2026-01-07 10:54:30+00:00
[2026-01-07T10:54:20.969+0000] {processor.py:183} INFO - Processing /opt/airflow/dags/etl_postgres_to_clickhouse.py took 0.465 seconds
[2026-01-07T10:54:51.214+0000] {processor.py:161} INFO - Started process (PID=599) to work on /opt/airflow/dags/etl_postgres_to_clickhouse.py
[2026-01-07T10:54:51.216+0000] {processor.py:830} INFO - Processing file /opt/airflow/dags/etl_postgres_to_clickhouse.py for tasks to queue
[2026-01-07T10:54:51.220+0000] {logging_mixin.py:188} INFO - [2026-01-07T10:54:51.219+0000] {dagbag.py:545} INFO - Filling up the DagBag from /opt/airflow/dags/etl_postgres_to_clickhouse.py
[2026-01-07T10:54:51.515+0000] {processor.py:840} INFO - DAG(s) 'pg_to_clickhouse_sliding_window' retrieved from /opt/airflow/dags/etl_postgres_to_clickhouse.py
[2026-01-07T10:54:51.551+0000] {logging_mixin.py:188} INFO - [2026-01-07T10:54:51.550+0000] {dag.py:3096} INFO - Sync 1 DAGs
[2026-01-07T10:54:51.580+0000] {logging_mixin.py:188} INFO - [2026-01-07T10:54:51.580+0000] {dag.py:3954} INFO - Setting next_dagrun for pg_to_clickhouse_sliding_window to 2026-01-07 10:54:40+00:00, run_after=2026-01-07 10:54:50+00:00
[2026-01-07T10:54:51.605+0000] {processor.py:183} INFO - Processing /opt/airflow/dags/etl_postgres_to_clickhouse.py took 0.399 seconds
[2026-01-07T10:55:21.984+0000] {processor.py:161} INFO - Started process (PID=625) to work on /opt/airflow/dags/etl_postgres_to_clickhouse.py
[2026-01-07T10:55:21.985+0000] {processor.py:830} INFO - Processing file /opt/airflow/dags/etl_postgres_to_clickhouse.py for tasks to queue
[2026-01-07T10:55:21.988+0000] {logging_mixin.py:188} INFO - [2026-01-07T10:55:21.988+0000] {dagbag.py:545} INFO - Filling up the DagBag from /opt/airflow/dags/etl_postgres_to_clickhouse.py
[2026-01-07T10:55:22.330+0000] {processor.py:840} INFO - DAG(s) 'pg_to_clickhouse_sliding_window' retrieved from /opt/airflow/dags/etl_postgres_to_clickhouse.py
[2026-01-07T10:55:22.376+0000] {logging_mixin.py:188} INFO - [2026-01-07T10:55:22.375+0000] {dag.py:3096} INFO - Sync 1 DAGs
[2026-01-07T10:55:22.415+0000] {logging_mixin.py:188} INFO - [2026-01-07T10:55:22.415+0000] {dag.py:3954} INFO - Setting next_dagrun for pg_to_clickhouse_sliding_window to 2026-01-07 10:55:20+00:00, run_after=2026-01-07 10:55:30+00:00
[2026-01-07T10:55:22.449+0000] {processor.py:183} INFO - Processing /opt/airflow/dags/etl_postgres_to_clickhouse.py took 0.476 seconds
[2026-01-07T10:55:52.741+0000] {processor.py:161} INFO - Started process (PID=651) to work on /opt/airflow/dags/etl_postgres_to_clickhouse.py
[2026-01-07T10:55:52.743+0000] {processor.py:830} INFO - Processing file /opt/airflow/dags/etl_postgres_to_clickhouse.py for tasks to queue
[2026-01-07T10:55:52.746+0000] {logging_mixin.py:188} INFO - [2026-01-07T10:55:52.745+0000] {dagbag.py:545} INFO - Filling up the DagBag from /opt/airflow/dags/etl_postgres_to_clickhouse.py
[2026-01-07T10:55:53.108+0000] {processor.py:840} INFO - DAG(s) 'pg_to_clickhouse_sliding_window' retrieved from /opt/airflow/dags/etl_postgres_to_clickhouse.py
[2026-01-07T10:55:53.171+0000] {logging_mixin.py:188} INFO - [2026-01-07T10:55:53.170+0000] {dag.py:3096} INFO - Sync 1 DAGs
[2026-01-07T10:55:53.214+0000] {logging_mixin.py:188} INFO - [2026-01-07T10:55:53.214+0000] {dag.py:3954} INFO - Setting next_dagrun for pg_to_clickhouse_sliding_window to 2026-01-07 10:55:50+00:00, run_after=2026-01-07 10:56:00+00:00
[2026-01-07T10:55:53.256+0000] {processor.py:183} INFO - Processing /opt/airflow/dags/etl_postgres_to_clickhouse.py took 0.536 seconds
[2026-01-07T10:56:23.435+0000] {processor.py:161} INFO - Started process (PID=676) to work on /opt/airflow/dags/etl_postgres_to_clickhouse.py
[2026-01-07T10:56:23.437+0000] {processor.py:830} INFO - Processing file /opt/airflow/dags/etl_postgres_to_clickhouse.py for tasks to queue
[2026-01-07T10:56:23.442+0000] {logging_mixin.py:188} INFO - [2026-01-07T10:56:23.441+0000] {dagbag.py:545} INFO - Filling up the DagBag from /opt/airflow/dags/etl_postgres_to_clickhouse.py
[2026-01-07T10:56:23.924+0000] {processor.py:840} INFO - DAG(s) 'pg_to_clickhouse_sliding_window' retrieved from /opt/airflow/dags/etl_postgres_to_clickhouse.py
[2026-01-07T10:56:24.030+0000] {logging_mixin.py:188} INFO - [2026-01-07T10:56:24.029+0000] {dag.py:3096} INFO - Sync 1 DAGs
[2026-01-07T10:56:24.125+0000] {logging_mixin.py:188} INFO - [2026-01-07T10:56:24.124+0000] {dag.py:3954} INFO - Setting next_dagrun for pg_to_clickhouse_sliding_window to 2026-01-07 10:56:20+00:00, run_after=2026-01-07 10:56:30+00:00
[2026-01-07T10:56:24.274+0000] {processor.py:183} INFO - Processing /opt/airflow/dags/etl_postgres_to_clickhouse.py took 0.862 seconds
[2026-01-07T10:56:54.561+0000] {processor.py:161} INFO - Started process (PID=708) to work on /opt/airflow/dags/etl_postgres_to_clickhouse.py
[2026-01-07T10:56:54.564+0000] {processor.py:830} INFO - Processing file /opt/airflow/dags/etl_postgres_to_clickhouse.py for tasks to queue
[2026-01-07T10:56:54.568+0000] {logging_mixin.py:188} INFO - [2026-01-07T10:56:54.567+0000] {dagbag.py:545} INFO - Filling up the DagBag from /opt/airflow/dags/etl_postgres_to_clickhouse.py
[2026-01-07T10:56:54.891+0000] {processor.py:840} INFO - DAG(s) 'pg_to_clickhouse_sliding_window' retrieved from /opt/airflow/dags/etl_postgres_to_clickhouse.py
[2026-01-07T10:56:54.935+0000] {logging_mixin.py:188} INFO - [2026-01-07T10:56:54.935+0000] {dag.py:3096} INFO - Sync 1 DAGs
[2026-01-07T10:56:54.966+0000] {logging_mixin.py:188} INFO - [2026-01-07T10:56:54.966+0000] {dag.py:3954} INFO - Setting next_dagrun for pg_to_clickhouse_sliding_window to 2026-01-07 10:56:50+00:00, run_after=2026-01-07 10:57:00+00:00
[2026-01-07T10:56:54.993+0000] {processor.py:183} INFO - Processing /opt/airflow/dags/etl_postgres_to_clickhouse.py took 0.441 seconds
[2026-01-07T10:57:25.205+0000] {processor.py:161} INFO - Started process (PID=732) to work on /opt/airflow/dags/etl_postgres_to_clickhouse.py
[2026-01-07T10:57:25.207+0000] {processor.py:830} INFO - Processing file /opt/airflow/dags/etl_postgres_to_clickhouse.py for tasks to queue
[2026-01-07T10:57:25.210+0000] {logging_mixin.py:188} INFO - [2026-01-07T10:57:25.210+0000] {dagbag.py:545} INFO - Filling up the DagBag from /opt/airflow/dags/etl_postgres_to_clickhouse.py
[2026-01-07T10:57:25.537+0000] {processor.py:840} INFO - DAG(s) 'pg_to_clickhouse_sliding_window' retrieved from /opt/airflow/dags/etl_postgres_to_clickhouse.py
[2026-01-07T10:57:25.594+0000] {logging_mixin.py:188} INFO - [2026-01-07T10:57:25.593+0000] {dag.py:3096} INFO - Sync 1 DAGs
[2026-01-07T10:57:25.643+0000] {logging_mixin.py:188} INFO - [2026-01-07T10:57:25.643+0000] {dag.py:3954} INFO - Setting next_dagrun for pg_to_clickhouse_sliding_window to 2026-01-07 10:57:20+00:00, run_after=2026-01-07 10:57:30+00:00
[2026-01-07T10:57:25.695+0000] {processor.py:183} INFO - Processing /opt/airflow/dags/etl_postgres_to_clickhouse.py took 0.501 seconds
[2026-01-07T10:57:56.246+0000] {processor.py:161} INFO - Started process (PID=756) to work on /opt/airflow/dags/etl_postgres_to_clickhouse.py
[2026-01-07T10:57:56.256+0000] {processor.py:830} INFO - Processing file /opt/airflow/dags/etl_postgres_to_clickhouse.py for tasks to queue
[2026-01-07T10:57:56.262+0000] {logging_mixin.py:188} INFO - [2026-01-07T10:57:56.262+0000] {dagbag.py:545} INFO - Filling up the DagBag from /opt/airflow/dags/etl_postgres_to_clickhouse.py
[2026-01-07T10:57:56.931+0000] {processor.py:840} INFO - DAG(s) 'pg_to_clickhouse_sliding_window' retrieved from /opt/airflow/dags/etl_postgres_to_clickhouse.py
[2026-01-07T10:57:57.021+0000] {logging_mixin.py:188} INFO - [2026-01-07T10:57:57.021+0000] {dag.py:3096} INFO - Sync 1 DAGs
[2026-01-07T10:57:57.090+0000] {logging_mixin.py:188} INFO - [2026-01-07T10:57:57.089+0000] {dag.py:3954} INFO - Setting next_dagrun for pg_to_clickhouse_sliding_window to 2026-01-07 10:57:50+00:00, run_after=2026-01-07 10:58:00+00:00
[2026-01-07T10:57:57.147+0000] {processor.py:183} INFO - Processing /opt/airflow/dags/etl_postgres_to_clickhouse.py took 0.921 seconds
[2026-01-07T10:58:27.484+0000] {processor.py:161} INFO - Started process (PID=781) to work on /opt/airflow/dags/etl_postgres_to_clickhouse.py
[2026-01-07T10:58:27.487+0000] {processor.py:830} INFO - Processing file /opt/airflow/dags/etl_postgres_to_clickhouse.py for tasks to queue
[2026-01-07T10:58:27.490+0000] {logging_mixin.py:188} INFO - [2026-01-07T10:58:27.489+0000] {dagbag.py:545} INFO - Filling up the DagBag from /opt/airflow/dags/etl_postgres_to_clickhouse.py
[2026-01-07T10:58:27.848+0000] {processor.py:840} INFO - DAG(s) 'pg_to_clickhouse_sliding_window' retrieved from /opt/airflow/dags/etl_postgres_to_clickhouse.py
[2026-01-07T10:58:27.898+0000] {logging_mixin.py:188} INFO - [2026-01-07T10:58:27.898+0000] {dag.py:3096} INFO - Sync 1 DAGs
[2026-01-07T10:58:27.934+0000] {logging_mixin.py:188} INFO - [2026-01-07T10:58:27.934+0000] {dag.py:3954} INFO - Setting next_dagrun for pg_to_clickhouse_sliding_window to 2026-01-07 10:58:20+00:00, run_after=2026-01-07 10:58:30+00:00
[2026-01-07T10:58:27.967+0000] {processor.py:183} INFO - Processing /opt/airflow/dags/etl_postgres_to_clickhouse.py took 0.494 seconds
[2026-01-07T10:58:58.381+0000] {processor.py:161} INFO - Started process (PID=813) to work on /opt/airflow/dags/etl_postgres_to_clickhouse.py
[2026-01-07T10:58:58.383+0000] {processor.py:830} INFO - Processing file /opt/airflow/dags/etl_postgres_to_clickhouse.py for tasks to queue
[2026-01-07T10:58:58.386+0000] {logging_mixin.py:188} INFO - [2026-01-07T10:58:58.386+0000] {dagbag.py:545} INFO - Filling up the DagBag from /opt/airflow/dags/etl_postgres_to_clickhouse.py
[2026-01-07T10:58:58.708+0000] {processor.py:840} INFO - DAG(s) 'pg_to_clickhouse_sliding_window' retrieved from /opt/airflow/dags/etl_postgres_to_clickhouse.py
[2026-01-07T10:58:58.747+0000] {logging_mixin.py:188} INFO - [2026-01-07T10:58:58.747+0000] {dag.py:3096} INFO - Sync 1 DAGs
[2026-01-07T10:58:58.779+0000] {logging_mixin.py:188} INFO - [2026-01-07T10:58:58.779+0000] {dag.py:3954} INFO - Setting next_dagrun for pg_to_clickhouse_sliding_window to 2026-01-07 10:58:50+00:00, run_after=2026-01-07 10:59:00+00:00
[2026-01-07T10:58:58.809+0000] {processor.py:183} INFO - Processing /opt/airflow/dags/etl_postgres_to_clickhouse.py took 0.437 seconds
[2026-01-07T10:59:29.093+0000] {processor.py:161} INFO - Started process (PID=838) to work on /opt/airflow/dags/etl_postgres_to_clickhouse.py
[2026-01-07T10:59:29.095+0000] {processor.py:830} INFO - Processing file /opt/airflow/dags/etl_postgres_to_clickhouse.py for tasks to queue
[2026-01-07T10:59:29.100+0000] {logging_mixin.py:188} INFO - [2026-01-07T10:59:29.099+0000] {dagbag.py:545} INFO - Filling up the DagBag from /opt/airflow/dags/etl_postgres_to_clickhouse.py
[2026-01-07T10:59:29.573+0000] {processor.py:840} INFO - DAG(s) 'pg_to_clickhouse_sliding_window' retrieved from /opt/airflow/dags/etl_postgres_to_clickhouse.py
[2026-01-07T10:59:29.621+0000] {logging_mixin.py:188} INFO - [2026-01-07T10:59:29.620+0000] {dag.py:3096} INFO - Sync 1 DAGs
[2026-01-07T10:59:29.659+0000] {logging_mixin.py:188} INFO - [2026-01-07T10:59:29.659+0000] {dag.py:3954} INFO - Setting next_dagrun for pg_to_clickhouse_sliding_window to 2026-01-07 10:59:20+00:00, run_after=2026-01-07 10:59:30+00:00
[2026-01-07T10:59:29.687+0000] {processor.py:183} INFO - Processing /opt/airflow/dags/etl_postgres_to_clickhouse.py took 0.610 seconds
[2026-01-07T11:00:00.085+0000] {processor.py:161} INFO - Started process (PID=864) to work on /opt/airflow/dags/etl_postgres_to_clickhouse.py
[2026-01-07T11:00:00.092+0000] {processor.py:830} INFO - Processing file /opt/airflow/dags/etl_postgres_to_clickhouse.py for tasks to queue
[2026-01-07T11:00:00.096+0000] {logging_mixin.py:188} INFO - [2026-01-07T11:00:00.096+0000] {dagbag.py:545} INFO - Filling up the DagBag from /opt/airflow/dags/etl_postgres_to_clickhouse.py
[2026-01-07T11:00:01.384+0000] {processor.py:840} INFO - DAG(s) 'pg_to_clickhouse_sliding_window' retrieved from /opt/airflow/dags/etl_postgres_to_clickhouse.py
[2026-01-07T11:00:01.518+0000] {logging_mixin.py:188} INFO - [2026-01-07T11:00:01.516+0000] {dag.py:3096} INFO - Sync 1 DAGs
[2026-01-07T11:00:01.669+0000] {logging_mixin.py:188} INFO - [2026-01-07T11:00:01.669+0000] {dag.py:3954} INFO - Setting next_dagrun for pg_to_clickhouse_sliding_window to 2026-01-07 11:00:00+00:00, run_after=2026-01-07 11:00:10+00:00
[2026-01-07T11:00:01.768+0000] {processor.py:183} INFO - Processing /opt/airflow/dags/etl_postgres_to_clickhouse.py took 1.701 seconds
[2026-01-07T11:00:32.655+0000] {processor.py:161} INFO - Started process (PID=884) to work on /opt/airflow/dags/etl_postgres_to_clickhouse.py
[2026-01-07T11:00:32.661+0000] {processor.py:830} INFO - Processing file /opt/airflow/dags/etl_postgres_to_clickhouse.py for tasks to queue
[2026-01-07T11:00:32.665+0000] {logging_mixin.py:188} INFO - [2026-01-07T11:00:32.664+0000] {dagbag.py:545} INFO - Filling up the DagBag from /opt/airflow/dags/etl_postgres_to_clickhouse.py
[2026-01-07T11:00:33.529+0000] {processor.py:840} INFO - DAG(s) 'pg_to_clickhouse_sliding_window' retrieved from /opt/airflow/dags/etl_postgres_to_clickhouse.py
[2026-01-07T11:00:33.654+0000] {logging_mixin.py:188} INFO - [2026-01-07T11:00:33.654+0000] {dag.py:3096} INFO - Sync 1 DAGs
[2026-01-07T11:00:33.741+0000] {logging_mixin.py:188} INFO - [2026-01-07T11:00:33.739+0000] {dag.py:3954} INFO - Setting next_dagrun for pg_to_clickhouse_sliding_window to 2026-01-07 11:00:30+00:00, run_after=2026-01-07 11:00:40+00:00
[2026-01-07T11:00:33.920+0000] {processor.py:183} INFO - Processing /opt/airflow/dags/etl_postgres_to_clickhouse.py took 1.295 seconds
[2026-01-07T11:01:05.006+0000] {processor.py:161} INFO - Started process (PID=908) to work on /opt/airflow/dags/etl_postgres_to_clickhouse.py
[2026-01-07T11:01:05.008+0000] {processor.py:830} INFO - Processing file /opt/airflow/dags/etl_postgres_to_clickhouse.py for tasks to queue
[2026-01-07T11:01:05.014+0000] {logging_mixin.py:188} INFO - [2026-01-07T11:01:05.013+0000] {dagbag.py:545} INFO - Filling up the DagBag from /opt/airflow/dags/etl_postgres_to_clickhouse.py
[2026-01-07T11:01:06.240+0000] {processor.py:840} INFO - DAG(s) 'pg_to_clickhouse_sliding_window' retrieved from /opt/airflow/dags/etl_postgres_to_clickhouse.py
[2026-01-07T11:01:06.454+0000] {logging_mixin.py:188} INFO - [2026-01-07T11:01:06.453+0000] {dag.py:3096} INFO - Sync 1 DAGs
[2026-01-07T11:01:06.685+0000] {logging_mixin.py:188} INFO - [2026-01-07T11:01:06.685+0000] {dag.py:3954} INFO - Setting next_dagrun for pg_to_clickhouse_sliding_window to 2026-01-07 11:01:00+00:00, run_after=2026-01-07 11:01:10+00:00
[2026-01-07T11:01:06.898+0000] {processor.py:183} INFO - Processing /opt/airflow/dags/etl_postgres_to_clickhouse.py took 1.927 seconds
[2026-01-07T11:01:38.132+0000] {processor.py:161} INFO - Started process (PID=927) to work on /opt/airflow/dags/etl_postgres_to_clickhouse.py
[2026-01-07T11:01:38.158+0000] {processor.py:830} INFO - Processing file /opt/airflow/dags/etl_postgres_to_clickhouse.py for tasks to queue
[2026-01-07T11:01:38.220+0000] {logging_mixin.py:188} INFO - [2026-01-07T11:01:38.219+0000] {dagbag.py:545} INFO - Filling up the DagBag from /opt/airflow/dags/etl_postgres_to_clickhouse.py
[2026-01-07T11:01:40.410+0000] {processor.py:840} INFO - DAG(s) 'pg_to_clickhouse_sliding_window' retrieved from /opt/airflow/dags/etl_postgres_to_clickhouse.py
[2026-01-07T11:01:41.324+0000] {logging_mixin.py:188} INFO - [2026-01-07T11:01:41.324+0000] {dag.py:3096} INFO - Sync 1 DAGs
[2026-01-07T11:01:41.523+0000] {logging_mixin.py:188} INFO - [2026-01-07T11:01:41.514+0000] {dag.py:3954} INFO - Setting next_dagrun for pg_to_clickhouse_sliding_window to 2026-01-07 11:01:30+00:00, run_after=2026-01-07 11:01:40+00:00
[2026-01-07T11:01:41.910+0000] {processor.py:183} INFO - Processing /opt/airflow/dags/etl_postgres_to_clickhouse.py took 3.900 seconds
[2026-01-07T11:02:14.225+0000] {processor.py:161} INFO - Started process (PID=945) to work on /opt/airflow/dags/etl_postgres_to_clickhouse.py
[2026-01-07T11:02:14.246+0000] {processor.py:830} INFO - Processing file /opt/airflow/dags/etl_postgres_to_clickhouse.py for tasks to queue
[2026-01-07T11:02:14.278+0000] {logging_mixin.py:188} INFO - [2026-01-07T11:02:14.264+0000] {dagbag.py:545} INFO - Filling up the DagBag from /opt/airflow/dags/etl_postgres_to_clickhouse.py
[2026-01-07T11:02:16.623+0000] {processor.py:840} INFO - DAG(s) 'pg_to_clickhouse_sliding_window' retrieved from /opt/airflow/dags/etl_postgres_to_clickhouse.py
[2026-01-07T11:02:17.177+0000] {logging_mixin.py:188} INFO - [2026-01-07T11:02:17.177+0000] {dag.py:3096} INFO - Sync 1 DAGs
[2026-01-07T11:02:17.610+0000] {logging_mixin.py:188} INFO - [2026-01-07T11:02:17.609+0000] {dag.py:3954} INFO - Setting next_dagrun for pg_to_clickhouse_sliding_window to 2026-01-07 11:02:10+00:00, run_after=2026-01-07 11:02:20+00:00
[2026-01-07T11:02:17.766+0000] {processor.py:183} INFO - Processing /opt/airflow/dags/etl_postgres_to_clickhouse.py took 3.851 seconds
[2026-01-07T11:04:11.937+0000] {processor.py:161} INFO - Started process (PID=996) to work on /opt/airflow/dags/etl_postgres_to_clickhouse.py
[2026-01-07T11:04:11.951+0000] {processor.py:830} INFO - Processing file /opt/airflow/dags/etl_postgres_to_clickhouse.py for tasks to queue
[2026-01-07T11:04:11.988+0000] {logging_mixin.py:188} INFO - [2026-01-07T11:04:11.977+0000] {dagbag.py:545} INFO - Filling up the DagBag from /opt/airflow/dags/etl_postgres_to_clickhouse.py
[2026-01-07T11:04:14.251+0000] {processor.py:840} INFO - DAG(s) 'pg_to_clickhouse_sliding_window' retrieved from /opt/airflow/dags/etl_postgres_to_clickhouse.py
[2026-01-07T11:04:19.846+0000] {logging_mixin.py:188} INFO - [2026-01-07T11:04:19.845+0000] {dag.py:3096} INFO - Sync 1 DAGs
[2026-01-07T11:04:20.573+0000] {logging_mixin.py:188} INFO - [2026-01-07T11:04:20.567+0000] {dag.py:3954} INFO - Setting next_dagrun for pg_to_clickhouse_sliding_window to 2026-01-07 11:04:10+00:00, run_after=2026-01-07 11:04:20+00:00
[2026-01-07T11:04:20.963+0000] {processor.py:183} INFO - Processing /opt/airflow/dags/etl_postgres_to_clickhouse.py took 12.350 seconds
[2026-01-07T11:04:58.112+0000] {processor.py:161} INFO - Started process (PID=1009) to work on /opt/airflow/dags/etl_postgres_to_clickhouse.py
[2026-01-07T11:04:58.290+0000] {processor.py:830} INFO - Processing file /opt/airflow/dags/etl_postgres_to_clickhouse.py for tasks to queue
[2026-01-07T11:04:58.466+0000] {logging_mixin.py:188} INFO - [2026-01-07T11:04:58.422+0000] {dagbag.py:545} INFO - Filling up the DagBag from /opt/airflow/dags/etl_postgres_to_clickhouse.py
[2026-01-07T11:07:30.150+0000] {logging_mixin.py:188} INFO - [2026-01-07T11:05:48.809+0000] {timeout.py:68} ERROR - Process timed out, PID: 1009
[2026-01-07T11:12:01.352+0000] {processor.py:161} INFO - Started process (PID=190) to work on /opt/airflow/dags/etl_postgres_to_clickhouse.py
[2026-01-07T11:12:01.357+0000] {processor.py:830} INFO - Processing file /opt/airflow/dags/etl_postgres_to_clickhouse.py for tasks to queue
[2026-01-07T11:12:01.365+0000] {logging_mixin.py:188} INFO - [2026-01-07T11:12:01.364+0000] {dagbag.py:545} INFO - Filling up the DagBag from /opt/airflow/dags/etl_postgres_to_clickhouse.py
[2026-01-07T11:12:01.749+0000] {processor.py:840} INFO - DAG(s) 'pg_to_clickhouse_sliding_window' retrieved from /opt/airflow/dags/etl_postgres_to_clickhouse.py
[2026-01-07T11:12:02.027+0000] {logging_mixin.py:188} INFO - [2026-01-07T11:12:02.026+0000] {override.py:1829} INFO - Created Permission View: can delete on DAG:pg_to_clickhouse_sliding_window
[2026-01-07T11:12:02.045+0000] {logging_mixin.py:188} INFO - [2026-01-07T11:12:02.045+0000] {override.py:1829} INFO - Created Permission View: can read on DAG:pg_to_clickhouse_sliding_window
[2026-01-07T11:12:02.061+0000] {logging_mixin.py:188} INFO - [2026-01-07T11:12:02.061+0000] {override.py:1829} INFO - Created Permission View: can edit on DAG:pg_to_clickhouse_sliding_window
[2026-01-07T11:12:02.062+0000] {logging_mixin.py:188} INFO - [2026-01-07T11:12:02.062+0000] {dag.py:3096} INFO - Sync 1 DAGs
[2026-01-07T11:12:02.079+0000] {logging_mixin.py:188} INFO - [2026-01-07T11:12:02.079+0000] {dag.py:3118} INFO - Creating ORM DAG for pg_to_clickhouse_sliding_window
[2026-01-07T11:12:02.094+0000] {logging_mixin.py:188} INFO - [2026-01-07T11:12:02.094+0000] {dag.py:3954} INFO - Setting next_dagrun for pg_to_clickhouse_sliding_window to 2026-01-07 11:11:50+00:00, run_after=2026-01-07 11:12:00+00:00
[2026-01-07T11:12:02.127+0000] {processor.py:183} INFO - Processing /opt/airflow/dags/etl_postgres_to_clickhouse.py took 0.788 seconds
[2026-01-07T11:12:32.382+0000] {processor.py:161} INFO - Started process (PID=238) to work on /opt/airflow/dags/etl_postgres_to_clickhouse.py
[2026-01-07T11:12:32.384+0000] {processor.py:830} INFO - Processing file /opt/airflow/dags/etl_postgres_to_clickhouse.py for tasks to queue
[2026-01-07T11:12:32.389+0000] {logging_mixin.py:188} INFO - [2026-01-07T11:12:32.388+0000] {dagbag.py:545} INFO - Filling up the DagBag from /opt/airflow/dags/etl_postgres_to_clickhouse.py
[2026-01-07T11:12:32.884+0000] {processor.py:840} INFO - DAG(s) 'pg_to_clickhouse_sliding_window' retrieved from /opt/airflow/dags/etl_postgres_to_clickhouse.py
[2026-01-07T11:12:32.949+0000] {logging_mixin.py:188} INFO - [2026-01-07T11:12:32.948+0000] {dag.py:3096} INFO - Sync 1 DAGs
[2026-01-07T11:12:33.006+0000] {logging_mixin.py:188} INFO - [2026-01-07T11:12:33.005+0000] {dag.py:3954} INFO - Setting next_dagrun for pg_to_clickhouse_sliding_window to 2026-01-07 11:12:30+00:00, run_after=2026-01-07 11:12:40+00:00
[2026-01-07T11:12:33.037+0000] {processor.py:183} INFO - Processing /opt/airflow/dags/etl_postgres_to_clickhouse.py took 0.669 seconds
[2026-01-07T11:13:03.249+0000] {processor.py:161} INFO - Started process (PID=268) to work on /opt/airflow/dags/etl_postgres_to_clickhouse.py
[2026-01-07T11:13:03.251+0000] {processor.py:830} INFO - Processing file /opt/airflow/dags/etl_postgres_to_clickhouse.py for tasks to queue
[2026-01-07T11:13:03.253+0000] {logging_mixin.py:188} INFO - [2026-01-07T11:13:03.253+0000] {dagbag.py:545} INFO - Filling up the DagBag from /opt/airflow/dags/etl_postgres_to_clickhouse.py
[2026-01-07T11:13:03.666+0000] {processor.py:840} INFO - DAG(s) 'pg_to_clickhouse_sliding_window' retrieved from /opt/airflow/dags/etl_postgres_to_clickhouse.py
[2026-01-07T11:13:03.708+0000] {logging_mixin.py:188} INFO - [2026-01-07T11:13:03.708+0000] {dag.py:3096} INFO - Sync 1 DAGs
[2026-01-07T11:13:03.743+0000] {logging_mixin.py:188} INFO - [2026-01-07T11:13:03.742+0000] {dag.py:3954} INFO - Setting next_dagrun for pg_to_clickhouse_sliding_window to 2026-01-07 11:13:00+00:00, run_after=2026-01-07 11:13:10+00:00
[2026-01-07T11:13:03.767+0000] {processor.py:183} INFO - Processing /opt/airflow/dags/etl_postgres_to_clickhouse.py took 0.525 seconds
[2026-01-07T11:13:33.916+0000] {processor.py:161} INFO - Started process (PID=294) to work on /opt/airflow/dags/etl_postgres_to_clickhouse.py
[2026-01-07T11:13:33.917+0000] {processor.py:830} INFO - Processing file /opt/airflow/dags/etl_postgres_to_clickhouse.py for tasks to queue
[2026-01-07T11:13:33.921+0000] {logging_mixin.py:188} INFO - [2026-01-07T11:13:33.920+0000] {dagbag.py:545} INFO - Filling up the DagBag from /opt/airflow/dags/etl_postgres_to_clickhouse.py
[2026-01-07T11:13:34.467+0000] {processor.py:840} INFO - DAG(s) 'pg_to_clickhouse_sliding_window' retrieved from /opt/airflow/dags/etl_postgres_to_clickhouse.py
[2026-01-07T11:13:34.518+0000] {logging_mixin.py:188} INFO - [2026-01-07T11:13:34.518+0000] {dag.py:3096} INFO - Sync 1 DAGs
[2026-01-07T11:13:34.563+0000] {logging_mixin.py:188} INFO - [2026-01-07T11:13:34.563+0000] {dag.py:3954} INFO - Setting next_dagrun for pg_to_clickhouse_sliding_window to 2026-01-07 11:13:30+00:00, run_after=2026-01-07 11:13:40+00:00
[2026-01-07T11:13:34.594+0000] {processor.py:183} INFO - Processing /opt/airflow/dags/etl_postgres_to_clickhouse.py took 0.690 seconds
[2026-01-07T11:14:05.284+0000] {processor.py:161} INFO - Started process (PID=327) to work on /opt/airflow/dags/etl_postgres_to_clickhouse.py
[2026-01-07T11:14:05.285+0000] {processor.py:830} INFO - Processing file /opt/airflow/dags/etl_postgres_to_clickhouse.py for tasks to queue
[2026-01-07T11:14:05.288+0000] {logging_mixin.py:188} INFO - [2026-01-07T11:14:05.288+0000] {dagbag.py:545} INFO - Filling up the DagBag from /opt/airflow/dags/etl_postgres_to_clickhouse.py
[2026-01-07T11:14:05.547+0000] {processor.py:840} INFO - DAG(s) 'pg_to_clickhouse_sliding_window' retrieved from /opt/airflow/dags/etl_postgres_to_clickhouse.py
[2026-01-07T11:14:05.587+0000] {logging_mixin.py:188} INFO - [2026-01-07T11:14:05.587+0000] {dag.py:3096} INFO - Sync 1 DAGs
[2026-01-07T11:14:05.624+0000] {logging_mixin.py:188} INFO - [2026-01-07T11:14:05.624+0000] {dag.py:3954} INFO - Setting next_dagrun for pg_to_clickhouse_sliding_window to 2026-01-07 11:14:00+00:00, run_after=2026-01-07 11:14:10+00:00
[2026-01-07T11:14:05.649+0000] {processor.py:183} INFO - Processing /opt/airflow/dags/etl_postgres_to_clickhouse.py took 0.373 seconds
[2026-01-07T11:14:36.427+0000] {processor.py:161} INFO - Started process (PID=353) to work on /opt/airflow/dags/etl_postgres_to_clickhouse.py
[2026-01-07T11:14:36.428+0000] {processor.py:830} INFO - Processing file /opt/airflow/dags/etl_postgres_to_clickhouse.py for tasks to queue
[2026-01-07T11:14:36.432+0000] {logging_mixin.py:188} INFO - [2026-01-07T11:14:36.431+0000] {dagbag.py:545} INFO - Filling up the DagBag from /opt/airflow/dags/etl_postgres_to_clickhouse.py
[2026-01-07T11:14:36.692+0000] {processor.py:840} INFO - DAG(s) 'pg_to_clickhouse_sliding_window' retrieved from /opt/airflow/dags/etl_postgres_to_clickhouse.py
[2026-01-07T11:14:36.731+0000] {logging_mixin.py:188} INFO - [2026-01-07T11:14:36.730+0000] {dag.py:3096} INFO - Sync 1 DAGs
[2026-01-07T11:14:36.757+0000] {logging_mixin.py:188} INFO - [2026-01-07T11:14:36.757+0000] {dag.py:3954} INFO - Setting next_dagrun for pg_to_clickhouse_sliding_window to 2026-01-07 11:14:30+00:00, run_after=2026-01-07 11:14:40+00:00
[2026-01-07T11:14:36.782+0000] {processor.py:183} INFO - Processing /opt/airflow/dags/etl_postgres_to_clickhouse.py took 0.361 seconds
[2026-01-07T11:15:06.851+0000] {processor.py:161} INFO - Started process (PID=386) to work on /opt/airflow/dags/etl_postgres_to_clickhouse.py
[2026-01-07T11:15:06.853+0000] {processor.py:830} INFO - Processing file /opt/airflow/dags/etl_postgres_to_clickhouse.py for tasks to queue
[2026-01-07T11:15:06.855+0000] {logging_mixin.py:188} INFO - [2026-01-07T11:15:06.854+0000] {dagbag.py:545} INFO - Filling up the DagBag from /opt/airflow/dags/etl_postgres_to_clickhouse.py
[2026-01-07T11:15:07.144+0000] {processor.py:840} INFO - DAG(s) 'pg_to_clickhouse_sliding_window' retrieved from /opt/airflow/dags/etl_postgres_to_clickhouse.py
[2026-01-07T11:15:07.184+0000] {logging_mixin.py:188} INFO - [2026-01-07T11:15:07.184+0000] {dag.py:3096} INFO - Sync 1 DAGs
[2026-01-07T11:15:07.211+0000] {logging_mixin.py:188} INFO - [2026-01-07T11:15:07.211+0000] {dag.py:3954} INFO - Setting next_dagrun for pg_to_clickhouse_sliding_window to 2026-01-07 11:15:00+00:00, run_after=2026-01-07 11:15:10+00:00
[2026-01-07T11:15:07.237+0000] {processor.py:183} INFO - Processing /opt/airflow/dags/etl_postgres_to_clickhouse.py took 0.394 seconds
[2026-01-07T11:15:37.755+0000] {processor.py:161} INFO - Started process (PID=412) to work on /opt/airflow/dags/etl_postgres_to_clickhouse.py
[2026-01-07T11:15:37.756+0000] {processor.py:830} INFO - Processing file /opt/airflow/dags/etl_postgres_to_clickhouse.py for tasks to queue
[2026-01-07T11:15:37.758+0000] {logging_mixin.py:188} INFO - [2026-01-07T11:15:37.758+0000] {dagbag.py:545} INFO - Filling up the DagBag from /opt/airflow/dags/etl_postgres_to_clickhouse.py
[2026-01-07T11:15:38.040+0000] {processor.py:840} INFO - DAG(s) 'pg_to_clickhouse_sliding_window' retrieved from /opt/airflow/dags/etl_postgres_to_clickhouse.py
[2026-01-07T11:15:38.083+0000] {logging_mixin.py:188} INFO - [2026-01-07T11:15:38.083+0000] {dag.py:3096} INFO - Sync 1 DAGs
[2026-01-07T11:15:38.122+0000] {logging_mixin.py:188} INFO - [2026-01-07T11:15:38.122+0000] {dag.py:3954} INFO - Setting next_dagrun for pg_to_clickhouse_sliding_window to 2026-01-07 11:15:30+00:00, run_after=2026-01-07 11:15:40+00:00
[2026-01-07T11:15:38.153+0000] {processor.py:183} INFO - Processing /opt/airflow/dags/etl_postgres_to_clickhouse.py took 0.405 seconds
[2026-01-07T11:16:08.319+0000] {processor.py:161} INFO - Started process (PID=437) to work on /opt/airflow/dags/etl_postgres_to_clickhouse.py
[2026-01-07T11:16:08.321+0000] {processor.py:830} INFO - Processing file /opt/airflow/dags/etl_postgres_to_clickhouse.py for tasks to queue
[2026-01-07T11:16:08.324+0000] {logging_mixin.py:188} INFO - [2026-01-07T11:16:08.323+0000] {dagbag.py:545} INFO - Filling up the DagBag from /opt/airflow/dags/etl_postgres_to_clickhouse.py
[2026-01-07T11:16:08.609+0000] {processor.py:840} INFO - DAG(s) 'pg_to_clickhouse_sliding_window' retrieved from /opt/airflow/dags/etl_postgres_to_clickhouse.py
[2026-01-07T11:16:08.646+0000] {logging_mixin.py:188} INFO - [2026-01-07T11:16:08.646+0000] {dag.py:3096} INFO - Sync 1 DAGs
[2026-01-07T11:16:08.671+0000] {logging_mixin.py:188} INFO - [2026-01-07T11:16:08.670+0000] {dag.py:3954} INFO - Setting next_dagrun for pg_to_clickhouse_sliding_window to 2026-01-07 11:16:00+00:00, run_after=2026-01-07 11:16:10+00:00
[2026-01-07T11:16:08.695+0000] {processor.py:183} INFO - Processing /opt/airflow/dags/etl_postgres_to_clickhouse.py took 0.382 seconds
[2026-01-07T11:16:39.272+0000] {processor.py:161} INFO - Started process (PID=469) to work on /opt/airflow/dags/etl_postgres_to_clickhouse.py
[2026-01-07T11:16:39.274+0000] {processor.py:830} INFO - Processing file /opt/airflow/dags/etl_postgres_to_clickhouse.py for tasks to queue
[2026-01-07T11:16:39.277+0000] {logging_mixin.py:188} INFO - [2026-01-07T11:16:39.276+0000] {dagbag.py:545} INFO - Filling up the DagBag from /opt/airflow/dags/etl_postgres_to_clickhouse.py
[2026-01-07T11:16:39.657+0000] {processor.py:840} INFO - DAG(s) 'pg_to_clickhouse_sliding_window' retrieved from /opt/airflow/dags/etl_postgres_to_clickhouse.py
[2026-01-07T11:16:39.708+0000] {logging_mixin.py:188} INFO - [2026-01-07T11:16:39.707+0000] {dag.py:3096} INFO - Sync 1 DAGs
[2026-01-07T11:16:39.747+0000] {logging_mixin.py:188} INFO - [2026-01-07T11:16:39.746+0000] {dag.py:3954} INFO - Setting next_dagrun for pg_to_clickhouse_sliding_window to 2026-01-07 11:16:30+00:00, run_after=2026-01-07 11:16:40+00:00
[2026-01-07T11:16:39.777+0000] {processor.py:183} INFO - Processing /opt/airflow/dags/etl_postgres_to_clickhouse.py took 0.515 seconds
[2026-01-07T11:17:09.912+0000] {processor.py:161} INFO - Started process (PID=494) to work on /opt/airflow/dags/etl_postgres_to_clickhouse.py
[2026-01-07T11:17:09.914+0000] {processor.py:830} INFO - Processing file /opt/airflow/dags/etl_postgres_to_clickhouse.py for tasks to queue
[2026-01-07T11:17:09.916+0000] {logging_mixin.py:188} INFO - [2026-01-07T11:17:09.915+0000] {dagbag.py:545} INFO - Filling up the DagBag from /opt/airflow/dags/etl_postgres_to_clickhouse.py
[2026-01-07T11:17:10.179+0000] {processor.py:840} INFO - DAG(s) 'pg_to_clickhouse_sliding_window' retrieved from /opt/airflow/dags/etl_postgres_to_clickhouse.py
[2026-01-07T11:17:10.224+0000] {logging_mixin.py:188} INFO - [2026-01-07T11:17:10.224+0000] {dag.py:3096} INFO - Sync 1 DAGs
[2026-01-07T11:17:10.260+0000] {logging_mixin.py:188} INFO - [2026-01-07T11:17:10.260+0000] {dag.py:3954} INFO - Setting next_dagrun for pg_to_clickhouse_sliding_window to 2026-01-07 11:17:10+00:00, run_after=2026-01-07 11:17:20+00:00
[2026-01-07T11:17:10.296+0000] {processor.py:183} INFO - Processing /opt/airflow/dags/etl_postgres_to_clickhouse.py took 0.390 seconds
[2026-01-07T11:17:40.953+0000] {processor.py:161} INFO - Started process (PID=520) to work on /opt/airflow/dags/etl_postgres_to_clickhouse.py
[2026-01-07T11:17:40.954+0000] {processor.py:830} INFO - Processing file /opt/airflow/dags/etl_postgres_to_clickhouse.py for tasks to queue
[2026-01-07T11:17:40.957+0000] {logging_mixin.py:188} INFO - [2026-01-07T11:17:40.957+0000] {dagbag.py:545} INFO - Filling up the DagBag from /opt/airflow/dags/etl_postgres_to_clickhouse.py
[2026-01-07T11:17:41.249+0000] {processor.py:840} INFO - DAG(s) 'pg_to_clickhouse_sliding_window' retrieved from /opt/airflow/dags/etl_postgres_to_clickhouse.py
[2026-01-07T11:17:41.308+0000] {logging_mixin.py:188} INFO - [2026-01-07T11:17:41.307+0000] {dag.py:3096} INFO - Sync 1 DAGs
[2026-01-07T11:17:41.359+0000] {logging_mixin.py:188} INFO - [2026-01-07T11:17:41.359+0000] {dag.py:3954} INFO - Setting next_dagrun for pg_to_clickhouse_sliding_window to 2026-01-07 11:17:40+00:00, run_after=2026-01-07 11:17:50+00:00
[2026-01-07T11:17:41.394+0000] {processor.py:183} INFO - Processing /opt/airflow/dags/etl_postgres_to_clickhouse.py took 0.452 seconds
[2026-01-07T11:18:12.350+0000] {processor.py:161} INFO - Started process (PID=553) to work on /opt/airflow/dags/etl_postgres_to_clickhouse.py
[2026-01-07T11:18:12.352+0000] {processor.py:830} INFO - Processing file /opt/airflow/dags/etl_postgres_to_clickhouse.py for tasks to queue
[2026-01-07T11:18:12.356+0000] {logging_mixin.py:188} INFO - [2026-01-07T11:18:12.355+0000] {dagbag.py:545} INFO - Filling up the DagBag from /opt/airflow/dags/etl_postgres_to_clickhouse.py
[2026-01-07T11:18:12.861+0000] {processor.py:840} INFO - DAG(s) 'pg_to_clickhouse_sliding_window' retrieved from /opt/airflow/dags/etl_postgres_to_clickhouse.py
[2026-01-07T11:18:12.911+0000] {logging_mixin.py:188} INFO - [2026-01-07T11:18:12.910+0000] {dag.py:3096} INFO - Sync 1 DAGs
[2026-01-07T11:18:12.969+0000] {logging_mixin.py:188} INFO - [2026-01-07T11:18:12.969+0000] {dag.py:3954} INFO - Setting next_dagrun for pg_to_clickhouse_sliding_window to 2026-01-07 11:18:10+00:00, run_after=2026-01-07 11:18:20+00:00
[2026-01-07T11:18:13.056+0000] {processor.py:183} INFO - Processing /opt/airflow/dags/etl_postgres_to_clickhouse.py took 0.718 seconds
[2026-01-07T11:18:43.148+0000] {processor.py:161} INFO - Started process (PID=578) to work on /opt/airflow/dags/etl_postgres_to_clickhouse.py
[2026-01-07T11:18:43.149+0000] {processor.py:830} INFO - Processing file /opt/airflow/dags/etl_postgres_to_clickhouse.py for tasks to queue
[2026-01-07T11:18:43.152+0000] {logging_mixin.py:188} INFO - [2026-01-07T11:18:43.151+0000] {dagbag.py:545} INFO - Filling up the DagBag from /opt/airflow/dags/etl_postgres_to_clickhouse.py
[2026-01-07T11:18:43.478+0000] {processor.py:840} INFO - DAG(s) 'pg_to_clickhouse_sliding_window' retrieved from /opt/airflow/dags/etl_postgres_to_clickhouse.py
[2026-01-07T11:18:43.519+0000] {logging_mixin.py:188} INFO - [2026-01-07T11:18:43.519+0000] {dag.py:3096} INFO - Sync 1 DAGs
[2026-01-07T11:18:43.552+0000] {logging_mixin.py:188} INFO - [2026-01-07T11:18:43.551+0000] {dag.py:3954} INFO - Setting next_dagrun for pg_to_clickhouse_sliding_window to 2026-01-07 11:18:40+00:00, run_after=2026-01-07 11:18:50+00:00
[2026-01-07T11:18:43.612+0000] {processor.py:183} INFO - Processing /opt/airflow/dags/etl_postgres_to_clickhouse.py took 0.471 seconds
[2026-01-07T11:19:14.253+0000] {processor.py:161} INFO - Started process (PID=603) to work on /opt/airflow/dags/etl_postgres_to_clickhouse.py
[2026-01-07T11:19:14.255+0000] {processor.py:830} INFO - Processing file /opt/airflow/dags/etl_postgres_to_clickhouse.py for tasks to queue
[2026-01-07T11:19:14.258+0000] {logging_mixin.py:188} INFO - [2026-01-07T11:19:14.258+0000] {dagbag.py:545} INFO - Filling up the DagBag from /opt/airflow/dags/etl_postgres_to_clickhouse.py
[2026-01-07T11:19:14.514+0000] {processor.py:840} INFO - DAG(s) 'pg_to_clickhouse_sliding_window' retrieved from /opt/airflow/dags/etl_postgres_to_clickhouse.py
[2026-01-07T11:19:14.549+0000] {logging_mixin.py:188} INFO - [2026-01-07T11:19:14.549+0000] {dag.py:3096} INFO - Sync 1 DAGs
[2026-01-07T11:19:14.578+0000] {logging_mixin.py:188} INFO - [2026-01-07T11:19:14.578+0000] {dag.py:3954} INFO - Setting next_dagrun for pg_to_clickhouse_sliding_window to 2026-01-07 11:19:10+00:00, run_after=2026-01-07 11:19:20+00:00
[2026-01-07T11:19:14.605+0000] {processor.py:183} INFO - Processing /opt/airflow/dags/etl_postgres_to_clickhouse.py took 0.361 seconds
[2026-01-07T11:19:45.459+0000] {processor.py:161} INFO - Started process (PID=637) to work on /opt/airflow/dags/etl_postgres_to_clickhouse.py
[2026-01-07T11:19:45.461+0000] {processor.py:830} INFO - Processing file /opt/airflow/dags/etl_postgres_to_clickhouse.py for tasks to queue
[2026-01-07T11:19:45.464+0000] {logging_mixin.py:188} INFO - [2026-01-07T11:19:45.463+0000] {dagbag.py:545} INFO - Filling up the DagBag from /opt/airflow/dags/etl_postgres_to_clickhouse.py
[2026-01-07T11:19:45.776+0000] {processor.py:840} INFO - DAG(s) 'pg_to_clickhouse_sliding_window' retrieved from /opt/airflow/dags/etl_postgres_to_clickhouse.py
[2026-01-07T11:19:45.820+0000] {logging_mixin.py:188} INFO - [2026-01-07T11:19:45.819+0000] {dag.py:3096} INFO - Sync 1 DAGs
[2026-01-07T11:19:45.854+0000] {logging_mixin.py:188} INFO - [2026-01-07T11:19:45.854+0000] {dag.py:3954} INFO - Setting next_dagrun for pg_to_clickhouse_sliding_window to 2026-01-07 11:19:40+00:00, run_after=2026-01-07 11:19:50+00:00
[2026-01-07T11:19:45.885+0000] {processor.py:183} INFO - Processing /opt/airflow/dags/etl_postgres_to_clickhouse.py took 0.436 seconds
[2026-01-07T11:20:16.620+0000] {processor.py:161} INFO - Started process (PID=662) to work on /opt/airflow/dags/etl_postgres_to_clickhouse.py
[2026-01-07T11:20:16.622+0000] {processor.py:830} INFO - Processing file /opt/airflow/dags/etl_postgres_to_clickhouse.py for tasks to queue
[2026-01-07T11:20:16.624+0000] {logging_mixin.py:188} INFO - [2026-01-07T11:20:16.624+0000] {dagbag.py:545} INFO - Filling up the DagBag from /opt/airflow/dags/etl_postgres_to_clickhouse.py
[2026-01-07T11:20:16.954+0000] {processor.py:840} INFO - DAG(s) 'pg_to_clickhouse_sliding_window' retrieved from /opt/airflow/dags/etl_postgres_to_clickhouse.py
[2026-01-07T11:20:17.007+0000] {logging_mixin.py:188} INFO - [2026-01-07T11:20:17.006+0000] {dag.py:3096} INFO - Sync 1 DAGs
[2026-01-07T11:20:17.043+0000] {logging_mixin.py:188} INFO - [2026-01-07T11:20:17.043+0000] {dag.py:3954} INFO - Setting next_dagrun for pg_to_clickhouse_sliding_window to 2026-01-07 11:20:10+00:00, run_after=2026-01-07 11:20:20+00:00
[2026-01-07T11:20:17.077+0000] {processor.py:183} INFO - Processing /opt/airflow/dags/etl_postgres_to_clickhouse.py took 0.466 seconds
[2026-01-07T11:20:47.206+0000] {processor.py:161} INFO - Started process (PID=687) to work on /opt/airflow/dags/etl_postgres_to_clickhouse.py
[2026-01-07T11:20:47.207+0000] {processor.py:830} INFO - Processing file /opt/airflow/dags/etl_postgres_to_clickhouse.py for tasks to queue
[2026-01-07T11:20:47.213+0000] {logging_mixin.py:188} INFO - [2026-01-07T11:20:47.212+0000] {dagbag.py:545} INFO - Filling up the DagBag from /opt/airflow/dags/etl_postgres_to_clickhouse.py
[2026-01-07T11:20:47.464+0000] {processor.py:840} INFO - DAG(s) 'pg_to_clickhouse_sliding_window' retrieved from /opt/airflow/dags/etl_postgres_to_clickhouse.py
[2026-01-07T11:20:47.502+0000] {logging_mixin.py:188} INFO - [2026-01-07T11:20:47.502+0000] {dag.py:3096} INFO - Sync 1 DAGs
[2026-01-07T11:20:47.527+0000] {logging_mixin.py:188} INFO - [2026-01-07T11:20:47.527+0000] {dag.py:3954} INFO - Setting next_dagrun for pg_to_clickhouse_sliding_window to 2026-01-07 11:20:40+00:00, run_after=2026-01-07 11:20:50+00:00
[2026-01-07T11:20:47.559+0000] {processor.py:183} INFO - Processing /opt/airflow/dags/etl_postgres_to_clickhouse.py took 0.361 seconds
[2026-01-07T11:21:18.221+0000] {processor.py:161} INFO - Started process (PID=712) to work on /opt/airflow/dags/etl_postgres_to_clickhouse.py
[2026-01-07T11:21:18.224+0000] {processor.py:830} INFO - Processing file /opt/airflow/dags/etl_postgres_to_clickhouse.py for tasks to queue
[2026-01-07T11:21:18.229+0000] {logging_mixin.py:188} INFO - [2026-01-07T11:21:18.228+0000] {dagbag.py:545} INFO - Filling up the DagBag from /opt/airflow/dags/etl_postgres_to_clickhouse.py
[2026-01-07T11:21:18.514+0000] {processor.py:840} INFO - DAG(s) 'pg_to_clickhouse_sliding_window' retrieved from /opt/airflow/dags/etl_postgres_to_clickhouse.py
[2026-01-07T11:21:18.554+0000] {logging_mixin.py:188} INFO - [2026-01-07T11:21:18.554+0000] {dag.py:3096} INFO - Sync 1 DAGs
[2026-01-07T11:21:18.596+0000] {logging_mixin.py:188} INFO - [2026-01-07T11:21:18.595+0000] {dag.py:3954} INFO - Setting next_dagrun for pg_to_clickhouse_sliding_window to 2026-01-07 11:21:10+00:00, run_after=2026-01-07 11:21:20+00:00
[2026-01-07T11:21:18.651+0000] {processor.py:183} INFO - Processing /opt/airflow/dags/etl_postgres_to_clickhouse.py took 0.444 seconds
[2026-01-07T11:21:49.594+0000] {processor.py:161} INFO - Started process (PID=744) to work on /opt/airflow/dags/etl_postgres_to_clickhouse.py
[2026-01-07T11:21:49.596+0000] {processor.py:830} INFO - Processing file /opt/airflow/dags/etl_postgres_to_clickhouse.py for tasks to queue
[2026-01-07T11:21:49.598+0000] {logging_mixin.py:188} INFO - [2026-01-07T11:21:49.598+0000] {dagbag.py:545} INFO - Filling up the DagBag from /opt/airflow/dags/etl_postgres_to_clickhouse.py
[2026-01-07T11:21:49.900+0000] {processor.py:840} INFO - DAG(s) 'pg_to_clickhouse_sliding_window' retrieved from /opt/airflow/dags/etl_postgres_to_clickhouse.py
[2026-01-07T11:21:49.946+0000] {logging_mixin.py:188} INFO - [2026-01-07T11:21:49.946+0000] {dag.py:3096} INFO - Sync 1 DAGs
[2026-01-07T11:21:49.981+0000] {logging_mixin.py:188} INFO - [2026-01-07T11:21:49.981+0000] {dag.py:3954} INFO - Setting next_dagrun for pg_to_clickhouse_sliding_window to 2026-01-07 11:21:40+00:00, run_after=2026-01-07 11:21:50+00:00
[2026-01-07T11:21:50.008+0000] {processor.py:183} INFO - Processing /opt/airflow/dags/etl_postgres_to_clickhouse.py took 0.423 seconds
[2026-01-07T11:22:20.349+0000] {processor.py:161} INFO - Started process (PID=769) to work on /opt/airflow/dags/etl_postgres_to_clickhouse.py
[2026-01-07T11:22:20.351+0000] {processor.py:830} INFO - Processing file /opt/airflow/dags/etl_postgres_to_clickhouse.py for tasks to queue
[2026-01-07T11:22:20.355+0000] {logging_mixin.py:188} INFO - [2026-01-07T11:22:20.354+0000] {dagbag.py:545} INFO - Filling up the DagBag from /opt/airflow/dags/etl_postgres_to_clickhouse.py
[2026-01-07T11:22:20.842+0000] {processor.py:840} INFO - DAG(s) 'pg_to_clickhouse_sliding_window' retrieved from /opt/airflow/dags/etl_postgres_to_clickhouse.py
[2026-01-07T11:22:20.900+0000] {logging_mixin.py:188} INFO - [2026-01-07T11:22:20.899+0000] {dag.py:3096} INFO - Sync 1 DAGs
[2026-01-07T11:22:20.942+0000] {logging_mixin.py:188} INFO - [2026-01-07T11:22:20.942+0000] {dag.py:3954} INFO - Setting next_dagrun for pg_to_clickhouse_sliding_window to 2026-01-07 11:22:20+00:00, run_after=2026-01-07 11:22:30+00:00
[2026-01-07T11:22:20.993+0000] {processor.py:183} INFO - Processing /opt/airflow/dags/etl_postgres_to_clickhouse.py took 0.657 seconds
[2026-01-07T11:22:52.067+0000] {processor.py:161} INFO - Started process (PID=796) to work on /opt/airflow/dags/etl_postgres_to_clickhouse.py
[2026-01-07T11:22:52.070+0000] {processor.py:830} INFO - Processing file /opt/airflow/dags/etl_postgres_to_clickhouse.py for tasks to queue
[2026-01-07T11:22:52.073+0000] {logging_mixin.py:188} INFO - [2026-01-07T11:22:52.073+0000] {dagbag.py:545} INFO - Filling up the DagBag from /opt/airflow/dags/etl_postgres_to_clickhouse.py
[2026-01-07T11:22:52.478+0000] {processor.py:840} INFO - DAG(s) 'pg_to_clickhouse_sliding_window' retrieved from /opt/airflow/dags/etl_postgres_to_clickhouse.py
[2026-01-07T11:22:52.538+0000] {logging_mixin.py:188} INFO - [2026-01-07T11:22:52.538+0000] {dag.py:3096} INFO - Sync 1 DAGs
[2026-01-07T11:22:52.586+0000] {logging_mixin.py:188} INFO - [2026-01-07T11:22:52.586+0000] {dag.py:3954} INFO - Setting next_dagrun for pg_to_clickhouse_sliding_window to 2026-01-07 11:22:50+00:00, run_after=2026-01-07 11:23:00+00:00
[2026-01-07T11:22:52.625+0000] {processor.py:183} INFO - Processing /opt/airflow/dags/etl_postgres_to_clickhouse.py took 0.569 seconds
[2026-01-07T11:23:22.415+0000] {processor.py:161} INFO - Started process (PID=829) to work on /opt/airflow/dags/etl_postgres_to_clickhouse.py
[2026-01-07T11:23:22.430+0000] {processor.py:830} INFO - Processing file /opt/airflow/dags/etl_postgres_to_clickhouse.py for tasks to queue
[2026-01-07T11:23:22.434+0000] {logging_mixin.py:188} INFO - [2026-01-07T11:23:22.433+0000] {dagbag.py:545} INFO - Filling up the DagBag from /opt/airflow/dags/etl_postgres_to_clickhouse.py
[2026-01-07T11:23:21.484+0000] {processor.py:840} INFO - DAG(s) 'pg_to_clickhouse_sliding_window' retrieved from /opt/airflow/dags/etl_postgres_to_clickhouse.py
[2026-01-07T11:23:21.593+0000] {logging_mixin.py:188} INFO - [2026-01-07T11:23:21.592+0000] {dag.py:3096} INFO - Sync 1 DAGs
[2026-01-07T11:23:21.653+0000] {logging_mixin.py:188} INFO - [2026-01-07T11:23:21.653+0000] {dag.py:3954} INFO - Setting next_dagrun for pg_to_clickhouse_sliding_window to 2026-01-07 11:23:20+00:00, run_after=2026-01-07 11:23:30+00:00
[2026-01-07T11:23:21.705+0000] {processor.py:183} INFO - Processing /opt/airflow/dags/etl_postgres_to_clickhouse.py took 1.159 seconds
[2026-01-07T11:23:51.963+0000] {processor.py:161} INFO - Started process (PID=854) to work on /opt/airflow/dags/etl_postgres_to_clickhouse.py
[2026-01-07T11:23:51.964+0000] {processor.py:830} INFO - Processing file /opt/airflow/dags/etl_postgres_to_clickhouse.py for tasks to queue
[2026-01-07T11:23:51.975+0000] {logging_mixin.py:188} INFO - [2026-01-07T11:23:51.974+0000] {dagbag.py:545} INFO - Filling up the DagBag from /opt/airflow/dags/etl_postgres_to_clickhouse.py
[2026-01-07T11:23:52.699+0000] {processor.py:840} INFO - DAG(s) 'pg_to_clickhouse_sliding_window' retrieved from /opt/airflow/dags/etl_postgres_to_clickhouse.py
[2026-01-07T11:23:52.796+0000] {logging_mixin.py:188} INFO - [2026-01-07T11:23:52.795+0000] {dag.py:3096} INFO - Sync 1 DAGs
[2026-01-07T11:23:52.858+0000] {logging_mixin.py:188} INFO - [2026-01-07T11:23:52.858+0000] {dag.py:3954} INFO - Setting next_dagrun for pg_to_clickhouse_sliding_window to 2026-01-07 11:23:50+00:00, run_after=2026-01-07 11:24:00+00:00
[2026-01-07T11:23:52.920+0000] {processor.py:183} INFO - Processing /opt/airflow/dags/etl_postgres_to_clickhouse.py took 0.969 seconds
[2026-01-07T11:24:23.059+0000] {processor.py:161} INFO - Started process (PID=879) to work on /opt/airflow/dags/etl_postgres_to_clickhouse.py
[2026-01-07T11:24:23.064+0000] {processor.py:830} INFO - Processing file /opt/airflow/dags/etl_postgres_to_clickhouse.py for tasks to queue
[2026-01-07T11:24:23.068+0000] {logging_mixin.py:188} INFO - [2026-01-07T11:24:23.067+0000] {dagbag.py:545} INFO - Filling up the DagBag from /opt/airflow/dags/etl_postgres_to_clickhouse.py
[2026-01-07T11:24:23.607+0000] {processor.py:840} INFO - DAG(s) 'pg_to_clickhouse_sliding_window' retrieved from /opt/airflow/dags/etl_postgres_to_clickhouse.py
[2026-01-07T11:24:23.686+0000] {logging_mixin.py:188} INFO - [2026-01-07T11:24:23.685+0000] {dag.py:3096} INFO - Sync 1 DAGs
[2026-01-07T11:24:23.735+0000] {logging_mixin.py:188} INFO - [2026-01-07T11:24:23.735+0000] {dag.py:3954} INFO - Setting next_dagrun for pg_to_clickhouse_sliding_window to 2026-01-07 11:24:20+00:00, run_after=2026-01-07 11:24:30+00:00
[2026-01-07T11:24:23.772+0000] {processor.py:183} INFO - Processing /opt/airflow/dags/etl_postgres_to_clickhouse.py took 0.727 seconds
[2026-01-07T11:24:53.872+0000] {processor.py:161} INFO - Started process (PID=906) to work on /opt/airflow/dags/etl_postgres_to_clickhouse.py
[2026-01-07T11:24:53.874+0000] {processor.py:830} INFO - Processing file /opt/airflow/dags/etl_postgres_to_clickhouse.py for tasks to queue
[2026-01-07T11:24:53.877+0000] {logging_mixin.py:188} INFO - [2026-01-07T11:24:53.877+0000] {dagbag.py:545} INFO - Filling up the DagBag from /opt/airflow/dags/etl_postgres_to_clickhouse.py
[2026-01-07T11:24:54.271+0000] {processor.py:840} INFO - DAG(s) 'pg_to_clickhouse_sliding_window' retrieved from /opt/airflow/dags/etl_postgres_to_clickhouse.py
[2026-01-07T11:24:54.330+0000] {logging_mixin.py:188} INFO - [2026-01-07T11:24:54.329+0000] {dag.py:3096} INFO - Sync 1 DAGs
[2026-01-07T11:24:54.392+0000] {logging_mixin.py:188} INFO - [2026-01-07T11:24:54.392+0000] {dag.py:3954} INFO - Setting next_dagrun for pg_to_clickhouse_sliding_window to 2026-01-07 11:24:50+00:00, run_after=2026-01-07 11:25:00+00:00
[2026-01-07T11:24:54.472+0000] {processor.py:183} INFO - Processing /opt/airflow/dags/etl_postgres_to_clickhouse.py took 0.609 seconds
[2026-01-07T11:25:24.642+0000] {processor.py:161} INFO - Started process (PID=930) to work on /opt/airflow/dags/etl_postgres_to_clickhouse.py
[2026-01-07T11:25:24.646+0000] {processor.py:830} INFO - Processing file /opt/airflow/dags/etl_postgres_to_clickhouse.py for tasks to queue
[2026-01-07T11:25:24.659+0000] {logging_mixin.py:188} INFO - [2026-01-07T11:25:24.654+0000] {dagbag.py:545} INFO - Filling up the DagBag from /opt/airflow/dags/etl_postgres_to_clickhouse.py
[2026-01-07T11:25:25.230+0000] {processor.py:840} INFO - DAG(s) 'pg_to_clickhouse_sliding_window' retrieved from /opt/airflow/dags/etl_postgres_to_clickhouse.py
[2026-01-07T11:25:25.285+0000] {logging_mixin.py:188} INFO - [2026-01-07T11:25:25.285+0000] {dag.py:3096} INFO - Sync 1 DAGs
[2026-01-07T11:25:25.337+0000] {logging_mixin.py:188} INFO - [2026-01-07T11:25:25.336+0000] {dag.py:3954} INFO - Setting next_dagrun for pg_to_clickhouse_sliding_window to 2026-01-07 11:25:20+00:00, run_after=2026-01-07 11:25:30+00:00
[2026-01-07T11:25:25.382+0000] {processor.py:183} INFO - Processing /opt/airflow/dags/etl_postgres_to_clickhouse.py took 0.756 seconds
[2026-01-07T11:25:55.521+0000] {processor.py:161} INFO - Started process (PID=962) to work on /opt/airflow/dags/etl_postgres_to_clickhouse.py
[2026-01-07T11:25:55.522+0000] {processor.py:830} INFO - Processing file /opt/airflow/dags/etl_postgres_to_clickhouse.py for tasks to queue
[2026-01-07T11:25:55.525+0000] {logging_mixin.py:188} INFO - [2026-01-07T11:25:55.525+0000] {dagbag.py:545} INFO - Filling up the DagBag from /opt/airflow/dags/etl_postgres_to_clickhouse.py
[2026-01-07T11:25:55.877+0000] {processor.py:840} INFO - DAG(s) 'pg_to_clickhouse_sliding_window' retrieved from /opt/airflow/dags/etl_postgres_to_clickhouse.py
[2026-01-07T11:25:55.929+0000] {logging_mixin.py:188} INFO - [2026-01-07T11:25:55.929+0000] {dag.py:3096} INFO - Sync 1 DAGs
[2026-01-07T11:25:55.963+0000] {logging_mixin.py:188} INFO - [2026-01-07T11:25:55.963+0000] {dag.py:3954} INFO - Setting next_dagrun for pg_to_clickhouse_sliding_window to 2026-01-07 11:25:50+00:00, run_after=2026-01-07 11:26:00+00:00
[2026-01-07T11:25:55.996+0000] {processor.py:183} INFO - Processing /opt/airflow/dags/etl_postgres_to_clickhouse.py took 0.483 seconds
[2026-01-07T11:26:26.523+0000] {processor.py:161} INFO - Started process (PID=987) to work on /opt/airflow/dags/etl_postgres_to_clickhouse.py
[2026-01-07T11:26:26.525+0000] {processor.py:830} INFO - Processing file /opt/airflow/dags/etl_postgres_to_clickhouse.py for tasks to queue
[2026-01-07T11:26:26.533+0000] {logging_mixin.py:188} INFO - [2026-01-07T11:26:26.532+0000] {dagbag.py:545} INFO - Filling up the DagBag from /opt/airflow/dags/etl_postgres_to_clickhouse.py
[2026-01-07T11:26:26.948+0000] {processor.py:840} INFO - DAG(s) 'pg_to_clickhouse_sliding_window' retrieved from /opt/airflow/dags/etl_postgres_to_clickhouse.py
[2026-01-07T11:26:26.986+0000] {logging_mixin.py:188} INFO - [2026-01-07T11:26:26.986+0000] {dag.py:3096} INFO - Sync 1 DAGs
[2026-01-07T11:26:27.020+0000] {logging_mixin.py:188} INFO - [2026-01-07T11:26:27.020+0000] {dag.py:3954} INFO - Setting next_dagrun for pg_to_clickhouse_sliding_window to 2026-01-07 11:26:20+00:00, run_after=2026-01-07 11:26:30+00:00
[2026-01-07T11:26:27.050+0000] {processor.py:183} INFO - Processing /opt/airflow/dags/etl_postgres_to_clickhouse.py took 0.542 seconds
[2026-01-07T11:26:57.176+0000] {processor.py:161} INFO - Started process (PID=1011) to work on /opt/airflow/dags/etl_postgres_to_clickhouse.py
[2026-01-07T11:26:57.178+0000] {processor.py:830} INFO - Processing file /opt/airflow/dags/etl_postgres_to_clickhouse.py for tasks to queue
[2026-01-07T11:26:57.181+0000] {logging_mixin.py:188} INFO - [2026-01-07T11:26:57.181+0000] {dagbag.py:545} INFO - Filling up the DagBag from /opt/airflow/dags/etl_postgres_to_clickhouse.py
[2026-01-07T11:26:57.626+0000] {processor.py:840} INFO - DAG(s) 'pg_to_clickhouse_sliding_window' retrieved from /opt/airflow/dags/etl_postgres_to_clickhouse.py
[2026-01-07T11:26:57.708+0000] {logging_mixin.py:188} INFO - [2026-01-07T11:26:57.708+0000] {dag.py:3096} INFO - Sync 1 DAGs
[2026-01-07T11:26:57.769+0000] {logging_mixin.py:188} INFO - [2026-01-07T11:26:57.769+0000] {dag.py:3954} INFO - Setting next_dagrun for pg_to_clickhouse_sliding_window to 2026-01-07 11:26:50+00:00, run_after=2026-01-07 11:27:00+00:00
[2026-01-07T11:26:57.809+0000] {processor.py:183} INFO - Processing /opt/airflow/dags/etl_postgres_to_clickhouse.py took 0.643 seconds
[2026-01-07T11:27:27.998+0000] {processor.py:161} INFO - Started process (PID=1036) to work on /opt/airflow/dags/etl_postgres_to_clickhouse.py
[2026-01-07T11:27:28.000+0000] {processor.py:830} INFO - Processing file /opt/airflow/dags/etl_postgres_to_clickhouse.py for tasks to queue
[2026-01-07T11:27:28.003+0000] {logging_mixin.py:188} INFO - [2026-01-07T11:27:28.002+0000] {dagbag.py:545} INFO - Filling up the DagBag from /opt/airflow/dags/etl_postgres_to_clickhouse.py
[2026-01-07T11:27:28.419+0000] {processor.py:840} INFO - DAG(s) 'pg_to_clickhouse_sliding_window' retrieved from /opt/airflow/dags/etl_postgres_to_clickhouse.py
[2026-01-07T11:27:28.476+0000] {logging_mixin.py:188} INFO - [2026-01-07T11:27:28.475+0000] {dag.py:3096} INFO - Sync 1 DAGs
[2026-01-07T11:27:28.518+0000] {logging_mixin.py:188} INFO - [2026-01-07T11:27:28.518+0000] {dag.py:3954} INFO - Setting next_dagrun for pg_to_clickhouse_sliding_window to 2026-01-07 11:27:20+00:00, run_after=2026-01-07 11:27:30+00:00
[2026-01-07T11:27:28.554+0000] {processor.py:183} INFO - Processing /opt/airflow/dags/etl_postgres_to_clickhouse.py took 0.568 seconds
[2026-01-07T11:27:58.661+0000] {processor.py:161} INFO - Started process (PID=1067) to work on /opt/airflow/dags/etl_postgres_to_clickhouse.py
[2026-01-07T11:27:58.663+0000] {processor.py:830} INFO - Processing file /opt/airflow/dags/etl_postgres_to_clickhouse.py for tasks to queue
[2026-01-07T11:27:58.667+0000] {logging_mixin.py:188} INFO - [2026-01-07T11:27:58.666+0000] {dagbag.py:545} INFO - Filling up the DagBag from /opt/airflow/dags/etl_postgres_to_clickhouse.py
[2026-01-07T11:27:59.013+0000] {processor.py:840} INFO - DAG(s) 'pg_to_clickhouse_sliding_window' retrieved from /opt/airflow/dags/etl_postgres_to_clickhouse.py
[2026-01-07T11:27:59.055+0000] {logging_mixin.py:188} INFO - [2026-01-07T11:27:59.055+0000] {dag.py:3096} INFO - Sync 1 DAGs
[2026-01-07T11:27:59.099+0000] {logging_mixin.py:188} INFO - [2026-01-07T11:27:59.098+0000] {dag.py:3954} INFO - Setting next_dagrun for pg_to_clickhouse_sliding_window to 2026-01-07 11:27:50+00:00, run_after=2026-01-07 11:28:00+00:00
[2026-01-07T11:27:59.130+0000] {processor.py:183} INFO - Processing /opt/airflow/dags/etl_postgres_to_clickhouse.py took 0.485 seconds
[2026-01-07T11:28:29.468+0000] {processor.py:161} INFO - Started process (PID=1093) to work on /opt/airflow/dags/etl_postgres_to_clickhouse.py
[2026-01-07T11:28:29.469+0000] {processor.py:830} INFO - Processing file /opt/airflow/dags/etl_postgres_to_clickhouse.py for tasks to queue
[2026-01-07T11:28:29.471+0000] {logging_mixin.py:188} INFO - [2026-01-07T11:28:29.471+0000] {dagbag.py:545} INFO - Filling up the DagBag from /opt/airflow/dags/etl_postgres_to_clickhouse.py
[2026-01-07T11:28:29.809+0000] {processor.py:840} INFO - DAG(s) 'pg_to_clickhouse_sliding_window' retrieved from /opt/airflow/dags/etl_postgres_to_clickhouse.py
[2026-01-07T11:28:29.848+0000] {logging_mixin.py:188} INFO - [2026-01-07T11:28:29.847+0000] {dag.py:3096} INFO - Sync 1 DAGs
[2026-01-07T11:28:29.879+0000] {logging_mixin.py:188} INFO - [2026-01-07T11:28:29.879+0000] {dag.py:3954} INFO - Setting next_dagrun for pg_to_clickhouse_sliding_window to 2026-01-07 11:28:20+00:00, run_after=2026-01-07 11:28:30+00:00
[2026-01-07T11:28:29.912+0000] {processor.py:183} INFO - Processing /opt/airflow/dags/etl_postgres_to_clickhouse.py took 0.454 seconds
[2026-01-07T11:28:59.998+0000] {processor.py:161} INFO - Started process (PID=1118) to work on /opt/airflow/dags/etl_postgres_to_clickhouse.py
[2026-01-07T11:29:00.000+0000] {processor.py:830} INFO - Processing file /opt/airflow/dags/etl_postgres_to_clickhouse.py for tasks to queue
[2026-01-07T11:29:00.003+0000] {logging_mixin.py:188} INFO - [2026-01-07T11:29:00.003+0000] {dagbag.py:545} INFO - Filling up the DagBag from /opt/airflow/dags/etl_postgres_to_clickhouse.py
[2026-01-07T11:29:00.279+0000] {processor.py:840} INFO - DAG(s) 'pg_to_clickhouse_sliding_window' retrieved from /opt/airflow/dags/etl_postgres_to_clickhouse.py
[2026-01-07T11:29:00.316+0000] {logging_mixin.py:188} INFO - [2026-01-07T11:29:00.316+0000] {dag.py:3096} INFO - Sync 1 DAGs
[2026-01-07T11:29:00.342+0000] {logging_mixin.py:188} INFO - [2026-01-07T11:29:00.342+0000] {dag.py:3954} INFO - Setting next_dagrun for pg_to_clickhouse_sliding_window to 2026-01-07 11:28:50+00:00, run_after=2026-01-07 11:29:00+00:00
[2026-01-07T11:29:00.370+0000] {processor.py:183} INFO - Processing /opt/airflow/dags/etl_postgres_to_clickhouse.py took 0.381 seconds
[2026-01-07T11:29:30.532+0000] {processor.py:161} INFO - Started process (PID=1143) to work on /opt/airflow/dags/etl_postgres_to_clickhouse.py
[2026-01-07T11:29:30.534+0000] {processor.py:830} INFO - Processing file /opt/airflow/dags/etl_postgres_to_clickhouse.py for tasks to queue
[2026-01-07T11:29:30.540+0000] {logging_mixin.py:188} INFO - [2026-01-07T11:29:30.539+0000] {dagbag.py:545} INFO - Filling up the DagBag from /opt/airflow/dags/etl_postgres_to_clickhouse.py
[2026-01-07T11:29:31.111+0000] {processor.py:840} INFO - DAG(s) 'pg_to_clickhouse_sliding_window' retrieved from /opt/airflow/dags/etl_postgres_to_clickhouse.py
[2026-01-07T11:29:31.172+0000] {logging_mixin.py:188} INFO - [2026-01-07T11:29:31.172+0000] {dag.py:3096} INFO - Sync 1 DAGs
[2026-01-07T11:29:31.219+0000] {logging_mixin.py:188} INFO - [2026-01-07T11:29:31.218+0000] {dag.py:3954} INFO - Setting next_dagrun for pg_to_clickhouse_sliding_window to 2026-01-07 11:29:30+00:00, run_after=2026-01-07 11:29:40+00:00
[2026-01-07T11:29:31.261+0000] {processor.py:183} INFO - Processing /opt/airflow/dags/etl_postgres_to_clickhouse.py took 0.758 seconds
[2026-01-07T11:30:01.425+0000] {processor.py:161} INFO - Started process (PID=1168) to work on /opt/airflow/dags/etl_postgres_to_clickhouse.py
[2026-01-07T11:30:01.427+0000] {processor.py:830} INFO - Processing file /opt/airflow/dags/etl_postgres_to_clickhouse.py for tasks to queue
[2026-01-07T11:30:01.430+0000] {logging_mixin.py:188} INFO - [2026-01-07T11:30:01.429+0000] {dagbag.py:545} INFO - Filling up the DagBag from /opt/airflow/dags/etl_postgres_to_clickhouse.py
[2026-01-07T11:30:01.764+0000] {processor.py:840} INFO - DAG(s) 'pg_to_clickhouse_sliding_window' retrieved from /opt/airflow/dags/etl_postgres_to_clickhouse.py
[2026-01-07T11:30:01.821+0000] {logging_mixin.py:188} INFO - [2026-01-07T11:30:01.821+0000] {dag.py:3096} INFO - Sync 1 DAGs
[2026-01-07T11:30:01.857+0000] {logging_mixin.py:188} INFO - [2026-01-07T11:30:01.857+0000] {dag.py:3954} INFO - Setting next_dagrun for pg_to_clickhouse_sliding_window to 2026-01-07 11:30:00+00:00, run_after=2026-01-07 11:30:10+00:00
[2026-01-07T11:30:01.904+0000] {processor.py:183} INFO - Processing /opt/airflow/dags/etl_postgres_to_clickhouse.py took 0.490 seconds
[2026-01-07T11:30:32.093+0000] {processor.py:161} INFO - Started process (PID=1195) to work on /opt/airflow/dags/etl_postgres_to_clickhouse.py
[2026-01-07T11:30:32.095+0000] {processor.py:830} INFO - Processing file /opt/airflow/dags/etl_postgres_to_clickhouse.py for tasks to queue
[2026-01-07T11:30:32.099+0000] {logging_mixin.py:188} INFO - [2026-01-07T11:30:32.098+0000] {dagbag.py:545} INFO - Filling up the DagBag from /opt/airflow/dags/etl_postgres_to_clickhouse.py
[2026-01-07T11:30:32.744+0000] {processor.py:840} INFO - DAG(s) 'pg_to_clickhouse_sliding_window' retrieved from /opt/airflow/dags/etl_postgres_to_clickhouse.py
[2026-01-07T11:30:32.808+0000] {logging_mixin.py:188} INFO - [2026-01-07T11:30:32.807+0000] {dag.py:3096} INFO - Sync 1 DAGs
[2026-01-07T11:30:32.859+0000] {logging_mixin.py:188} INFO - [2026-01-07T11:30:32.858+0000] {dag.py:3954} INFO - Setting next_dagrun for pg_to_clickhouse_sliding_window to 2026-01-07 11:30:30+00:00, run_after=2026-01-07 11:30:40+00:00
[2026-01-07T11:30:32.892+0000] {processor.py:183} INFO - Processing /opt/airflow/dags/etl_postgres_to_clickhouse.py took 0.814 seconds
[2026-01-07T11:31:03.670+0000] {processor.py:161} INFO - Started process (PID=1227) to work on /opt/airflow/dags/etl_postgres_to_clickhouse.py
[2026-01-07T11:31:03.672+0000] {processor.py:830} INFO - Processing file /opt/airflow/dags/etl_postgres_to_clickhouse.py for tasks to queue
[2026-01-07T11:31:03.675+0000] {logging_mixin.py:188} INFO - [2026-01-07T11:31:03.675+0000] {dagbag.py:545} INFO - Filling up the DagBag from /opt/airflow/dags/etl_postgres_to_clickhouse.py
[2026-01-07T11:31:04.159+0000] {processor.py:840} INFO - DAG(s) 'pg_to_clickhouse_sliding_window' retrieved from /opt/airflow/dags/etl_postgres_to_clickhouse.py
[2026-01-07T11:31:04.228+0000] {logging_mixin.py:188} INFO - [2026-01-07T11:31:04.227+0000] {dag.py:3096} INFO - Sync 1 DAGs
[2026-01-07T11:31:04.293+0000] {logging_mixin.py:188} INFO - [2026-01-07T11:31:04.292+0000] {dag.py:3954} INFO - Setting next_dagrun for pg_to_clickhouse_sliding_window to 2026-01-07 11:31:00+00:00, run_after=2026-01-07 11:31:10+00:00
[2026-01-07T11:31:04.348+0000] {processor.py:183} INFO - Processing /opt/airflow/dags/etl_postgres_to_clickhouse.py took 0.690 seconds
[2026-01-07T11:31:34.515+0000] {processor.py:161} INFO - Started process (PID=1253) to work on /opt/airflow/dags/etl_postgres_to_clickhouse.py
[2026-01-07T11:31:34.517+0000] {processor.py:830} INFO - Processing file /opt/airflow/dags/etl_postgres_to_clickhouse.py for tasks to queue
[2026-01-07T11:31:34.520+0000] {logging_mixin.py:188} INFO - [2026-01-07T11:31:34.520+0000] {dagbag.py:545} INFO - Filling up the DagBag from /opt/airflow/dags/etl_postgres_to_clickhouse.py
[2026-01-07T11:31:34.943+0000] {processor.py:840} INFO - DAG(s) 'pg_to_clickhouse_sliding_window' retrieved from /opt/airflow/dags/etl_postgres_to_clickhouse.py
[2026-01-07T11:31:34.998+0000] {logging_mixin.py:188} INFO - [2026-01-07T11:31:34.997+0000] {dag.py:3096} INFO - Sync 1 DAGs
[2026-01-07T11:31:35.041+0000] {logging_mixin.py:188} INFO - [2026-01-07T11:31:35.040+0000] {dag.py:3954} INFO - Setting next_dagrun for pg_to_clickhouse_sliding_window to 2026-01-07 11:31:30+00:00, run_after=2026-01-07 11:31:40+00:00
[2026-01-07T11:31:35.074+0000] {processor.py:183} INFO - Processing /opt/airflow/dags/etl_postgres_to_clickhouse.py took 0.572 seconds
[2026-01-07T11:32:05.207+0000] {processor.py:161} INFO - Started process (PID=1279) to work on /opt/airflow/dags/etl_postgres_to_clickhouse.py
[2026-01-07T11:32:05.209+0000] {processor.py:830} INFO - Processing file /opt/airflow/dags/etl_postgres_to_clickhouse.py for tasks to queue
[2026-01-07T11:32:05.221+0000] {logging_mixin.py:188} INFO - [2026-01-07T11:32:05.220+0000] {dagbag.py:545} INFO - Filling up the DagBag from /opt/airflow/dags/etl_postgres_to_clickhouse.py
[2026-01-07T11:32:05.844+0000] {processor.py:840} INFO - DAG(s) 'pg_to_clickhouse_sliding_window' retrieved from /opt/airflow/dags/etl_postgres_to_clickhouse.py
[2026-01-07T11:32:05.917+0000] {logging_mixin.py:188} INFO - [2026-01-07T11:32:05.917+0000] {dag.py:3096} INFO - Sync 1 DAGs
[2026-01-07T11:32:05.984+0000] {logging_mixin.py:188} INFO - [2026-01-07T11:32:05.984+0000] {dag.py:3954} INFO - Setting next_dagrun for pg_to_clickhouse_sliding_window to 2026-01-07 11:32:00+00:00, run_after=2026-01-07 11:32:10+00:00
[2026-01-07T11:32:06.058+0000] {processor.py:183} INFO - Processing /opt/airflow/dags/etl_postgres_to_clickhouse.py took 0.876 seconds
[2026-01-07T11:32:37.061+0000] {processor.py:161} INFO - Started process (PID=1304) to work on /opt/airflow/dags/etl_postgres_to_clickhouse.py
[2026-01-07T11:32:37.062+0000] {processor.py:830} INFO - Processing file /opt/airflow/dags/etl_postgres_to_clickhouse.py for tasks to queue
[2026-01-07T11:32:37.065+0000] {logging_mixin.py:188} INFO - [2026-01-07T11:32:37.064+0000] {dagbag.py:545} INFO - Filling up the DagBag from /opt/airflow/dags/etl_postgres_to_clickhouse.py
[2026-01-07T11:32:37.415+0000] {processor.py:840} INFO - DAG(s) 'pg_to_clickhouse_sliding_window' retrieved from /opt/airflow/dags/etl_postgres_to_clickhouse.py
[2026-01-07T11:32:37.463+0000] {logging_mixin.py:188} INFO - [2026-01-07T11:32:37.463+0000] {dag.py:3096} INFO - Sync 1 DAGs
[2026-01-07T11:32:37.506+0000] {logging_mixin.py:188} INFO - [2026-01-07T11:32:37.506+0000] {dag.py:3954} INFO - Setting next_dagrun for pg_to_clickhouse_sliding_window to 2026-01-07 11:32:30+00:00, run_after=2026-01-07 11:32:40+00:00
[2026-01-07T11:32:37.539+0000] {processor.py:183} INFO - Processing /opt/airflow/dags/etl_postgres_to_clickhouse.py took 0.489 seconds
[2026-01-07T11:33:08.243+0000] {processor.py:161} INFO - Started process (PID=1336) to work on /opt/airflow/dags/etl_postgres_to_clickhouse.py
[2026-01-07T11:33:08.246+0000] {processor.py:830} INFO - Processing file /opt/airflow/dags/etl_postgres_to_clickhouse.py for tasks to queue
[2026-01-07T11:33:08.252+0000] {logging_mixin.py:188} INFO - [2026-01-07T11:33:08.251+0000] {dagbag.py:545} INFO - Filling up the DagBag from /opt/airflow/dags/etl_postgres_to_clickhouse.py
[2026-01-07T11:33:08.762+0000] {processor.py:840} INFO - DAG(s) 'pg_to_clickhouse_sliding_window' retrieved from /opt/airflow/dags/etl_postgres_to_clickhouse.py
[2026-01-07T11:33:08.861+0000] {logging_mixin.py:188} INFO - [2026-01-07T11:33:08.860+0000] {dag.py:3096} INFO - Sync 1 DAGs
[2026-01-07T11:33:08.961+0000] {logging_mixin.py:188} INFO - [2026-01-07T11:33:08.961+0000] {dag.py:3954} INFO - Setting next_dagrun for pg_to_clickhouse_sliding_window to 2026-01-07 11:33:00+00:00, run_after=2026-01-07 11:33:10+00:00
[2026-01-07T11:33:09.051+0000] {processor.py:183} INFO - Processing /opt/airflow/dags/etl_postgres_to_clickhouse.py took 0.825 seconds
[2026-01-07T11:33:39.452+0000] {processor.py:161} INFO - Started process (PID=1361) to work on /opt/airflow/dags/etl_postgres_to_clickhouse.py
[2026-01-07T11:33:39.454+0000] {processor.py:830} INFO - Processing file /opt/airflow/dags/etl_postgres_to_clickhouse.py for tasks to queue
[2026-01-07T11:33:39.458+0000] {logging_mixin.py:188} INFO - [2026-01-07T11:33:39.458+0000] {dagbag.py:545} INFO - Filling up the DagBag from /opt/airflow/dags/etl_postgres_to_clickhouse.py
[2026-01-07T11:33:39.843+0000] {processor.py:840} INFO - DAG(s) 'pg_to_clickhouse_sliding_window' retrieved from /opt/airflow/dags/etl_postgres_to_clickhouse.py
[2026-01-07T11:33:39.891+0000] {logging_mixin.py:188} INFO - [2026-01-07T11:33:39.890+0000] {dag.py:3096} INFO - Sync 1 DAGs
[2026-01-07T11:33:39.926+0000] {logging_mixin.py:188} INFO - [2026-01-07T11:33:39.926+0000] {dag.py:3954} INFO - Setting next_dagrun for pg_to_clickhouse_sliding_window to 2026-01-07 11:33:30+00:00, run_after=2026-01-07 11:33:40+00:00
[2026-01-07T11:33:39.958+0000] {processor.py:183} INFO - Processing /opt/airflow/dags/etl_postgres_to_clickhouse.py took 0.521 seconds
[2026-01-07T11:34:10.172+0000] {processor.py:161} INFO - Started process (PID=1386) to work on /opt/airflow/dags/etl_postgres_to_clickhouse.py
[2026-01-07T11:34:10.174+0000] {processor.py:830} INFO - Processing file /opt/airflow/dags/etl_postgres_to_clickhouse.py for tasks to queue
[2026-01-07T11:34:10.176+0000] {logging_mixin.py:188} INFO - [2026-01-07T11:34:10.176+0000] {dagbag.py:545} INFO - Filling up the DagBag from /opt/airflow/dags/etl_postgres_to_clickhouse.py
[2026-01-07T11:34:10.474+0000] {processor.py:840} INFO - DAG(s) 'pg_to_clickhouse_sliding_window' retrieved from /opt/airflow/dags/etl_postgres_to_clickhouse.py
[2026-01-07T11:34:10.531+0000] {logging_mixin.py:188} INFO - [2026-01-07T11:34:10.530+0000] {dag.py:3096} INFO - Sync 1 DAGs
[2026-01-07T11:34:10.567+0000] {logging_mixin.py:188} INFO - [2026-01-07T11:34:10.567+0000] {dag.py:3954} INFO - Setting next_dagrun for pg_to_clickhouse_sliding_window to 2026-01-07 11:34:00+00:00, run_after=2026-01-07 11:34:10+00:00
[2026-01-07T11:34:10.600+0000] {processor.py:183} INFO - Processing /opt/airflow/dags/etl_postgres_to_clickhouse.py took 0.438 seconds
[2026-01-07T11:34:41.006+0000] {processor.py:161} INFO - Started process (PID=1411) to work on /opt/airflow/dags/etl_postgres_to_clickhouse.py
[2026-01-07T11:34:41.008+0000] {processor.py:830} INFO - Processing file /opt/airflow/dags/etl_postgres_to_clickhouse.py for tasks to queue
[2026-01-07T11:34:41.013+0000] {logging_mixin.py:188} INFO - [2026-01-07T11:34:41.012+0000] {dagbag.py:545} INFO - Filling up the DagBag from /opt/airflow/dags/etl_postgres_to_clickhouse.py
[2026-01-07T11:34:41.352+0000] {processor.py:840} INFO - DAG(s) 'pg_to_clickhouse_sliding_window' retrieved from /opt/airflow/dags/etl_postgres_to_clickhouse.py
[2026-01-07T11:34:41.423+0000] {logging_mixin.py:188} INFO - [2026-01-07T11:34:41.422+0000] {dag.py:3096} INFO - Sync 1 DAGs
[2026-01-07T11:34:41.486+0000] {logging_mixin.py:188} INFO - [2026-01-07T11:34:41.486+0000] {dag.py:3954} INFO - Setting next_dagrun for pg_to_clickhouse_sliding_window to 2026-01-07 11:34:30+00:00, run_after=2026-01-07 11:34:40+00:00
[2026-01-07T11:34:41.530+0000] {processor.py:183} INFO - Processing /opt/airflow/dags/etl_postgres_to_clickhouse.py took 0.537 seconds
[2026-01-07T11:35:12.575+0000] {processor.py:161} INFO - Started process (PID=1439) to work on /opt/airflow/dags/etl_postgres_to_clickhouse.py
[2026-01-07T11:35:12.584+0000] {processor.py:830} INFO - Processing file /opt/airflow/dags/etl_postgres_to_clickhouse.py for tasks to queue
[2026-01-07T11:35:12.593+0000] {logging_mixin.py:188} INFO - [2026-01-07T11:35:12.592+0000] {dagbag.py:545} INFO - Filling up the DagBag from /opt/airflow/dags/etl_postgres_to_clickhouse.py
[2026-01-07T11:35:13.430+0000] {processor.py:840} INFO - DAG(s) 'pg_to_clickhouse_sliding_window' retrieved from /opt/airflow/dags/etl_postgres_to_clickhouse.py
[2026-01-07T11:35:13.501+0000] {logging_mixin.py:188} INFO - [2026-01-07T11:35:13.500+0000] {dag.py:3096} INFO - Sync 1 DAGs
[2026-01-07T11:35:13.553+0000] {logging_mixin.py:188} INFO - [2026-01-07T11:35:13.553+0000] {dag.py:3954} INFO - Setting next_dagrun for pg_to_clickhouse_sliding_window to 2026-01-07 11:35:10+00:00, run_after=2026-01-07 11:35:20+00:00
[2026-01-07T11:35:13.600+0000] {processor.py:183} INFO - Processing /opt/airflow/dags/etl_postgres_to_clickhouse.py took 1.053 seconds
[2026-01-07T11:35:44.385+0000] {processor.py:161} INFO - Started process (PID=1471) to work on /opt/airflow/dags/etl_postgres_to_clickhouse.py
[2026-01-07T11:35:44.387+0000] {processor.py:830} INFO - Processing file /opt/airflow/dags/etl_postgres_to_clickhouse.py for tasks to queue
[2026-01-07T11:35:44.393+0000] {logging_mixin.py:188} INFO - [2026-01-07T11:35:44.392+0000] {dagbag.py:545} INFO - Filling up the DagBag from /opt/airflow/dags/etl_postgres_to_clickhouse.py
[2026-01-07T11:35:44.805+0000] {processor.py:840} INFO - DAG(s) 'pg_to_clickhouse_sliding_window' retrieved from /opt/airflow/dags/etl_postgres_to_clickhouse.py
[2026-01-07T11:35:44.850+0000] {logging_mixin.py:188} INFO - [2026-01-07T11:35:44.849+0000] {dag.py:3096} INFO - Sync 1 DAGs
[2026-01-07T11:35:44.885+0000] {logging_mixin.py:188} INFO - [2026-01-07T11:35:44.885+0000] {dag.py:3954} INFO - Setting next_dagrun for pg_to_clickhouse_sliding_window to 2026-01-07 11:35:40+00:00, run_after=2026-01-07 11:35:50+00:00
[2026-01-07T11:35:44.916+0000] {processor.py:183} INFO - Processing /opt/airflow/dags/etl_postgres_to_clickhouse.py took 0.543 seconds
[2026-01-07T11:36:15.307+0000] {processor.py:161} INFO - Started process (PID=1496) to work on /opt/airflow/dags/etl_postgres_to_clickhouse.py
[2026-01-07T11:36:15.308+0000] {processor.py:830} INFO - Processing file /opt/airflow/dags/etl_postgres_to_clickhouse.py for tasks to queue
[2026-01-07T11:36:15.312+0000] {logging_mixin.py:188} INFO - [2026-01-07T11:36:15.311+0000] {dagbag.py:545} INFO - Filling up the DagBag from /opt/airflow/dags/etl_postgres_to_clickhouse.py
[2026-01-07T11:36:15.666+0000] {processor.py:840} INFO - DAG(s) 'pg_to_clickhouse_sliding_window' retrieved from /opt/airflow/dags/etl_postgres_to_clickhouse.py
[2026-01-07T11:36:15.741+0000] {logging_mixin.py:188} INFO - [2026-01-07T11:36:15.740+0000] {dag.py:3096} INFO - Sync 1 DAGs
[2026-01-07T11:36:15.786+0000] {logging_mixin.py:188} INFO - [2026-01-07T11:36:15.785+0000] {dag.py:3954} INFO - Setting next_dagrun for pg_to_clickhouse_sliding_window to 2026-01-07 11:36:10+00:00, run_after=2026-01-07 11:36:20+00:00
[2026-01-07T11:36:15.833+0000] {processor.py:183} INFO - Processing /opt/airflow/dags/etl_postgres_to_clickhouse.py took 0.539 seconds
[2026-01-07T11:36:45.948+0000] {processor.py:161} INFO - Started process (PID=1521) to work on /opt/airflow/dags/etl_postgres_to_clickhouse.py
[2026-01-07T11:36:45.950+0000] {processor.py:830} INFO - Processing file /opt/airflow/dags/etl_postgres_to_clickhouse.py for tasks to queue
[2026-01-07T11:36:45.954+0000] {logging_mixin.py:188} INFO - [2026-01-07T11:36:45.953+0000] {dagbag.py:545} INFO - Filling up the DagBag from /opt/airflow/dags/etl_postgres_to_clickhouse.py
[2026-01-07T11:36:46.294+0000] {processor.py:840} INFO - DAG(s) 'pg_to_clickhouse_sliding_window' retrieved from /opt/airflow/dags/etl_postgres_to_clickhouse.py
[2026-01-07T11:36:46.346+0000] {logging_mixin.py:188} INFO - [2026-01-07T11:36:46.345+0000] {dag.py:3096} INFO - Sync 1 DAGs
[2026-01-07T11:36:46.385+0000] {logging_mixin.py:188} INFO - [2026-01-07T11:36:46.385+0000] {dag.py:3954} INFO - Setting next_dagrun for pg_to_clickhouse_sliding_window to 2026-01-07 11:36:40+00:00, run_after=2026-01-07 11:36:50+00:00
[2026-01-07T11:36:46.463+0000] {processor.py:183} INFO - Processing /opt/airflow/dags/etl_postgres_to_clickhouse.py took 0.526 seconds
[2026-01-07T11:37:16.812+0000] {processor.py:161} INFO - Started process (PID=1552) to work on /opt/airflow/dags/etl_postgres_to_clickhouse.py
[2026-01-07T11:37:16.814+0000] {processor.py:830} INFO - Processing file /opt/airflow/dags/etl_postgres_to_clickhouse.py for tasks to queue
[2026-01-07T11:37:16.817+0000] {logging_mixin.py:188} INFO - [2026-01-07T11:37:16.816+0000] {dagbag.py:545} INFO - Filling up the DagBag from /opt/airflow/dags/etl_postgres_to_clickhouse.py
[2026-01-07T11:37:17.269+0000] {processor.py:840} INFO - DAG(s) 'pg_to_clickhouse_sliding_window' retrieved from /opt/airflow/dags/etl_postgres_to_clickhouse.py
[2026-01-07T11:37:17.340+0000] {logging_mixin.py:188} INFO - [2026-01-07T11:37:17.339+0000] {dag.py:3096} INFO - Sync 1 DAGs
[2026-01-07T11:37:17.393+0000] {logging_mixin.py:188} INFO - [2026-01-07T11:37:17.393+0000] {dag.py:3954} INFO - Setting next_dagrun for pg_to_clickhouse_sliding_window to 2026-01-07 11:37:10+00:00, run_after=2026-01-07 11:37:20+00:00
[2026-01-07T11:37:17.429+0000] {processor.py:183} INFO - Processing /opt/airflow/dags/etl_postgres_to_clickhouse.py took 0.628 seconds
[2026-01-07T11:37:47.981+0000] {processor.py:161} INFO - Started process (PID=1577) to work on /opt/airflow/dags/etl_postgres_to_clickhouse.py
[2026-01-07T11:37:47.983+0000] {processor.py:830} INFO - Processing file /opt/airflow/dags/etl_postgres_to_clickhouse.py for tasks to queue
[2026-01-07T11:37:47.986+0000] {logging_mixin.py:188} INFO - [2026-01-07T11:37:47.985+0000] {dagbag.py:545} INFO - Filling up the DagBag from /opt/airflow/dags/etl_postgres_to_clickhouse.py
[2026-01-07T11:37:48.321+0000] {processor.py:840} INFO - DAG(s) 'pg_to_clickhouse_sliding_window' retrieved from /opt/airflow/dags/etl_postgres_to_clickhouse.py
[2026-01-07T11:37:48.368+0000] {logging_mixin.py:188} INFO - [2026-01-07T11:37:48.368+0000] {dag.py:3096} INFO - Sync 1 DAGs
[2026-01-07T11:37:48.419+0000] {logging_mixin.py:188} INFO - [2026-01-07T11:37:48.419+0000] {dag.py:3954} INFO - Setting next_dagrun for pg_to_clickhouse_sliding_window to 2026-01-07 11:37:40+00:00, run_after=2026-01-07 11:37:50+00:00
[2026-01-07T11:37:48.447+0000] {processor.py:183} INFO - Processing /opt/airflow/dags/etl_postgres_to_clickhouse.py took 0.478 seconds
[2026-01-07T11:38:19.038+0000] {processor.py:161} INFO - Started process (PID=1603) to work on /opt/airflow/dags/etl_postgres_to_clickhouse.py
[2026-01-07T11:38:19.040+0000] {processor.py:830} INFO - Processing file /opt/airflow/dags/etl_postgres_to_clickhouse.py for tasks to queue
[2026-01-07T11:38:19.044+0000] {logging_mixin.py:188} INFO - [2026-01-07T11:38:19.043+0000] {dagbag.py:545} INFO - Filling up the DagBag from /opt/airflow/dags/etl_postgres_to_clickhouse.py
[2026-01-07T11:38:19.371+0000] {processor.py:840} INFO - DAG(s) 'pg_to_clickhouse_sliding_window' retrieved from /opt/airflow/dags/etl_postgres_to_clickhouse.py
[2026-01-07T11:38:19.441+0000] {logging_mixin.py:188} INFO - [2026-01-07T11:38:19.440+0000] {dag.py:3096} INFO - Sync 1 DAGs
[2026-01-07T11:38:19.505+0000] {logging_mixin.py:188} INFO - [2026-01-07T11:38:19.505+0000] {dag.py:3954} INFO - Setting next_dagrun for pg_to_clickhouse_sliding_window to 2026-01-07 11:38:10+00:00, run_after=2026-01-07 11:38:20+00:00
[2026-01-07T11:38:19.570+0000] {processor.py:183} INFO - Processing /opt/airflow/dags/etl_postgres_to_clickhouse.py took 0.543 seconds
[2026-01-07T11:38:50.059+0000] {processor.py:161} INFO - Started process (PID=1628) to work on /opt/airflow/dags/etl_postgres_to_clickhouse.py
[2026-01-07T11:38:50.061+0000] {processor.py:830} INFO - Processing file /opt/airflow/dags/etl_postgres_to_clickhouse.py for tasks to queue
[2026-01-07T11:38:50.064+0000] {logging_mixin.py:188} INFO - [2026-01-07T11:38:50.064+0000] {dagbag.py:545} INFO - Filling up the DagBag from /opt/airflow/dags/etl_postgres_to_clickhouse.py
[2026-01-07T11:38:50.346+0000] {processor.py:840} INFO - DAG(s) 'pg_to_clickhouse_sliding_window' retrieved from /opt/airflow/dags/etl_postgres_to_clickhouse.py
[2026-01-07T11:38:50.390+0000] {logging_mixin.py:188} INFO - [2026-01-07T11:38:50.389+0000] {dag.py:3096} INFO - Sync 1 DAGs
[2026-01-07T11:38:50.421+0000] {logging_mixin.py:188} INFO - [2026-01-07T11:38:50.421+0000] {dag.py:3954} INFO - Setting next_dagrun for pg_to_clickhouse_sliding_window to 2026-01-07 11:38:40+00:00, run_after=2026-01-07 11:38:50+00:00
[2026-01-07T11:38:50.452+0000] {processor.py:183} INFO - Processing /opt/airflow/dags/etl_postgres_to_clickhouse.py took 0.406 seconds
[2026-01-07T11:39:21.216+0000] {processor.py:161} INFO - Started process (PID=1661) to work on /opt/airflow/dags/etl_postgres_to_clickhouse.py
[2026-01-07T11:39:21.218+0000] {processor.py:830} INFO - Processing file /opt/airflow/dags/etl_postgres_to_clickhouse.py for tasks to queue
[2026-01-07T11:39:21.221+0000] {logging_mixin.py:188} INFO - [2026-01-07T11:39:21.221+0000] {dagbag.py:545} INFO - Filling up the DagBag from /opt/airflow/dags/etl_postgres_to_clickhouse.py
[2026-01-07T11:39:21.676+0000] {processor.py:840} INFO - DAG(s) 'pg_to_clickhouse_sliding_window' retrieved from /opt/airflow/dags/etl_postgres_to_clickhouse.py
[2026-01-07T11:39:21.732+0000] {logging_mixin.py:188} INFO - [2026-01-07T11:39:21.731+0000] {dag.py:3096} INFO - Sync 1 DAGs
[2026-01-07T11:39:21.773+0000] {logging_mixin.py:188} INFO - [2026-01-07T11:39:21.773+0000] {dag.py:3954} INFO - Setting next_dagrun for pg_to_clickhouse_sliding_window to 2026-01-07 11:39:20+00:00, run_after=2026-01-07 11:39:30+00:00
[2026-01-07T11:39:21.866+0000] {processor.py:183} INFO - Processing /opt/airflow/dags/etl_postgres_to_clickhouse.py took 0.669 seconds
[2026-01-07T11:39:52.022+0000] {processor.py:161} INFO - Started process (PID=1686) to work on /opt/airflow/dags/etl_postgres_to_clickhouse.py
[2026-01-07T11:39:52.024+0000] {processor.py:830} INFO - Processing file /opt/airflow/dags/etl_postgres_to_clickhouse.py for tasks to queue
[2026-01-07T11:39:52.031+0000] {logging_mixin.py:188} INFO - [2026-01-07T11:39:52.030+0000] {dagbag.py:545} INFO - Filling up the DagBag from /opt/airflow/dags/etl_postgres_to_clickhouse.py
[2026-01-07T11:39:52.644+0000] {processor.py:840} INFO - DAG(s) 'pg_to_clickhouse_sliding_window' retrieved from /opt/airflow/dags/etl_postgres_to_clickhouse.py
[2026-01-07T11:39:52.707+0000] {logging_mixin.py:188} INFO - [2026-01-07T11:39:52.707+0000] {dag.py:3096} INFO - Sync 1 DAGs
[2026-01-07T11:39:52.772+0000] {logging_mixin.py:188} INFO - [2026-01-07T11:39:52.770+0000] {dag.py:3954} INFO - Setting next_dagrun for pg_to_clickhouse_sliding_window to 2026-01-07 11:39:50+00:00, run_after=2026-01-07 11:40:00+00:00
[2026-01-07T11:39:52.823+0000] {processor.py:183} INFO - Processing /opt/airflow/dags/etl_postgres_to_clickhouse.py took 0.824 seconds
[2026-01-07T11:40:23.687+0000] {processor.py:161} INFO - Started process (PID=1711) to work on /opt/airflow/dags/etl_postgres_to_clickhouse.py
[2026-01-07T11:40:23.691+0000] {processor.py:830} INFO - Processing file /opt/airflow/dags/etl_postgres_to_clickhouse.py for tasks to queue
[2026-01-07T11:40:23.704+0000] {logging_mixin.py:188} INFO - [2026-01-07T11:40:23.704+0000] {dagbag.py:545} INFO - Filling up the DagBag from /opt/airflow/dags/etl_postgres_to_clickhouse.py
[2026-01-07T11:40:24.677+0000] {processor.py:840} INFO - DAG(s) 'pg_to_clickhouse_sliding_window' retrieved from /opt/airflow/dags/etl_postgres_to_clickhouse.py
[2026-01-07T11:40:24.807+0000] {logging_mixin.py:188} INFO - [2026-01-07T11:40:24.806+0000] {dag.py:3096} INFO - Sync 1 DAGs
[2026-01-07T11:40:24.919+0000] {logging_mixin.py:188} INFO - [2026-01-07T11:40:24.918+0000] {dag.py:3954} INFO - Setting next_dagrun for pg_to_clickhouse_sliding_window to 2026-01-07 11:40:20+00:00, run_after=2026-01-07 11:40:30+00:00
[2026-01-07T11:40:24.982+0000] {processor.py:183} INFO - Processing /opt/airflow/dags/etl_postgres_to_clickhouse.py took 1.321 seconds
[2026-01-07T11:40:55.201+0000] {processor.py:161} INFO - Started process (PID=1735) to work on /opt/airflow/dags/etl_postgres_to_clickhouse.py
[2026-01-07T11:40:55.205+0000] {processor.py:830} INFO - Processing file /opt/airflow/dags/etl_postgres_to_clickhouse.py for tasks to queue
[2026-01-07T11:40:55.209+0000] {logging_mixin.py:188} INFO - [2026-01-07T11:40:55.208+0000] {dagbag.py:545} INFO - Filling up the DagBag from /opt/airflow/dags/etl_postgres_to_clickhouse.py
[2026-01-07T11:40:55.855+0000] {processor.py:840} INFO - DAG(s) 'pg_to_clickhouse_sliding_window' retrieved from /opt/airflow/dags/etl_postgres_to_clickhouse.py
[2026-01-07T11:40:55.931+0000] {logging_mixin.py:188} INFO - [2026-01-07T11:40:55.931+0000] {dag.py:3096} INFO - Sync 1 DAGs
[2026-01-07T11:40:55.975+0000] {logging_mixin.py:188} INFO - [2026-01-07T11:40:55.975+0000] {dag.py:3954} INFO - Setting next_dagrun for pg_to_clickhouse_sliding_window to 2026-01-07 11:40:50+00:00, run_after=2026-01-07 11:41:00+00:00
[2026-01-07T11:40:56.015+0000] {processor.py:183} INFO - Processing /opt/airflow/dags/etl_postgres_to_clickhouse.py took 0.835 seconds
[2026-01-07T11:41:26.131+0000] {processor.py:161} INFO - Started process (PID=1761) to work on /opt/airflow/dags/etl_postgres_to_clickhouse.py
[2026-01-07T11:41:26.137+0000] {processor.py:830} INFO - Processing file /opt/airflow/dags/etl_postgres_to_clickhouse.py for tasks to queue
[2026-01-07T11:41:26.141+0000] {logging_mixin.py:188} INFO - [2026-01-07T11:41:26.140+0000] {dagbag.py:545} INFO - Filling up the DagBag from /opt/airflow/dags/etl_postgres_to_clickhouse.py
[2026-01-07T11:41:26.515+0000] {processor.py:840} INFO - DAG(s) 'pg_to_clickhouse_sliding_window' retrieved from /opt/airflow/dags/etl_postgres_to_clickhouse.py
[2026-01-07T11:41:26.569+0000] {logging_mixin.py:188} INFO - [2026-01-07T11:41:26.568+0000] {dag.py:3096} INFO - Sync 1 DAGs
[2026-01-07T11:41:26.604+0000] {logging_mixin.py:188} INFO - [2026-01-07T11:41:26.604+0000] {dag.py:3954} INFO - Setting next_dagrun for pg_to_clickhouse_sliding_window to 2026-01-07 11:41:20+00:00, run_after=2026-01-07 11:41:30+00:00
[2026-01-07T11:41:26.635+0000] {processor.py:183} INFO - Processing /opt/airflow/dags/etl_postgres_to_clickhouse.py took 0.514 seconds
[2026-01-07T11:41:56.948+0000] {processor.py:161} INFO - Started process (PID=1787) to work on /opt/airflow/dags/etl_postgres_to_clickhouse.py
[2026-01-07T11:41:56.949+0000] {processor.py:830} INFO - Processing file /opt/airflow/dags/etl_postgres_to_clickhouse.py for tasks to queue
[2026-01-07T11:41:56.953+0000] {logging_mixin.py:188} INFO - [2026-01-07T11:41:56.953+0000] {dagbag.py:545} INFO - Filling up the DagBag from /opt/airflow/dags/etl_postgres_to_clickhouse.py
[2026-01-07T11:41:57.307+0000] {processor.py:840} INFO - DAG(s) 'pg_to_clickhouse_sliding_window' retrieved from /opt/airflow/dags/etl_postgres_to_clickhouse.py
[2026-01-07T11:41:57.359+0000] {logging_mixin.py:188} INFO - [2026-01-07T11:41:57.359+0000] {dag.py:3096} INFO - Sync 1 DAGs
[2026-01-07T11:41:57.397+0000] {logging_mixin.py:188} INFO - [2026-01-07T11:41:57.397+0000] {dag.py:3954} INFO - Setting next_dagrun for pg_to_clickhouse_sliding_window to 2026-01-07 11:41:50+00:00, run_after=2026-01-07 11:42:00+00:00
[2026-01-07T11:41:57.426+0000] {processor.py:183} INFO - Processing /opt/airflow/dags/etl_postgres_to_clickhouse.py took 0.491 seconds
[2026-01-07T11:42:28.297+0000] {processor.py:161} INFO - Started process (PID=1812) to work on /opt/airflow/dags/etl_postgres_to_clickhouse.py
[2026-01-07T11:42:28.299+0000] {processor.py:830} INFO - Processing file /opt/airflow/dags/etl_postgres_to_clickhouse.py for tasks to queue
[2026-01-07T11:42:28.302+0000] {logging_mixin.py:188} INFO - [2026-01-07T11:42:28.302+0000] {dagbag.py:545} INFO - Filling up the DagBag from /opt/airflow/dags/etl_postgres_to_clickhouse.py
[2026-01-07T11:42:28.629+0000] {processor.py:840} INFO - DAG(s) 'pg_to_clickhouse_sliding_window' retrieved from /opt/airflow/dags/etl_postgres_to_clickhouse.py
[2026-01-07T11:42:28.676+0000] {logging_mixin.py:188} INFO - [2026-01-07T11:42:28.676+0000] {dag.py:3096} INFO - Sync 1 DAGs
[2026-01-07T11:42:28.721+0000] {logging_mixin.py:188} INFO - [2026-01-07T11:42:28.721+0000] {dag.py:3954} INFO - Setting next_dagrun for pg_to_clickhouse_sliding_window to 2026-01-07 11:42:20+00:00, run_after=2026-01-07 11:42:30+00:00
[2026-01-07T11:42:28.751+0000] {processor.py:183} INFO - Processing /opt/airflow/dags/etl_postgres_to_clickhouse.py took 0.463 seconds
[2026-01-07T11:42:58.993+0000] {processor.py:161} INFO - Started process (PID=1843) to work on /opt/airflow/dags/etl_postgres_to_clickhouse.py
[2026-01-07T11:42:58.995+0000] {processor.py:830} INFO - Processing file /opt/airflow/dags/etl_postgres_to_clickhouse.py for tasks to queue
[2026-01-07T11:42:58.998+0000] {logging_mixin.py:188} INFO - [2026-01-07T11:42:58.997+0000] {dagbag.py:545} INFO - Filling up the DagBag from /opt/airflow/dags/etl_postgres_to_clickhouse.py
[2026-01-07T11:42:59.351+0000] {processor.py:840} INFO - DAG(s) 'pg_to_clickhouse_sliding_window' retrieved from /opt/airflow/dags/etl_postgres_to_clickhouse.py
[2026-01-07T11:42:59.403+0000] {logging_mixin.py:188} INFO - [2026-01-07T11:42:59.403+0000] {dag.py:3096} INFO - Sync 1 DAGs
[2026-01-07T11:42:59.442+0000] {logging_mixin.py:188} INFO - [2026-01-07T11:42:59.442+0000] {dag.py:3954} INFO - Setting next_dagrun for pg_to_clickhouse_sliding_window to 2026-01-07 11:42:50+00:00, run_after=2026-01-07 11:43:00+00:00
[2026-01-07T11:42:59.475+0000] {processor.py:183} INFO - Processing /opt/airflow/dags/etl_postgres_to_clickhouse.py took 0.493 seconds
[2026-01-07T11:43:30.266+0000] {processor.py:161} INFO - Started process (PID=1868) to work on /opt/airflow/dags/etl_postgres_to_clickhouse.py
[2026-01-07T11:43:30.268+0000] {processor.py:830} INFO - Processing file /opt/airflow/dags/etl_postgres_to_clickhouse.py for tasks to queue
[2026-01-07T11:43:30.272+0000] {logging_mixin.py:188} INFO - [2026-01-07T11:43:30.271+0000] {dagbag.py:545} INFO - Filling up the DagBag from /opt/airflow/dags/etl_postgres_to_clickhouse.py
[2026-01-07T11:43:30.712+0000] {processor.py:840} INFO - DAG(s) 'pg_to_clickhouse_sliding_window' retrieved from /opt/airflow/dags/etl_postgres_to_clickhouse.py
[2026-01-07T11:43:30.765+0000] {logging_mixin.py:188} INFO - [2026-01-07T11:43:30.764+0000] {dag.py:3096} INFO - Sync 1 DAGs
[2026-01-07T11:43:30.805+0000] {logging_mixin.py:188} INFO - [2026-01-07T11:43:30.805+0000] {dag.py:3954} INFO - Setting next_dagrun for pg_to_clickhouse_sliding_window to 2026-01-07 11:43:30+00:00, run_after=2026-01-07 11:43:40+00:00
[2026-01-07T11:43:30.843+0000] {processor.py:183} INFO - Processing /opt/airflow/dags/etl_postgres_to_clickhouse.py took 0.588 seconds
[2026-01-07T11:44:00.970+0000] {processor.py:161} INFO - Started process (PID=1893) to work on /opt/airflow/dags/etl_postgres_to_clickhouse.py
[2026-01-07T11:44:00.972+0000] {processor.py:830} INFO - Processing file /opt/airflow/dags/etl_postgres_to_clickhouse.py for tasks to queue
[2026-01-07T11:44:00.975+0000] {logging_mixin.py:188} INFO - [2026-01-07T11:44:00.975+0000] {dagbag.py:545} INFO - Filling up the DagBag from /opt/airflow/dags/etl_postgres_to_clickhouse.py
[2026-01-07T11:44:01.396+0000] {processor.py:840} INFO - DAG(s) 'pg_to_clickhouse_sliding_window' retrieved from /opt/airflow/dags/etl_postgres_to_clickhouse.py
[2026-01-07T11:44:01.469+0000] {logging_mixin.py:188} INFO - [2026-01-07T11:44:01.469+0000] {dag.py:3096} INFO - Sync 1 DAGs
[2026-01-07T11:44:01.538+0000] {logging_mixin.py:188} INFO - [2026-01-07T11:44:01.537+0000] {dag.py:3954} INFO - Setting next_dagrun for pg_to_clickhouse_sliding_window to 2026-01-07 11:44:00+00:00, run_after=2026-01-07 11:44:10+00:00
[2026-01-07T11:44:01.595+0000] {processor.py:183} INFO - Processing /opt/airflow/dags/etl_postgres_to_clickhouse.py took 0.638 seconds
[2026-01-07T11:44:31.908+0000] {processor.py:161} INFO - Started process (PID=1919) to work on /opt/airflow/dags/etl_postgres_to_clickhouse.py
[2026-01-07T11:44:31.917+0000] {processor.py:830} INFO - Processing file /opt/airflow/dags/etl_postgres_to_clickhouse.py for tasks to queue
[2026-01-07T11:44:31.940+0000] {logging_mixin.py:188} INFO - [2026-01-07T11:44:31.935+0000] {dagbag.py:545} INFO - Filling up the DagBag from /opt/airflow/dags/etl_postgres_to_clickhouse.py
[2026-01-07T11:44:29.928+0000] {processor.py:840} INFO - DAG(s) 'pg_to_clickhouse_sliding_window' retrieved from /opt/airflow/dags/etl_postgres_to_clickhouse.py
[2026-01-07T11:44:29.983+0000] {logging_mixin.py:188} INFO - [2026-01-07T11:44:29.983+0000] {dag.py:3096} INFO - Sync 1 DAGs
[2026-01-07T11:44:30.023+0000] {logging_mixin.py:188} INFO - [2026-01-07T11:44:30.022+0000] {dag.py:3954} INFO - Setting next_dagrun for pg_to_clickhouse_sliding_window to 2026-01-07 11:44:30+00:00, run_after=2026-01-07 11:44:40+00:00
[2026-01-07T11:44:30.056+0000] {processor.py:183} INFO - Processing /opt/airflow/dags/etl_postgres_to_clickhouse.py took 0.759 seconds
[2026-01-07T11:45:00.525+0000] {processor.py:161} INFO - Started process (PID=1941) to work on /opt/airflow/dags/etl_postgres_to_clickhouse.py
[2026-01-07T11:45:00.527+0000] {processor.py:830} INFO - Processing file /opt/airflow/dags/etl_postgres_to_clickhouse.py for tasks to queue
[2026-01-07T11:45:00.530+0000] {logging_mixin.py:188} INFO - [2026-01-07T11:45:00.530+0000] {dagbag.py:545} INFO - Filling up the DagBag from /opt/airflow/dags/etl_postgres_to_clickhouse.py
[2026-01-07T11:45:00.895+0000] {processor.py:840} INFO - DAG(s) 'pg_to_clickhouse_sliding_window' retrieved from /opt/airflow/dags/etl_postgres_to_clickhouse.py
[2026-01-07T11:45:00.945+0000] {logging_mixin.py:188} INFO - [2026-01-07T11:45:00.945+0000] {dag.py:3096} INFO - Sync 1 DAGs
[2026-01-07T11:45:00.985+0000] {logging_mixin.py:188} INFO - [2026-01-07T11:45:00.984+0000] {dag.py:3954} INFO - Setting next_dagrun for pg_to_clickhouse_sliding_window to 2026-01-07 11:44:50+00:00, run_after=2026-01-07 11:45:00+00:00
[2026-01-07T11:45:01.022+0000] {processor.py:183} INFO - Processing /opt/airflow/dags/etl_postgres_to_clickhouse.py took 0.510 seconds
[2026-01-07T11:45:31.384+0000] {processor.py:161} INFO - Started process (PID=1975) to work on /opt/airflow/dags/etl_postgres_to_clickhouse.py
[2026-01-07T11:45:31.389+0000] {processor.py:830} INFO - Processing file /opt/airflow/dags/etl_postgres_to_clickhouse.py for tasks to queue
[2026-01-07T11:45:31.395+0000] {logging_mixin.py:188} INFO - [2026-01-07T11:45:31.393+0000] {dagbag.py:545} INFO - Filling up the DagBag from /opt/airflow/dags/etl_postgres_to_clickhouse.py
[2026-01-07T11:45:32.126+0000] {processor.py:840} INFO - DAG(s) 'pg_to_clickhouse_sliding_window' retrieved from /opt/airflow/dags/etl_postgres_to_clickhouse.py
[2026-01-07T11:45:32.209+0000] {logging_mixin.py:188} INFO - [2026-01-07T11:45:32.207+0000] {dag.py:3096} INFO - Sync 1 DAGs
[2026-01-07T11:45:32.265+0000] {logging_mixin.py:188} INFO - [2026-01-07T11:45:32.265+0000] {dag.py:3954} INFO - Setting next_dagrun for pg_to_clickhouse_sliding_window to 2026-01-07 11:45:30+00:00, run_after=2026-01-07 11:45:40+00:00
[2026-01-07T11:45:32.337+0000] {processor.py:183} INFO - Processing /opt/airflow/dags/etl_postgres_to_clickhouse.py took 0.967 seconds
[2026-01-07T11:46:03.255+0000] {processor.py:161} INFO - Started process (PID=2001) to work on /opt/airflow/dags/etl_postgres_to_clickhouse.py
[2026-01-07T11:46:03.257+0000] {processor.py:830} INFO - Processing file /opt/airflow/dags/etl_postgres_to_clickhouse.py for tasks to queue
[2026-01-07T11:46:03.261+0000] {logging_mixin.py:188} INFO - [2026-01-07T11:46:03.260+0000] {dagbag.py:545} INFO - Filling up the DagBag from /opt/airflow/dags/etl_postgres_to_clickhouse.py
[2026-01-07T11:46:03.904+0000] {processor.py:840} INFO - DAG(s) 'pg_to_clickhouse_sliding_window' retrieved from /opt/airflow/dags/etl_postgres_to_clickhouse.py
[2026-01-07T11:46:04.066+0000] {logging_mixin.py:188} INFO - [2026-01-07T11:46:04.065+0000] {dag.py:3096} INFO - Sync 1 DAGs
[2026-01-07T11:46:04.138+0000] {logging_mixin.py:188} INFO - [2026-01-07T11:46:04.137+0000] {dag.py:3954} INFO - Setting next_dagrun for pg_to_clickhouse_sliding_window to 2026-01-07 11:46:00+00:00, run_after=2026-01-07 11:46:10+00:00
[2026-01-07T11:46:04.214+0000] {processor.py:183} INFO - Processing /opt/airflow/dags/etl_postgres_to_clickhouse.py took 0.971 seconds
[2026-01-07T11:46:34.986+0000] {processor.py:161} INFO - Started process (PID=2026) to work on /opt/airflow/dags/etl_postgres_to_clickhouse.py
[2026-01-07T11:46:34.988+0000] {processor.py:830} INFO - Processing file /opt/airflow/dags/etl_postgres_to_clickhouse.py for tasks to queue
[2026-01-07T11:46:34.993+0000] {logging_mixin.py:188} INFO - [2026-01-07T11:46:34.992+0000] {dagbag.py:545} INFO - Filling up the DagBag from /opt/airflow/dags/etl_postgres_to_clickhouse.py
[2026-01-07T11:46:35.534+0000] {processor.py:840} INFO - DAG(s) 'pg_to_clickhouse_sliding_window' retrieved from /opt/airflow/dags/etl_postgres_to_clickhouse.py
[2026-01-07T11:46:35.606+0000] {logging_mixin.py:188} INFO - [2026-01-07T11:46:35.606+0000] {dag.py:3096} INFO - Sync 1 DAGs
[2026-01-07T11:46:35.667+0000] {logging_mixin.py:188} INFO - [2026-01-07T11:46:35.667+0000] {dag.py:3954} INFO - Setting next_dagrun for pg_to_clickhouse_sliding_window to 2026-01-07 11:46:30+00:00, run_after=2026-01-07 11:46:40+00:00
[2026-01-07T11:46:35.721+0000] {processor.py:183} INFO - Processing /opt/airflow/dags/etl_postgres_to_clickhouse.py took 0.745 seconds
[2026-01-07T11:47:06.464+0000] {processor.py:161} INFO - Started process (PID=2051) to work on /opt/airflow/dags/etl_postgres_to_clickhouse.py
[2026-01-07T11:47:06.465+0000] {processor.py:830} INFO - Processing file /opt/airflow/dags/etl_postgres_to_clickhouse.py for tasks to queue
[2026-01-07T11:47:06.469+0000] {logging_mixin.py:188} INFO - [2026-01-07T11:47:06.469+0000] {dagbag.py:545} INFO - Filling up the DagBag from /opt/airflow/dags/etl_postgres_to_clickhouse.py
[2026-01-07T11:47:06.874+0000] {processor.py:840} INFO - DAG(s) 'pg_to_clickhouse_sliding_window' retrieved from /opt/airflow/dags/etl_postgres_to_clickhouse.py
[2026-01-07T11:47:06.947+0000] {logging_mixin.py:188} INFO - [2026-01-07T11:47:06.947+0000] {dag.py:3096} INFO - Sync 1 DAGs
[2026-01-07T11:47:06.992+0000] {logging_mixin.py:188} INFO - [2026-01-07T11:47:06.991+0000] {dag.py:3954} INFO - Setting next_dagrun for pg_to_clickhouse_sliding_window to 2026-01-07 11:47:00+00:00, run_after=2026-01-07 11:47:10+00:00
[2026-01-07T11:47:07.026+0000] {processor.py:183} INFO - Processing /opt/airflow/dags/etl_postgres_to_clickhouse.py took 0.574 seconds
[2026-01-07T11:47:37.363+0000] {processor.py:161} INFO - Started process (PID=2076) to work on /opt/airflow/dags/etl_postgres_to_clickhouse.py
[2026-01-07T11:47:37.366+0000] {processor.py:830} INFO - Processing file /opt/airflow/dags/etl_postgres_to_clickhouse.py for tasks to queue
[2026-01-07T11:47:37.373+0000] {logging_mixin.py:188} INFO - [2026-01-07T11:47:37.373+0000] {dagbag.py:545} INFO - Filling up the DagBag from /opt/airflow/dags/etl_postgres_to_clickhouse.py
[2026-01-07T11:47:37.788+0000] {processor.py:840} INFO - DAG(s) 'pg_to_clickhouse_sliding_window' retrieved from /opt/airflow/dags/etl_postgres_to_clickhouse.py
[2026-01-07T11:47:37.842+0000] {logging_mixin.py:188} INFO - [2026-01-07T11:47:37.841+0000] {dag.py:3096} INFO - Sync 1 DAGs
[2026-01-07T11:47:37.919+0000] {logging_mixin.py:188} INFO - [2026-01-07T11:47:37.919+0000] {dag.py:3954} INFO - Setting next_dagrun for pg_to_clickhouse_sliding_window to 2026-01-07 11:47:30+00:00, run_after=2026-01-07 11:47:40+00:00
[2026-01-07T11:47:37.976+0000] {processor.py:183} INFO - Processing /opt/airflow/dags/etl_postgres_to_clickhouse.py took 0.629 seconds
[2026-01-07T11:48:08.433+0000] {processor.py:161} INFO - Started process (PID=2101) to work on /opt/airflow/dags/etl_postgres_to_clickhouse.py
[2026-01-07T11:48:08.435+0000] {processor.py:830} INFO - Processing file /opt/airflow/dags/etl_postgres_to_clickhouse.py for tasks to queue
[2026-01-07T11:48:08.437+0000] {logging_mixin.py:188} INFO - [2026-01-07T11:48:08.437+0000] {dagbag.py:545} INFO - Filling up the DagBag from /opt/airflow/dags/etl_postgres_to_clickhouse.py
[2026-01-07T11:48:08.828+0000] {processor.py:840} INFO - DAG(s) 'pg_to_clickhouse_sliding_window' retrieved from /opt/airflow/dags/etl_postgres_to_clickhouse.py
[2026-01-07T11:48:08.891+0000] {logging_mixin.py:188} INFO - [2026-01-07T11:48:08.890+0000] {dag.py:3096} INFO - Sync 1 DAGs
[2026-01-07T11:48:08.936+0000] {logging_mixin.py:188} INFO - [2026-01-07T11:48:08.935+0000] {dag.py:3954} INFO - Setting next_dagrun for pg_to_clickhouse_sliding_window to 2026-01-07 11:48:00+00:00, run_after=2026-01-07 11:48:10+00:00
[2026-01-07T11:48:08.974+0000] {processor.py:183} INFO - Processing /opt/airflow/dags/etl_postgres_to_clickhouse.py took 0.557 seconds
[2026-01-07T11:48:39.634+0000] {processor.py:161} INFO - Started process (PID=2133) to work on /opt/airflow/dags/etl_postgres_to_clickhouse.py
[2026-01-07T11:48:39.636+0000] {processor.py:830} INFO - Processing file /opt/airflow/dags/etl_postgres_to_clickhouse.py for tasks to queue
[2026-01-07T11:48:39.640+0000] {logging_mixin.py:188} INFO - [2026-01-07T11:48:39.639+0000] {dagbag.py:545} INFO - Filling up the DagBag from /opt/airflow/dags/etl_postgres_to_clickhouse.py
[2026-01-07T11:48:40.078+0000] {processor.py:840} INFO - DAG(s) 'pg_to_clickhouse_sliding_window' retrieved from /opt/airflow/dags/etl_postgres_to_clickhouse.py
[2026-01-07T11:48:40.125+0000] {logging_mixin.py:188} INFO - [2026-01-07T11:48:40.124+0000] {dag.py:3096} INFO - Sync 1 DAGs
[2026-01-07T11:48:40.167+0000] {logging_mixin.py:188} INFO - [2026-01-07T11:48:40.166+0000] {dag.py:3954} INFO - Setting next_dagrun for pg_to_clickhouse_sliding_window to 2026-01-07 11:48:30+00:00, run_after=2026-01-07 11:48:40+00:00
[2026-01-07T11:48:40.203+0000] {processor.py:183} INFO - Processing /opt/airflow/dags/etl_postgres_to_clickhouse.py took 0.581 seconds
[2026-01-07T11:49:10.904+0000] {processor.py:161} INFO - Started process (PID=2159) to work on /opt/airflow/dags/etl_postgres_to_clickhouse.py
[2026-01-07T11:49:10.908+0000] {processor.py:830} INFO - Processing file /opt/airflow/dags/etl_postgres_to_clickhouse.py for tasks to queue
[2026-01-07T11:49:10.918+0000] {logging_mixin.py:188} INFO - [2026-01-07T11:49:10.917+0000] {dagbag.py:545} INFO - Filling up the DagBag from /opt/airflow/dags/etl_postgres_to_clickhouse.py
[2026-01-07T11:49:11.430+0000] {processor.py:840} INFO - DAG(s) 'pg_to_clickhouse_sliding_window' retrieved from /opt/airflow/dags/etl_postgres_to_clickhouse.py
[2026-01-07T11:49:11.533+0000] {logging_mixin.py:188} INFO - [2026-01-07T11:49:11.532+0000] {dag.py:3096} INFO - Sync 1 DAGs
[2026-01-07T11:49:11.633+0000] {logging_mixin.py:188} INFO - [2026-01-07T11:49:11.632+0000] {dag.py:3954} INFO - Setting next_dagrun for pg_to_clickhouse_sliding_window to 2026-01-07 11:49:10+00:00, run_after=2026-01-07 11:49:20+00:00
[2026-01-07T11:49:11.724+0000] {processor.py:183} INFO - Processing /opt/airflow/dags/etl_postgres_to_clickhouse.py took 0.853 seconds
[2026-01-07T11:49:42.574+0000] {processor.py:161} INFO - Started process (PID=2185) to work on /opt/airflow/dags/etl_postgres_to_clickhouse.py
[2026-01-07T11:49:42.576+0000] {processor.py:830} INFO - Processing file /opt/airflow/dags/etl_postgres_to_clickhouse.py for tasks to queue
[2026-01-07T11:49:42.579+0000] {logging_mixin.py:188} INFO - [2026-01-07T11:49:42.579+0000] {dagbag.py:545} INFO - Filling up the DagBag from /opt/airflow/dags/etl_postgres_to_clickhouse.py
[2026-01-07T11:49:43.200+0000] {processor.py:840} INFO - DAG(s) 'pg_to_clickhouse_sliding_window' retrieved from /opt/airflow/dags/etl_postgres_to_clickhouse.py
[2026-01-07T11:49:43.311+0000] {logging_mixin.py:188} INFO - [2026-01-07T11:49:43.311+0000] {dag.py:3096} INFO - Sync 1 DAGs
[2026-01-07T11:49:43.412+0000] {logging_mixin.py:188} INFO - [2026-01-07T11:49:43.412+0000] {dag.py:3954} INFO - Setting next_dagrun for pg_to_clickhouse_sliding_window to 2026-01-07 11:49:40+00:00, run_after=2026-01-07 11:49:50+00:00
[2026-01-07T11:49:43.448+0000] {processor.py:183} INFO - Processing /opt/airflow/dags/etl_postgres_to_clickhouse.py took 0.886 seconds
[2026-01-07T11:50:14.181+0000] {processor.py:161} INFO - Started process (PID=2209) to work on /opt/airflow/dags/etl_postgres_to_clickhouse.py
[2026-01-07T11:50:14.182+0000] {processor.py:830} INFO - Processing file /opt/airflow/dags/etl_postgres_to_clickhouse.py for tasks to queue
[2026-01-07T11:50:14.185+0000] {logging_mixin.py:188} INFO - [2026-01-07T11:50:14.185+0000] {dagbag.py:545} INFO - Filling up the DagBag from /opt/airflow/dags/etl_postgres_to_clickhouse.py
[2026-01-07T11:50:14.746+0000] {processor.py:840} INFO - DAG(s) 'pg_to_clickhouse_sliding_window' retrieved from /opt/airflow/dags/etl_postgres_to_clickhouse.py
[2026-01-07T11:50:14.835+0000] {logging_mixin.py:188} INFO - [2026-01-07T11:50:14.835+0000] {dag.py:3096} INFO - Sync 1 DAGs
[2026-01-07T11:50:14.891+0000] {logging_mixin.py:188} INFO - [2026-01-07T11:50:14.891+0000] {dag.py:3954} INFO - Setting next_dagrun for pg_to_clickhouse_sliding_window to 2026-01-07 11:50:10+00:00, run_after=2026-01-07 11:50:20+00:00
[2026-01-07T11:50:14.939+0000] {processor.py:183} INFO - Processing /opt/airflow/dags/etl_postgres_to_clickhouse.py took 0.772 seconds
[2026-01-07T11:50:45.673+0000] {processor.py:161} INFO - Started process (PID=2234) to work on /opt/airflow/dags/etl_postgres_to_clickhouse.py
[2026-01-07T11:50:45.675+0000] {processor.py:830} INFO - Processing file /opt/airflow/dags/etl_postgres_to_clickhouse.py for tasks to queue
[2026-01-07T11:50:45.678+0000] {logging_mixin.py:188} INFO - [2026-01-07T11:50:45.678+0000] {dagbag.py:545} INFO - Filling up the DagBag from /opt/airflow/dags/etl_postgres_to_clickhouse.py
[2026-01-07T11:50:46.226+0000] {processor.py:840} INFO - DAG(s) 'pg_to_clickhouse_sliding_window' retrieved from /opt/airflow/dags/etl_postgres_to_clickhouse.py
[2026-01-07T11:50:46.286+0000] {logging_mixin.py:188} INFO - [2026-01-07T11:50:46.285+0000] {dag.py:3096} INFO - Sync 1 DAGs
[2026-01-07T11:50:46.335+0000] {logging_mixin.py:188} INFO - [2026-01-07T11:50:46.334+0000] {dag.py:3954} INFO - Setting next_dagrun for pg_to_clickhouse_sliding_window to 2026-01-07 11:50:40+00:00, run_after=2026-01-07 11:50:50+00:00
[2026-01-07T11:50:46.370+0000] {processor.py:183} INFO - Processing /opt/airflow/dags/etl_postgres_to_clickhouse.py took 0.723 seconds
[2026-01-07T11:51:16.551+0000] {processor.py:161} INFO - Started process (PID=2266) to work on /opt/airflow/dags/etl_postgres_to_clickhouse.py
[2026-01-07T11:51:16.556+0000] {processor.py:830} INFO - Processing file /opt/airflow/dags/etl_postgres_to_clickhouse.py for tasks to queue
[2026-01-07T11:51:16.561+0000] {logging_mixin.py:188} INFO - [2026-01-07T11:51:16.560+0000] {dagbag.py:545} INFO - Filling up the DagBag from /opt/airflow/dags/etl_postgres_to_clickhouse.py
[2026-01-07T11:51:17.024+0000] {processor.py:840} INFO - DAG(s) 'pg_to_clickhouse_sliding_window' retrieved from /opt/airflow/dags/etl_postgres_to_clickhouse.py
[2026-01-07T11:51:17.071+0000] {logging_mixin.py:188} INFO - [2026-01-07T11:51:17.071+0000] {dag.py:3096} INFO - Sync 1 DAGs
[2026-01-07T11:51:17.106+0000] {logging_mixin.py:188} INFO - [2026-01-07T11:51:17.106+0000] {dag.py:3954} INFO - Setting next_dagrun for pg_to_clickhouse_sliding_window to 2026-01-07 11:51:10+00:00, run_after=2026-01-07 11:51:20+00:00
[2026-01-07T11:51:17.138+0000] {processor.py:183} INFO - Processing /opt/airflow/dags/etl_postgres_to_clickhouse.py took 0.606 seconds
[2026-01-07T11:51:47.680+0000] {processor.py:161} INFO - Started process (PID=2291) to work on /opt/airflow/dags/etl_postgres_to_clickhouse.py
[2026-01-07T11:51:47.682+0000] {processor.py:830} INFO - Processing file /opt/airflow/dags/etl_postgres_to_clickhouse.py for tasks to queue
[2026-01-07T11:51:47.685+0000] {logging_mixin.py:188} INFO - [2026-01-07T11:51:47.684+0000] {dagbag.py:545} INFO - Filling up the DagBag from /opt/airflow/dags/etl_postgres_to_clickhouse.py
[2026-01-07T11:51:48.037+0000] {processor.py:840} INFO - DAG(s) 'pg_to_clickhouse_sliding_window' retrieved from /opt/airflow/dags/etl_postgres_to_clickhouse.py
[2026-01-07T11:51:48.082+0000] {logging_mixin.py:188} INFO - [2026-01-07T11:51:48.081+0000] {dag.py:3096} INFO - Sync 1 DAGs
[2026-01-07T11:51:48.120+0000] {logging_mixin.py:188} INFO - [2026-01-07T11:51:48.120+0000] {dag.py:3954} INFO - Setting next_dagrun for pg_to_clickhouse_sliding_window to 2026-01-07 11:51:40+00:00, run_after=2026-01-07 11:51:50+00:00
[2026-01-07T11:51:48.158+0000] {processor.py:183} INFO - Processing /opt/airflow/dags/etl_postgres_to_clickhouse.py took 0.487 seconds
[2026-01-07T11:52:18.311+0000] {processor.py:161} INFO - Started process (PID=2316) to work on /opt/airflow/dags/etl_postgres_to_clickhouse.py
[2026-01-07T11:52:18.313+0000] {processor.py:830} INFO - Processing file /opt/airflow/dags/etl_postgres_to_clickhouse.py for tasks to queue
[2026-01-07T11:52:18.316+0000] {logging_mixin.py:188} INFO - [2026-01-07T11:52:18.315+0000] {dagbag.py:545} INFO - Filling up the DagBag from /opt/airflow/dags/etl_postgres_to_clickhouse.py
[2026-01-07T11:52:18.675+0000] {processor.py:840} INFO - DAG(s) 'pg_to_clickhouse_sliding_window' retrieved from /opt/airflow/dags/etl_postgres_to_clickhouse.py
[2026-01-07T11:52:18.729+0000] {logging_mixin.py:188} INFO - [2026-01-07T11:52:18.729+0000] {dag.py:3096} INFO - Sync 1 DAGs
[2026-01-07T11:52:18.774+0000] {logging_mixin.py:188} INFO - [2026-01-07T11:52:18.774+0000] {dag.py:3954} INFO - Setting next_dagrun for pg_to_clickhouse_sliding_window to 2026-01-07 11:52:10+00:00, run_after=2026-01-07 11:52:20+00:00
[2026-01-07T11:52:18.818+0000] {processor.py:183} INFO - Processing /opt/airflow/dags/etl_postgres_to_clickhouse.py took 0.517 seconds
[2026-01-07T11:52:49.380+0000] {processor.py:161} INFO - Started process (PID=2349) to work on /opt/airflow/dags/etl_postgres_to_clickhouse.py
[2026-01-07T11:52:49.382+0000] {processor.py:830} INFO - Processing file /opt/airflow/dags/etl_postgres_to_clickhouse.py for tasks to queue
[2026-01-07T11:52:49.387+0000] {logging_mixin.py:188} INFO - [2026-01-07T11:52:49.387+0000] {dagbag.py:545} INFO - Filling up the DagBag from /opt/airflow/dags/etl_postgres_to_clickhouse.py
[2026-01-07T11:52:49.826+0000] {processor.py:840} INFO - DAG(s) 'pg_to_clickhouse_sliding_window' retrieved from /opt/airflow/dags/etl_postgres_to_clickhouse.py
[2026-01-07T11:52:49.872+0000] {logging_mixin.py:188} INFO - [2026-01-07T11:52:49.871+0000] {dag.py:3096} INFO - Sync 1 DAGs
[2026-01-07T11:52:49.920+0000] {logging_mixin.py:188} INFO - [2026-01-07T11:52:49.919+0000] {dag.py:3954} INFO - Setting next_dagrun for pg_to_clickhouse_sliding_window to 2026-01-07 11:52:40+00:00, run_after=2026-01-07 11:52:50+00:00
[2026-01-07T11:52:49.958+0000] {processor.py:183} INFO - Processing /opt/airflow/dags/etl_postgres_to_clickhouse.py took 0.588 seconds
[2026-01-07T11:53:20.624+0000] {processor.py:161} INFO - Started process (PID=2376) to work on /opt/airflow/dags/etl_postgres_to_clickhouse.py
[2026-01-07T11:53:20.625+0000] {processor.py:830} INFO - Processing file /opt/airflow/dags/etl_postgres_to_clickhouse.py for tasks to queue
[2026-01-07T11:53:20.629+0000] {logging_mixin.py:188} INFO - [2026-01-07T11:53:20.629+0000] {dagbag.py:545} INFO - Filling up the DagBag from /opt/airflow/dags/etl_postgres_to_clickhouse.py
[2026-01-07T11:53:21.108+0000] {processor.py:840} INFO - DAG(s) 'pg_to_clickhouse_sliding_window' retrieved from /opt/airflow/dags/etl_postgres_to_clickhouse.py
[2026-01-07T11:53:21.166+0000] {logging_mixin.py:188} INFO - [2026-01-07T11:53:21.166+0000] {dag.py:3096} INFO - Sync 1 DAGs
[2026-01-07T11:53:21.220+0000] {logging_mixin.py:188} INFO - [2026-01-07T11:53:21.219+0000] {dag.py:3954} INFO - Setting next_dagrun for pg_to_clickhouse_sliding_window to 2026-01-07 11:53:20+00:00, run_after=2026-01-07 11:53:30+00:00
[2026-01-07T11:53:21.269+0000] {processor.py:183} INFO - Processing /opt/airflow/dags/etl_postgres_to_clickhouse.py took 0.659 seconds
[2026-01-07T11:53:51.659+0000] {processor.py:161} INFO - Started process (PID=2402) to work on /opt/airflow/dags/etl_postgres_to_clickhouse.py
[2026-01-07T11:53:51.660+0000] {processor.py:830} INFO - Processing file /opt/airflow/dags/etl_postgres_to_clickhouse.py for tasks to queue
[2026-01-07T11:53:51.664+0000] {logging_mixin.py:188} INFO - [2026-01-07T11:53:51.663+0000] {dagbag.py:545} INFO - Filling up the DagBag from /opt/airflow/dags/etl_postgres_to_clickhouse.py
[2026-01-07T11:53:52.123+0000] {processor.py:840} INFO - DAG(s) 'pg_to_clickhouse_sliding_window' retrieved from /opt/airflow/dags/etl_postgres_to_clickhouse.py
[2026-01-07T11:53:52.174+0000] {logging_mixin.py:188} INFO - [2026-01-07T11:53:52.174+0000] {dag.py:3096} INFO - Sync 1 DAGs
[2026-01-07T11:53:52.217+0000] {logging_mixin.py:188} INFO - [2026-01-07T11:53:52.217+0000] {dag.py:3954} INFO - Setting next_dagrun for pg_to_clickhouse_sliding_window to 2026-01-07 11:53:50+00:00, run_after=2026-01-07 11:54:00+00:00
[2026-01-07T11:53:52.255+0000] {processor.py:183} INFO - Processing /opt/airflow/dags/etl_postgres_to_clickhouse.py took 0.615 seconds
[2026-01-07T11:54:22.484+0000] {processor.py:161} INFO - Started process (PID=2428) to work on /opt/airflow/dags/etl_postgres_to_clickhouse.py
[2026-01-07T11:54:22.490+0000] {processor.py:830} INFO - Processing file /opt/airflow/dags/etl_postgres_to_clickhouse.py for tasks to queue
[2026-01-07T11:54:22.495+0000] {logging_mixin.py:188} INFO - [2026-01-07T11:54:22.494+0000] {dagbag.py:545} INFO - Filling up the DagBag from /opt/airflow/dags/etl_postgres_to_clickhouse.py
[2026-01-07T11:54:22.944+0000] {processor.py:840} INFO - DAG(s) 'pg_to_clickhouse_sliding_window' retrieved from /opt/airflow/dags/etl_postgres_to_clickhouse.py
[2026-01-07T11:54:23.002+0000] {logging_mixin.py:188} INFO - [2026-01-07T11:54:23.002+0000] {dag.py:3096} INFO - Sync 1 DAGs
[2026-01-07T11:54:23.054+0000] {logging_mixin.py:188} INFO - [2026-01-07T11:54:23.053+0000] {dag.py:3954} INFO - Setting next_dagrun for pg_to_clickhouse_sliding_window to 2026-01-07 11:54:20+00:00, run_after=2026-01-07 11:54:30+00:00
[2026-01-07T11:54:23.098+0000] {processor.py:183} INFO - Processing /opt/airflow/dags/etl_postgres_to_clickhouse.py took 0.627 seconds
[2026-01-07T11:54:53.508+0000] {processor.py:161} INFO - Started process (PID=2460) to work on /opt/airflow/dags/etl_postgres_to_clickhouse.py
[2026-01-07T11:54:53.510+0000] {processor.py:830} INFO - Processing file /opt/airflow/dags/etl_postgres_to_clickhouse.py for tasks to queue
[2026-01-07T11:54:53.515+0000] {logging_mixin.py:188} INFO - [2026-01-07T11:54:53.514+0000] {dagbag.py:545} INFO - Filling up the DagBag from /opt/airflow/dags/etl_postgres_to_clickhouse.py
[2026-01-07T11:54:54.170+0000] {processor.py:840} INFO - DAG(s) 'pg_to_clickhouse_sliding_window' retrieved from /opt/airflow/dags/etl_postgres_to_clickhouse.py
[2026-01-07T11:54:54.244+0000] {logging_mixin.py:188} INFO - [2026-01-07T11:54:54.243+0000] {dag.py:3096} INFO - Sync 1 DAGs
[2026-01-07T11:54:54.367+0000] {logging_mixin.py:188} INFO - [2026-01-07T11:54:54.367+0000] {dag.py:3954} INFO - Setting next_dagrun for pg_to_clickhouse_sliding_window to 2026-01-07 11:54:50+00:00, run_after=2026-01-07 11:55:00+00:00
[2026-01-07T11:54:54.476+0000] {processor.py:183} INFO - Processing /opt/airflow/dags/etl_postgres_to_clickhouse.py took 0.980 seconds
[2026-01-07T11:55:25.250+0000] {processor.py:161} INFO - Started process (PID=2485) to work on /opt/airflow/dags/etl_postgres_to_clickhouse.py
[2026-01-07T11:55:25.252+0000] {processor.py:830} INFO - Processing file /opt/airflow/dags/etl_postgres_to_clickhouse.py for tasks to queue
[2026-01-07T11:55:25.264+0000] {logging_mixin.py:188} INFO - [2026-01-07T11:55:25.263+0000] {dagbag.py:545} INFO - Filling up the DagBag from /opt/airflow/dags/etl_postgres_to_clickhouse.py
[2026-01-07T11:55:25.739+0000] {processor.py:840} INFO - DAG(s) 'pg_to_clickhouse_sliding_window' retrieved from /opt/airflow/dags/etl_postgres_to_clickhouse.py
[2026-01-07T11:55:25.799+0000] {logging_mixin.py:188} INFO - [2026-01-07T11:55:25.799+0000] {dag.py:3096} INFO - Sync 1 DAGs
[2026-01-07T11:55:25.846+0000] {logging_mixin.py:188} INFO - [2026-01-07T11:55:25.845+0000] {dag.py:3954} INFO - Setting next_dagrun for pg_to_clickhouse_sliding_window to 2026-01-07 11:55:20+00:00, run_after=2026-01-07 11:55:30+00:00
[2026-01-07T11:55:25.881+0000] {processor.py:183} INFO - Processing /opt/airflow/dags/etl_postgres_to_clickhouse.py took 0.656 seconds
[2026-01-07T11:55:56.177+0000] {processor.py:161} INFO - Started process (PID=2511) to work on /opt/airflow/dags/etl_postgres_to_clickhouse.py
[2026-01-07T11:55:56.179+0000] {processor.py:830} INFO - Processing file /opt/airflow/dags/etl_postgres_to_clickhouse.py for tasks to queue
[2026-01-07T11:55:56.183+0000] {logging_mixin.py:188} INFO - [2026-01-07T11:55:56.182+0000] {dagbag.py:545} INFO - Filling up the DagBag from /opt/airflow/dags/etl_postgres_to_clickhouse.py
[2026-01-07T11:55:56.578+0000] {processor.py:840} INFO - DAG(s) 'pg_to_clickhouse_sliding_window' retrieved from /opt/airflow/dags/etl_postgres_to_clickhouse.py
[2026-01-07T11:55:56.627+0000] {logging_mixin.py:188} INFO - [2026-01-07T11:55:56.627+0000] {dag.py:3096} INFO - Sync 1 DAGs
[2026-01-07T11:55:56.665+0000] {logging_mixin.py:188} INFO - [2026-01-07T11:55:56.664+0000] {dag.py:3954} INFO - Setting next_dagrun for pg_to_clickhouse_sliding_window to 2026-01-07 11:55:50+00:00, run_after=2026-01-07 11:56:00+00:00
[2026-01-07T11:55:56.696+0000] {processor.py:183} INFO - Processing /opt/airflow/dags/etl_postgres_to_clickhouse.py took 0.530 seconds
[2026-01-07T11:56:27.304+0000] {processor.py:161} INFO - Started process (PID=2536) to work on /opt/airflow/dags/etl_postgres_to_clickhouse.py
[2026-01-07T11:56:27.306+0000] {processor.py:830} INFO - Processing file /opt/airflow/dags/etl_postgres_to_clickhouse.py for tasks to queue
[2026-01-07T11:56:27.308+0000] {logging_mixin.py:188} INFO - [2026-01-07T11:56:27.308+0000] {dagbag.py:545} INFO - Filling up the DagBag from /opt/airflow/dags/etl_postgres_to_clickhouse.py
[2026-01-07T11:56:27.637+0000] {processor.py:840} INFO - DAG(s) 'pg_to_clickhouse_sliding_window' retrieved from /opt/airflow/dags/etl_postgres_to_clickhouse.py
[2026-01-07T11:56:27.684+0000] {logging_mixin.py:188} INFO - [2026-01-07T11:56:27.683+0000] {dag.py:3096} INFO - Sync 1 DAGs
[2026-01-07T11:56:27.720+0000] {logging_mixin.py:188} INFO - [2026-01-07T11:56:27.720+0000] {dag.py:3954} INFO - Setting next_dagrun for pg_to_clickhouse_sliding_window to 2026-01-07 11:56:20+00:00, run_after=2026-01-07 11:56:30+00:00
[2026-01-07T11:56:27.750+0000] {processor.py:183} INFO - Processing /opt/airflow/dags/etl_postgres_to_clickhouse.py took 0.454 seconds
[2026-01-07T11:56:58.289+0000] {processor.py:161} INFO - Started process (PID=2568) to work on /opt/airflow/dags/etl_postgres_to_clickhouse.py
[2026-01-07T11:56:58.291+0000] {processor.py:830} INFO - Processing file /opt/airflow/dags/etl_postgres_to_clickhouse.py for tasks to queue
[2026-01-07T11:56:58.295+0000] {logging_mixin.py:188} INFO - [2026-01-07T11:56:58.295+0000] {dagbag.py:545} INFO - Filling up the DagBag from /opt/airflow/dags/etl_postgres_to_clickhouse.py
[2026-01-07T11:56:58.720+0000] {processor.py:840} INFO - DAG(s) 'pg_to_clickhouse_sliding_window' retrieved from /opt/airflow/dags/etl_postgres_to_clickhouse.py
[2026-01-07T11:56:58.779+0000] {logging_mixin.py:188} INFO - [2026-01-07T11:56:58.778+0000] {dag.py:3096} INFO - Sync 1 DAGs
[2026-01-07T11:56:58.844+0000] {logging_mixin.py:188} INFO - [2026-01-07T11:56:58.843+0000] {dag.py:3954} INFO - Setting next_dagrun for pg_to_clickhouse_sliding_window to 2026-01-07 11:56:50+00:00, run_after=2026-01-07 11:57:00+00:00
[2026-01-07T11:56:58.901+0000] {processor.py:183} INFO - Processing /opt/airflow/dags/etl_postgres_to_clickhouse.py took 0.627 seconds
[2026-01-07T11:57:28.993+0000] {processor.py:161} INFO - Started process (PID=2594) to work on /opt/airflow/dags/etl_postgres_to_clickhouse.py
[2026-01-07T11:57:28.994+0000] {processor.py:830} INFO - Processing file /opt/airflow/dags/etl_postgres_to_clickhouse.py for tasks to queue
[2026-01-07T11:57:28.999+0000] {logging_mixin.py:188} INFO - [2026-01-07T11:57:28.998+0000] {dagbag.py:545} INFO - Filling up the DagBag from /opt/airflow/dags/etl_postgres_to_clickhouse.py
[2026-01-07T11:57:29.382+0000] {processor.py:840} INFO - DAG(s) 'pg_to_clickhouse_sliding_window' retrieved from /opt/airflow/dags/etl_postgres_to_clickhouse.py
[2026-01-07T11:57:29.439+0000] {logging_mixin.py:188} INFO - [2026-01-07T11:57:29.438+0000] {dag.py:3096} INFO - Sync 1 DAGs
[2026-01-07T11:57:29.482+0000] {logging_mixin.py:188} INFO - [2026-01-07T11:57:29.482+0000] {dag.py:3954} INFO - Setting next_dagrun for pg_to_clickhouse_sliding_window to 2026-01-07 11:57:20+00:00, run_after=2026-01-07 11:57:30+00:00
[2026-01-07T11:57:29.522+0000] {processor.py:183} INFO - Processing /opt/airflow/dags/etl_postgres_to_clickhouse.py took 0.539 seconds
[2026-01-07T11:58:00.119+0000] {processor.py:161} INFO - Started process (PID=2619) to work on /opt/airflow/dags/etl_postgres_to_clickhouse.py
[2026-01-07T11:58:00.120+0000] {processor.py:830} INFO - Processing file /opt/airflow/dags/etl_postgres_to_clickhouse.py for tasks to queue
[2026-01-07T11:58:00.124+0000] {logging_mixin.py:188} INFO - [2026-01-07T11:58:00.123+0000] {dagbag.py:545} INFO - Filling up the DagBag from /opt/airflow/dags/etl_postgres_to_clickhouse.py
[2026-01-07T11:58:00.499+0000] {processor.py:840} INFO - DAG(s) 'pg_to_clickhouse_sliding_window' retrieved from /opt/airflow/dags/etl_postgres_to_clickhouse.py
[2026-01-07T11:58:00.551+0000] {logging_mixin.py:188} INFO - [2026-01-07T11:58:00.550+0000] {dag.py:3096} INFO - Sync 1 DAGs
[2026-01-07T11:58:00.586+0000] {logging_mixin.py:188} INFO - [2026-01-07T11:58:00.585+0000] {dag.py:3954} INFO - Setting next_dagrun for pg_to_clickhouse_sliding_window to 2026-01-07 11:58:00+00:00, run_after=2026-01-07 11:58:10+00:00
[2026-01-07T11:58:00.619+0000] {processor.py:183} INFO - Processing /opt/airflow/dags/etl_postgres_to_clickhouse.py took 0.508 seconds
[2026-01-07T11:58:31.133+0000] {processor.py:161} INFO - Started process (PID=2645) to work on /opt/airflow/dags/etl_postgres_to_clickhouse.py
[2026-01-07T11:58:31.136+0000] {processor.py:830} INFO - Processing file /opt/airflow/dags/etl_postgres_to_clickhouse.py for tasks to queue
[2026-01-07T11:58:31.140+0000] {logging_mixin.py:188} INFO - [2026-01-07T11:58:31.139+0000] {dagbag.py:545} INFO - Filling up the DagBag from /opt/airflow/dags/etl_postgres_to_clickhouse.py
[2026-01-07T11:58:31.555+0000] {processor.py:840} INFO - DAG(s) 'pg_to_clickhouse_sliding_window' retrieved from /opt/airflow/dags/etl_postgres_to_clickhouse.py
[2026-01-07T11:58:31.632+0000] {logging_mixin.py:188} INFO - [2026-01-07T11:58:31.631+0000] {dag.py:3096} INFO - Sync 1 DAGs
[2026-01-07T11:58:31.692+0000] {logging_mixin.py:188} INFO - [2026-01-07T11:58:31.691+0000] {dag.py:3954} INFO - Setting next_dagrun for pg_to_clickhouse_sliding_window to 2026-01-07 11:58:30+00:00, run_after=2026-01-07 11:58:40+00:00
[2026-01-07T11:58:31.738+0000] {processor.py:183} INFO - Processing /opt/airflow/dags/etl_postgres_to_clickhouse.py took 0.613 seconds
[2026-01-07T11:59:01.847+0000] {processor.py:161} INFO - Started process (PID=2671) to work on /opt/airflow/dags/etl_postgres_to_clickhouse.py
[2026-01-07T11:59:01.850+0000] {processor.py:830} INFO - Processing file /opt/airflow/dags/etl_postgres_to_clickhouse.py for tasks to queue
[2026-01-07T11:59:01.853+0000] {logging_mixin.py:188} INFO - [2026-01-07T11:59:01.853+0000] {dagbag.py:545} INFO - Filling up the DagBag from /opt/airflow/dags/etl_postgres_to_clickhouse.py
[2026-01-07T11:59:02.233+0000] {processor.py:840} INFO - DAG(s) 'pg_to_clickhouse_sliding_window' retrieved from /opt/airflow/dags/etl_postgres_to_clickhouse.py
[2026-01-07T11:59:02.292+0000] {logging_mixin.py:188} INFO - [2026-01-07T11:59:02.292+0000] {dag.py:3096} INFO - Sync 1 DAGs
[2026-01-07T11:59:02.345+0000] {logging_mixin.py:188} INFO - [2026-01-07T11:59:02.345+0000] {dag.py:3954} INFO - Setting next_dagrun for pg_to_clickhouse_sliding_window to 2026-01-07 11:59:00+00:00, run_after=2026-01-07 11:59:10+00:00
[2026-01-07T11:59:02.407+0000] {processor.py:183} INFO - Processing /opt/airflow/dags/etl_postgres_to_clickhouse.py took 0.576 seconds
[2026-01-07T11:59:33.059+0000] {processor.py:161} INFO - Started process (PID=2696) to work on /opt/airflow/dags/etl_postgres_to_clickhouse.py
[2026-01-07T11:59:33.060+0000] {processor.py:830} INFO - Processing file /opt/airflow/dags/etl_postgres_to_clickhouse.py for tasks to queue
[2026-01-07T11:59:33.066+0000] {logging_mixin.py:188} INFO - [2026-01-07T11:59:33.066+0000] {dagbag.py:545} INFO - Filling up the DagBag from /opt/airflow/dags/etl_postgres_to_clickhouse.py
[2026-01-07T11:59:33.465+0000] {processor.py:840} INFO - DAG(s) 'pg_to_clickhouse_sliding_window' retrieved from /opt/airflow/dags/etl_postgres_to_clickhouse.py
[2026-01-07T11:59:33.518+0000] {logging_mixin.py:188} INFO - [2026-01-07T11:59:33.517+0000] {dag.py:3096} INFO - Sync 1 DAGs
[2026-01-07T11:59:33.578+0000] {logging_mixin.py:188} INFO - [2026-01-07T11:59:33.578+0000] {dag.py:3954} INFO - Setting next_dagrun for pg_to_clickhouse_sliding_window to 2026-01-07 11:59:30+00:00, run_after=2026-01-07 11:59:40+00:00
[2026-01-07T11:59:33.633+0000] {processor.py:183} INFO - Processing /opt/airflow/dags/etl_postgres_to_clickhouse.py took 0.587 seconds
[2026-01-07T12:00:04.007+0000] {processor.py:161} INFO - Started process (PID=2728) to work on /opt/airflow/dags/etl_postgres_to_clickhouse.py
[2026-01-07T12:00:04.010+0000] {processor.py:830} INFO - Processing file /opt/airflow/dags/etl_postgres_to_clickhouse.py for tasks to queue
[2026-01-07T12:00:04.013+0000] {logging_mixin.py:188} INFO - [2026-01-07T12:00:04.012+0000] {dagbag.py:545} INFO - Filling up the DagBag from /opt/airflow/dags/etl_postgres_to_clickhouse.py
[2026-01-07T12:00:04.407+0000] {processor.py:840} INFO - DAG(s) 'pg_to_clickhouse_sliding_window' retrieved from /opt/airflow/dags/etl_postgres_to_clickhouse.py
[2026-01-07T12:00:04.464+0000] {logging_mixin.py:188} INFO - [2026-01-07T12:00:04.463+0000] {dag.py:3096} INFO - Sync 1 DAGs
[2026-01-07T12:00:04.503+0000] {logging_mixin.py:188} INFO - [2026-01-07T12:00:04.503+0000] {dag.py:3954} INFO - Setting next_dagrun for pg_to_clickhouse_sliding_window to 2026-01-07 12:00:00+00:00, run_after=2026-01-07 12:00:10+00:00
[2026-01-07T12:00:04.539+0000] {processor.py:183} INFO - Processing /opt/airflow/dags/etl_postgres_to_clickhouse.py took 0.543 seconds
[2026-01-07T12:00:34.639+0000] {processor.py:161} INFO - Started process (PID=2753) to work on /opt/airflow/dags/etl_postgres_to_clickhouse.py
[2026-01-07T12:00:34.641+0000] {processor.py:830} INFO - Processing file /opt/airflow/dags/etl_postgres_to_clickhouse.py for tasks to queue
[2026-01-07T12:00:34.644+0000] {logging_mixin.py:188} INFO - [2026-01-07T12:00:34.643+0000] {dagbag.py:545} INFO - Filling up the DagBag from /opt/airflow/dags/etl_postgres_to_clickhouse.py
[2026-01-07T12:00:35.024+0000] {processor.py:840} INFO - DAG(s) 'pg_to_clickhouse_sliding_window' retrieved from /opt/airflow/dags/etl_postgres_to_clickhouse.py
[2026-01-07T12:00:35.074+0000] {logging_mixin.py:188} INFO - [2026-01-07T12:00:35.074+0000] {dag.py:3096} INFO - Sync 1 DAGs
[2026-01-07T12:00:35.111+0000] {logging_mixin.py:188} INFO - [2026-01-07T12:00:35.110+0000] {dag.py:3954} INFO - Setting next_dagrun for pg_to_clickhouse_sliding_window to 2026-01-07 12:00:30+00:00, run_after=2026-01-07 12:00:40+00:00
[2026-01-07T12:00:35.143+0000] {processor.py:183} INFO - Processing /opt/airflow/dags/etl_postgres_to_clickhouse.py took 0.515 seconds
[2026-01-07T12:01:05.850+0000] {processor.py:161} INFO - Started process (PID=2777) to work on /opt/airflow/dags/etl_postgres_to_clickhouse.py
[2026-01-07T12:01:05.852+0000] {processor.py:830} INFO - Processing file /opt/airflow/dags/etl_postgres_to_clickhouse.py for tasks to queue
[2026-01-07T12:01:05.856+0000] {logging_mixin.py:188} INFO - [2026-01-07T12:01:05.855+0000] {dagbag.py:545} INFO - Filling up the DagBag from /opt/airflow/dags/etl_postgres_to_clickhouse.py
[2026-01-07T12:01:06.334+0000] {processor.py:840} INFO - DAG(s) 'pg_to_clickhouse_sliding_window' retrieved from /opt/airflow/dags/etl_postgres_to_clickhouse.py
[2026-01-07T12:01:06.418+0000] {logging_mixin.py:188} INFO - [2026-01-07T12:01:06.417+0000] {dag.py:3096} INFO - Sync 1 DAGs
[2026-01-07T12:01:06.466+0000] {logging_mixin.py:188} INFO - [2026-01-07T12:01:06.465+0000] {dag.py:3954} INFO - Setting next_dagrun for pg_to_clickhouse_sliding_window to 2026-01-07 12:01:00+00:00, run_after=2026-01-07 12:01:10+00:00
[2026-01-07T12:01:06.500+0000] {processor.py:183} INFO - Processing /opt/airflow/dags/etl_postgres_to_clickhouse.py took 0.667 seconds
[2026-01-07T12:01:36.866+0000] {processor.py:161} INFO - Started process (PID=2802) to work on /opt/airflow/dags/etl_postgres_to_clickhouse.py
[2026-01-07T12:01:36.870+0000] {processor.py:830} INFO - Processing file /opt/airflow/dags/etl_postgres_to_clickhouse.py for tasks to queue
[2026-01-07T12:01:36.875+0000] {logging_mixin.py:188} INFO - [2026-01-07T12:01:36.874+0000] {dagbag.py:545} INFO - Filling up the DagBag from /opt/airflow/dags/etl_postgres_to_clickhouse.py
[2026-01-07T12:01:37.348+0000] {processor.py:840} INFO - DAG(s) 'pg_to_clickhouse_sliding_window' retrieved from /opt/airflow/dags/etl_postgres_to_clickhouse.py
[2026-01-07T12:01:37.408+0000] {logging_mixin.py:188} INFO - [2026-01-07T12:01:37.408+0000] {dag.py:3096} INFO - Sync 1 DAGs
[2026-01-07T12:01:37.458+0000] {logging_mixin.py:188} INFO - [2026-01-07T12:01:37.458+0000] {dag.py:3954} INFO - Setting next_dagrun for pg_to_clickhouse_sliding_window to 2026-01-07 12:01:30+00:00, run_after=2026-01-07 12:01:40+00:00
[2026-01-07T12:01:37.493+0000] {processor.py:183} INFO - Processing /opt/airflow/dags/etl_postgres_to_clickhouse.py took 0.642 seconds
[2026-01-07T12:02:07.804+0000] {processor.py:161} INFO - Started process (PID=2834) to work on /opt/airflow/dags/etl_postgres_to_clickhouse.py
[2026-01-07T12:02:07.809+0000] {processor.py:830} INFO - Processing file /opt/airflow/dags/etl_postgres_to_clickhouse.py for tasks to queue
[2026-01-07T12:02:07.812+0000] {logging_mixin.py:188} INFO - [2026-01-07T12:02:07.811+0000] {dagbag.py:545} INFO - Filling up the DagBag from /opt/airflow/dags/etl_postgres_to_clickhouse.py
[2026-01-07T12:02:08.431+0000] {processor.py:840} INFO - DAG(s) 'pg_to_clickhouse_sliding_window' retrieved from /opt/airflow/dags/etl_postgres_to_clickhouse.py
[2026-01-07T12:02:08.499+0000] {logging_mixin.py:188} INFO - [2026-01-07T12:02:08.499+0000] {dag.py:3096} INFO - Sync 1 DAGs
[2026-01-07T12:02:08.553+0000] {logging_mixin.py:188} INFO - [2026-01-07T12:02:08.552+0000] {dag.py:3954} INFO - Setting next_dagrun for pg_to_clickhouse_sliding_window to 2026-01-07 12:02:00+00:00, run_after=2026-01-07 12:02:10+00:00
[2026-01-07T12:02:08.604+0000] {processor.py:183} INFO - Processing /opt/airflow/dags/etl_postgres_to_clickhouse.py took 0.828 seconds
[2026-01-07T12:02:38.868+0000] {processor.py:161} INFO - Started process (PID=2860) to work on /opt/airflow/dags/etl_postgres_to_clickhouse.py
[2026-01-07T12:02:38.871+0000] {processor.py:830} INFO - Processing file /opt/airflow/dags/etl_postgres_to_clickhouse.py for tasks to queue
[2026-01-07T12:02:38.875+0000] {logging_mixin.py:188} INFO - [2026-01-07T12:02:38.874+0000] {dagbag.py:545} INFO - Filling up the DagBag from /opt/airflow/dags/etl_postgres_to_clickhouse.py
[2026-01-07T12:02:39.365+0000] {processor.py:840} INFO - DAG(s) 'pg_to_clickhouse_sliding_window' retrieved from /opt/airflow/dags/etl_postgres_to_clickhouse.py
[2026-01-07T12:02:39.437+0000] {logging_mixin.py:188} INFO - [2026-01-07T12:02:39.436+0000] {dag.py:3096} INFO - Sync 1 DAGs
[2026-01-07T12:02:39.484+0000] {logging_mixin.py:188} INFO - [2026-01-07T12:02:39.484+0000] {dag.py:3954} INFO - Setting next_dagrun for pg_to_clickhouse_sliding_window to 2026-01-07 12:02:30+00:00, run_after=2026-01-07 12:02:40+00:00
[2026-01-07T12:02:39.542+0000] {processor.py:183} INFO - Processing /opt/airflow/dags/etl_postgres_to_clickhouse.py took 0.689 seconds
[2026-01-07T12:03:10.039+0000] {processor.py:161} INFO - Started process (PID=2885) to work on /opt/airflow/dags/etl_postgres_to_clickhouse.py
[2026-01-07T12:03:10.041+0000] {processor.py:830} INFO - Processing file /opt/airflow/dags/etl_postgres_to_clickhouse.py for tasks to queue
[2026-01-07T12:03:10.045+0000] {logging_mixin.py:188} INFO - [2026-01-07T12:03:10.045+0000] {dagbag.py:545} INFO - Filling up the DagBag from /opt/airflow/dags/etl_postgres_to_clickhouse.py
[2026-01-07T12:03:10.419+0000] {processor.py:840} INFO - DAG(s) 'pg_to_clickhouse_sliding_window' retrieved from /opt/airflow/dags/etl_postgres_to_clickhouse.py
[2026-01-07T12:03:10.476+0000] {logging_mixin.py:188} INFO - [2026-01-07T12:03:10.476+0000] {dag.py:3096} INFO - Sync 1 DAGs
[2026-01-07T12:03:10.517+0000] {logging_mixin.py:188} INFO - [2026-01-07T12:03:10.517+0000] {dag.py:3954} INFO - Setting next_dagrun for pg_to_clickhouse_sliding_window to 2026-01-07 12:03:00+00:00, run_after=2026-01-07 12:03:10+00:00
[2026-01-07T12:03:10.549+0000] {processor.py:183} INFO - Processing /opt/airflow/dags/etl_postgres_to_clickhouse.py took 0.519 seconds
[2026-01-07T12:03:41.309+0000] {processor.py:161} INFO - Started process (PID=2912) to work on /opt/airflow/dags/etl_postgres_to_clickhouse.py
[2026-01-07T12:03:41.313+0000] {processor.py:830} INFO - Processing file /opt/airflow/dags/etl_postgres_to_clickhouse.py for tasks to queue
[2026-01-07T12:03:41.319+0000] {logging_mixin.py:188} INFO - [2026-01-07T12:03:41.318+0000] {dagbag.py:545} INFO - Filling up the DagBag from /opt/airflow/dags/etl_postgres_to_clickhouse.py
[2026-01-07T12:03:41.789+0000] {processor.py:840} INFO - DAG(s) 'pg_to_clickhouse_sliding_window' retrieved from /opt/airflow/dags/etl_postgres_to_clickhouse.py
[2026-01-07T12:03:41.845+0000] {logging_mixin.py:188} INFO - [2026-01-07T12:03:41.844+0000] {dag.py:3096} INFO - Sync 1 DAGs
[2026-01-07T12:03:41.895+0000] {logging_mixin.py:188} INFO - [2026-01-07T12:03:41.895+0000] {dag.py:3954} INFO - Setting next_dagrun for pg_to_clickhouse_sliding_window to 2026-01-07 12:03:40+00:00, run_after=2026-01-07 12:03:50+00:00
[2026-01-07T12:03:41.948+0000] {processor.py:183} INFO - Processing /opt/airflow/dags/etl_postgres_to_clickhouse.py took 0.667 seconds
[2026-01-07T12:04:12.243+0000] {processor.py:161} INFO - Started process (PID=2938) to work on /opt/airflow/dags/etl_postgres_to_clickhouse.py
[2026-01-07T12:04:12.247+0000] {processor.py:830} INFO - Processing file /opt/airflow/dags/etl_postgres_to_clickhouse.py for tasks to queue
[2026-01-07T12:04:12.259+0000] {logging_mixin.py:188} INFO - [2026-01-07T12:04:12.259+0000] {dagbag.py:545} INFO - Filling up the DagBag from /opt/airflow/dags/etl_postgres_to_clickhouse.py
[2026-01-07T12:04:12.688+0000] {processor.py:840} INFO - DAG(s) 'pg_to_clickhouse_sliding_window' retrieved from /opt/airflow/dags/etl_postgres_to_clickhouse.py
[2026-01-07T12:04:12.747+0000] {logging_mixin.py:188} INFO - [2026-01-07T12:04:12.747+0000] {dag.py:3096} INFO - Sync 1 DAGs
[2026-01-07T12:04:12.797+0000] {logging_mixin.py:188} INFO - [2026-01-07T12:04:12.797+0000] {dag.py:3954} INFO - Setting next_dagrun for pg_to_clickhouse_sliding_window to 2026-01-07 12:04:10+00:00, run_after=2026-01-07 12:04:20+00:00
[2026-01-07T12:04:12.844+0000] {processor.py:183} INFO - Processing /opt/airflow/dags/etl_postgres_to_clickhouse.py took 0.627 seconds
[2026-01-07T12:04:43.302+0000] {processor.py:161} INFO - Started process (PID=2969) to work on /opt/airflow/dags/etl_postgres_to_clickhouse.py
[2026-01-07T12:04:43.303+0000] {processor.py:830} INFO - Processing file /opt/airflow/dags/etl_postgres_to_clickhouse.py for tasks to queue
[2026-01-07T12:04:43.307+0000] {logging_mixin.py:188} INFO - [2026-01-07T12:04:43.306+0000] {dagbag.py:545} INFO - Filling up the DagBag from /opt/airflow/dags/etl_postgres_to_clickhouse.py
[2026-01-07T12:04:44.066+0000] {processor.py:840} INFO - DAG(s) 'pg_to_clickhouse_sliding_window' retrieved from /opt/airflow/dags/etl_postgres_to_clickhouse.py
[2026-01-07T12:04:44.143+0000] {logging_mixin.py:188} INFO - [2026-01-07T12:04:44.142+0000] {dag.py:3096} INFO - Sync 1 DAGs
[2026-01-07T12:04:44.216+0000] {logging_mixin.py:188} INFO - [2026-01-07T12:04:44.216+0000] {dag.py:3954} INFO - Setting next_dagrun for pg_to_clickhouse_sliding_window to 2026-01-07 12:04:40+00:00, run_after=2026-01-07 12:04:50+00:00
[2026-01-07T12:04:44.289+0000] {processor.py:183} INFO - Processing /opt/airflow/dags/etl_postgres_to_clickhouse.py took 1.019 seconds
[2026-01-07T12:06:39.637+0000] {processor.py:161} INFO - Started process (PID=190) to work on /opt/airflow/dags/etl_postgres_to_clickhouse.py
[2026-01-07T12:06:39.638+0000] {processor.py:830} INFO - Processing file /opt/airflow/dags/etl_postgres_to_clickhouse.py for tasks to queue
[2026-01-07T12:06:39.641+0000] {logging_mixin.py:188} INFO - [2026-01-07T12:06:39.641+0000] {dagbag.py:545} INFO - Filling up the DagBag from /opt/airflow/dags/etl_postgres_to_clickhouse.py
[2026-01-07T12:06:40.070+0000] {processor.py:840} INFO - DAG(s) 'pg_to_clickhouse_sliding_window' retrieved from /opt/airflow/dags/etl_postgres_to_clickhouse.py
[2026-01-07T12:06:40.293+0000] {logging_mixin.py:188} INFO - [2026-01-07T12:06:40.293+0000] {override.py:1829} INFO - Created Permission View: can delete on DAG:pg_to_clickhouse_sliding_window
[2026-01-07T12:06:40.315+0000] {logging_mixin.py:188} INFO - [2026-01-07T12:06:40.315+0000] {override.py:1829} INFO - Created Permission View: can edit on DAG:pg_to_clickhouse_sliding_window
[2026-01-07T12:06:40.324+0000] {logging_mixin.py:188} INFO - [2026-01-07T12:06:40.324+0000] {override.py:1829} INFO - Created Permission View: can read on DAG:pg_to_clickhouse_sliding_window
[2026-01-07T12:06:40.325+0000] {logging_mixin.py:188} INFO - [2026-01-07T12:06:40.325+0000] {dag.py:3096} INFO - Sync 1 DAGs
[2026-01-07T12:06:40.339+0000] {logging_mixin.py:188} INFO - [2026-01-07T12:06:40.338+0000] {dag.py:3118} INFO - Creating ORM DAG for pg_to_clickhouse_sliding_window
[2026-01-07T12:06:40.352+0000] {logging_mixin.py:188} INFO - [2026-01-07T12:06:40.351+0000] {dag.py:3954} INFO - Setting next_dagrun for pg_to_clickhouse_sliding_window to 2026-01-07 12:06:30+00:00, run_after=2026-01-07 12:06:40+00:00
[2026-01-07T12:06:40.380+0000] {processor.py:183} INFO - Processing /opt/airflow/dags/etl_postgres_to_clickhouse.py took 0.751 seconds
[2026-01-07T12:07:10.927+0000] {processor.py:161} INFO - Started process (PID=245) to work on /opt/airflow/dags/etl_postgres_to_clickhouse.py
[2026-01-07T12:07:10.931+0000] {processor.py:830} INFO - Processing file /opt/airflow/dags/etl_postgres_to_clickhouse.py for tasks to queue
[2026-01-07T12:07:10.936+0000] {logging_mixin.py:188} INFO - [2026-01-07T12:07:10.936+0000] {dagbag.py:545} INFO - Filling up the DagBag from /opt/airflow/dags/etl_postgres_to_clickhouse.py
[2026-01-07T12:07:11.228+0000] {processor.py:840} INFO - DAG(s) 'pg_to_clickhouse_sliding_window' retrieved from /opt/airflow/dags/etl_postgres_to_clickhouse.py
[2026-01-07T12:07:11.274+0000] {logging_mixin.py:188} INFO - [2026-01-07T12:07:11.273+0000] {dag.py:3096} INFO - Sync 1 DAGs
[2026-01-07T12:07:11.303+0000] {logging_mixin.py:188} INFO - [2026-01-07T12:07:11.303+0000] {dag.py:3954} INFO - Setting next_dagrun for pg_to_clickhouse_sliding_window to 2026-01-07 12:07:10+00:00, run_after=2026-01-07 12:07:20+00:00
[2026-01-07T12:07:11.331+0000] {processor.py:183} INFO - Processing /opt/airflow/dags/etl_postgres_to_clickhouse.py took 0.416 seconds
[2026-01-07T12:07:41.743+0000] {processor.py:161} INFO - Started process (PID=280) to work on /opt/airflow/dags/etl_postgres_to_clickhouse.py
[2026-01-07T12:07:41.745+0000] {processor.py:830} INFO - Processing file /opt/airflow/dags/etl_postgres_to_clickhouse.py for tasks to queue
[2026-01-07T12:07:41.748+0000] {logging_mixin.py:188} INFO - [2026-01-07T12:07:41.747+0000] {dagbag.py:545} INFO - Filling up the DagBag from /opt/airflow/dags/etl_postgres_to_clickhouse.py
[2026-01-07T12:07:41.960+0000] {processor.py:840} INFO - DAG(s) 'pg_to_clickhouse_sliding_window' retrieved from /opt/airflow/dags/etl_postgres_to_clickhouse.py
[2026-01-07T12:07:41.993+0000] {logging_mixin.py:188} INFO - [2026-01-07T12:07:41.992+0000] {dag.py:3096} INFO - Sync 1 DAGs
[2026-01-07T12:07:42.016+0000] {logging_mixin.py:188} INFO - [2026-01-07T12:07:42.016+0000] {dag.py:3954} INFO - Setting next_dagrun for pg_to_clickhouse_sliding_window to 2026-01-07 12:07:40+00:00, run_after=2026-01-07 12:07:50+00:00
[2026-01-07T12:07:42.043+0000] {processor.py:183} INFO - Processing /opt/airflow/dags/etl_postgres_to_clickhouse.py took 0.308 seconds
[2026-01-07T12:08:12.466+0000] {processor.py:161} INFO - Started process (PID=319) to work on /opt/airflow/dags/etl_postgres_to_clickhouse.py
[2026-01-07T12:08:12.467+0000] {processor.py:830} INFO - Processing file /opt/airflow/dags/etl_postgres_to_clickhouse.py for tasks to queue
[2026-01-07T12:08:12.470+0000] {logging_mixin.py:188} INFO - [2026-01-07T12:08:12.469+0000] {dagbag.py:545} INFO - Filling up the DagBag from /opt/airflow/dags/etl_postgres_to_clickhouse.py
[2026-01-07T12:08:12.709+0000] {processor.py:840} INFO - DAG(s) 'pg_to_clickhouse_sliding_window' retrieved from /opt/airflow/dags/etl_postgres_to_clickhouse.py
[2026-01-07T12:08:12.743+0000] {logging_mixin.py:188} INFO - [2026-01-07T12:08:12.742+0000] {dag.py:3096} INFO - Sync 1 DAGs
[2026-01-07T12:08:12.768+0000] {logging_mixin.py:188} INFO - [2026-01-07T12:08:12.768+0000] {dag.py:3954} INFO - Setting next_dagrun for pg_to_clickhouse_sliding_window to 2026-01-07 12:08:10+00:00, run_after=2026-01-07 12:08:20+00:00
[2026-01-07T12:08:12.791+0000] {processor.py:183} INFO - Processing /opt/airflow/dags/etl_postgres_to_clickhouse.py took 0.332 seconds
[2026-01-07T12:08:43.413+0000] {processor.py:161} INFO - Started process (PID=357) to work on /opt/airflow/dags/etl_postgres_to_clickhouse.py
[2026-01-07T12:08:43.415+0000] {processor.py:830} INFO - Processing file /opt/airflow/dags/etl_postgres_to_clickhouse.py for tasks to queue
[2026-01-07T12:08:43.417+0000] {logging_mixin.py:188} INFO - [2026-01-07T12:08:43.417+0000] {dagbag.py:545} INFO - Filling up the DagBag from /opt/airflow/dags/etl_postgres_to_clickhouse.py
[2026-01-07T12:08:43.627+0000] {processor.py:840} INFO - DAG(s) 'pg_to_clickhouse_sliding_window' retrieved from /opt/airflow/dags/etl_postgres_to_clickhouse.py
[2026-01-07T12:08:43.661+0000] {logging_mixin.py:188} INFO - [2026-01-07T12:08:43.661+0000] {dag.py:3096} INFO - Sync 1 DAGs
[2026-01-07T12:08:43.685+0000] {logging_mixin.py:188} INFO - [2026-01-07T12:08:43.685+0000] {dag.py:3954} INFO - Setting next_dagrun for pg_to_clickhouse_sliding_window to 2026-01-07 12:08:40+00:00, run_after=2026-01-07 12:08:50+00:00
[2026-01-07T12:08:43.711+0000] {processor.py:183} INFO - Processing /opt/airflow/dags/etl_postgres_to_clickhouse.py took 0.304 seconds
[2026-01-07T12:09:14.184+0000] {processor.py:161} INFO - Started process (PID=388) to work on /opt/airflow/dags/etl_postgres_to_clickhouse.py
[2026-01-07T12:09:14.186+0000] {processor.py:830} INFO - Processing file /opt/airflow/dags/etl_postgres_to_clickhouse.py for tasks to queue
[2026-01-07T12:09:14.188+0000] {logging_mixin.py:188} INFO - [2026-01-07T12:09:14.188+0000] {dagbag.py:545} INFO - Filling up the DagBag from /opt/airflow/dags/etl_postgres_to_clickhouse.py
[2026-01-07T12:09:14.397+0000] {processor.py:840} INFO - DAG(s) 'pg_to_clickhouse_sliding_window' retrieved from /opt/airflow/dags/etl_postgres_to_clickhouse.py
[2026-01-07T12:09:14.429+0000] {logging_mixin.py:188} INFO - [2026-01-07T12:09:14.429+0000] {dag.py:3096} INFO - Sync 1 DAGs
[2026-01-07T12:09:14.451+0000] {logging_mixin.py:188} INFO - [2026-01-07T12:09:14.451+0000] {dag.py:3954} INFO - Setting next_dagrun for pg_to_clickhouse_sliding_window to 2026-01-07 12:09:10+00:00, run_after=2026-01-07 12:09:20+00:00
[2026-01-07T12:09:14.474+0000] {processor.py:183} INFO - Processing /opt/airflow/dags/etl_postgres_to_clickhouse.py took 0.296 seconds
[2026-01-07T12:09:44.784+0000] {processor.py:161} INFO - Started process (PID=426) to work on /opt/airflow/dags/etl_postgres_to_clickhouse.py
[2026-01-07T12:09:44.785+0000] {processor.py:830} INFO - Processing file /opt/airflow/dags/etl_postgres_to_clickhouse.py for tasks to queue
[2026-01-07T12:09:44.787+0000] {logging_mixin.py:188} INFO - [2026-01-07T12:09:44.787+0000] {dagbag.py:545} INFO - Filling up the DagBag from /opt/airflow/dags/etl_postgres_to_clickhouse.py
[2026-01-07T12:09:45.007+0000] {processor.py:840} INFO - DAG(s) 'pg_to_clickhouse_sliding_window' retrieved from /opt/airflow/dags/etl_postgres_to_clickhouse.py
[2026-01-07T12:09:45.042+0000] {logging_mixin.py:188} INFO - [2026-01-07T12:09:45.041+0000] {dag.py:3096} INFO - Sync 1 DAGs
[2026-01-07T12:09:45.065+0000] {logging_mixin.py:188} INFO - [2026-01-07T12:09:45.065+0000] {dag.py:3954} INFO - Setting next_dagrun for pg_to_clickhouse_sliding_window to 2026-01-07 12:09:40+00:00, run_after=2026-01-07 12:09:50+00:00
[2026-01-07T12:09:45.089+0000] {processor.py:183} INFO - Processing /opt/airflow/dags/etl_postgres_to_clickhouse.py took 0.313 seconds
[2026-01-07T12:10:36.544+0000] {processor.py:161} INFO - Started process (PID=190) to work on /opt/airflow/dags/etl_postgres_to_clickhouse.py
[2026-01-07T12:10:36.545+0000] {processor.py:830} INFO - Processing file /opt/airflow/dags/etl_postgres_to_clickhouse.py for tasks to queue
[2026-01-07T12:10:36.547+0000] {logging_mixin.py:188} INFO - [2026-01-07T12:10:36.547+0000] {dagbag.py:545} INFO - Filling up the DagBag from /opt/airflow/dags/etl_postgres_to_clickhouse.py
[2026-01-07T12:10:36.761+0000] {processor.py:840} INFO - DAG(s) 'pg_to_clickhouse_sliding_window' retrieved from /opt/airflow/dags/etl_postgres_to_clickhouse.py
[2026-01-07T12:10:36.928+0000] {logging_mixin.py:188} INFO - [2026-01-07T12:10:36.927+0000] {override.py:1829} INFO - Created Permission View: can edit on DAG:pg_to_clickhouse_sliding_window
[2026-01-07T12:10:36.941+0000] {logging_mixin.py:188} INFO - [2026-01-07T12:10:36.940+0000] {override.py:1829} INFO - Created Permission View: can read on DAG:pg_to_clickhouse_sliding_window
[2026-01-07T12:10:36.951+0000] {logging_mixin.py:188} INFO - [2026-01-07T12:10:36.951+0000] {override.py:1829} INFO - Created Permission View: can delete on DAG:pg_to_clickhouse_sliding_window
[2026-01-07T12:10:36.952+0000] {logging_mixin.py:188} INFO - [2026-01-07T12:10:36.952+0000] {dag.py:3096} INFO - Sync 1 DAGs
[2026-01-07T12:10:36.964+0000] {logging_mixin.py:188} INFO - [2026-01-07T12:10:36.964+0000] {dag.py:3118} INFO - Creating ORM DAG for pg_to_clickhouse_sliding_window
[2026-01-07T12:10:36.976+0000] {logging_mixin.py:188} INFO - [2026-01-07T12:10:36.976+0000] {dag.py:3954} INFO - Setting next_dagrun for pg_to_clickhouse_sliding_window to 2026-01-07 12:10:20+00:00, run_after=2026-01-07 12:10:30+00:00
[2026-01-07T12:10:37.003+0000] {processor.py:183} INFO - Processing /opt/airflow/dags/etl_postgres_to_clickhouse.py took 0.465 seconds
[2026-01-07T12:11:07.099+0000] {processor.py:161} INFO - Started process (PID=244) to work on /opt/airflow/dags/etl_postgres_to_clickhouse.py
[2026-01-07T12:11:07.101+0000] {processor.py:830} INFO - Processing file /opt/airflow/dags/etl_postgres_to_clickhouse.py for tasks to queue
[2026-01-07T12:11:07.104+0000] {logging_mixin.py:188} INFO - [2026-01-07T12:11:07.104+0000] {dagbag.py:545} INFO - Filling up the DagBag from /opt/airflow/dags/etl_postgres_to_clickhouse.py
[2026-01-07T12:11:07.381+0000] {processor.py:840} INFO - DAG(s) 'pg_to_clickhouse_sliding_window' retrieved from /opt/airflow/dags/etl_postgres_to_clickhouse.py
[2026-01-07T12:11:07.425+0000] {logging_mixin.py:188} INFO - [2026-01-07T12:11:07.425+0000] {dag.py:3096} INFO - Sync 1 DAGs
[2026-01-07T12:11:07.454+0000] {logging_mixin.py:188} INFO - [2026-01-07T12:11:07.454+0000] {dag.py:3954} INFO - Setting next_dagrun for pg_to_clickhouse_sliding_window to 2026-01-07 12:11:00+00:00, run_after=2026-01-07 12:11:10+00:00
[2026-01-07T12:11:07.488+0000] {processor.py:183} INFO - Processing /opt/airflow/dags/etl_postgres_to_clickhouse.py took 0.399 seconds
[2026-01-07T12:12:50.907+0000] {processor.py:161} INFO - Started process (PID=190) to work on /opt/airflow/dags/etl_postgres_to_clickhouse.py
[2026-01-07T12:12:50.908+0000] {processor.py:830} INFO - Processing file /opt/airflow/dags/etl_postgres_to_clickhouse.py for tasks to queue
[2026-01-07T12:12:50.911+0000] {logging_mixin.py:188} INFO - [2026-01-07T12:12:50.911+0000] {dagbag.py:545} INFO - Filling up the DagBag from /opt/airflow/dags/etl_postgres_to_clickhouse.py
[2026-01-07T12:12:51.160+0000] {processor.py:840} INFO - DAG(s) 'pg_to_clickhouse_sliding_window' retrieved from /opt/airflow/dags/etl_postgres_to_clickhouse.py
[2026-01-07T12:12:51.377+0000] {logging_mixin.py:188} INFO - [2026-01-07T12:12:51.376+0000] {override.py:1829} INFO - Created Permission View: can read on DAG:pg_to_clickhouse_sliding_window
[2026-01-07T12:12:51.395+0000] {logging_mixin.py:188} INFO - [2026-01-07T12:12:51.394+0000] {override.py:1829} INFO - Created Permission View: can delete on DAG:pg_to_clickhouse_sliding_window
[2026-01-07T12:12:51.406+0000] {logging_mixin.py:188} INFO - [2026-01-07T12:12:51.405+0000] {override.py:1829} INFO - Created Permission View: can edit on DAG:pg_to_clickhouse_sliding_window
[2026-01-07T12:12:51.407+0000] {logging_mixin.py:188} INFO - [2026-01-07T12:12:51.406+0000] {dag.py:3096} INFO - Sync 1 DAGs
[2026-01-07T12:12:51.424+0000] {logging_mixin.py:188} INFO - [2026-01-07T12:12:51.423+0000] {dag.py:3118} INFO - Creating ORM DAG for pg_to_clickhouse_sliding_window
[2026-01-07T12:12:51.438+0000] {logging_mixin.py:188} INFO - [2026-01-07T12:12:51.437+0000] {dag.py:3954} INFO - Setting next_dagrun for pg_to_clickhouse_sliding_window to 2026-01-07 12:12:40+00:00, run_after=2026-01-07 12:12:50+00:00
[2026-01-07T12:12:51.461+0000] {processor.py:183} INFO - Processing /opt/airflow/dags/etl_postgres_to_clickhouse.py took 0.563 seconds
[2026-01-07T12:13:22.028+0000] {processor.py:161} INFO - Started process (PID=243) to work on /opt/airflow/dags/etl_postgres_to_clickhouse.py
[2026-01-07T12:13:22.030+0000] {processor.py:830} INFO - Processing file /opt/airflow/dags/etl_postgres_to_clickhouse.py for tasks to queue
[2026-01-07T12:13:22.032+0000] {logging_mixin.py:188} INFO - [2026-01-07T12:13:22.032+0000] {dagbag.py:545} INFO - Filling up the DagBag from /opt/airflow/dags/etl_postgres_to_clickhouse.py
[2026-01-07T12:13:22.244+0000] {processor.py:840} INFO - DAG(s) 'pg_to_clickhouse_sliding_window' retrieved from /opt/airflow/dags/etl_postgres_to_clickhouse.py
[2026-01-07T12:13:22.278+0000] {logging_mixin.py:188} INFO - [2026-01-07T12:13:22.278+0000] {dag.py:3096} INFO - Sync 1 DAGs
[2026-01-07T12:13:22.301+0000] {logging_mixin.py:188} INFO - [2026-01-07T12:13:22.301+0000] {dag.py:3954} INFO - Setting next_dagrun for pg_to_clickhouse_sliding_window to 2026-01-07 12:13:20+00:00, run_after=2026-01-07 12:13:30+00:00
[2026-01-07T12:13:22.333+0000] {processor.py:183} INFO - Processing /opt/airflow/dags/etl_postgres_to_clickhouse.py took 0.311 seconds
[2026-01-07T12:13:52.522+0000] {processor.py:161} INFO - Started process (PID=281) to work on /opt/airflow/dags/etl_postgres_to_clickhouse.py
[2026-01-07T12:13:52.524+0000] {processor.py:830} INFO - Processing file /opt/airflow/dags/etl_postgres_to_clickhouse.py for tasks to queue
[2026-01-07T12:13:52.527+0000] {logging_mixin.py:188} INFO - [2026-01-07T12:13:52.526+0000] {dagbag.py:545} INFO - Filling up the DagBag from /opt/airflow/dags/etl_postgres_to_clickhouse.py
[2026-01-07T12:13:52.780+0000] {processor.py:840} INFO - DAG(s) 'pg_to_clickhouse_sliding_window' retrieved from /opt/airflow/dags/etl_postgres_to_clickhouse.py
[2026-01-07T12:13:52.823+0000] {logging_mixin.py:188} INFO - [2026-01-07T12:13:52.823+0000] {dag.py:3096} INFO - Sync 1 DAGs
[2026-01-07T12:13:52.856+0000] {logging_mixin.py:188} INFO - [2026-01-07T12:13:52.856+0000] {dag.py:3954} INFO - Setting next_dagrun for pg_to_clickhouse_sliding_window to 2026-01-07 12:13:50+00:00, run_after=2026-01-07 12:14:00+00:00
[2026-01-07T12:13:52.886+0000] {processor.py:183} INFO - Processing /opt/airflow/dags/etl_postgres_to_clickhouse.py took 0.371 seconds
[2026-01-07T12:14:23.474+0000] {processor.py:161} INFO - Started process (PID=319) to work on /opt/airflow/dags/etl_postgres_to_clickhouse.py
[2026-01-07T12:14:23.476+0000] {processor.py:830} INFO - Processing file /opt/airflow/dags/etl_postgres_to_clickhouse.py for tasks to queue
[2026-01-07T12:14:23.479+0000] {logging_mixin.py:188} INFO - [2026-01-07T12:14:23.478+0000] {dagbag.py:545} INFO - Filling up the DagBag from /opt/airflow/dags/etl_postgres_to_clickhouse.py
[2026-01-07T12:14:23.805+0000] {processor.py:840} INFO - DAG(s) 'pg_to_clickhouse_sliding_window' retrieved from /opt/airflow/dags/etl_postgres_to_clickhouse.py
[2026-01-07T12:14:23.850+0000] {logging_mixin.py:188} INFO - [2026-01-07T12:14:23.850+0000] {dag.py:3096} INFO - Sync 1 DAGs
[2026-01-07T12:14:23.893+0000] {logging_mixin.py:188} INFO - [2026-01-07T12:14:23.893+0000] {dag.py:3954} INFO - Setting next_dagrun for pg_to_clickhouse_sliding_window to 2026-01-07 12:14:20+00:00, run_after=2026-01-07 12:14:30+00:00
[2026-01-07T12:14:23.926+0000] {processor.py:183} INFO - Processing /opt/airflow/dags/etl_postgres_to_clickhouse.py took 0.461 seconds
[2026-01-07T12:14:54.466+0000] {processor.py:161} INFO - Started process (PID=350) to work on /opt/airflow/dags/etl_postgres_to_clickhouse.py
[2026-01-07T12:14:54.467+0000] {processor.py:830} INFO - Processing file /opt/airflow/dags/etl_postgres_to_clickhouse.py for tasks to queue
[2026-01-07T12:14:54.469+0000] {logging_mixin.py:188} INFO - [2026-01-07T12:14:54.469+0000] {dagbag.py:545} INFO - Filling up the DagBag from /opt/airflow/dags/etl_postgres_to_clickhouse.py
[2026-01-07T12:14:54.675+0000] {processor.py:840} INFO - DAG(s) 'pg_to_clickhouse_sliding_window' retrieved from /opt/airflow/dags/etl_postgres_to_clickhouse.py
[2026-01-07T12:14:54.709+0000] {logging_mixin.py:188} INFO - [2026-01-07T12:14:54.709+0000] {dag.py:3096} INFO - Sync 1 DAGs
[2026-01-07T12:14:54.732+0000] {logging_mixin.py:188} INFO - [2026-01-07T12:14:54.732+0000] {dag.py:3954} INFO - Setting next_dagrun for pg_to_clickhouse_sliding_window to 2026-01-07 12:14:50+00:00, run_after=2026-01-07 12:15:00+00:00
[2026-01-07T12:14:54.755+0000] {processor.py:183} INFO - Processing /opt/airflow/dags/etl_postgres_to_clickhouse.py took 0.296 seconds
[2026-01-07T12:15:24.953+0000] {processor.py:161} INFO - Started process (PID=388) to work on /opt/airflow/dags/etl_postgres_to_clickhouse.py
[2026-01-07T12:15:24.955+0000] {processor.py:830} INFO - Processing file /opt/airflow/dags/etl_postgres_to_clickhouse.py for tasks to queue
[2026-01-07T12:15:24.957+0000] {logging_mixin.py:188} INFO - [2026-01-07T12:15:24.957+0000] {dagbag.py:545} INFO - Filling up the DagBag from /opt/airflow/dags/etl_postgres_to_clickhouse.py
[2026-01-07T12:15:25.167+0000] {processor.py:840} INFO - DAG(s) 'pg_to_clickhouse_sliding_window' retrieved from /opt/airflow/dags/etl_postgres_to_clickhouse.py
[2026-01-07T12:15:25.202+0000] {logging_mixin.py:188} INFO - [2026-01-07T12:15:25.201+0000] {dag.py:3096} INFO - Sync 1 DAGs
[2026-01-07T12:15:25.227+0000] {logging_mixin.py:188} INFO - [2026-01-07T12:15:25.227+0000] {dag.py:3954} INFO - Setting next_dagrun for pg_to_clickhouse_sliding_window to 2026-01-07 12:15:20+00:00, run_after=2026-01-07 12:15:30+00:00
[2026-01-07T12:15:25.251+0000] {processor.py:183} INFO - Processing /opt/airflow/dags/etl_postgres_to_clickhouse.py took 0.304 seconds
[2026-01-07T12:15:55.799+0000] {processor.py:161} INFO - Started process (PID=419) to work on /opt/airflow/dags/etl_postgres_to_clickhouse.py
[2026-01-07T12:15:55.800+0000] {processor.py:830} INFO - Processing file /opt/airflow/dags/etl_postgres_to_clickhouse.py for tasks to queue
[2026-01-07T12:15:55.803+0000] {logging_mixin.py:188} INFO - [2026-01-07T12:15:55.802+0000] {dagbag.py:545} INFO - Filling up the DagBag from /opt/airflow/dags/etl_postgres_to_clickhouse.py
[2026-01-07T12:15:56.014+0000] {processor.py:840} INFO - DAG(s) 'pg_to_clickhouse_sliding_window' retrieved from /opt/airflow/dags/etl_postgres_to_clickhouse.py
[2026-01-07T12:15:56.048+0000] {logging_mixin.py:188} INFO - [2026-01-07T12:15:56.047+0000] {dag.py:3096} INFO - Sync 1 DAGs
[2026-01-07T12:15:56.071+0000] {logging_mixin.py:188} INFO - [2026-01-07T12:15:56.071+0000] {dag.py:3954} INFO - Setting next_dagrun for pg_to_clickhouse_sliding_window to 2026-01-07 12:15:50+00:00, run_after=2026-01-07 12:16:00+00:00
[2026-01-07T12:15:56.098+0000] {processor.py:183} INFO - Processing /opt/airflow/dags/etl_postgres_to_clickhouse.py took 0.305 seconds
[2026-01-07T12:16:26.699+0000] {processor.py:161} INFO - Started process (PID=458) to work on /opt/airflow/dags/etl_postgres_to_clickhouse.py
[2026-01-07T12:16:26.701+0000] {processor.py:830} INFO - Processing file /opt/airflow/dags/etl_postgres_to_clickhouse.py for tasks to queue
[2026-01-07T12:16:26.704+0000] {logging_mixin.py:188} INFO - [2026-01-07T12:16:26.703+0000] {dagbag.py:545} INFO - Filling up the DagBag from /opt/airflow/dags/etl_postgres_to_clickhouse.py
[2026-01-07T12:16:27.019+0000] {processor.py:840} INFO - DAG(s) 'pg_to_clickhouse_sliding_window' retrieved from /opt/airflow/dags/etl_postgres_to_clickhouse.py
[2026-01-07T12:16:27.055+0000] {logging_mixin.py:188} INFO - [2026-01-07T12:16:27.054+0000] {dag.py:3096} INFO - Sync 1 DAGs
[2026-01-07T12:16:27.081+0000] {logging_mixin.py:188} INFO - [2026-01-07T12:16:27.080+0000] {dag.py:3954} INFO - Setting next_dagrun for pg_to_clickhouse_sliding_window to 2026-01-07 12:16:20+00:00, run_after=2026-01-07 12:16:30+00:00
[2026-01-07T12:16:27.105+0000] {processor.py:183} INFO - Processing /opt/airflow/dags/etl_postgres_to_clickhouse.py took 0.418 seconds
[2026-01-07T12:16:57.542+0000] {processor.py:161} INFO - Started process (PID=498) to work on /opt/airflow/dags/etl_postgres_to_clickhouse.py
[2026-01-07T12:16:57.544+0000] {processor.py:830} INFO - Processing file /opt/airflow/dags/etl_postgres_to_clickhouse.py for tasks to queue
[2026-01-07T12:16:57.546+0000] {logging_mixin.py:188} INFO - [2026-01-07T12:16:57.546+0000] {dagbag.py:545} INFO - Filling up the DagBag from /opt/airflow/dags/etl_postgres_to_clickhouse.py
[2026-01-07T12:16:57.800+0000] {processor.py:840} INFO - DAG(s) 'pg_to_clickhouse_sliding_window' retrieved from /opt/airflow/dags/etl_postgres_to_clickhouse.py
[2026-01-07T12:16:57.834+0000] {logging_mixin.py:188} INFO - [2026-01-07T12:16:57.834+0000] {dag.py:3096} INFO - Sync 1 DAGs
[2026-01-07T12:16:57.862+0000] {logging_mixin.py:188} INFO - [2026-01-07T12:16:57.861+0000] {dag.py:3954} INFO - Setting next_dagrun for pg_to_clickhouse_sliding_window to 2026-01-07 12:16:50+00:00, run_after=2026-01-07 12:17:00+00:00
[2026-01-07T12:16:57.891+0000] {processor.py:183} INFO - Processing /opt/airflow/dags/etl_postgres_to_clickhouse.py took 0.355 seconds
[2026-01-07T12:17:28.107+0000] {processor.py:161} INFO - Started process (PID=529) to work on /opt/airflow/dags/etl_postgres_to_clickhouse.py
[2026-01-07T12:17:28.109+0000] {processor.py:830} INFO - Processing file /opt/airflow/dags/etl_postgres_to_clickhouse.py for tasks to queue
[2026-01-07T12:17:28.111+0000] {logging_mixin.py:188} INFO - [2026-01-07T12:17:28.111+0000] {dagbag.py:545} INFO - Filling up the DagBag from /opt/airflow/dags/etl_postgres_to_clickhouse.py
[2026-01-07T12:17:28.318+0000] {processor.py:840} INFO - DAG(s) 'pg_to_clickhouse_sliding_window' retrieved from /opt/airflow/dags/etl_postgres_to_clickhouse.py
[2026-01-07T12:17:28.352+0000] {logging_mixin.py:188} INFO - [2026-01-07T12:17:28.352+0000] {dag.py:3096} INFO - Sync 1 DAGs
[2026-01-07T12:17:28.376+0000] {logging_mixin.py:188} INFO - [2026-01-07T12:17:28.375+0000] {dag.py:3954} INFO - Setting next_dagrun for pg_to_clickhouse_sliding_window to 2026-01-07 12:17:20+00:00, run_after=2026-01-07 12:17:30+00:00
[2026-01-07T12:17:28.403+0000] {processor.py:183} INFO - Processing /opt/airflow/dags/etl_postgres_to_clickhouse.py took 0.302 seconds
[2026-01-07T12:17:59.009+0000] {processor.py:161} INFO - Started process (PID=568) to work on /opt/airflow/dags/etl_postgres_to_clickhouse.py
[2026-01-07T12:17:59.010+0000] {processor.py:830} INFO - Processing file /opt/airflow/dags/etl_postgres_to_clickhouse.py for tasks to queue
[2026-01-07T12:17:59.012+0000] {logging_mixin.py:188} INFO - [2026-01-07T12:17:59.012+0000] {dagbag.py:545} INFO - Filling up the DagBag from /opt/airflow/dags/etl_postgres_to_clickhouse.py
[2026-01-07T12:17:59.222+0000] {processor.py:840} INFO - DAG(s) 'pg_to_clickhouse_sliding_window' retrieved from /opt/airflow/dags/etl_postgres_to_clickhouse.py
[2026-01-07T12:17:59.260+0000] {logging_mixin.py:188} INFO - [2026-01-07T12:17:59.260+0000] {dag.py:3096} INFO - Sync 1 DAGs
[2026-01-07T12:17:59.284+0000] {logging_mixin.py:188} INFO - [2026-01-07T12:17:59.283+0000] {dag.py:3954} INFO - Setting next_dagrun for pg_to_clickhouse_sliding_window to 2026-01-07 12:17:50+00:00, run_after=2026-01-07 12:18:00+00:00
[2026-01-07T12:17:59.308+0000] {processor.py:183} INFO - Processing /opt/airflow/dags/etl_postgres_to_clickhouse.py took 0.306 seconds
[2026-01-07T12:18:29.545+0000] {processor.py:161} INFO - Started process (PID=599) to work on /opt/airflow/dags/etl_postgres_to_clickhouse.py
[2026-01-07T12:18:29.546+0000] {processor.py:830} INFO - Processing file /opt/airflow/dags/etl_postgres_to_clickhouse.py for tasks to queue
[2026-01-07T12:18:29.549+0000] {logging_mixin.py:188} INFO - [2026-01-07T12:18:29.548+0000] {dagbag.py:545} INFO - Filling up the DagBag from /opt/airflow/dags/etl_postgres_to_clickhouse.py
[2026-01-07T12:18:29.759+0000] {processor.py:840} INFO - DAG(s) 'pg_to_clickhouse_sliding_window' retrieved from /opt/airflow/dags/etl_postgres_to_clickhouse.py
[2026-01-07T12:18:29.792+0000] {logging_mixin.py:188} INFO - [2026-01-07T12:18:29.792+0000] {dag.py:3096} INFO - Sync 1 DAGs
[2026-01-07T12:18:29.819+0000] {logging_mixin.py:188} INFO - [2026-01-07T12:18:29.819+0000] {dag.py:3954} INFO - Setting next_dagrun for pg_to_clickhouse_sliding_window to 2026-01-07 12:18:20+00:00, run_after=2026-01-07 12:18:30+00:00
[2026-01-07T12:18:29.851+0000] {processor.py:183} INFO - Processing /opt/airflow/dags/etl_postgres_to_clickhouse.py took 0.313 seconds
[2026-01-07T12:19:00.330+0000] {processor.py:161} INFO - Started process (PID=637) to work on /opt/airflow/dags/etl_postgres_to_clickhouse.py
[2026-01-07T12:19:00.332+0000] {processor.py:830} INFO - Processing file /opt/airflow/dags/etl_postgres_to_clickhouse.py for tasks to queue
[2026-01-07T12:19:00.334+0000] {logging_mixin.py:188} INFO - [2026-01-07T12:19:00.334+0000] {dagbag.py:545} INFO - Filling up the DagBag from /opt/airflow/dags/etl_postgres_to_clickhouse.py
[2026-01-07T12:19:00.566+0000] {processor.py:840} INFO - DAG(s) 'pg_to_clickhouse_sliding_window' retrieved from /opt/airflow/dags/etl_postgres_to_clickhouse.py
[2026-01-07T12:19:00.605+0000] {logging_mixin.py:188} INFO - [2026-01-07T12:19:00.605+0000] {dag.py:3096} INFO - Sync 1 DAGs
[2026-01-07T12:19:00.633+0000] {logging_mixin.py:188} INFO - [2026-01-07T12:19:00.633+0000] {dag.py:3954} INFO - Setting next_dagrun for pg_to_clickhouse_sliding_window to 2026-01-07 12:18:50+00:00, run_after=2026-01-07 12:19:00+00:00
[2026-01-07T12:19:00.656+0000] {processor.py:183} INFO - Processing /opt/airflow/dags/etl_postgres_to_clickhouse.py took 0.332 seconds
[2026-01-07T12:20:09.456+0000] {processor.py:161} INFO - Started process (PID=191) to work on /opt/airflow/dags/etl_postgres_to_clickhouse.py
[2026-01-07T12:20:09.458+0000] {processor.py:830} INFO - Processing file /opt/airflow/dags/etl_postgres_to_clickhouse.py for tasks to queue
[2026-01-07T12:20:09.462+0000] {logging_mixin.py:188} INFO - [2026-01-07T12:20:09.461+0000] {dagbag.py:545} INFO - Filling up the DagBag from /opt/airflow/dags/etl_postgres_to_clickhouse.py
[2026-01-07T12:20:09.799+0000] {processor.py:840} INFO - DAG(s) 'pg_to_clickhouse_sliding_window' retrieved from /opt/airflow/dags/etl_postgres_to_clickhouse.py
[2026-01-07T12:20:10.043+0000] {logging_mixin.py:188} INFO - [2026-01-07T12:20:10.042+0000] {override.py:1829} INFO - Created Permission View: can read on DAG:pg_to_clickhouse_sliding_window
[2026-01-07T12:20:10.073+0000] {logging_mixin.py:188} INFO - [2026-01-07T12:20:10.073+0000] {override.py:1829} INFO - Created Permission View: can delete on DAG:pg_to_clickhouse_sliding_window
[2026-01-07T12:20:10.083+0000] {logging_mixin.py:188} INFO - [2026-01-07T12:20:10.083+0000] {override.py:1829} INFO - Created Permission View: can edit on DAG:pg_to_clickhouse_sliding_window
[2026-01-07T12:20:10.084+0000] {logging_mixin.py:188} INFO - [2026-01-07T12:20:10.084+0000] {dag.py:3096} INFO - Sync 1 DAGs
[2026-01-07T12:20:10.103+0000] {logging_mixin.py:188} INFO - [2026-01-07T12:20:10.102+0000] {dag.py:3118} INFO - Creating ORM DAG for pg_to_clickhouse_sliding_window
[2026-01-07T12:20:10.117+0000] {logging_mixin.py:188} INFO - [2026-01-07T12:20:10.117+0000] {dag.py:3954} INFO - Setting next_dagrun for pg_to_clickhouse_sliding_window to 2026-01-07 12:20:00+00:00, run_after=2026-01-07 12:20:10+00:00
[2026-01-07T12:20:10.144+0000] {processor.py:183} INFO - Processing /opt/airflow/dags/etl_postgres_to_clickhouse.py took 0.696 seconds
[2026-01-07T12:20:40.699+0000] {processor.py:161} INFO - Started process (PID=248) to work on /opt/airflow/dags/etl_postgres_to_clickhouse.py
[2026-01-07T12:20:40.700+0000] {processor.py:830} INFO - Processing file /opt/airflow/dags/etl_postgres_to_clickhouse.py for tasks to queue
[2026-01-07T12:20:40.703+0000] {logging_mixin.py:188} INFO - [2026-01-07T12:20:40.703+0000] {dagbag.py:545} INFO - Filling up the DagBag from /opt/airflow/dags/etl_postgres_to_clickhouse.py
[2026-01-07T12:20:41.030+0000] {processor.py:840} INFO - DAG(s) 'pg_to_clickhouse_sliding_window' retrieved from /opt/airflow/dags/etl_postgres_to_clickhouse.py
[2026-01-07T12:20:41.075+0000] {logging_mixin.py:188} INFO - [2026-01-07T12:20:41.075+0000] {dag.py:3096} INFO - Sync 1 DAGs
[2026-01-07T12:20:41.105+0000] {logging_mixin.py:188} INFO - [2026-01-07T12:20:41.105+0000] {dag.py:3954} INFO - Setting next_dagrun for pg_to_clickhouse_sliding_window to 2026-01-07 12:20:40+00:00, run_after=2026-01-07 12:20:50+00:00
[2026-01-07T12:20:41.130+0000] {processor.py:183} INFO - Processing /opt/airflow/dags/etl_postgres_to_clickhouse.py took 0.439 seconds
[2026-01-07T12:21:11.491+0000] {processor.py:161} INFO - Started process (PID=281) to work on /opt/airflow/dags/etl_postgres_to_clickhouse.py
[2026-01-07T12:21:11.496+0000] {processor.py:830} INFO - Processing file /opt/airflow/dags/etl_postgres_to_clickhouse.py for tasks to queue
[2026-01-07T12:21:11.499+0000] {logging_mixin.py:188} INFO - [2026-01-07T12:21:11.498+0000] {dagbag.py:545} INFO - Filling up the DagBag from /opt/airflow/dags/etl_postgres_to_clickhouse.py
[2026-01-07T12:21:11.801+0000] {processor.py:840} INFO - DAG(s) 'pg_to_clickhouse_sliding_window' retrieved from /opt/airflow/dags/etl_postgres_to_clickhouse.py
[2026-01-07T12:21:11.836+0000] {logging_mixin.py:188} INFO - [2026-01-07T12:21:11.836+0000] {dag.py:3096} INFO - Sync 1 DAGs
[2026-01-07T12:21:11.861+0000] {logging_mixin.py:188} INFO - [2026-01-07T12:21:11.861+0000] {dag.py:3954} INFO - Setting next_dagrun for pg_to_clickhouse_sliding_window to 2026-01-07 12:21:10+00:00, run_after=2026-01-07 12:21:20+00:00
[2026-01-07T12:21:11.888+0000] {processor.py:183} INFO - Processing /opt/airflow/dags/etl_postgres_to_clickhouse.py took 0.405 seconds
[2026-01-07T12:21:42.102+0000] {processor.py:161} INFO - Started process (PID=312) to work on /opt/airflow/dags/etl_postgres_to_clickhouse.py
[2026-01-07T12:21:42.103+0000] {processor.py:830} INFO - Processing file /opt/airflow/dags/etl_postgres_to_clickhouse.py for tasks to queue
[2026-01-07T12:21:42.106+0000] {logging_mixin.py:188} INFO - [2026-01-07T12:21:42.105+0000] {dagbag.py:545} INFO - Filling up the DagBag from /opt/airflow/dags/etl_postgres_to_clickhouse.py
[2026-01-07T12:21:42.417+0000] {processor.py:840} INFO - DAG(s) 'pg_to_clickhouse_sliding_window' retrieved from /opt/airflow/dags/etl_postgres_to_clickhouse.py
[2026-01-07T12:21:42.457+0000] {logging_mixin.py:188} INFO - [2026-01-07T12:21:42.457+0000] {dag.py:3096} INFO - Sync 1 DAGs
[2026-01-07T12:21:42.493+0000] {logging_mixin.py:188} INFO - [2026-01-07T12:21:42.493+0000] {dag.py:3954} INFO - Setting next_dagrun for pg_to_clickhouse_sliding_window to 2026-01-07 12:21:40+00:00, run_after=2026-01-07 12:21:50+00:00
[2026-01-07T12:21:42.519+0000] {processor.py:183} INFO - Processing /opt/airflow/dags/etl_postgres_to_clickhouse.py took 0.425 seconds
[2026-01-07T12:26:21.173+0000] {processor.py:161} INFO - Started process (PID=190) to work on /opt/airflow/dags/etl_postgres_to_clickhouse.py
[2026-01-07T12:26:21.174+0000] {processor.py:830} INFO - Processing file /opt/airflow/dags/etl_postgres_to_clickhouse.py for tasks to queue
[2026-01-07T12:26:21.177+0000] {logging_mixin.py:188} INFO - [2026-01-07T12:26:21.177+0000] {dagbag.py:545} INFO - Filling up the DagBag from /opt/airflow/dags/etl_postgres_to_clickhouse.py
[2026-01-07T12:26:21.507+0000] {processor.py:840} INFO - DAG(s) 'pg_to_clickhouse_payload_parsing' retrieved from /opt/airflow/dags/etl_postgres_to_clickhouse.py
[2026-01-07T12:26:21.726+0000] {logging_mixin.py:188} INFO - [2026-01-07T12:26:21.725+0000] {override.py:1829} INFO - Created Permission View: can read on DAG:pg_to_clickhouse_payload_parsing
[2026-01-07T12:26:21.739+0000] {logging_mixin.py:188} INFO - [2026-01-07T12:26:21.739+0000] {override.py:1829} INFO - Created Permission View: can edit on DAG:pg_to_clickhouse_payload_parsing
[2026-01-07T12:26:21.748+0000] {logging_mixin.py:188} INFO - [2026-01-07T12:26:21.748+0000] {override.py:1829} INFO - Created Permission View: can delete on DAG:pg_to_clickhouse_payload_parsing
[2026-01-07T12:26:21.749+0000] {logging_mixin.py:188} INFO - [2026-01-07T12:26:21.749+0000] {dag.py:3096} INFO - Sync 1 DAGs
[2026-01-07T12:26:21.764+0000] {logging_mixin.py:188} INFO - [2026-01-07T12:26:21.764+0000] {dag.py:3118} INFO - Creating ORM DAG for pg_to_clickhouse_payload_parsing
[2026-01-07T12:26:21.778+0000] {logging_mixin.py:188} INFO - [2026-01-07T12:26:21.778+0000] {dag.py:3954} INFO - Setting next_dagrun for pg_to_clickhouse_payload_parsing to 2026-01-07 12:26:10+00:00, run_after=2026-01-07 12:26:20+00:00
[2026-01-07T12:26:21.809+0000] {processor.py:183} INFO - Processing /opt/airflow/dags/etl_postgres_to_clickhouse.py took 0.645 seconds
[2026-01-07T12:26:52.392+0000] {processor.py:161} INFO - Started process (PID=237) to work on /opt/airflow/dags/etl_postgres_to_clickhouse.py
[2026-01-07T12:26:52.394+0000] {processor.py:830} INFO - Processing file /opt/airflow/dags/etl_postgres_to_clickhouse.py for tasks to queue
[2026-01-07T12:26:52.398+0000] {logging_mixin.py:188} INFO - [2026-01-07T12:26:52.398+0000] {dagbag.py:545} INFO - Filling up the DagBag from /opt/airflow/dags/etl_postgres_to_clickhouse.py
[2026-01-07T12:26:50.172+0000] {processor.py:840} INFO - DAG(s) 'pg_to_clickhouse_payload_parsing' retrieved from /opt/airflow/dags/etl_postgres_to_clickhouse.py
[2026-01-07T12:26:50.196+0000] {logging_mixin.py:188} INFO - [2026-01-07T12:26:50.196+0000] {dag.py:3096} INFO - Sync 1 DAGs
[2026-01-07T12:26:50.244+0000] {logging_mixin.py:188} INFO - [2026-01-07T12:26:50.244+0000] {dag.py:3954} INFO - Setting next_dagrun for pg_to_clickhouse_payload_parsing to 2026-01-07 12:26:50+00:00, run_after=2026-01-07 12:27:00+00:00
[2026-01-07T12:26:50.271+0000] {processor.py:183} INFO - Processing /opt/airflow/dags/etl_postgres_to_clickhouse.py took 0.600 seconds
[2026-01-07T12:27:20.525+0000] {processor.py:161} INFO - Started process (PID=267) to work on /opt/airflow/dags/etl_postgres_to_clickhouse.py
[2026-01-07T12:27:20.526+0000] {processor.py:830} INFO - Processing file /opt/airflow/dags/etl_postgres_to_clickhouse.py for tasks to queue
[2026-01-07T12:27:20.529+0000] {logging_mixin.py:188} INFO - [2026-01-07T12:27:20.528+0000] {dagbag.py:545} INFO - Filling up the DagBag from /opt/airflow/dags/etl_postgres_to_clickhouse.py
[2026-01-07T12:27:20.833+0000] {processor.py:840} INFO - DAG(s) 'pg_to_clickhouse_payload_parsing' retrieved from /opt/airflow/dags/etl_postgres_to_clickhouse.py
[2026-01-07T12:27:20.909+0000] {logging_mixin.py:188} INFO - [2026-01-07T12:27:20.909+0000] {dag.py:3096} INFO - Sync 1 DAGs
[2026-01-07T12:27:20.944+0000] {logging_mixin.py:188} INFO - [2026-01-07T12:27:20.944+0000] {dag.py:3954} INFO - Setting next_dagrun for pg_to_clickhouse_payload_parsing to 2026-01-07 12:27:20+00:00, run_after=2026-01-07 12:27:30+00:00
[2026-01-07T12:27:20.988+0000] {processor.py:183} INFO - Processing /opt/airflow/dags/etl_postgres_to_clickhouse.py took 0.470 seconds
[2026-01-07T12:27:51.273+0000] {processor.py:161} INFO - Started process (PID=295) to work on /opt/airflow/dags/etl_postgres_to_clickhouse.py
[2026-01-07T12:27:51.275+0000] {processor.py:830} INFO - Processing file /opt/airflow/dags/etl_postgres_to_clickhouse.py for tasks to queue
[2026-01-07T12:27:51.278+0000] {logging_mixin.py:188} INFO - [2026-01-07T12:27:51.277+0000] {dagbag.py:545} INFO - Filling up the DagBag from /opt/airflow/dags/etl_postgres_to_clickhouse.py
[2026-01-07T12:27:51.638+0000] {processor.py:840} INFO - DAG(s) 'pg_to_clickhouse_payload_parsing' retrieved from /opt/airflow/dags/etl_postgres_to_clickhouse.py
[2026-01-07T12:27:51.681+0000] {logging_mixin.py:188} INFO - [2026-01-07T12:27:51.680+0000] {dag.py:3096} INFO - Sync 1 DAGs
[2026-01-07T12:27:51.726+0000] {logging_mixin.py:188} INFO - [2026-01-07T12:27:51.726+0000] {dag.py:3954} INFO - Setting next_dagrun for pg_to_clickhouse_payload_parsing to 2026-01-07 12:27:50+00:00, run_after=2026-01-07 12:28:00+00:00
[2026-01-07T12:27:51.766+0000] {processor.py:183} INFO - Processing /opt/airflow/dags/etl_postgres_to_clickhouse.py took 0.505 seconds
[2026-01-07T12:28:22.037+0000] {processor.py:161} INFO - Started process (PID=327) to work on /opt/airflow/dags/etl_postgres_to_clickhouse.py
[2026-01-07T12:28:22.038+0000] {processor.py:830} INFO - Processing file /opt/airflow/dags/etl_postgres_to_clickhouse.py for tasks to queue
[2026-01-07T12:28:22.041+0000] {logging_mixin.py:188} INFO - [2026-01-07T12:28:22.040+0000] {dagbag.py:545} INFO - Filling up the DagBag from /opt/airflow/dags/etl_postgres_to_clickhouse.py
[2026-01-07T12:28:22.424+0000] {processor.py:840} INFO - DAG(s) 'pg_to_clickhouse_payload_parsing' retrieved from /opt/airflow/dags/etl_postgres_to_clickhouse.py
[2026-01-07T12:28:22.477+0000] {logging_mixin.py:188} INFO - [2026-01-07T12:28:22.477+0000] {dag.py:3096} INFO - Sync 1 DAGs
[2026-01-07T12:28:22.521+0000] {logging_mixin.py:188} INFO - [2026-01-07T12:28:22.521+0000] {dag.py:3954} INFO - Setting next_dagrun for pg_to_clickhouse_payload_parsing to 2026-01-07 12:28:20+00:00, run_after=2026-01-07 12:28:30+00:00
[2026-01-07T12:28:22.558+0000] {processor.py:183} INFO - Processing /opt/airflow/dags/etl_postgres_to_clickhouse.py took 0.530 seconds
[2026-01-07T12:28:52.815+0000] {processor.py:161} INFO - Started process (PID=352) to work on /opt/airflow/dags/etl_postgres_to_clickhouse.py
[2026-01-07T12:28:52.816+0000] {processor.py:830} INFO - Processing file /opt/airflow/dags/etl_postgres_to_clickhouse.py for tasks to queue
[2026-01-07T12:28:52.819+0000] {logging_mixin.py:188} INFO - [2026-01-07T12:28:52.818+0000] {dagbag.py:545} INFO - Filling up the DagBag from /opt/airflow/dags/etl_postgres_to_clickhouse.py
[2026-01-07T12:28:53.079+0000] {processor.py:840} INFO - DAG(s) 'pg_to_clickhouse_payload_parsing' retrieved from /opt/airflow/dags/etl_postgres_to_clickhouse.py
[2026-01-07T12:28:53.115+0000] {logging_mixin.py:188} INFO - [2026-01-07T12:28:53.114+0000] {dag.py:3096} INFO - Sync 1 DAGs
[2026-01-07T12:28:53.142+0000] {logging_mixin.py:188} INFO - [2026-01-07T12:28:53.142+0000] {dag.py:3954} INFO - Setting next_dagrun for pg_to_clickhouse_payload_parsing to 2026-01-07 12:28:50+00:00, run_after=2026-01-07 12:29:00+00:00
[2026-01-07T12:28:53.168+0000] {processor.py:183} INFO - Processing /opt/airflow/dags/etl_postgres_to_clickhouse.py took 0.360 seconds
[2026-01-07T12:29:23.616+0000] {processor.py:161} INFO - Started process (PID=385) to work on /opt/airflow/dags/etl_postgres_to_clickhouse.py
[2026-01-07T12:29:23.618+0000] {processor.py:830} INFO - Processing file /opt/airflow/dags/etl_postgres_to_clickhouse.py for tasks to queue
[2026-01-07T12:29:23.622+0000] {logging_mixin.py:188} INFO - [2026-01-07T12:29:23.621+0000] {dagbag.py:545} INFO - Filling up the DagBag from /opt/airflow/dags/etl_postgres_to_clickhouse.py
[2026-01-07T12:29:23.957+0000] {processor.py:840} INFO - DAG(s) 'pg_to_clickhouse_payload_parsing' retrieved from /opt/airflow/dags/etl_postgres_to_clickhouse.py
[2026-01-07T12:29:24.007+0000] {logging_mixin.py:188} INFO - [2026-01-07T12:29:24.007+0000] {dag.py:3096} INFO - Sync 1 DAGs
[2026-01-07T12:29:24.047+0000] {logging_mixin.py:188} INFO - [2026-01-07T12:29:24.047+0000] {dag.py:3954} INFO - Setting next_dagrun for pg_to_clickhouse_payload_parsing to 2026-01-07 12:29:20+00:00, run_after=2026-01-07 12:29:30+00:00
[2026-01-07T12:29:24.078+0000] {processor.py:183} INFO - Processing /opt/airflow/dags/etl_postgres_to_clickhouse.py took 0.474 seconds
[2026-01-07T12:29:54.589+0000] {processor.py:161} INFO - Started process (PID=410) to work on /opt/airflow/dags/etl_postgres_to_clickhouse.py
[2026-01-07T12:29:54.592+0000] {processor.py:830} INFO - Processing file /opt/airflow/dags/etl_postgres_to_clickhouse.py for tasks to queue
[2026-01-07T12:29:54.594+0000] {logging_mixin.py:188} INFO - [2026-01-07T12:29:54.594+0000] {dagbag.py:545} INFO - Filling up the DagBag from /opt/airflow/dags/etl_postgres_to_clickhouse.py
[2026-01-07T12:29:54.899+0000] {processor.py:840} INFO - DAG(s) 'pg_to_clickhouse_payload_parsing' retrieved from /opt/airflow/dags/etl_postgres_to_clickhouse.py
[2026-01-07T12:29:54.940+0000] {logging_mixin.py:188} INFO - [2026-01-07T12:29:54.940+0000] {dag.py:3096} INFO - Sync 1 DAGs
[2026-01-07T12:29:54.974+0000] {logging_mixin.py:188} INFO - [2026-01-07T12:29:54.974+0000] {dag.py:3954} INFO - Setting next_dagrun for pg_to_clickhouse_payload_parsing to 2026-01-07 12:29:50+00:00, run_after=2026-01-07 12:30:00+00:00
[2026-01-07T12:29:55.008+0000] {processor.py:183} INFO - Processing /opt/airflow/dags/etl_postgres_to_clickhouse.py took 0.427 seconds
[2026-01-07T12:30:25.079+0000] {processor.py:161} INFO - Started process (PID=435) to work on /opt/airflow/dags/etl_postgres_to_clickhouse.py
[2026-01-07T12:30:25.080+0000] {processor.py:830} INFO - Processing file /opt/airflow/dags/etl_postgres_to_clickhouse.py for tasks to queue
[2026-01-07T12:30:25.083+0000] {logging_mixin.py:188} INFO - [2026-01-07T12:30:25.083+0000] {dagbag.py:545} INFO - Filling up the DagBag from /opt/airflow/dags/etl_postgres_to_clickhouse.py
[2026-01-07T12:30:25.386+0000] {processor.py:840} INFO - DAG(s) 'pg_to_clickhouse_payload_parsing' retrieved from /opt/airflow/dags/etl_postgres_to_clickhouse.py
[2026-01-07T12:30:25.433+0000] {logging_mixin.py:188} INFO - [2026-01-07T12:30:25.432+0000] {dag.py:3096} INFO - Sync 1 DAGs
[2026-01-07T12:30:25.464+0000] {logging_mixin.py:188} INFO - [2026-01-07T12:30:25.463+0000] {dag.py:3954} INFO - Setting next_dagrun for pg_to_clickhouse_payload_parsing to 2026-01-07 12:30:20+00:00, run_after=2026-01-07 12:30:30+00:00
[2026-01-07T12:30:25.493+0000] {processor.py:183} INFO - Processing /opt/airflow/dags/etl_postgres_to_clickhouse.py took 0.422 seconds
[2026-01-07T12:30:56.018+0000] {processor.py:161} INFO - Started process (PID=467) to work on /opt/airflow/dags/etl_postgres_to_clickhouse.py
[2026-01-07T12:30:56.019+0000] {processor.py:830} INFO - Processing file /opt/airflow/dags/etl_postgres_to_clickhouse.py for tasks to queue
[2026-01-07T12:30:56.022+0000] {logging_mixin.py:188} INFO - [2026-01-07T12:30:56.022+0000] {dagbag.py:545} INFO - Filling up the DagBag from /opt/airflow/dags/etl_postgres_to_clickhouse.py
[2026-01-07T12:30:56.275+0000] {processor.py:840} INFO - DAG(s) 'pg_to_clickhouse_payload_parsing' retrieved from /opt/airflow/dags/etl_postgres_to_clickhouse.py
[2026-01-07T12:30:56.314+0000] {logging_mixin.py:188} INFO - [2026-01-07T12:30:56.314+0000] {dag.py:3096} INFO - Sync 1 DAGs
[2026-01-07T12:30:56.341+0000] {logging_mixin.py:188} INFO - [2026-01-07T12:30:56.340+0000] {dag.py:3954} INFO - Setting next_dagrun for pg_to_clickhouse_payload_parsing to 2026-01-07 12:30:50+00:00, run_after=2026-01-07 12:31:00+00:00
[2026-01-07T12:30:56.368+0000] {processor.py:183} INFO - Processing /opt/airflow/dags/etl_postgres_to_clickhouse.py took 0.359 seconds
[2026-01-07T12:31:26.900+0000] {processor.py:161} INFO - Started process (PID=499) to work on /opt/airflow/dags/etl_postgres_to_clickhouse.py
[2026-01-07T12:31:26.901+0000] {processor.py:830} INFO - Processing file /opt/airflow/dags/etl_postgres_to_clickhouse.py for tasks to queue
[2026-01-07T12:31:26.904+0000] {logging_mixin.py:188} INFO - [2026-01-07T12:31:26.904+0000] {dagbag.py:545} INFO - Filling up the DagBag from /opt/airflow/dags/etl_postgres_to_clickhouse.py
[2026-01-07T12:31:27.155+0000] {processor.py:840} INFO - DAG(s) 'pg_to_clickhouse_payload_parsing' retrieved from /opt/airflow/dags/etl_postgres_to_clickhouse.py
[2026-01-07T12:31:27.191+0000] {logging_mixin.py:188} INFO - [2026-01-07T12:31:27.190+0000] {dag.py:3096} INFO - Sync 1 DAGs
[2026-01-07T12:31:27.217+0000] {logging_mixin.py:188} INFO - [2026-01-07T12:31:27.217+0000] {dag.py:3954} INFO - Setting next_dagrun for pg_to_clickhouse_payload_parsing to 2026-01-07 12:31:20+00:00, run_after=2026-01-07 12:31:30+00:00
[2026-01-07T12:31:27.248+0000] {processor.py:183} INFO - Processing /opt/airflow/dags/etl_postgres_to_clickhouse.py took 0.358 seconds
[2026-01-07T12:31:57.698+0000] {processor.py:161} INFO - Started process (PID=524) to work on /opt/airflow/dags/etl_postgres_to_clickhouse.py
[2026-01-07T12:31:57.699+0000] {processor.py:830} INFO - Processing file /opt/airflow/dags/etl_postgres_to_clickhouse.py for tasks to queue
[2026-01-07T12:31:57.701+0000] {logging_mixin.py:188} INFO - [2026-01-07T12:31:57.701+0000] {dagbag.py:545} INFO - Filling up the DagBag from /opt/airflow/dags/etl_postgres_to_clickhouse.py
[2026-01-07T12:31:57.917+0000] {processor.py:840} INFO - DAG(s) 'pg_to_clickhouse_payload_parsing' retrieved from /opt/airflow/dags/etl_postgres_to_clickhouse.py
[2026-01-07T12:31:57.956+0000] {logging_mixin.py:188} INFO - [2026-01-07T12:31:57.956+0000] {dag.py:3096} INFO - Sync 1 DAGs
[2026-01-07T12:31:57.982+0000] {logging_mixin.py:188} INFO - [2026-01-07T12:31:57.982+0000] {dag.py:3954} INFO - Setting next_dagrun for pg_to_clickhouse_payload_parsing to 2026-01-07 12:31:50+00:00, run_after=2026-01-07 12:32:00+00:00
[2026-01-07T12:31:58.009+0000] {processor.py:183} INFO - Processing /opt/airflow/dags/etl_postgres_to_clickhouse.py took 0.318 seconds
[2026-01-07T12:32:28.323+0000] {processor.py:161} INFO - Started process (PID=549) to work on /opt/airflow/dags/etl_postgres_to_clickhouse.py
[2026-01-07T12:32:28.326+0000] {processor.py:830} INFO - Processing file /opt/airflow/dags/etl_postgres_to_clickhouse.py for tasks to queue
[2026-01-07T12:32:28.330+0000] {logging_mixin.py:188} INFO - [2026-01-07T12:32:28.329+0000] {dagbag.py:545} INFO - Filling up the DagBag from /opt/airflow/dags/etl_postgres_to_clickhouse.py
[2026-01-07T12:32:28.727+0000] {processor.py:840} INFO - DAG(s) 'pg_to_clickhouse_payload_parsing' retrieved from /opt/airflow/dags/etl_postgres_to_clickhouse.py
[2026-01-07T12:32:28.790+0000] {logging_mixin.py:188} INFO - [2026-01-07T12:32:28.790+0000] {dag.py:3096} INFO - Sync 1 DAGs
[2026-01-07T12:32:28.841+0000] {logging_mixin.py:188} INFO - [2026-01-07T12:32:28.841+0000] {dag.py:3954} INFO - Setting next_dagrun for pg_to_clickhouse_payload_parsing to 2026-01-07 12:32:20+00:00, run_after=2026-01-07 12:32:30+00:00
[2026-01-07T12:32:28.880+0000] {processor.py:183} INFO - Processing /opt/airflow/dags/etl_postgres_to_clickhouse.py took 0.569 seconds
[2026-01-07T12:32:59.224+0000] {processor.py:161} INFO - Started process (PID=581) to work on /opt/airflow/dags/etl_postgres_to_clickhouse.py
[2026-01-07T12:32:59.229+0000] {processor.py:830} INFO - Processing file /opt/airflow/dags/etl_postgres_to_clickhouse.py for tasks to queue
[2026-01-07T12:32:59.234+0000] {logging_mixin.py:188} INFO - [2026-01-07T12:32:59.234+0000] {dagbag.py:545} INFO - Filling up the DagBag from /opt/airflow/dags/etl_postgres_to_clickhouse.py
[2026-01-07T12:32:59.855+0000] {processor.py:840} INFO - DAG(s) 'pg_to_clickhouse_payload_parsing' retrieved from /opt/airflow/dags/etl_postgres_to_clickhouse.py
[2026-01-07T12:32:59.927+0000] {logging_mixin.py:188} INFO - [2026-01-07T12:32:59.927+0000] {dag.py:3096} INFO - Sync 1 DAGs
[2026-01-07T12:32:59.990+0000] {logging_mixin.py:188} INFO - [2026-01-07T12:32:59.990+0000] {dag.py:3954} INFO - Setting next_dagrun for pg_to_clickhouse_payload_parsing to 2026-01-07 12:32:50+00:00, run_after=2026-01-07 12:33:00+00:00
[2026-01-07T12:33:00.044+0000] {processor.py:183} INFO - Processing /opt/airflow/dags/etl_postgres_to_clickhouse.py took 0.852 seconds
[2026-01-07T12:33:30.771+0000] {processor.py:161} INFO - Started process (PID=606) to work on /opt/airflow/dags/etl_postgres_to_clickhouse.py
[2026-01-07T12:33:30.775+0000] {processor.py:830} INFO - Processing file /opt/airflow/dags/etl_postgres_to_clickhouse.py for tasks to queue
[2026-01-07T12:33:30.785+0000] {logging_mixin.py:188} INFO - [2026-01-07T12:33:30.784+0000] {dagbag.py:545} INFO - Filling up the DagBag from /opt/airflow/dags/etl_postgres_to_clickhouse.py
[2026-01-07T12:33:31.263+0000] {processor.py:840} INFO - DAG(s) 'pg_to_clickhouse_payload_parsing' retrieved from /opt/airflow/dags/etl_postgres_to_clickhouse.py
[2026-01-07T12:33:31.321+0000] {logging_mixin.py:188} INFO - [2026-01-07T12:33:31.320+0000] {dag.py:3096} INFO - Sync 1 DAGs
[2026-01-07T12:33:31.362+0000] {logging_mixin.py:188} INFO - [2026-01-07T12:33:31.362+0000] {dag.py:3954} INFO - Setting next_dagrun for pg_to_clickhouse_payload_parsing to 2026-01-07 12:33:30+00:00, run_after=2026-01-07 12:33:40+00:00
[2026-01-07T12:33:31.406+0000] {processor.py:183} INFO - Processing /opt/airflow/dags/etl_postgres_to_clickhouse.py took 0.660 seconds
[2026-01-07T12:34:01.680+0000] {processor.py:161} INFO - Started process (PID=633) to work on /opt/airflow/dags/etl_postgres_to_clickhouse.py
[2026-01-07T12:34:01.684+0000] {processor.py:830} INFO - Processing file /opt/airflow/dags/etl_postgres_to_clickhouse.py for tasks to queue
[2026-01-07T12:34:01.689+0000] {logging_mixin.py:188} INFO - [2026-01-07T12:34:01.688+0000] {dagbag.py:545} INFO - Filling up the DagBag from /opt/airflow/dags/etl_postgres_to_clickhouse.py
[2026-01-07T12:34:02.079+0000] {processor.py:840} INFO - DAG(s) 'pg_to_clickhouse_payload_parsing' retrieved from /opt/airflow/dags/etl_postgres_to_clickhouse.py
[2026-01-07T12:34:02.137+0000] {logging_mixin.py:188} INFO - [2026-01-07T12:34:02.136+0000] {dag.py:3096} INFO - Sync 1 DAGs
[2026-01-07T12:34:02.182+0000] {logging_mixin.py:188} INFO - [2026-01-07T12:34:02.181+0000] {dag.py:3954} INFO - Setting next_dagrun for pg_to_clickhouse_payload_parsing to 2026-01-07 12:34:00+00:00, run_after=2026-01-07 12:34:10+00:00
[2026-01-07T12:34:02.285+0000] {processor.py:183} INFO - Processing /opt/airflow/dags/etl_postgres_to_clickhouse.py took 0.624 seconds
[2026-01-07T12:34:32.661+0000] {processor.py:161} INFO - Started process (PID=660) to work on /opt/airflow/dags/etl_postgres_to_clickhouse.py
[2026-01-07T12:34:32.663+0000] {processor.py:830} INFO - Processing file /opt/airflow/dags/etl_postgres_to_clickhouse.py for tasks to queue
[2026-01-07T12:34:32.666+0000] {logging_mixin.py:188} INFO - [2026-01-07T12:34:32.666+0000] {dagbag.py:545} INFO - Filling up the DagBag from /opt/airflow/dags/etl_postgres_to_clickhouse.py
[2026-01-07T12:34:33.183+0000] {processor.py:840} INFO - DAG(s) 'pg_to_clickhouse_payload_parsing' retrieved from /opt/airflow/dags/etl_postgres_to_clickhouse.py
[2026-01-07T12:34:33.257+0000] {logging_mixin.py:188} INFO - [2026-01-07T12:34:33.257+0000] {dag.py:3096} INFO - Sync 1 DAGs
[2026-01-07T12:34:33.315+0000] {logging_mixin.py:188} INFO - [2026-01-07T12:34:33.315+0000] {dag.py:3954} INFO - Setting next_dagrun for pg_to_clickhouse_payload_parsing to 2026-01-07 12:34:30+00:00, run_after=2026-01-07 12:34:40+00:00
[2026-01-07T12:34:33.360+0000] {processor.py:183} INFO - Processing /opt/airflow/dags/etl_postgres_to_clickhouse.py took 0.713 seconds
[2026-01-07T12:35:03.611+0000] {processor.py:161} INFO - Started process (PID=692) to work on /opt/airflow/dags/etl_postgres_to_clickhouse.py
[2026-01-07T12:35:03.613+0000] {processor.py:830} INFO - Processing file /opt/airflow/dags/etl_postgres_to_clickhouse.py for tasks to queue
[2026-01-07T12:35:03.616+0000] {logging_mixin.py:188} INFO - [2026-01-07T12:35:03.616+0000] {dagbag.py:545} INFO - Filling up the DagBag from /opt/airflow/dags/etl_postgres_to_clickhouse.py
[2026-01-07T12:35:01.332+0000] {processor.py:840} INFO - DAG(s) 'pg_to_clickhouse_payload_parsing' retrieved from /opt/airflow/dags/etl_postgres_to_clickhouse.py
[2026-01-07T12:35:01.387+0000] {logging_mixin.py:188} INFO - [2026-01-07T12:35:01.386+0000] {dag.py:3096} INFO - Sync 1 DAGs
[2026-01-07T12:35:01.432+0000] {logging_mixin.py:188} INFO - [2026-01-07T12:35:01.432+0000] {dag.py:3954} INFO - Setting next_dagrun for pg_to_clickhouse_payload_parsing to 2026-01-07 12:35:00+00:00, run_after=2026-01-07 12:35:10+00:00
[2026-01-07T12:35:01.467+0000] {processor.py:183} INFO - Processing /opt/airflow/dags/etl_postgres_to_clickhouse.py took 0.571 seconds
[2026-01-07T12:35:31.921+0000] {processor.py:161} INFO - Started process (PID=717) to work on /opt/airflow/dags/etl_postgres_to_clickhouse.py
[2026-01-07T12:35:31.923+0000] {processor.py:830} INFO - Processing file /opt/airflow/dags/etl_postgres_to_clickhouse.py for tasks to queue
[2026-01-07T12:35:31.928+0000] {logging_mixin.py:188} INFO - [2026-01-07T12:35:31.927+0000] {dagbag.py:545} INFO - Filling up the DagBag from /opt/airflow/dags/etl_postgres_to_clickhouse.py
[2026-01-07T12:35:32.347+0000] {processor.py:840} INFO - DAG(s) 'pg_to_clickhouse_payload_parsing' retrieved from /opt/airflow/dags/etl_postgres_to_clickhouse.py
[2026-01-07T12:35:32.406+0000] {logging_mixin.py:188} INFO - [2026-01-07T12:35:32.406+0000] {dag.py:3096} INFO - Sync 1 DAGs
[2026-01-07T12:35:32.443+0000] {logging_mixin.py:188} INFO - [2026-01-07T12:35:32.443+0000] {dag.py:3954} INFO - Setting next_dagrun for pg_to_clickhouse_payload_parsing to 2026-01-07 12:35:30+00:00, run_after=2026-01-07 12:35:40+00:00
[2026-01-07T12:35:32.490+0000] {processor.py:183} INFO - Processing /opt/airflow/dags/etl_postgres_to_clickhouse.py took 0.587 seconds
[2026-01-07T12:36:02.717+0000] {processor.py:161} INFO - Started process (PID=742) to work on /opt/airflow/dags/etl_postgres_to_clickhouse.py
[2026-01-07T12:36:02.719+0000] {processor.py:830} INFO - Processing file /opt/airflow/dags/etl_postgres_to_clickhouse.py for tasks to queue
[2026-01-07T12:36:02.722+0000] {logging_mixin.py:188} INFO - [2026-01-07T12:36:02.721+0000] {dagbag.py:545} INFO - Filling up the DagBag from /opt/airflow/dags/etl_postgres_to_clickhouse.py
[2026-01-07T12:36:03.151+0000] {processor.py:840} INFO - DAG(s) 'pg_to_clickhouse_payload_parsing' retrieved from /opt/airflow/dags/etl_postgres_to_clickhouse.py
[2026-01-07T12:36:03.209+0000] {logging_mixin.py:188} INFO - [2026-01-07T12:36:03.208+0000] {dag.py:3096} INFO - Sync 1 DAGs
[2026-01-07T12:36:03.265+0000] {logging_mixin.py:188} INFO - [2026-01-07T12:36:03.265+0000] {dag.py:3954} INFO - Setting next_dagrun for pg_to_clickhouse_payload_parsing to 2026-01-07 12:36:00+00:00, run_after=2026-01-07 12:36:10+00:00
[2026-01-07T12:36:03.304+0000] {processor.py:183} INFO - Processing /opt/airflow/dags/etl_postgres_to_clickhouse.py took 0.597 seconds
[2026-01-07T12:36:33.763+0000] {processor.py:161} INFO - Started process (PID=767) to work on /opt/airflow/dags/etl_postgres_to_clickhouse.py
[2026-01-07T12:36:33.765+0000] {processor.py:830} INFO - Processing file /opt/airflow/dags/etl_postgres_to_clickhouse.py for tasks to queue
[2026-01-07T12:36:33.767+0000] {logging_mixin.py:188} INFO - [2026-01-07T12:36:33.767+0000] {dagbag.py:545} INFO - Filling up the DagBag from /opt/airflow/dags/etl_postgres_to_clickhouse.py
[2026-01-07T12:36:34.007+0000] {processor.py:840} INFO - DAG(s) 'pg_to_clickhouse_payload_parsing' retrieved from /opt/airflow/dags/etl_postgres_to_clickhouse.py
[2026-01-07T12:36:34.043+0000] {logging_mixin.py:188} INFO - [2026-01-07T12:36:34.043+0000] {dag.py:3096} INFO - Sync 1 DAGs
[2026-01-07T12:36:34.073+0000] {logging_mixin.py:188} INFO - [2026-01-07T12:36:34.073+0000] {dag.py:3954} INFO - Setting next_dagrun for pg_to_clickhouse_payload_parsing to 2026-01-07 12:36:30+00:00, run_after=2026-01-07 12:36:40+00:00
[2026-01-07T12:36:34.098+0000] {processor.py:183} INFO - Processing /opt/airflow/dags/etl_postgres_to_clickhouse.py took 0.343 seconds
[2026-01-07T12:37:04.458+0000] {processor.py:161} INFO - Started process (PID=792) to work on /opt/airflow/dags/etl_postgres_to_clickhouse.py
[2026-01-07T12:37:04.460+0000] {processor.py:830} INFO - Processing file /opt/airflow/dags/etl_postgres_to_clickhouse.py for tasks to queue
[2026-01-07T12:37:04.462+0000] {logging_mixin.py:188} INFO - [2026-01-07T12:37:04.462+0000] {dagbag.py:545} INFO - Filling up the DagBag from /opt/airflow/dags/etl_postgres_to_clickhouse.py
[2026-01-07T12:37:04.716+0000] {processor.py:840} INFO - DAG(s) 'pg_to_clickhouse_payload_parsing' retrieved from /opt/airflow/dags/etl_postgres_to_clickhouse.py
[2026-01-07T12:37:04.754+0000] {logging_mixin.py:188} INFO - [2026-01-07T12:37:04.753+0000] {dag.py:3096} INFO - Sync 1 DAGs
[2026-01-07T12:37:04.784+0000] {logging_mixin.py:188} INFO - [2026-01-07T12:37:04.783+0000] {dag.py:3954} INFO - Setting next_dagrun for pg_to_clickhouse_payload_parsing to 2026-01-07 12:37:00+00:00, run_after=2026-01-07 12:37:10+00:00
[2026-01-07T12:37:04.815+0000] {processor.py:183} INFO - Processing /opt/airflow/dags/etl_postgres_to_clickhouse.py took 0.366 seconds
[2026-01-07T12:37:35.155+0000] {processor.py:161} INFO - Started process (PID=824) to work on /opt/airflow/dags/etl_postgres_to_clickhouse.py
[2026-01-07T12:37:35.156+0000] {processor.py:830} INFO - Processing file /opt/airflow/dags/etl_postgres_to_clickhouse.py for tasks to queue
[2026-01-07T12:37:35.158+0000] {logging_mixin.py:188} INFO - [2026-01-07T12:37:35.158+0000] {dagbag.py:545} INFO - Filling up the DagBag from /opt/airflow/dags/etl_postgres_to_clickhouse.py
[2026-01-07T12:37:35.408+0000] {processor.py:840} INFO - DAG(s) 'pg_to_clickhouse_payload_parsing' retrieved from /opt/airflow/dags/etl_postgres_to_clickhouse.py
[2026-01-07T12:37:35.447+0000] {logging_mixin.py:188} INFO - [2026-01-07T12:37:35.446+0000] {dag.py:3096} INFO - Sync 1 DAGs
[2026-01-07T12:37:35.472+0000] {logging_mixin.py:188} INFO - [2026-01-07T12:37:35.471+0000] {dag.py:3954} INFO - Setting next_dagrun for pg_to_clickhouse_payload_parsing to 2026-01-07 12:37:30+00:00, run_after=2026-01-07 12:37:40+00:00
[2026-01-07T12:37:35.500+0000] {processor.py:183} INFO - Processing /opt/airflow/dags/etl_postgres_to_clickhouse.py took 0.354 seconds
[2026-01-07T12:38:05.862+0000] {processor.py:161} INFO - Started process (PID=849) to work on /opt/airflow/dags/etl_postgres_to_clickhouse.py
[2026-01-07T12:38:05.865+0000] {processor.py:830} INFO - Processing file /opt/airflow/dags/etl_postgres_to_clickhouse.py for tasks to queue
[2026-01-07T12:38:05.868+0000] {logging_mixin.py:188} INFO - [2026-01-07T12:38:05.867+0000] {dagbag.py:545} INFO - Filling up the DagBag from /opt/airflow/dags/etl_postgres_to_clickhouse.py
[2026-01-07T12:38:06.170+0000] {processor.py:840} INFO - DAG(s) 'pg_to_clickhouse_payload_parsing' retrieved from /opt/airflow/dags/etl_postgres_to_clickhouse.py
[2026-01-07T12:38:06.205+0000] {logging_mixin.py:188} INFO - [2026-01-07T12:38:06.205+0000] {dag.py:3096} INFO - Sync 1 DAGs
[2026-01-07T12:38:06.237+0000] {logging_mixin.py:188} INFO - [2026-01-07T12:38:06.237+0000] {dag.py:3954} INFO - Setting next_dagrun for pg_to_clickhouse_payload_parsing to 2026-01-07 12:38:00+00:00, run_after=2026-01-07 12:38:10+00:00
[2026-01-07T12:38:06.261+0000] {processor.py:183} INFO - Processing /opt/airflow/dags/etl_postgres_to_clickhouse.py took 0.410 seconds
[2026-01-07T12:38:36.538+0000] {processor.py:161} INFO - Started process (PID=883) to work on /opt/airflow/dags/etl_postgres_to_clickhouse.py
[2026-01-07T12:38:36.540+0000] {processor.py:830} INFO - Processing file /opt/airflow/dags/etl_postgres_to_clickhouse.py for tasks to queue
[2026-01-07T12:38:36.542+0000] {logging_mixin.py:188} INFO - [2026-01-07T12:38:36.542+0000] {dagbag.py:545} INFO - Filling up the DagBag from /opt/airflow/dags/etl_postgres_to_clickhouse.py
[2026-01-07T12:38:36.767+0000] {processor.py:840} INFO - DAG(s) 'pg_to_clickhouse_payload_parsing' retrieved from /opt/airflow/dags/etl_postgres_to_clickhouse.py
[2026-01-07T12:38:36.803+0000] {logging_mixin.py:188} INFO - [2026-01-07T12:38:36.803+0000] {dag.py:3096} INFO - Sync 1 DAGs
[2026-01-07T12:38:36.828+0000] {logging_mixin.py:188} INFO - [2026-01-07T12:38:36.828+0000] {dag.py:3954} INFO - Setting next_dagrun for pg_to_clickhouse_payload_parsing to 2026-01-07 12:38:30+00:00, run_after=2026-01-07 12:38:40+00:00
[2026-01-07T12:38:36.857+0000] {processor.py:183} INFO - Processing /opt/airflow/dags/etl_postgres_to_clickhouse.py took 0.326 seconds
[2026-01-07T12:39:07.308+0000] {processor.py:161} INFO - Started process (PID=908) to work on /opt/airflow/dags/etl_postgres_to_clickhouse.py
[2026-01-07T12:39:07.310+0000] {processor.py:830} INFO - Processing file /opt/airflow/dags/etl_postgres_to_clickhouse.py for tasks to queue
[2026-01-07T12:39:07.315+0000] {logging_mixin.py:188} INFO - [2026-01-07T12:39:07.315+0000] {dagbag.py:545} INFO - Filling up the DagBag from /opt/airflow/dags/etl_postgres_to_clickhouse.py
[2026-01-07T12:39:07.567+0000] {processor.py:840} INFO - DAG(s) 'pg_to_clickhouse_payload_parsing' retrieved from /opt/airflow/dags/etl_postgres_to_clickhouse.py
[2026-01-07T12:39:07.605+0000] {logging_mixin.py:188} INFO - [2026-01-07T12:39:07.605+0000] {dag.py:3096} INFO - Sync 1 DAGs
[2026-01-07T12:39:07.635+0000] {logging_mixin.py:188} INFO - [2026-01-07T12:39:07.634+0000] {dag.py:3954} INFO - Setting next_dagrun for pg_to_clickhouse_payload_parsing to 2026-01-07 12:39:00+00:00, run_after=2026-01-07 12:39:10+00:00
[2026-01-07T12:39:07.661+0000] {processor.py:183} INFO - Processing /opt/airflow/dags/etl_postgres_to_clickhouse.py took 0.360 seconds
[2026-01-07T12:39:38.150+0000] {processor.py:161} INFO - Started process (PID=941) to work on /opt/airflow/dags/etl_postgres_to_clickhouse.py
[2026-01-07T12:39:38.152+0000] {processor.py:830} INFO - Processing file /opt/airflow/dags/etl_postgres_to_clickhouse.py for tasks to queue
[2026-01-07T12:39:38.155+0000] {logging_mixin.py:188} INFO - [2026-01-07T12:39:38.154+0000] {dagbag.py:545} INFO - Filling up the DagBag from /opt/airflow/dags/etl_postgres_to_clickhouse.py
[2026-01-07T12:39:38.398+0000] {processor.py:840} INFO - DAG(s) 'pg_to_clickhouse_payload_parsing' retrieved from /opt/airflow/dags/etl_postgres_to_clickhouse.py
[2026-01-07T12:39:38.433+0000] {logging_mixin.py:188} INFO - [2026-01-07T12:39:38.433+0000] {dag.py:3096} INFO - Sync 1 DAGs
[2026-01-07T12:39:38.461+0000] {logging_mixin.py:188} INFO - [2026-01-07T12:39:38.461+0000] {dag.py:3954} INFO - Setting next_dagrun for pg_to_clickhouse_payload_parsing to 2026-01-07 12:39:30+00:00, run_after=2026-01-07 12:39:40+00:00
[2026-01-07T12:39:38.489+0000] {processor.py:183} INFO - Processing /opt/airflow/dags/etl_postgres_to_clickhouse.py took 0.348 seconds
[2026-01-07T12:40:08.998+0000] {processor.py:161} INFO - Started process (PID=966) to work on /opt/airflow/dags/etl_postgres_to_clickhouse.py
[2026-01-07T12:40:09.000+0000] {processor.py:830} INFO - Processing file /opt/airflow/dags/etl_postgres_to_clickhouse.py for tasks to queue
[2026-01-07T12:40:09.003+0000] {logging_mixin.py:188} INFO - [2026-01-07T12:40:09.002+0000] {dagbag.py:545} INFO - Filling up the DagBag from /opt/airflow/dags/etl_postgres_to_clickhouse.py
[2026-01-07T12:40:09.289+0000] {processor.py:840} INFO - DAG(s) 'pg_to_clickhouse_payload_parsing' retrieved from /opt/airflow/dags/etl_postgres_to_clickhouse.py
[2026-01-07T12:40:09.330+0000] {logging_mixin.py:188} INFO - [2026-01-07T12:40:09.330+0000] {dag.py:3096} INFO - Sync 1 DAGs
[2026-01-07T12:40:09.360+0000] {logging_mixin.py:188} INFO - [2026-01-07T12:40:09.359+0000] {dag.py:3954} INFO - Setting next_dagrun for pg_to_clickhouse_payload_parsing to 2026-01-07 12:40:00+00:00, run_after=2026-01-07 12:40:10+00:00
[2026-01-07T12:40:09.384+0000] {processor.py:183} INFO - Processing /opt/airflow/dags/etl_postgres_to_clickhouse.py took 0.396 seconds
[2026-01-07T12:40:39.515+0000] {processor.py:161} INFO - Started process (PID=997) to work on /opt/airflow/dags/etl_postgres_to_clickhouse.py
[2026-01-07T12:40:39.517+0000] {processor.py:830} INFO - Processing file /opt/airflow/dags/etl_postgres_to_clickhouse.py for tasks to queue
[2026-01-07T12:40:39.519+0000] {logging_mixin.py:188} INFO - [2026-01-07T12:40:39.519+0000] {dagbag.py:545} INFO - Filling up the DagBag from /opt/airflow/dags/etl_postgres_to_clickhouse.py
[2026-01-07T12:40:39.740+0000] {processor.py:840} INFO - DAG(s) 'pg_to_clickhouse_payload_parsing' retrieved from /opt/airflow/dags/etl_postgres_to_clickhouse.py
[2026-01-07T12:40:39.777+0000] {logging_mixin.py:188} INFO - [2026-01-07T12:40:39.777+0000] {dag.py:3096} INFO - Sync 1 DAGs
[2026-01-07T12:40:39.801+0000] {logging_mixin.py:188} INFO - [2026-01-07T12:40:39.800+0000] {dag.py:3954} INFO - Setting next_dagrun for pg_to_clickhouse_payload_parsing to 2026-01-07 12:40:30+00:00, run_after=2026-01-07 12:40:40+00:00
[2026-01-07T12:40:39.824+0000] {processor.py:183} INFO - Processing /opt/airflow/dags/etl_postgres_to_clickhouse.py took 0.316 seconds
[2026-01-07T12:41:10.017+0000] {processor.py:161} INFO - Started process (PID=1022) to work on /opt/airflow/dags/etl_postgres_to_clickhouse.py
[2026-01-07T12:41:10.018+0000] {processor.py:830} INFO - Processing file /opt/airflow/dags/etl_postgres_to_clickhouse.py for tasks to queue
[2026-01-07T12:41:10.021+0000] {logging_mixin.py:188} INFO - [2026-01-07T12:41:10.020+0000] {dagbag.py:545} INFO - Filling up the DagBag from /opt/airflow/dags/etl_postgres_to_clickhouse.py
[2026-01-07T12:41:10.253+0000] {processor.py:840} INFO - DAG(s) 'pg_to_clickhouse_payload_parsing' retrieved from /opt/airflow/dags/etl_postgres_to_clickhouse.py
[2026-01-07T12:41:10.289+0000] {logging_mixin.py:188} INFO - [2026-01-07T12:41:10.289+0000] {dag.py:3096} INFO - Sync 1 DAGs
[2026-01-07T12:41:10.320+0000] {logging_mixin.py:188} INFO - [2026-01-07T12:41:10.320+0000] {dag.py:3954} INFO - Setting next_dagrun for pg_to_clickhouse_payload_parsing to 2026-01-07 12:41:00+00:00, run_after=2026-01-07 12:41:10+00:00
[2026-01-07T12:41:10.350+0000] {processor.py:183} INFO - Processing /opt/airflow/dags/etl_postgres_to_clickhouse.py took 0.341 seconds
[2026-01-07T12:41:40.874+0000] {processor.py:161} INFO - Started process (PID=1055) to work on /opt/airflow/dags/etl_postgres_to_clickhouse.py
[2026-01-07T12:41:40.876+0000] {processor.py:830} INFO - Processing file /opt/airflow/dags/etl_postgres_to_clickhouse.py for tasks to queue
[2026-01-07T12:41:40.879+0000] {logging_mixin.py:188} INFO - [2026-01-07T12:41:40.878+0000] {dagbag.py:545} INFO - Filling up the DagBag from /opt/airflow/dags/etl_postgres_to_clickhouse.py
[2026-01-07T12:41:41.189+0000] {processor.py:840} INFO - DAG(s) 'pg_to_clickhouse_payload_parsing' retrieved from /opt/airflow/dags/etl_postgres_to_clickhouse.py
[2026-01-07T12:41:41.232+0000] {logging_mixin.py:188} INFO - [2026-01-07T12:41:41.232+0000] {dag.py:3096} INFO - Sync 1 DAGs
[2026-01-07T12:41:41.265+0000] {logging_mixin.py:188} INFO - [2026-01-07T12:41:41.265+0000] {dag.py:3954} INFO - Setting next_dagrun for pg_to_clickhouse_payload_parsing to 2026-01-07 12:41:40+00:00, run_after=2026-01-07 12:41:50+00:00
[2026-01-07T12:41:41.296+0000] {processor.py:183} INFO - Processing /opt/airflow/dags/etl_postgres_to_clickhouse.py took 0.432 seconds
[2026-01-07T12:42:11.371+0000] {processor.py:161} INFO - Started process (PID=1082) to work on /opt/airflow/dags/etl_postgres_to_clickhouse.py
[2026-01-07T12:42:11.372+0000] {processor.py:830} INFO - Processing file /opt/airflow/dags/etl_postgres_to_clickhouse.py for tasks to queue
[2026-01-07T12:42:11.375+0000] {logging_mixin.py:188} INFO - [2026-01-07T12:42:11.374+0000] {dagbag.py:545} INFO - Filling up the DagBag from /opt/airflow/dags/etl_postgres_to_clickhouse.py
[2026-01-07T12:42:11.634+0000] {processor.py:840} INFO - DAG(s) 'pg_to_clickhouse_payload_parsing' retrieved from /opt/airflow/dags/etl_postgres_to_clickhouse.py
[2026-01-07T12:42:11.671+0000] {logging_mixin.py:188} INFO - [2026-01-07T12:42:11.670+0000] {dag.py:3096} INFO - Sync 1 DAGs
[2026-01-07T12:42:11.702+0000] {logging_mixin.py:188} INFO - [2026-01-07T12:42:11.702+0000] {dag.py:3954} INFO - Setting next_dagrun for pg_to_clickhouse_payload_parsing to 2026-01-07 12:42:10+00:00, run_after=2026-01-07 12:42:20+00:00
[2026-01-07T12:42:11.730+0000] {processor.py:183} INFO - Processing /opt/airflow/dags/etl_postgres_to_clickhouse.py took 0.371 seconds
[2026-01-07T12:42:41.847+0000] {processor.py:161} INFO - Started process (PID=1114) to work on /opt/airflow/dags/etl_postgres_to_clickhouse.py
[2026-01-07T12:42:41.848+0000] {processor.py:830} INFO - Processing file /opt/airflow/dags/etl_postgres_to_clickhouse.py for tasks to queue
[2026-01-07T12:42:41.851+0000] {logging_mixin.py:188} INFO - [2026-01-07T12:42:41.851+0000] {dagbag.py:545} INFO - Filling up the DagBag from /opt/airflow/dags/etl_postgres_to_clickhouse.py
[2026-01-07T12:42:42.101+0000] {processor.py:840} INFO - DAG(s) 'pg_to_clickhouse_payload_parsing' retrieved from /opt/airflow/dags/etl_postgres_to_clickhouse.py
[2026-01-07T12:42:42.144+0000] {logging_mixin.py:188} INFO - [2026-01-07T12:42:42.144+0000] {dag.py:3096} INFO - Sync 1 DAGs
[2026-01-07T12:42:42.174+0000] {logging_mixin.py:188} INFO - [2026-01-07T12:42:42.174+0000] {dag.py:3954} INFO - Setting next_dagrun for pg_to_clickhouse_payload_parsing to 2026-01-07 12:42:40+00:00, run_after=2026-01-07 12:42:50+00:00
[2026-01-07T12:42:42.200+0000] {processor.py:183} INFO - Processing /opt/airflow/dags/etl_postgres_to_clickhouse.py took 0.365 seconds
[2026-01-07T12:43:12.462+0000] {processor.py:161} INFO - Started process (PID=1140) to work on /opt/airflow/dags/etl_postgres_to_clickhouse.py
[2026-01-07T12:43:12.464+0000] {processor.py:830} INFO - Processing file /opt/airflow/dags/etl_postgres_to_clickhouse.py for tasks to queue
[2026-01-07T12:43:12.466+0000] {logging_mixin.py:188} INFO - [2026-01-07T12:43:12.466+0000] {dagbag.py:545} INFO - Filling up the DagBag from /opt/airflow/dags/etl_postgres_to_clickhouse.py
[2026-01-07T12:43:12.804+0000] {processor.py:840} INFO - DAG(s) 'pg_to_clickhouse_payload_parsing' retrieved from /opt/airflow/dags/etl_postgres_to_clickhouse.py
[2026-01-07T12:43:12.851+0000] {logging_mixin.py:188} INFO - [2026-01-07T12:43:12.850+0000] {dag.py:3096} INFO - Sync 1 DAGs
[2026-01-07T12:43:12.889+0000] {logging_mixin.py:188} INFO - [2026-01-07T12:43:12.889+0000] {dag.py:3954} INFO - Setting next_dagrun for pg_to_clickhouse_payload_parsing to 2026-01-07 12:43:10+00:00, run_after=2026-01-07 12:43:20+00:00
[2026-01-07T12:43:12.919+0000] {processor.py:183} INFO - Processing /opt/airflow/dags/etl_postgres_to_clickhouse.py took 0.463 seconds
[2026-01-07T12:43:43.582+0000] {processor.py:161} INFO - Started process (PID=1173) to work on /opt/airflow/dags/etl_postgres_to_clickhouse.py
[2026-01-07T12:43:43.586+0000] {processor.py:830} INFO - Processing file /opt/airflow/dags/etl_postgres_to_clickhouse.py for tasks to queue
[2026-01-07T12:43:43.589+0000] {logging_mixin.py:188} INFO - [2026-01-07T12:43:43.588+0000] {dagbag.py:545} INFO - Filling up the DagBag from /opt/airflow/dags/etl_postgres_to_clickhouse.py
[2026-01-07T12:43:43.895+0000] {processor.py:840} INFO - DAG(s) 'pg_to_clickhouse_payload_parsing' retrieved from /opt/airflow/dags/etl_postgres_to_clickhouse.py
[2026-01-07T12:43:43.934+0000] {logging_mixin.py:188} INFO - [2026-01-07T12:43:43.934+0000] {dag.py:3096} INFO - Sync 1 DAGs
[2026-01-07T12:43:43.959+0000] {logging_mixin.py:188} INFO - [2026-01-07T12:43:43.959+0000] {dag.py:3954} INFO - Setting next_dagrun for pg_to_clickhouse_payload_parsing to 2026-01-07 12:43:40+00:00, run_after=2026-01-07 12:43:50+00:00
[2026-01-07T12:43:44.033+0000] {processor.py:183} INFO - Processing /opt/airflow/dags/etl_postgres_to_clickhouse.py took 0.460 seconds
[2026-01-07T12:44:14.143+0000] {processor.py:161} INFO - Started process (PID=1198) to work on /opt/airflow/dags/etl_postgres_to_clickhouse.py
[2026-01-07T12:44:14.145+0000] {processor.py:830} INFO - Processing file /opt/airflow/dags/etl_postgres_to_clickhouse.py for tasks to queue
[2026-01-07T12:44:14.148+0000] {logging_mixin.py:188} INFO - [2026-01-07T12:44:14.147+0000] {dagbag.py:545} INFO - Filling up the DagBag from /opt/airflow/dags/etl_postgres_to_clickhouse.py
[2026-01-07T12:44:14.523+0000] {processor.py:840} INFO - DAG(s) 'pg_to_clickhouse_payload_parsing' retrieved from /opt/airflow/dags/etl_postgres_to_clickhouse.py
[2026-01-07T12:44:14.571+0000] {logging_mixin.py:188} INFO - [2026-01-07T12:44:14.571+0000] {dag.py:3096} INFO - Sync 1 DAGs
[2026-01-07T12:44:14.607+0000] {logging_mixin.py:188} INFO - [2026-01-07T12:44:14.607+0000] {dag.py:3954} INFO - Setting next_dagrun for pg_to_clickhouse_payload_parsing to 2026-01-07 12:44:10+00:00, run_after=2026-01-07 12:44:20+00:00
[2026-01-07T12:44:14.636+0000] {processor.py:183} INFO - Processing /opt/airflow/dags/etl_postgres_to_clickhouse.py took 0.503 seconds
[2026-01-07T12:44:45.042+0000] {processor.py:161} INFO - Started process (PID=1231) to work on /opt/airflow/dags/etl_postgres_to_clickhouse.py
[2026-01-07T12:44:45.043+0000] {processor.py:830} INFO - Processing file /opt/airflow/dags/etl_postgres_to_clickhouse.py for tasks to queue
[2026-01-07T12:44:45.046+0000] {logging_mixin.py:188} INFO - [2026-01-07T12:44:45.046+0000] {dagbag.py:545} INFO - Filling up the DagBag from /opt/airflow/dags/etl_postgres_to_clickhouse.py
[2026-01-07T12:44:45.286+0000] {processor.py:840} INFO - DAG(s) 'pg_to_clickhouse_payload_parsing' retrieved from /opt/airflow/dags/etl_postgres_to_clickhouse.py
[2026-01-07T12:44:45.325+0000] {logging_mixin.py:188} INFO - [2026-01-07T12:44:45.325+0000] {dag.py:3096} INFO - Sync 1 DAGs
[2026-01-07T12:44:45.351+0000] {logging_mixin.py:188} INFO - [2026-01-07T12:44:45.351+0000] {dag.py:3954} INFO - Setting next_dagrun for pg_to_clickhouse_payload_parsing to 2026-01-07 12:44:40+00:00, run_after=2026-01-07 12:44:50+00:00
[2026-01-07T12:44:45.374+0000] {processor.py:183} INFO - Processing /opt/airflow/dags/etl_postgres_to_clickhouse.py took 0.341 seconds
[2026-01-07T12:45:15.711+0000] {processor.py:161} INFO - Started process (PID=1256) to work on /opt/airflow/dags/etl_postgres_to_clickhouse.py
[2026-01-07T12:45:15.713+0000] {processor.py:830} INFO - Processing file /opt/airflow/dags/etl_postgres_to_clickhouse.py for tasks to queue
[2026-01-07T12:45:15.715+0000] {logging_mixin.py:188} INFO - [2026-01-07T12:45:15.715+0000] {dagbag.py:545} INFO - Filling up the DagBag from /opt/airflow/dags/etl_postgres_to_clickhouse.py
[2026-01-07T12:45:15.937+0000] {processor.py:840} INFO - DAG(s) 'pg_to_clickhouse_payload_parsing' retrieved from /opt/airflow/dags/etl_postgres_to_clickhouse.py
[2026-01-07T12:45:15.971+0000] {logging_mixin.py:188} INFO - [2026-01-07T12:45:15.971+0000] {dag.py:3096} INFO - Sync 1 DAGs
[2026-01-07T12:45:15.996+0000] {logging_mixin.py:188} INFO - [2026-01-07T12:45:15.996+0000] {dag.py:3954} INFO - Setting next_dagrun for pg_to_clickhouse_payload_parsing to 2026-01-07 12:45:10+00:00, run_after=2026-01-07 12:45:20+00:00
[2026-01-07T12:45:16.018+0000] {processor.py:183} INFO - Processing /opt/airflow/dags/etl_postgres_to_clickhouse.py took 0.315 seconds
[2026-01-07T12:45:46.466+0000] {processor.py:161} INFO - Started process (PID=1289) to work on /opt/airflow/dags/etl_postgres_to_clickhouse.py
[2026-01-07T12:45:46.468+0000] {processor.py:830} INFO - Processing file /opt/airflow/dags/etl_postgres_to_clickhouse.py for tasks to queue
[2026-01-07T12:45:46.470+0000] {logging_mixin.py:188} INFO - [2026-01-07T12:45:46.470+0000] {dagbag.py:545} INFO - Filling up the DagBag from /opt/airflow/dags/etl_postgres_to_clickhouse.py
[2026-01-07T12:45:46.719+0000] {processor.py:840} INFO - DAG(s) 'pg_to_clickhouse_payload_parsing' retrieved from /opt/airflow/dags/etl_postgres_to_clickhouse.py
[2026-01-07T12:45:46.752+0000] {logging_mixin.py:188} INFO - [2026-01-07T12:45:46.752+0000] {dag.py:3096} INFO - Sync 1 DAGs
[2026-01-07T12:45:46.777+0000] {logging_mixin.py:188} INFO - [2026-01-07T12:45:46.776+0000] {dag.py:3954} INFO - Setting next_dagrun for pg_to_clickhouse_payload_parsing to 2026-01-07 12:45:40+00:00, run_after=2026-01-07 12:45:50+00:00
[2026-01-07T12:45:46.805+0000] {processor.py:183} INFO - Processing /opt/airflow/dags/etl_postgres_to_clickhouse.py took 0.348 seconds
[2026-01-07T12:46:17.023+0000] {processor.py:161} INFO - Started process (PID=1314) to work on /opt/airflow/dags/etl_postgres_to_clickhouse.py
[2026-01-07T12:46:17.025+0000] {processor.py:830} INFO - Processing file /opt/airflow/dags/etl_postgres_to_clickhouse.py for tasks to queue
[2026-01-07T12:46:17.027+0000] {logging_mixin.py:188} INFO - [2026-01-07T12:46:17.027+0000] {dagbag.py:545} INFO - Filling up the DagBag from /opt/airflow/dags/etl_postgres_to_clickhouse.py
[2026-01-07T12:46:17.241+0000] {processor.py:840} INFO - DAG(s) 'pg_to_clickhouse_payload_parsing' retrieved from /opt/airflow/dags/etl_postgres_to_clickhouse.py
[2026-01-07T12:46:17.277+0000] {logging_mixin.py:188} INFO - [2026-01-07T12:46:17.277+0000] {dag.py:3096} INFO - Sync 1 DAGs
[2026-01-07T12:46:17.303+0000] {logging_mixin.py:188} INFO - [2026-01-07T12:46:17.302+0000] {dag.py:3954} INFO - Setting next_dagrun for pg_to_clickhouse_payload_parsing to 2026-01-07 12:46:10+00:00, run_after=2026-01-07 12:46:20+00:00
[2026-01-07T12:46:17.330+0000] {processor.py:183} INFO - Processing /opt/airflow/dags/etl_postgres_to_clickhouse.py took 0.314 seconds
[2026-01-07T12:46:47.831+0000] {processor.py:161} INFO - Started process (PID=1347) to work on /opt/airflow/dags/etl_postgres_to_clickhouse.py
[2026-01-07T12:46:47.833+0000] {processor.py:830} INFO - Processing file /opt/airflow/dags/etl_postgres_to_clickhouse.py for tasks to queue
[2026-01-07T12:46:47.836+0000] {logging_mixin.py:188} INFO - [2026-01-07T12:46:47.835+0000] {dagbag.py:545} INFO - Filling up the DagBag from /opt/airflow/dags/etl_postgres_to_clickhouse.py
[2026-01-07T12:46:48.119+0000] {processor.py:840} INFO - DAG(s) 'pg_to_clickhouse_payload_parsing' retrieved from /opt/airflow/dags/etl_postgres_to_clickhouse.py
[2026-01-07T12:46:48.153+0000] {logging_mixin.py:188} INFO - [2026-01-07T12:46:48.152+0000] {dag.py:3096} INFO - Sync 1 DAGs
[2026-01-07T12:46:48.179+0000] {logging_mixin.py:188} INFO - [2026-01-07T12:46:48.179+0000] {dag.py:3954} INFO - Setting next_dagrun for pg_to_clickhouse_payload_parsing to 2026-01-07 12:46:40+00:00, run_after=2026-01-07 12:46:50+00:00
[2026-01-07T12:46:48.213+0000] {processor.py:183} INFO - Processing /opt/airflow/dags/etl_postgres_to_clickhouse.py took 0.390 seconds
[2026-01-07T12:47:18.312+0000] {processor.py:161} INFO - Started process (PID=1373) to work on /opt/airflow/dags/etl_postgres_to_clickhouse.py
[2026-01-07T12:47:18.313+0000] {processor.py:830} INFO - Processing file /opt/airflow/dags/etl_postgres_to_clickhouse.py for tasks to queue
[2026-01-07T12:47:18.316+0000] {logging_mixin.py:188} INFO - [2026-01-07T12:47:18.316+0000] {dagbag.py:545} INFO - Filling up the DagBag from /opt/airflow/dags/etl_postgres_to_clickhouse.py
[2026-01-07T12:47:18.587+0000] {processor.py:840} INFO - DAG(s) 'pg_to_clickhouse_payload_parsing' retrieved from /opt/airflow/dags/etl_postgres_to_clickhouse.py
[2026-01-07T12:47:18.635+0000] {logging_mixin.py:188} INFO - [2026-01-07T12:47:18.635+0000] {dag.py:3096} INFO - Sync 1 DAGs
[2026-01-07T12:47:18.677+0000] {logging_mixin.py:188} INFO - [2026-01-07T12:47:18.676+0000] {dag.py:3954} INFO - Setting next_dagrun for pg_to_clickhouse_payload_parsing to 2026-01-07 12:47:10+00:00, run_after=2026-01-07 12:47:20+00:00
[2026-01-07T12:47:18.720+0000] {processor.py:183} INFO - Processing /opt/airflow/dags/etl_postgres_to_clickhouse.py took 0.415 seconds
[2026-01-07T12:47:49.574+0000] {processor.py:161} INFO - Started process (PID=1405) to work on /opt/airflow/dags/etl_postgres_to_clickhouse.py
[2026-01-07T12:47:49.575+0000] {processor.py:830} INFO - Processing file /opt/airflow/dags/etl_postgres_to_clickhouse.py for tasks to queue
[2026-01-07T12:47:49.578+0000] {logging_mixin.py:188} INFO - [2026-01-07T12:47:49.577+0000] {dagbag.py:545} INFO - Filling up the DagBag from /opt/airflow/dags/etl_postgres_to_clickhouse.py
[2026-01-07T12:47:49.826+0000] {processor.py:840} INFO - DAG(s) 'pg_to_clickhouse_payload_parsing' retrieved from /opt/airflow/dags/etl_postgres_to_clickhouse.py
[2026-01-07T12:47:49.864+0000] {logging_mixin.py:188} INFO - [2026-01-07T12:47:49.863+0000] {dag.py:3096} INFO - Sync 1 DAGs
[2026-01-07T12:47:49.897+0000] {logging_mixin.py:188} INFO - [2026-01-07T12:47:49.896+0000] {dag.py:3954} INFO - Setting next_dagrun for pg_to_clickhouse_payload_parsing to 2026-01-07 12:47:40+00:00, run_after=2026-01-07 12:47:50+00:00
[2026-01-07T12:47:49.927+0000] {processor.py:183} INFO - Processing /opt/airflow/dags/etl_postgres_to_clickhouse.py took 0.361 seconds
[2026-01-07T12:48:20.053+0000] {processor.py:161} INFO - Started process (PID=1431) to work on /opt/airflow/dags/etl_postgres_to_clickhouse.py
[2026-01-07T12:48:20.055+0000] {processor.py:830} INFO - Processing file /opt/airflow/dags/etl_postgres_to_clickhouse.py for tasks to queue
[2026-01-07T12:48:20.057+0000] {logging_mixin.py:188} INFO - [2026-01-07T12:48:20.056+0000] {dagbag.py:545} INFO - Filling up the DagBag from /opt/airflow/dags/etl_postgres_to_clickhouse.py
[2026-01-07T12:48:20.341+0000] {processor.py:840} INFO - DAG(s) 'pg_to_clickhouse_payload_parsing' retrieved from /opt/airflow/dags/etl_postgres_to_clickhouse.py
[2026-01-07T12:48:20.387+0000] {logging_mixin.py:188} INFO - [2026-01-07T12:48:20.386+0000] {dag.py:3096} INFO - Sync 1 DAGs
[2026-01-07T12:48:20.420+0000] {logging_mixin.py:188} INFO - [2026-01-07T12:48:20.420+0000] {dag.py:3954} INFO - Setting next_dagrun for pg_to_clickhouse_payload_parsing to 2026-01-07 12:48:20+00:00, run_after=2026-01-07 12:48:30+00:00
[2026-01-07T12:48:20.450+0000] {processor.py:183} INFO - Processing /opt/airflow/dags/etl_postgres_to_clickhouse.py took 0.405 seconds
[2026-01-07T12:48:50.979+0000] {processor.py:161} INFO - Started process (PID=1464) to work on /opt/airflow/dags/etl_postgres_to_clickhouse.py
[2026-01-07T12:48:50.980+0000] {processor.py:830} INFO - Processing file /opt/airflow/dags/etl_postgres_to_clickhouse.py for tasks to queue
[2026-01-07T12:48:50.983+0000] {logging_mixin.py:188} INFO - [2026-01-07T12:48:50.982+0000] {dagbag.py:545} INFO - Filling up the DagBag from /opt/airflow/dags/etl_postgres_to_clickhouse.py
[2026-01-07T12:48:51.290+0000] {processor.py:840} INFO - DAG(s) 'pg_to_clickhouse_payload_parsing' retrieved from /opt/airflow/dags/etl_postgres_to_clickhouse.py
[2026-01-07T12:48:51.330+0000] {logging_mixin.py:188} INFO - [2026-01-07T12:48:51.329+0000] {dag.py:3096} INFO - Sync 1 DAGs
[2026-01-07T12:48:51.358+0000] {logging_mixin.py:188} INFO - [2026-01-07T12:48:51.358+0000] {dag.py:3954} INFO - Setting next_dagrun for pg_to_clickhouse_payload_parsing to 2026-01-07 12:48:50+00:00, run_after=2026-01-07 12:49:00+00:00
[2026-01-07T12:48:51.388+0000] {processor.py:183} INFO - Processing /opt/airflow/dags/etl_postgres_to_clickhouse.py took 0.418 seconds
[2026-01-07T12:49:21.887+0000] {processor.py:161} INFO - Started process (PID=1490) to work on /opt/airflow/dags/etl_postgres_to_clickhouse.py
[2026-01-07T12:49:21.890+0000] {processor.py:830} INFO - Processing file /opt/airflow/dags/etl_postgres_to_clickhouse.py for tasks to queue
[2026-01-07T12:49:21.893+0000] {logging_mixin.py:188} INFO - [2026-01-07T12:49:21.892+0000] {dagbag.py:545} INFO - Filling up the DagBag from /opt/airflow/dags/etl_postgres_to_clickhouse.py
[2026-01-07T12:49:22.329+0000] {processor.py:840} INFO - DAG(s) 'pg_to_clickhouse_payload_parsing' retrieved from /opt/airflow/dags/etl_postgres_to_clickhouse.py
[2026-01-07T12:49:22.385+0000] {logging_mixin.py:188} INFO - [2026-01-07T12:49:22.385+0000] {dag.py:3096} INFO - Sync 1 DAGs
[2026-01-07T12:49:22.426+0000] {logging_mixin.py:188} INFO - [2026-01-07T12:49:22.425+0000] {dag.py:3954} INFO - Setting next_dagrun for pg_to_clickhouse_payload_parsing to 2026-01-07 12:49:20+00:00, run_after=2026-01-07 12:49:30+00:00
[2026-01-07T12:49:22.462+0000] {processor.py:183} INFO - Processing /opt/airflow/dags/etl_postgres_to_clickhouse.py took 0.585 seconds
[2026-01-07T12:49:52.977+0000] {processor.py:161} INFO - Started process (PID=1523) to work on /opt/airflow/dags/etl_postgres_to_clickhouse.py
[2026-01-07T12:49:52.979+0000] {processor.py:830} INFO - Processing file /opt/airflow/dags/etl_postgres_to_clickhouse.py for tasks to queue
[2026-01-07T12:49:52.982+0000] {logging_mixin.py:188} INFO - [2026-01-07T12:49:52.981+0000] {dagbag.py:545} INFO - Filling up the DagBag from /opt/airflow/dags/etl_postgres_to_clickhouse.py
[2026-01-07T12:49:53.245+0000] {processor.py:840} INFO - DAG(s) 'pg_to_clickhouse_payload_parsing' retrieved from /opt/airflow/dags/etl_postgres_to_clickhouse.py
[2026-01-07T12:49:53.283+0000] {logging_mixin.py:188} INFO - [2026-01-07T12:49:53.283+0000] {dag.py:3096} INFO - Sync 1 DAGs
[2026-01-07T12:49:53.311+0000] {logging_mixin.py:188} INFO - [2026-01-07T12:49:53.311+0000] {dag.py:3954} INFO - Setting next_dagrun for pg_to_clickhouse_payload_parsing to 2026-01-07 12:49:50+00:00, run_after=2026-01-07 12:50:00+00:00
[2026-01-07T12:49:53.341+0000] {processor.py:183} INFO - Processing /opt/airflow/dags/etl_postgres_to_clickhouse.py took 0.373 seconds
[2026-01-07T12:50:23.529+0000] {processor.py:161} INFO - Started process (PID=1548) to work on /opt/airflow/dags/etl_postgres_to_clickhouse.py
[2026-01-07T12:50:23.531+0000] {processor.py:830} INFO - Processing file /opt/airflow/dags/etl_postgres_to_clickhouse.py for tasks to queue
[2026-01-07T12:50:23.534+0000] {logging_mixin.py:188} INFO - [2026-01-07T12:50:23.534+0000] {dagbag.py:545} INFO - Filling up the DagBag from /opt/airflow/dags/etl_postgres_to_clickhouse.py
[2026-01-07T12:50:23.807+0000] {processor.py:840} INFO - DAG(s) 'pg_to_clickhouse_payload_parsing' retrieved from /opt/airflow/dags/etl_postgres_to_clickhouse.py
[2026-01-07T12:50:23.849+0000] {logging_mixin.py:188} INFO - [2026-01-07T12:50:23.849+0000] {dag.py:3096} INFO - Sync 1 DAGs
[2026-01-07T12:50:23.880+0000] {logging_mixin.py:188} INFO - [2026-01-07T12:50:23.880+0000] {dag.py:3954} INFO - Setting next_dagrun for pg_to_clickhouse_payload_parsing to 2026-01-07 12:50:20+00:00, run_after=2026-01-07 12:50:30+00:00
[2026-01-07T12:50:23.906+0000] {processor.py:183} INFO - Processing /opt/airflow/dags/etl_postgres_to_clickhouse.py took 0.385 seconds
[2026-01-07T12:50:54.311+0000] {processor.py:161} INFO - Started process (PID=1579) to work on /opt/airflow/dags/etl_postgres_to_clickhouse.py
[2026-01-07T12:50:54.313+0000] {processor.py:830} INFO - Processing file /opt/airflow/dags/etl_postgres_to_clickhouse.py for tasks to queue
[2026-01-07T12:50:54.316+0000] {logging_mixin.py:188} INFO - [2026-01-07T12:50:54.316+0000] {dagbag.py:545} INFO - Filling up the DagBag from /opt/airflow/dags/etl_postgres_to_clickhouse.py
[2026-01-07T12:50:54.619+0000] {processor.py:840} INFO - DAG(s) 'pg_to_clickhouse_payload_parsing' retrieved from /opt/airflow/dags/etl_postgres_to_clickhouse.py
[2026-01-07T12:50:54.665+0000] {logging_mixin.py:188} INFO - [2026-01-07T12:50:54.665+0000] {dag.py:3096} INFO - Sync 1 DAGs
[2026-01-07T12:50:54.698+0000] {logging_mixin.py:188} INFO - [2026-01-07T12:50:54.698+0000] {dag.py:3954} INFO - Setting next_dagrun for pg_to_clickhouse_payload_parsing to 2026-01-07 12:50:50+00:00, run_after=2026-01-07 12:51:00+00:00
[2026-01-07T12:50:54.729+0000] {processor.py:183} INFO - Processing /opt/airflow/dags/etl_postgres_to_clickhouse.py took 0.426 seconds
[2026-01-07T12:53:14.510+0000] {processor.py:161} INFO - Started process (PID=190) to work on /opt/airflow/dags/etl_postgres_to_clickhouse.py
[2026-01-07T12:53:14.511+0000] {processor.py:830} INFO - Processing file /opt/airflow/dags/etl_postgres_to_clickhouse.py for tasks to queue
[2026-01-07T12:53:14.514+0000] {logging_mixin.py:188} INFO - [2026-01-07T12:53:14.514+0000] {dagbag.py:545} INFO - Filling up the DagBag from /opt/airflow/dags/etl_postgres_to_clickhouse.py
[2026-01-07T12:53:14.845+0000] {processor.py:840} INFO - DAG(s) 'pg_to_clickhouse_payload_parsing' retrieved from /opt/airflow/dags/etl_postgres_to_clickhouse.py
[2026-01-07T12:53:15.078+0000] {logging_mixin.py:188} INFO - [2026-01-07T12:53:15.077+0000] {override.py:1829} INFO - Created Permission View: can delete on DAG:pg_to_clickhouse_payload_parsing
[2026-01-07T12:53:15.093+0000] {logging_mixin.py:188} INFO - [2026-01-07T12:53:15.093+0000] {override.py:1829} INFO - Created Permission View: can read on DAG:pg_to_clickhouse_payload_parsing
[2026-01-07T12:53:15.104+0000] {logging_mixin.py:188} INFO - [2026-01-07T12:53:15.103+0000] {override.py:1829} INFO - Created Permission View: can edit on DAG:pg_to_clickhouse_payload_parsing
[2026-01-07T12:53:15.106+0000] {logging_mixin.py:188} INFO - [2026-01-07T12:53:15.105+0000] {dag.py:3096} INFO - Sync 1 DAGs
[2026-01-07T12:53:15.119+0000] {logging_mixin.py:188} INFO - [2026-01-07T12:53:15.119+0000] {dag.py:3118} INFO - Creating ORM DAG for pg_to_clickhouse_payload_parsing
[2026-01-07T12:53:15.135+0000] {logging_mixin.py:188} INFO - [2026-01-07T12:53:15.135+0000] {dag.py:3954} INFO - Setting next_dagrun for pg_to_clickhouse_payload_parsing to 2026-01-07 12:53:00+00:00, run_after=2026-01-07 12:53:10+00:00
[2026-01-07T12:53:15.161+0000] {processor.py:183} INFO - Processing /opt/airflow/dags/etl_postgres_to_clickhouse.py took 0.661 seconds
[2026-01-07T12:53:45.374+0000] {processor.py:161} INFO - Started process (PID=244) to work on /opt/airflow/dags/etl_postgres_to_clickhouse.py
[2026-01-07T12:53:45.375+0000] {processor.py:830} INFO - Processing file /opt/airflow/dags/etl_postgres_to_clickhouse.py for tasks to queue
[2026-01-07T12:53:45.378+0000] {logging_mixin.py:188} INFO - [2026-01-07T12:53:45.377+0000] {dagbag.py:545} INFO - Filling up the DagBag from /opt/airflow/dags/etl_postgres_to_clickhouse.py
[2026-01-07T12:53:45.631+0000] {processor.py:840} INFO - DAG(s) 'pg_to_clickhouse_payload_parsing' retrieved from /opt/airflow/dags/etl_postgres_to_clickhouse.py
[2026-01-07T12:53:45.671+0000] {logging_mixin.py:188} INFO - [2026-01-07T12:53:45.671+0000] {dag.py:3096} INFO - Sync 1 DAGs
[2026-01-07T12:53:45.703+0000] {logging_mixin.py:188} INFO - [2026-01-07T12:53:45.702+0000] {dag.py:3954} INFO - Setting next_dagrun for pg_to_clickhouse_payload_parsing to 2026-01-07 12:53:40+00:00, run_after=2026-01-07 12:53:50+00:00
[2026-01-07T12:53:45.730+0000] {processor.py:183} INFO - Processing /opt/airflow/dags/etl_postgres_to_clickhouse.py took 0.365 seconds
[2026-01-07T12:54:15.888+0000] {processor.py:161} INFO - Started process (PID=269) to work on /opt/airflow/dags/etl_postgres_to_clickhouse.py
[2026-01-07T12:54:15.890+0000] {processor.py:830} INFO - Processing file /opt/airflow/dags/etl_postgres_to_clickhouse.py for tasks to queue
[2026-01-07T12:54:15.897+0000] {logging_mixin.py:188} INFO - [2026-01-07T12:54:15.896+0000] {dagbag.py:545} INFO - Filling up the DagBag from /opt/airflow/dags/etl_postgres_to_clickhouse.py
[2026-01-07T12:54:16.192+0000] {processor.py:840} INFO - DAG(s) 'pg_to_clickhouse_payload_parsing' retrieved from /opt/airflow/dags/etl_postgres_to_clickhouse.py
[2026-01-07T12:54:16.237+0000] {logging_mixin.py:188} INFO - [2026-01-07T12:54:16.237+0000] {dag.py:3096} INFO - Sync 1 DAGs
[2026-01-07T12:54:16.268+0000] {logging_mixin.py:188} INFO - [2026-01-07T12:54:16.268+0000] {dag.py:3954} INFO - Setting next_dagrun for pg_to_clickhouse_payload_parsing to 2026-01-07 12:54:10+00:00, run_after=2026-01-07 12:54:20+00:00
[2026-01-07T12:54:16.293+0000] {processor.py:183} INFO - Processing /opt/airflow/dags/etl_postgres_to_clickhouse.py took 0.414 seconds
[2026-01-07T12:54:46.758+0000] {processor.py:161} INFO - Started process (PID=300) to work on /opt/airflow/dags/etl_postgres_to_clickhouse.py
[2026-01-07T12:54:46.760+0000] {processor.py:830} INFO - Processing file /opt/airflow/dags/etl_postgres_to_clickhouse.py for tasks to queue
[2026-01-07T12:54:46.762+0000] {logging_mixin.py:188} INFO - [2026-01-07T12:54:46.762+0000] {dagbag.py:545} INFO - Filling up the DagBag from /opt/airflow/dags/etl_postgres_to_clickhouse.py
[2026-01-07T12:54:47.080+0000] {processor.py:840} INFO - DAG(s) 'pg_to_clickhouse_payload_parsing' retrieved from /opt/airflow/dags/etl_postgres_to_clickhouse.py
[2026-01-07T12:54:47.140+0000] {logging_mixin.py:188} INFO - [2026-01-07T12:54:47.140+0000] {dag.py:3096} INFO - Sync 1 DAGs
[2026-01-07T12:54:47.177+0000] {logging_mixin.py:188} INFO - [2026-01-07T12:54:47.176+0000] {dag.py:3954} INFO - Setting next_dagrun for pg_to_clickhouse_payload_parsing to 2026-01-07 12:54:40+00:00, run_after=2026-01-07 12:54:50+00:00
[2026-01-07T12:54:47.204+0000] {processor.py:183} INFO - Processing /opt/airflow/dags/etl_postgres_to_clickhouse.py took 0.456 seconds
[2026-01-07T12:55:17.331+0000] {processor.py:161} INFO - Started process (PID=326) to work on /opt/airflow/dags/etl_postgres_to_clickhouse.py
[2026-01-07T12:55:17.333+0000] {processor.py:830} INFO - Processing file /opt/airflow/dags/etl_postgres_to_clickhouse.py for tasks to queue
[2026-01-07T12:55:17.336+0000] {logging_mixin.py:188} INFO - [2026-01-07T12:55:17.335+0000] {dagbag.py:545} INFO - Filling up the DagBag from /opt/airflow/dags/etl_postgres_to_clickhouse.py
[2026-01-07T12:55:17.631+0000] {processor.py:840} INFO - DAG(s) 'pg_to_clickhouse_payload_parsing' retrieved from /opt/airflow/dags/etl_postgres_to_clickhouse.py
[2026-01-07T12:55:17.668+0000] {logging_mixin.py:188} INFO - [2026-01-07T12:55:17.667+0000] {dag.py:3096} INFO - Sync 1 DAGs
[2026-01-07T12:55:17.695+0000] {logging_mixin.py:188} INFO - [2026-01-07T12:55:17.695+0000] {dag.py:3954} INFO - Setting next_dagrun for pg_to_clickhouse_payload_parsing to 2026-01-07 12:55:10+00:00, run_after=2026-01-07 12:55:20+00:00
[2026-01-07T12:55:17.718+0000] {processor.py:183} INFO - Processing /opt/airflow/dags/etl_postgres_to_clickhouse.py took 0.395 seconds
[2026-01-07T12:55:48.261+0000] {processor.py:161} INFO - Started process (PID=358) to work on /opt/airflow/dags/etl_postgres_to_clickhouse.py
[2026-01-07T12:55:48.262+0000] {processor.py:830} INFO - Processing file /opt/airflow/dags/etl_postgres_to_clickhouse.py for tasks to queue
[2026-01-07T12:55:48.265+0000] {logging_mixin.py:188} INFO - [2026-01-07T12:55:48.264+0000] {dagbag.py:545} INFO - Filling up the DagBag from /opt/airflow/dags/etl_postgres_to_clickhouse.py
[2026-01-07T12:55:48.511+0000] {processor.py:840} INFO - DAG(s) 'pg_to_clickhouse_payload_parsing' retrieved from /opt/airflow/dags/etl_postgres_to_clickhouse.py
[2026-01-07T12:55:48.552+0000] {logging_mixin.py:188} INFO - [2026-01-07T12:55:48.552+0000] {dag.py:3096} INFO - Sync 1 DAGs
[2026-01-07T12:55:48.581+0000] {logging_mixin.py:188} INFO - [2026-01-07T12:55:48.580+0000] {dag.py:3954} INFO - Setting next_dagrun for pg_to_clickhouse_payload_parsing to 2026-01-07 12:55:40+00:00, run_after=2026-01-07 12:55:50+00:00
[2026-01-07T12:55:48.607+0000] {processor.py:183} INFO - Processing /opt/airflow/dags/etl_postgres_to_clickhouse.py took 0.353 seconds
[2026-01-07T12:56:18.754+0000] {processor.py:161} INFO - Started process (PID=383) to work on /opt/airflow/dags/etl_postgres_to_clickhouse.py
[2026-01-07T12:56:18.755+0000] {processor.py:830} INFO - Processing file /opt/airflow/dags/etl_postgres_to_clickhouse.py for tasks to queue
[2026-01-07T12:56:18.757+0000] {logging_mixin.py:188} INFO - [2026-01-07T12:56:18.757+0000] {dagbag.py:545} INFO - Filling up the DagBag from /opt/airflow/dags/etl_postgres_to_clickhouse.py
[2026-01-07T12:56:18.990+0000] {processor.py:840} INFO - DAG(s) 'pg_to_clickhouse_payload_parsing' retrieved from /opt/airflow/dags/etl_postgres_to_clickhouse.py
[2026-01-07T12:56:19.034+0000] {logging_mixin.py:188} INFO - [2026-01-07T12:56:19.033+0000] {dag.py:3096} INFO - Sync 1 DAGs
[2026-01-07T12:56:19.065+0000] {logging_mixin.py:188} INFO - [2026-01-07T12:56:19.064+0000] {dag.py:3954} INFO - Setting next_dagrun for pg_to_clickhouse_payload_parsing to 2026-01-07 12:56:10+00:00, run_after=2026-01-07 12:56:20+00:00
[2026-01-07T12:56:19.095+0000] {processor.py:183} INFO - Processing /opt/airflow/dags/etl_postgres_to_clickhouse.py took 0.348 seconds
[2026-01-07T12:56:49.626+0000] {processor.py:161} INFO - Started process (PID=415) to work on /opt/airflow/dags/etl_postgres_to_clickhouse.py
[2026-01-07T12:56:49.627+0000] {processor.py:830} INFO - Processing file /opt/airflow/dags/etl_postgres_to_clickhouse.py for tasks to queue
[2026-01-07T12:56:49.629+0000] {logging_mixin.py:188} INFO - [2026-01-07T12:56:49.629+0000] {dagbag.py:545} INFO - Filling up the DagBag from /opt/airflow/dags/etl_postgres_to_clickhouse.py
[2026-01-07T12:56:49.900+0000] {processor.py:840} INFO - DAG(s) 'pg_to_clickhouse_payload_parsing' retrieved from /opt/airflow/dags/etl_postgres_to_clickhouse.py
[2026-01-07T12:56:49.947+0000] {logging_mixin.py:188} INFO - [2026-01-07T12:56:49.947+0000] {dag.py:3096} INFO - Sync 1 DAGs
[2026-01-07T12:56:49.976+0000] {logging_mixin.py:188} INFO - [2026-01-07T12:56:49.976+0000] {dag.py:3954} INFO - Setting next_dagrun for pg_to_clickhouse_payload_parsing to 2026-01-07 12:56:40+00:00, run_after=2026-01-07 12:56:50+00:00
[2026-01-07T12:56:50.004+0000] {processor.py:183} INFO - Processing /opt/airflow/dags/etl_postgres_to_clickhouse.py took 0.386 seconds
[2026-01-07T12:57:20.137+0000] {processor.py:161} INFO - Started process (PID=441) to work on /opt/airflow/dags/etl_postgres_to_clickhouse.py
[2026-01-07T12:57:20.139+0000] {processor.py:830} INFO - Processing file /opt/airflow/dags/etl_postgres_to_clickhouse.py for tasks to queue
[2026-01-07T12:57:20.142+0000] {logging_mixin.py:188} INFO - [2026-01-07T12:57:20.141+0000] {dagbag.py:545} INFO - Filling up the DagBag from /opt/airflow/dags/etl_postgres_to_clickhouse.py
[2026-01-07T12:57:20.421+0000] {processor.py:840} INFO - DAG(s) 'pg_to_clickhouse_payload_parsing' retrieved from /opt/airflow/dags/etl_postgres_to_clickhouse.py
[2026-01-07T12:57:20.461+0000] {logging_mixin.py:188} INFO - [2026-01-07T12:57:20.461+0000] {dag.py:3096} INFO - Sync 1 DAGs
[2026-01-07T12:57:20.494+0000] {logging_mixin.py:188} INFO - [2026-01-07T12:57:20.493+0000] {dag.py:3954} INFO - Setting next_dagrun for pg_to_clickhouse_payload_parsing to 2026-01-07 12:57:20+00:00, run_after=2026-01-07 12:57:30+00:00
[2026-01-07T12:57:20.559+0000] {processor.py:183} INFO - Processing /opt/airflow/dags/etl_postgres_to_clickhouse.py took 0.433 seconds
[2026-01-07T12:57:51.383+0000] {processor.py:161} INFO - Started process (PID=474) to work on /opt/airflow/dags/etl_postgres_to_clickhouse.py
[2026-01-07T12:57:51.384+0000] {processor.py:830} INFO - Processing file /opt/airflow/dags/etl_postgres_to_clickhouse.py for tasks to queue
[2026-01-07T12:57:51.387+0000] {logging_mixin.py:188} INFO - [2026-01-07T12:57:51.387+0000] {dagbag.py:545} INFO - Filling up the DagBag from /opt/airflow/dags/etl_postgres_to_clickhouse.py
[2026-01-07T12:57:51.723+0000] {processor.py:840} INFO - DAG(s) 'pg_to_clickhouse_payload_parsing' retrieved from /opt/airflow/dags/etl_postgres_to_clickhouse.py
[2026-01-07T12:57:51.768+0000] {logging_mixin.py:188} INFO - [2026-01-07T12:57:51.767+0000] {dag.py:3096} INFO - Sync 1 DAGs
[2026-01-07T12:57:51.800+0000] {logging_mixin.py:188} INFO - [2026-01-07T12:57:51.800+0000] {dag.py:3954} INFO - Setting next_dagrun for pg_to_clickhouse_payload_parsing to 2026-01-07 12:57:50+00:00, run_after=2026-01-07 12:58:00+00:00
[2026-01-07T12:57:51.826+0000] {processor.py:183} INFO - Processing /opt/airflow/dags/etl_postgres_to_clickhouse.py took 0.454 seconds
[2026-01-07T12:58:21.990+0000] {processor.py:161} INFO - Started process (PID=499) to work on /opt/airflow/dags/etl_postgres_to_clickhouse.py
[2026-01-07T12:58:21.991+0000] {processor.py:830} INFO - Processing file /opt/airflow/dags/etl_postgres_to_clickhouse.py for tasks to queue
[2026-01-07T12:58:21.995+0000] {logging_mixin.py:188} INFO - [2026-01-07T12:58:21.994+0000] {dagbag.py:545} INFO - Filling up the DagBag from /opt/airflow/dags/etl_postgres_to_clickhouse.py
[2026-01-07T12:58:22.324+0000] {processor.py:840} INFO - DAG(s) 'pg_to_clickhouse_payload_parsing' retrieved from /opt/airflow/dags/etl_postgres_to_clickhouse.py
[2026-01-07T12:58:22.366+0000] {logging_mixin.py:188} INFO - [2026-01-07T12:58:22.366+0000] {dag.py:3096} INFO - Sync 1 DAGs
[2026-01-07T12:58:22.399+0000] {logging_mixin.py:188} INFO - [2026-01-07T12:58:22.399+0000] {dag.py:3954} INFO - Setting next_dagrun for pg_to_clickhouse_payload_parsing to 2026-01-07 12:58:20+00:00, run_after=2026-01-07 12:58:30+00:00
[2026-01-07T12:58:22.425+0000] {processor.py:183} INFO - Processing /opt/airflow/dags/etl_postgres_to_clickhouse.py took 0.446 seconds
[2026-01-07T12:58:52.851+0000] {processor.py:161} INFO - Started process (PID=524) to work on /opt/airflow/dags/etl_postgres_to_clickhouse.py
[2026-01-07T12:58:52.854+0000] {processor.py:830} INFO - Processing file /opt/airflow/dags/etl_postgres_to_clickhouse.py for tasks to queue
[2026-01-07T12:58:52.856+0000] {logging_mixin.py:188} INFO - [2026-01-07T12:58:52.856+0000] {dagbag.py:545} INFO - Filling up the DagBag from /opt/airflow/dags/etl_postgres_to_clickhouse.py
[2026-01-07T12:58:53.136+0000] {processor.py:840} INFO - DAG(s) 'pg_to_clickhouse_payload_parsing' retrieved from /opt/airflow/dags/etl_postgres_to_clickhouse.py
[2026-01-07T12:58:53.171+0000] {logging_mixin.py:188} INFO - [2026-01-07T12:58:53.171+0000] {dag.py:3096} INFO - Sync 1 DAGs
[2026-01-07T12:58:53.201+0000] {logging_mixin.py:188} INFO - [2026-01-07T12:58:53.201+0000] {dag.py:3954} INFO - Setting next_dagrun for pg_to_clickhouse_payload_parsing to 2026-01-07 12:58:50+00:00, run_after=2026-01-07 12:59:00+00:00
[2026-01-07T12:58:53.229+0000] {processor.py:183} INFO - Processing /opt/airflow/dags/etl_postgres_to_clickhouse.py took 0.386 seconds
[2026-01-07T12:59:23.405+0000] {processor.py:161} INFO - Started process (PID=557) to work on /opt/airflow/dags/etl_postgres_to_clickhouse.py
[2026-01-07T12:59:23.407+0000] {processor.py:830} INFO - Processing file /opt/airflow/dags/etl_postgres_to_clickhouse.py for tasks to queue
[2026-01-07T12:59:23.410+0000] {logging_mixin.py:188} INFO - [2026-01-07T12:59:23.409+0000] {dagbag.py:545} INFO - Filling up the DagBag from /opt/airflow/dags/etl_postgres_to_clickhouse.py
[2026-01-07T12:59:23.714+0000] {processor.py:840} INFO - DAG(s) 'pg_to_clickhouse_payload_parsing' retrieved from /opt/airflow/dags/etl_postgres_to_clickhouse.py
[2026-01-07T12:59:23.774+0000] {logging_mixin.py:188} INFO - [2026-01-07T12:59:23.774+0000] {dag.py:3096} INFO - Sync 1 DAGs
[2026-01-07T12:59:23.816+0000] {logging_mixin.py:188} INFO - [2026-01-07T12:59:23.815+0000] {dag.py:3954} INFO - Setting next_dagrun for pg_to_clickhouse_payload_parsing to 2026-01-07 12:59:20+00:00, run_after=2026-01-07 12:59:30+00:00
[2026-01-07T12:59:23.852+0000] {processor.py:183} INFO - Processing /opt/airflow/dags/etl_postgres_to_clickhouse.py took 0.459 seconds
[2026-01-07T12:59:54.264+0000] {processor.py:161} INFO - Started process (PID=582) to work on /opt/airflow/dags/etl_postgres_to_clickhouse.py
[2026-01-07T12:59:54.265+0000] {processor.py:830} INFO - Processing file /opt/airflow/dags/etl_postgres_to_clickhouse.py for tasks to queue
[2026-01-07T12:59:54.268+0000] {logging_mixin.py:188} INFO - [2026-01-07T12:59:54.268+0000] {dagbag.py:545} INFO - Filling up the DagBag from /opt/airflow/dags/etl_postgres_to_clickhouse.py
[2026-01-07T12:59:54.533+0000] {processor.py:840} INFO - DAG(s) 'pg_to_clickhouse_payload_parsing' retrieved from /opt/airflow/dags/etl_postgres_to_clickhouse.py
[2026-01-07T12:59:54.572+0000] {logging_mixin.py:188} INFO - [2026-01-07T12:59:54.571+0000] {dag.py:3096} INFO - Sync 1 DAGs
[2026-01-07T12:59:54.606+0000] {logging_mixin.py:188} INFO - [2026-01-07T12:59:54.605+0000] {dag.py:3954} INFO - Setting next_dagrun for pg_to_clickhouse_payload_parsing to 2026-01-07 12:59:50+00:00, run_after=2026-01-07 13:00:00+00:00
[2026-01-07T12:59:54.633+0000] {processor.py:183} INFO - Processing /opt/airflow/dags/etl_postgres_to_clickhouse.py took 0.377 seconds
[2026-01-07T13:00:24.909+0000] {processor.py:161} INFO - Started process (PID=614) to work on /opt/airflow/dags/etl_postgres_to_clickhouse.py
[2026-01-07T13:00:24.911+0000] {processor.py:830} INFO - Processing file /opt/airflow/dags/etl_postgres_to_clickhouse.py for tasks to queue
[2026-01-07T13:00:24.915+0000] {logging_mixin.py:188} INFO - [2026-01-07T13:00:24.914+0000] {dagbag.py:545} INFO - Filling up the DagBag from /opt/airflow/dags/etl_postgres_to_clickhouse.py
[2026-01-07T13:00:25.355+0000] {processor.py:840} INFO - DAG(s) 'pg_to_clickhouse_payload_parsing' retrieved from /opt/airflow/dags/etl_postgres_to_clickhouse.py
[2026-01-07T13:00:25.407+0000] {logging_mixin.py:188} INFO - [2026-01-07T13:00:25.407+0000] {dag.py:3096} INFO - Sync 1 DAGs
[2026-01-07T13:00:25.447+0000] {logging_mixin.py:188} INFO - [2026-01-07T13:00:25.447+0000] {dag.py:3954} INFO - Setting next_dagrun for pg_to_clickhouse_payload_parsing to 2026-01-07 13:00:20+00:00, run_after=2026-01-07 13:00:30+00:00
[2026-01-07T13:00:25.486+0000] {processor.py:183} INFO - Processing /opt/airflow/dags/etl_postgres_to_clickhouse.py took 0.591 seconds
[2026-01-07T13:00:55.675+0000] {processor.py:161} INFO - Started process (PID=639) to work on /opt/airflow/dags/etl_postgres_to_clickhouse.py
[2026-01-07T13:00:55.680+0000] {processor.py:830} INFO - Processing file /opt/airflow/dags/etl_postgres_to_clickhouse.py for tasks to queue
[2026-01-07T13:00:55.683+0000] {logging_mixin.py:188} INFO - [2026-01-07T13:00:55.683+0000] {dagbag.py:545} INFO - Filling up the DagBag from /opt/airflow/dags/etl_postgres_to_clickhouse.py
[2026-01-07T13:00:55.962+0000] {processor.py:840} INFO - DAG(s) 'pg_to_clickhouse_payload_parsing' retrieved from /opt/airflow/dags/etl_postgres_to_clickhouse.py
[2026-01-07T13:00:56.001+0000] {logging_mixin.py:188} INFO - [2026-01-07T13:00:56.001+0000] {dag.py:3096} INFO - Sync 1 DAGs
[2026-01-07T13:00:56.027+0000] {logging_mixin.py:188} INFO - [2026-01-07T13:00:56.027+0000] {dag.py:3954} INFO - Setting next_dagrun for pg_to_clickhouse_payload_parsing to 2026-01-07 13:00:50+00:00, run_after=2026-01-07 13:01:00+00:00
[2026-01-07T13:00:56.060+0000] {processor.py:183} INFO - Processing /opt/airflow/dags/etl_postgres_to_clickhouse.py took 0.395 seconds
[2026-01-07T13:01:26.496+0000] {processor.py:161} INFO - Started process (PID=664) to work on /opt/airflow/dags/etl_postgres_to_clickhouse.py
[2026-01-07T13:01:26.498+0000] {processor.py:830} INFO - Processing file /opt/airflow/dags/etl_postgres_to_clickhouse.py for tasks to queue
[2026-01-07T13:01:26.500+0000] {logging_mixin.py:188} INFO - [2026-01-07T13:01:26.500+0000] {dagbag.py:545} INFO - Filling up the DagBag from /opt/airflow/dags/etl_postgres_to_clickhouse.py
[2026-01-07T13:01:23.998+0000] {processor.py:840} INFO - DAG(s) 'pg_to_clickhouse_payload_parsing' retrieved from /opt/airflow/dags/etl_postgres_to_clickhouse.py
[2026-01-07T13:01:24.036+0000] {logging_mixin.py:188} INFO - [2026-01-07T13:01:24.035+0000] {dag.py:3096} INFO - Sync 1 DAGs
[2026-01-07T13:01:24.060+0000] {logging_mixin.py:188} INFO - [2026-01-07T13:01:24.060+0000] {dag.py:3954} INFO - Setting next_dagrun for pg_to_clickhouse_payload_parsing to 2026-01-07 13:01:20+00:00, run_after=2026-01-07 13:01:30+00:00
[2026-01-07T13:01:24.090+0000] {processor.py:183} INFO - Processing /opt/airflow/dags/etl_postgres_to_clickhouse.py took 0.327 seconds
[2026-01-07T13:01:54.405+0000] {processor.py:161} INFO - Started process (PID=696) to work on /opt/airflow/dags/etl_postgres_to_clickhouse.py
[2026-01-07T13:01:54.407+0000] {processor.py:830} INFO - Processing file /opt/airflow/dags/etl_postgres_to_clickhouse.py for tasks to queue
[2026-01-07T13:01:54.411+0000] {logging_mixin.py:188} INFO - [2026-01-07T13:01:54.411+0000] {dagbag.py:545} INFO - Filling up the DagBag from /opt/airflow/dags/etl_postgres_to_clickhouse.py
[2026-01-07T13:01:54.774+0000] {processor.py:840} INFO - DAG(s) 'pg_to_clickhouse_payload_parsing' retrieved from /opt/airflow/dags/etl_postgres_to_clickhouse.py
[2026-01-07T13:01:54.832+0000] {logging_mixin.py:188} INFO - [2026-01-07T13:01:54.831+0000] {dag.py:3096} INFO - Sync 1 DAGs
[2026-01-07T13:01:54.900+0000] {logging_mixin.py:188} INFO - [2026-01-07T13:01:54.900+0000] {dag.py:3954} INFO - Setting next_dagrun for pg_to_clickhouse_payload_parsing to 2026-01-07 13:01:50+00:00, run_after=2026-01-07 13:02:00+00:00
[2026-01-07T13:01:54.937+0000] {processor.py:183} INFO - Processing /opt/airflow/dags/etl_postgres_to_clickhouse.py took 0.546 seconds
[2026-01-07T13:02:25.145+0000] {processor.py:161} INFO - Started process (PID=721) to work on /opt/airflow/dags/etl_postgres_to_clickhouse.py
[2026-01-07T13:02:25.147+0000] {processor.py:830} INFO - Processing file /opt/airflow/dags/etl_postgres_to_clickhouse.py for tasks to queue
[2026-01-07T13:02:25.150+0000] {logging_mixin.py:188} INFO - [2026-01-07T13:02:25.150+0000] {dagbag.py:545} INFO - Filling up the DagBag from /opt/airflow/dags/etl_postgres_to_clickhouse.py
[2026-01-07T13:02:25.509+0000] {processor.py:840} INFO - DAG(s) 'pg_to_clickhouse_payload_parsing' retrieved from /opt/airflow/dags/etl_postgres_to_clickhouse.py
[2026-01-07T13:02:25.550+0000] {logging_mixin.py:188} INFO - [2026-01-07T13:02:25.550+0000] {dag.py:3096} INFO - Sync 1 DAGs
[2026-01-07T13:02:25.583+0000] {logging_mixin.py:188} INFO - [2026-01-07T13:02:25.582+0000] {dag.py:3954} INFO - Setting next_dagrun for pg_to_clickhouse_payload_parsing to 2026-01-07 13:02:20+00:00, run_after=2026-01-07 13:02:30+00:00
[2026-01-07T13:02:25.616+0000] {processor.py:183} INFO - Processing /opt/airflow/dags/etl_postgres_to_clickhouse.py took 0.480 seconds
[2026-01-07T13:02:56.017+0000] {processor.py:161} INFO - Started process (PID=746) to work on /opt/airflow/dags/etl_postgres_to_clickhouse.py
[2026-01-07T13:02:56.018+0000] {processor.py:830} INFO - Processing file /opt/airflow/dags/etl_postgres_to_clickhouse.py for tasks to queue
[2026-01-07T13:02:56.021+0000] {logging_mixin.py:188} INFO - [2026-01-07T13:02:56.020+0000] {dagbag.py:545} INFO - Filling up the DagBag from /opt/airflow/dags/etl_postgres_to_clickhouse.py
[2026-01-07T13:02:56.294+0000] {processor.py:840} INFO - DAG(s) 'pg_to_clickhouse_payload_parsing' retrieved from /opt/airflow/dags/etl_postgres_to_clickhouse.py
[2026-01-07T13:02:56.327+0000] {logging_mixin.py:188} INFO - [2026-01-07T13:02:56.327+0000] {dag.py:3096} INFO - Sync 1 DAGs
[2026-01-07T13:02:56.353+0000] {logging_mixin.py:188} INFO - [2026-01-07T13:02:56.353+0000] {dag.py:3954} INFO - Setting next_dagrun for pg_to_clickhouse_payload_parsing to 2026-01-07 13:02:50+00:00, run_after=2026-01-07 13:03:00+00:00
[2026-01-07T13:02:56.377+0000] {processor.py:183} INFO - Processing /opt/airflow/dags/etl_postgres_to_clickhouse.py took 0.367 seconds
[2026-01-07T13:03:26.736+0000] {processor.py:161} INFO - Started process (PID=778) to work on /opt/airflow/dags/etl_postgres_to_clickhouse.py
[2026-01-07T13:03:26.738+0000] {processor.py:830} INFO - Processing file /opt/airflow/dags/etl_postgres_to_clickhouse.py for tasks to queue
[2026-01-07T13:03:26.742+0000] {logging_mixin.py:188} INFO - [2026-01-07T13:03:26.741+0000] {dagbag.py:545} INFO - Filling up the DagBag from /opt/airflow/dags/etl_postgres_to_clickhouse.py
[2026-01-07T13:03:27.189+0000] {processor.py:840} INFO - DAG(s) 'pg_to_clickhouse_payload_parsing' retrieved from /opt/airflow/dags/etl_postgres_to_clickhouse.py
[2026-01-07T13:03:27.258+0000] {logging_mixin.py:188} INFO - [2026-01-07T13:03:27.258+0000] {dag.py:3096} INFO - Sync 1 DAGs
[2026-01-07T13:03:27.318+0000] {logging_mixin.py:188} INFO - [2026-01-07T13:03:27.317+0000] {dag.py:3954} INFO - Setting next_dagrun for pg_to_clickhouse_payload_parsing to 2026-01-07 13:03:20+00:00, run_after=2026-01-07 13:03:30+00:00
[2026-01-07T13:03:27.370+0000] {processor.py:183} INFO - Processing /opt/airflow/dags/etl_postgres_to_clickhouse.py took 0.647 seconds
[2026-01-07T13:03:57.917+0000] {processor.py:161} INFO - Started process (PID=804) to work on /opt/airflow/dags/etl_postgres_to_clickhouse.py
[2026-01-07T13:03:57.919+0000] {processor.py:830} INFO - Processing file /opt/airflow/dags/etl_postgres_to_clickhouse.py for tasks to queue
[2026-01-07T13:03:57.923+0000] {logging_mixin.py:188} INFO - [2026-01-07T13:03:57.922+0000] {dagbag.py:545} INFO - Filling up the DagBag from /opt/airflow/dags/etl_postgres_to_clickhouse.py
[2026-01-07T13:03:58.216+0000] {processor.py:840} INFO - DAG(s) 'pg_to_clickhouse_payload_parsing' retrieved from /opt/airflow/dags/etl_postgres_to_clickhouse.py
[2026-01-07T13:03:58.259+0000] {logging_mixin.py:188} INFO - [2026-01-07T13:03:58.258+0000] {dag.py:3096} INFO - Sync 1 DAGs
[2026-01-07T13:03:58.289+0000] {logging_mixin.py:188} INFO - [2026-01-07T13:03:58.289+0000] {dag.py:3954} INFO - Setting next_dagrun for pg_to_clickhouse_payload_parsing to 2026-01-07 13:03:50+00:00, run_after=2026-01-07 13:04:00+00:00
[2026-01-07T13:03:58.314+0000] {processor.py:183} INFO - Processing /opt/airflow/dags/etl_postgres_to_clickhouse.py took 0.408 seconds
[2026-01-07T13:04:28.401+0000] {processor.py:161} INFO - Started process (PID=836) to work on /opt/airflow/dags/etl_postgres_to_clickhouse.py
[2026-01-07T13:04:28.403+0000] {processor.py:830} INFO - Processing file /opt/airflow/dags/etl_postgres_to_clickhouse.py for tasks to queue
[2026-01-07T13:04:28.406+0000] {logging_mixin.py:188} INFO - [2026-01-07T13:04:28.405+0000] {dagbag.py:545} INFO - Filling up the DagBag from /opt/airflow/dags/etl_postgres_to_clickhouse.py
[2026-01-07T13:04:28.718+0000] {processor.py:840} INFO - DAG(s) 'pg_to_clickhouse_payload_parsing' retrieved from /opt/airflow/dags/etl_postgres_to_clickhouse.py
[2026-01-07T13:04:28.760+0000] {logging_mixin.py:188} INFO - [2026-01-07T13:04:28.760+0000] {dag.py:3096} INFO - Sync 1 DAGs
[2026-01-07T13:04:28.792+0000] {logging_mixin.py:188} INFO - [2026-01-07T13:04:28.792+0000] {dag.py:3954} INFO - Setting next_dagrun for pg_to_clickhouse_payload_parsing to 2026-01-07 13:04:20+00:00, run_after=2026-01-07 13:04:30+00:00
[2026-01-07T13:04:28.819+0000] {processor.py:183} INFO - Processing /opt/airflow/dags/etl_postgres_to_clickhouse.py took 0.427 seconds
[2026-01-07T13:04:59.342+0000] {processor.py:161} INFO - Started process (PID=862) to work on /opt/airflow/dags/etl_postgres_to_clickhouse.py
[2026-01-07T13:04:59.343+0000] {processor.py:830} INFO - Processing file /opt/airflow/dags/etl_postgres_to_clickhouse.py for tasks to queue
[2026-01-07T13:04:59.346+0000] {logging_mixin.py:188} INFO - [2026-01-07T13:04:59.346+0000] {dagbag.py:545} INFO - Filling up the DagBag from /opt/airflow/dags/etl_postgres_to_clickhouse.py
[2026-01-07T13:04:59.659+0000] {processor.py:840} INFO - DAG(s) 'pg_to_clickhouse_payload_parsing' retrieved from /opt/airflow/dags/etl_postgres_to_clickhouse.py
[2026-01-07T13:04:59.695+0000] {logging_mixin.py:188} INFO - [2026-01-07T13:04:59.695+0000] {dag.py:3096} INFO - Sync 1 DAGs
[2026-01-07T13:04:59.723+0000] {logging_mixin.py:188} INFO - [2026-01-07T13:04:59.723+0000] {dag.py:3954} INFO - Setting next_dagrun for pg_to_clickhouse_payload_parsing to 2026-01-07 13:04:50+00:00, run_after=2026-01-07 13:05:00+00:00
[2026-01-07T13:04:59.746+0000] {processor.py:183} INFO - Processing /opt/airflow/dags/etl_postgres_to_clickhouse.py took 0.415 seconds
[2026-01-07T13:05:29.840+0000] {processor.py:161} INFO - Started process (PID=887) to work on /opt/airflow/dags/etl_postgres_to_clickhouse.py
[2026-01-07T13:05:29.842+0000] {processor.py:830} INFO - Processing file /opt/airflow/dags/etl_postgres_to_clickhouse.py for tasks to queue
[2026-01-07T13:05:29.846+0000] {logging_mixin.py:188} INFO - [2026-01-07T13:05:29.846+0000] {dagbag.py:545} INFO - Filling up the DagBag from /opt/airflow/dags/etl_postgres_to_clickhouse.py
[2026-01-07T13:05:30.289+0000] {processor.py:840} INFO - DAG(s) 'pg_to_clickhouse_payload_parsing' retrieved from /opt/airflow/dags/etl_postgres_to_clickhouse.py
[2026-01-07T13:05:30.342+0000] {logging_mixin.py:188} INFO - [2026-01-07T13:05:30.341+0000] {dag.py:3096} INFO - Sync 1 DAGs
[2026-01-07T13:05:30.375+0000] {logging_mixin.py:188} INFO - [2026-01-07T13:05:30.375+0000] {dag.py:3954} INFO - Setting next_dagrun for pg_to_clickhouse_payload_parsing to 2026-01-07 13:05:20+00:00, run_after=2026-01-07 13:05:30+00:00
[2026-01-07T13:05:30.410+0000] {processor.py:183} INFO - Processing /opt/airflow/dags/etl_postgres_to_clickhouse.py took 0.585 seconds
[2026-01-07T13:06:01.058+0000] {processor.py:161} INFO - Started process (PID=919) to work on /opt/airflow/dags/etl_postgres_to_clickhouse.py
[2026-01-07T13:06:01.060+0000] {processor.py:830} INFO - Processing file /opt/airflow/dags/etl_postgres_to_clickhouse.py for tasks to queue
[2026-01-07T13:06:01.063+0000] {logging_mixin.py:188} INFO - [2026-01-07T13:06:01.063+0000] {dagbag.py:545} INFO - Filling up the DagBag from /opt/airflow/dags/etl_postgres_to_clickhouse.py
[2026-01-07T13:06:01.342+0000] {processor.py:840} INFO - DAG(s) 'pg_to_clickhouse_payload_parsing' retrieved from /opt/airflow/dags/etl_postgres_to_clickhouse.py
[2026-01-07T13:06:01.379+0000] {logging_mixin.py:188} INFO - [2026-01-07T13:06:01.379+0000] {dag.py:3096} INFO - Sync 1 DAGs
[2026-01-07T13:06:01.405+0000] {logging_mixin.py:188} INFO - [2026-01-07T13:06:01.405+0000] {dag.py:3954} INFO - Setting next_dagrun for pg_to_clickhouse_payload_parsing to 2026-01-07 13:06:00+00:00, run_after=2026-01-07 13:06:10+00:00
[2026-01-07T13:06:01.434+0000] {processor.py:183} INFO - Processing /opt/airflow/dags/etl_postgres_to_clickhouse.py took 0.384 seconds
[2026-01-07T13:06:31.757+0000] {processor.py:161} INFO - Started process (PID=946) to work on /opt/airflow/dags/etl_postgres_to_clickhouse.py
[2026-01-07T13:06:31.760+0000] {processor.py:830} INFO - Processing file /opt/airflow/dags/etl_postgres_to_clickhouse.py for tasks to queue
[2026-01-07T13:06:31.764+0000] {logging_mixin.py:188} INFO - [2026-01-07T13:06:31.763+0000] {dagbag.py:545} INFO - Filling up the DagBag from /opt/airflow/dags/etl_postgres_to_clickhouse.py
[2026-01-07T13:06:32.148+0000] {processor.py:840} INFO - DAG(s) 'pg_to_clickhouse_payload_parsing' retrieved from /opt/airflow/dags/etl_postgres_to_clickhouse.py
[2026-01-07T13:06:32.188+0000] {logging_mixin.py:188} INFO - [2026-01-07T13:06:32.188+0000] {dag.py:3096} INFO - Sync 1 DAGs
[2026-01-07T13:06:32.232+0000] {logging_mixin.py:188} INFO - [2026-01-07T13:06:32.232+0000] {dag.py:3954} INFO - Setting next_dagrun for pg_to_clickhouse_payload_parsing to 2026-01-07 13:06:30+00:00, run_after=2026-01-07 13:06:40+00:00
[2026-01-07T13:06:32.267+0000] {processor.py:183} INFO - Processing /opt/airflow/dags/etl_postgres_to_clickhouse.py took 0.517 seconds
[2026-01-07T13:07:02.433+0000] {processor.py:161} INFO - Started process (PID=978) to work on /opt/airflow/dags/etl_postgres_to_clickhouse.py
[2026-01-07T13:07:02.435+0000] {processor.py:830} INFO - Processing file /opt/airflow/dags/etl_postgres_to_clickhouse.py for tasks to queue
[2026-01-07T13:07:02.438+0000] {logging_mixin.py:188} INFO - [2026-01-07T13:07:02.438+0000] {dagbag.py:545} INFO - Filling up the DagBag from /opt/airflow/dags/etl_postgres_to_clickhouse.py
[2026-01-07T13:07:02.894+0000] {processor.py:840} INFO - DAG(s) 'pg_to_clickhouse_payload_parsing' retrieved from /opt/airflow/dags/etl_postgres_to_clickhouse.py
[2026-01-07T13:07:02.961+0000] {logging_mixin.py:188} INFO - [2026-01-07T13:07:02.960+0000] {dag.py:3096} INFO - Sync 1 DAGs
[2026-01-07T13:07:03.024+0000] {logging_mixin.py:188} INFO - [2026-01-07T13:07:03.023+0000] {dag.py:3954} INFO - Setting next_dagrun for pg_to_clickhouse_payload_parsing to 2026-01-07 13:07:00+00:00, run_after=2026-01-07 13:07:10+00:00
[2026-01-07T13:07:03.076+0000] {processor.py:183} INFO - Processing /opt/airflow/dags/etl_postgres_to_clickhouse.py took 0.655 seconds
[2026-01-07T13:07:33.277+0000] {processor.py:161} INFO - Started process (PID=1003) to work on /opt/airflow/dags/etl_postgres_to_clickhouse.py
[2026-01-07T13:07:33.279+0000] {processor.py:830} INFO - Processing file /opt/airflow/dags/etl_postgres_to_clickhouse.py for tasks to queue
[2026-01-07T13:07:33.283+0000] {logging_mixin.py:188} INFO - [2026-01-07T13:07:33.283+0000] {dagbag.py:545} INFO - Filling up the DagBag from /opt/airflow/dags/etl_postgres_to_clickhouse.py
[2026-01-07T13:07:33.577+0000] {processor.py:840} INFO - DAG(s) 'pg_to_clickhouse_payload_parsing' retrieved from /opt/airflow/dags/etl_postgres_to_clickhouse.py
[2026-01-07T13:07:33.619+0000] {logging_mixin.py:188} INFO - [2026-01-07T13:07:33.619+0000] {dag.py:3096} INFO - Sync 1 DAGs
[2026-01-07T13:07:33.646+0000] {logging_mixin.py:188} INFO - [2026-01-07T13:07:33.646+0000] {dag.py:3954} INFO - Setting next_dagrun for pg_to_clickhouse_payload_parsing to 2026-01-07 13:07:30+00:00, run_after=2026-01-07 13:07:40+00:00
[2026-01-07T13:07:33.673+0000] {processor.py:183} INFO - Processing /opt/airflow/dags/etl_postgres_to_clickhouse.py took 0.405 seconds
[2026-01-07T13:08:04.153+0000] {processor.py:161} INFO - Started process (PID=1028) to work on /opt/airflow/dags/etl_postgres_to_clickhouse.py
[2026-01-07T13:08:04.155+0000] {processor.py:830} INFO - Processing file /opt/airflow/dags/etl_postgres_to_clickhouse.py for tasks to queue
[2026-01-07T13:08:04.158+0000] {logging_mixin.py:188} INFO - [2026-01-07T13:08:04.158+0000] {dagbag.py:545} INFO - Filling up the DagBag from /opt/airflow/dags/etl_postgres_to_clickhouse.py
[2026-01-07T13:08:04.538+0000] {processor.py:840} INFO - DAG(s) 'pg_to_clickhouse_payload_parsing' retrieved from /opt/airflow/dags/etl_postgres_to_clickhouse.py
[2026-01-07T13:08:04.583+0000] {logging_mixin.py:188} INFO - [2026-01-07T13:08:04.583+0000] {dag.py:3096} INFO - Sync 1 DAGs
[2026-01-07T13:08:04.613+0000] {logging_mixin.py:188} INFO - [2026-01-07T13:08:04.612+0000] {dag.py:3954} INFO - Setting next_dagrun for pg_to_clickhouse_payload_parsing to 2026-01-07 13:08:00+00:00, run_after=2026-01-07 13:08:10+00:00
[2026-01-07T13:08:04.646+0000] {processor.py:183} INFO - Processing /opt/airflow/dags/etl_postgres_to_clickhouse.py took 0.506 seconds
[2026-01-07T13:08:34.764+0000] {processor.py:161} INFO - Started process (PID=1060) to work on /opt/airflow/dags/etl_postgres_to_clickhouse.py
[2026-01-07T13:08:34.766+0000] {processor.py:830} INFO - Processing file /opt/airflow/dags/etl_postgres_to_clickhouse.py for tasks to queue
[2026-01-07T13:08:34.770+0000] {logging_mixin.py:188} INFO - [2026-01-07T13:08:34.770+0000] {dagbag.py:545} INFO - Filling up the DagBag from /opt/airflow/dags/etl_postgres_to_clickhouse.py
[2026-01-07T13:08:35.191+0000] {processor.py:840} INFO - DAG(s) 'pg_to_clickhouse_payload_parsing' retrieved from /opt/airflow/dags/etl_postgres_to_clickhouse.py
[2026-01-07T13:08:35.237+0000] {logging_mixin.py:188} INFO - [2026-01-07T13:08:35.236+0000] {dag.py:3096} INFO - Sync 1 DAGs
[2026-01-07T13:08:35.278+0000] {logging_mixin.py:188} INFO - [2026-01-07T13:08:35.278+0000] {dag.py:3954} INFO - Setting next_dagrun for pg_to_clickhouse_payload_parsing to 2026-01-07 13:08:30+00:00, run_after=2026-01-07 13:08:40+00:00
[2026-01-07T13:08:35.325+0000] {processor.py:183} INFO - Processing /opt/airflow/dags/etl_postgres_to_clickhouse.py took 0.570 seconds
[2026-01-07T13:09:05.793+0000] {processor.py:161} INFO - Started process (PID=1085) to work on /opt/airflow/dags/etl_postgres_to_clickhouse.py
[2026-01-07T13:09:05.795+0000] {processor.py:830} INFO - Processing file /opt/airflow/dags/etl_postgres_to_clickhouse.py for tasks to queue
[2026-01-07T13:09:05.799+0000] {logging_mixin.py:188} INFO - [2026-01-07T13:09:05.798+0000] {dagbag.py:545} INFO - Filling up the DagBag from /opt/airflow/dags/etl_postgres_to_clickhouse.py
[2026-01-07T13:09:06.152+0000] {processor.py:840} INFO - DAG(s) 'pg_to_clickhouse_payload_parsing' retrieved from /opt/airflow/dags/etl_postgres_to_clickhouse.py
[2026-01-07T13:09:06.220+0000] {logging_mixin.py:188} INFO - [2026-01-07T13:09:06.219+0000] {dag.py:3096} INFO - Sync 1 DAGs
[2026-01-07T13:09:06.272+0000] {logging_mixin.py:188} INFO - [2026-01-07T13:09:06.272+0000] {dag.py:3954} INFO - Setting next_dagrun for pg_to_clickhouse_payload_parsing to 2026-01-07 13:09:00+00:00, run_after=2026-01-07 13:09:10+00:00
[2026-01-07T13:09:06.373+0000] {processor.py:183} INFO - Processing /opt/airflow/dags/etl_postgres_to_clickhouse.py took 0.592 seconds
[2026-01-07T13:09:36.989+0000] {processor.py:161} INFO - Started process (PID=1117) to work on /opt/airflow/dags/etl_postgres_to_clickhouse.py
[2026-01-07T13:09:36.991+0000] {processor.py:830} INFO - Processing file /opt/airflow/dags/etl_postgres_to_clickhouse.py for tasks to queue
[2026-01-07T13:09:36.994+0000] {logging_mixin.py:188} INFO - [2026-01-07T13:09:36.993+0000] {dagbag.py:545} INFO - Filling up the DagBag from /opt/airflow/dags/etl_postgres_to_clickhouse.py
[2026-01-07T13:09:37.296+0000] {processor.py:840} INFO - DAG(s) 'pg_to_clickhouse_payload_parsing' retrieved from /opt/airflow/dags/etl_postgres_to_clickhouse.py
[2026-01-07T13:09:37.335+0000] {logging_mixin.py:188} INFO - [2026-01-07T13:09:37.335+0000] {dag.py:3096} INFO - Sync 1 DAGs
[2026-01-07T13:09:37.371+0000] {logging_mixin.py:188} INFO - [2026-01-07T13:09:37.370+0000] {dag.py:3954} INFO - Setting next_dagrun for pg_to_clickhouse_payload_parsing to 2026-01-07 13:09:30+00:00, run_after=2026-01-07 13:09:40+00:00
[2026-01-07T13:09:37.417+0000] {processor.py:183} INFO - Processing /opt/airflow/dags/etl_postgres_to_clickhouse.py took 0.436 seconds
[2026-01-07T13:10:08.180+0000] {processor.py:161} INFO - Started process (PID=1142) to work on /opt/airflow/dags/etl_postgres_to_clickhouse.py
[2026-01-07T13:10:08.182+0000] {processor.py:830} INFO - Processing file /opt/airflow/dags/etl_postgres_to_clickhouse.py for tasks to queue
[2026-01-07T13:10:08.184+0000] {logging_mixin.py:188} INFO - [2026-01-07T13:10:08.184+0000] {dagbag.py:545} INFO - Filling up the DagBag from /opt/airflow/dags/etl_postgres_to_clickhouse.py
[2026-01-07T13:10:08.458+0000] {processor.py:840} INFO - DAG(s) 'pg_to_clickhouse_payload_parsing' retrieved from /opt/airflow/dags/etl_postgres_to_clickhouse.py
[2026-01-07T13:10:08.500+0000] {logging_mixin.py:188} INFO - [2026-01-07T13:10:08.500+0000] {dag.py:3096} INFO - Sync 1 DAGs
[2026-01-07T13:10:08.531+0000] {logging_mixin.py:188} INFO - [2026-01-07T13:10:08.531+0000] {dag.py:3954} INFO - Setting next_dagrun for pg_to_clickhouse_payload_parsing to 2026-01-07 13:10:00+00:00, run_after=2026-01-07 13:10:10+00:00
[2026-01-07T13:10:08.559+0000] {processor.py:183} INFO - Processing /opt/airflow/dags/etl_postgres_to_clickhouse.py took 0.386 seconds
[2026-01-07T13:10:38.718+0000] {processor.py:161} INFO - Started process (PID=1175) to work on /opt/airflow/dags/etl_postgres_to_clickhouse.py
[2026-01-07T13:10:38.720+0000] {processor.py:830} INFO - Processing file /opt/airflow/dags/etl_postgres_to_clickhouse.py for tasks to queue
[2026-01-07T13:10:38.722+0000] {logging_mixin.py:188} INFO - [2026-01-07T13:10:38.722+0000] {dagbag.py:545} INFO - Filling up the DagBag from /opt/airflow/dags/etl_postgres_to_clickhouse.py
[2026-01-07T13:10:39.089+0000] {processor.py:840} INFO - DAG(s) 'pg_to_clickhouse_payload_parsing' retrieved from /opt/airflow/dags/etl_postgres_to_clickhouse.py
[2026-01-07T13:10:39.131+0000] {logging_mixin.py:188} INFO - [2026-01-07T13:10:39.131+0000] {dag.py:3096} INFO - Sync 1 DAGs
[2026-01-07T13:10:39.165+0000] {logging_mixin.py:188} INFO - [2026-01-07T13:10:39.165+0000] {dag.py:3954} INFO - Setting next_dagrun for pg_to_clickhouse_payload_parsing to 2026-01-07 13:10:30+00:00, run_after=2026-01-07 13:10:40+00:00
[2026-01-07T13:10:39.200+0000] {processor.py:183} INFO - Processing /opt/airflow/dags/etl_postgres_to_clickhouse.py took 0.489 seconds
[2026-01-07T13:11:09.563+0000] {processor.py:161} INFO - Started process (PID=1200) to work on /opt/airflow/dags/etl_postgres_to_clickhouse.py
[2026-01-07T13:11:09.564+0000] {processor.py:830} INFO - Processing file /opt/airflow/dags/etl_postgres_to_clickhouse.py for tasks to queue
[2026-01-07T13:11:09.566+0000] {logging_mixin.py:188} INFO - [2026-01-07T13:11:09.566+0000] {dagbag.py:545} INFO - Filling up the DagBag from /opt/airflow/dags/etl_postgres_to_clickhouse.py
[2026-01-07T13:11:09.796+0000] {processor.py:840} INFO - DAG(s) 'pg_to_clickhouse_payload_parsing' retrieved from /opt/airflow/dags/etl_postgres_to_clickhouse.py
[2026-01-07T13:11:09.829+0000] {logging_mixin.py:188} INFO - [2026-01-07T13:11:09.829+0000] {dag.py:3096} INFO - Sync 1 DAGs
[2026-01-07T13:11:09.855+0000] {logging_mixin.py:188} INFO - [2026-01-07T13:11:09.855+0000] {dag.py:3954} INFO - Setting next_dagrun for pg_to_clickhouse_payload_parsing to 2026-01-07 13:11:00+00:00, run_after=2026-01-07 13:11:10+00:00
[2026-01-07T13:11:09.877+0000] {processor.py:183} INFO - Processing /opt/airflow/dags/etl_postgres_to_clickhouse.py took 0.322 seconds
[2026-01-07T13:11:40.253+0000] {processor.py:161} INFO - Started process (PID=1225) to work on /opt/airflow/dags/etl_postgres_to_clickhouse.py
[2026-01-07T13:11:40.254+0000] {processor.py:830} INFO - Processing file /opt/airflow/dags/etl_postgres_to_clickhouse.py for tasks to queue
[2026-01-07T13:11:40.257+0000] {logging_mixin.py:188} INFO - [2026-01-07T13:11:40.256+0000] {dagbag.py:545} INFO - Filling up the DagBag from /opt/airflow/dags/etl_postgres_to_clickhouse.py
[2026-01-07T13:11:40.542+0000] {processor.py:840} INFO - DAG(s) 'pg_to_clickhouse_payload_parsing' retrieved from /opt/airflow/dags/etl_postgres_to_clickhouse.py
[2026-01-07T13:11:40.581+0000] {logging_mixin.py:188} INFO - [2026-01-07T13:11:40.581+0000] {dag.py:3096} INFO - Sync 1 DAGs
[2026-01-07T13:11:40.613+0000] {logging_mixin.py:188} INFO - [2026-01-07T13:11:40.612+0000] {dag.py:3954} INFO - Setting next_dagrun for pg_to_clickhouse_payload_parsing to 2026-01-07 13:11:40+00:00, run_after=2026-01-07 13:11:50+00:00
[2026-01-07T13:11:40.644+0000] {processor.py:183} INFO - Processing /opt/airflow/dags/etl_postgres_to_clickhouse.py took 0.398 seconds
[2026-01-07T13:12:10.942+0000] {processor.py:161} INFO - Started process (PID=1258) to work on /opt/airflow/dags/etl_postgres_to_clickhouse.py
[2026-01-07T13:12:10.944+0000] {processor.py:830} INFO - Processing file /opt/airflow/dags/etl_postgres_to_clickhouse.py for tasks to queue
[2026-01-07T13:12:10.947+0000] {logging_mixin.py:188} INFO - [2026-01-07T13:12:10.946+0000] {dagbag.py:545} INFO - Filling up the DagBag from /opt/airflow/dags/etl_postgres_to_clickhouse.py
[2026-01-07T13:12:11.289+0000] {processor.py:840} INFO - DAG(s) 'pg_to_clickhouse_payload_parsing' retrieved from /opt/airflow/dags/etl_postgres_to_clickhouse.py
[2026-01-07T13:12:11.345+0000] {logging_mixin.py:188} INFO - [2026-01-07T13:12:11.345+0000] {dag.py:3096} INFO - Sync 1 DAGs
[2026-01-07T13:12:11.390+0000] {logging_mixin.py:188} INFO - [2026-01-07T13:12:11.389+0000] {dag.py:3954} INFO - Setting next_dagrun for pg_to_clickhouse_payload_parsing to 2026-01-07 13:12:10+00:00, run_after=2026-01-07 13:12:20+00:00
[2026-01-07T13:12:11.424+0000] {processor.py:183} INFO - Processing /opt/airflow/dags/etl_postgres_to_clickhouse.py took 0.493 seconds
[2026-01-07T13:12:41.790+0000] {processor.py:161} INFO - Started process (PID=1285) to work on /opt/airflow/dags/etl_postgres_to_clickhouse.py
[2026-01-07T13:12:41.792+0000] {processor.py:830} INFO - Processing file /opt/airflow/dags/etl_postgres_to_clickhouse.py for tasks to queue
[2026-01-07T13:12:41.794+0000] {logging_mixin.py:188} INFO - [2026-01-07T13:12:41.794+0000] {dagbag.py:545} INFO - Filling up the DagBag from /opt/airflow/dags/etl_postgres_to_clickhouse.py
[2026-01-07T13:12:42.097+0000] {processor.py:840} INFO - DAG(s) 'pg_to_clickhouse_payload_parsing' retrieved from /opt/airflow/dags/etl_postgres_to_clickhouse.py
[2026-01-07T13:12:42.135+0000] {logging_mixin.py:188} INFO - [2026-01-07T13:12:42.134+0000] {dag.py:3096} INFO - Sync 1 DAGs
[2026-01-07T13:12:42.162+0000] {logging_mixin.py:188} INFO - [2026-01-07T13:12:42.162+0000] {dag.py:3954} INFO - Setting next_dagrun for pg_to_clickhouse_payload_parsing to 2026-01-07 13:12:40+00:00, run_after=2026-01-07 13:12:50+00:00
[2026-01-07T13:12:42.187+0000] {processor.py:183} INFO - Processing /opt/airflow/dags/etl_postgres_to_clickhouse.py took 0.405 seconds
[2026-01-07T13:13:12.480+0000] {processor.py:161} INFO - Started process (PID=1317) to work on /opt/airflow/dags/etl_postgres_to_clickhouse.py
[2026-01-07T13:13:12.482+0000] {processor.py:830} INFO - Processing file /opt/airflow/dags/etl_postgres_to_clickhouse.py for tasks to queue
[2026-01-07T13:13:12.485+0000] {logging_mixin.py:188} INFO - [2026-01-07T13:13:12.484+0000] {dagbag.py:545} INFO - Filling up the DagBag from /opt/airflow/dags/etl_postgres_to_clickhouse.py
[2026-01-07T13:13:12.796+0000] {processor.py:840} INFO - DAG(s) 'pg_to_clickhouse_payload_parsing' retrieved from /opt/airflow/dags/etl_postgres_to_clickhouse.py
[2026-01-07T13:13:12.836+0000] {logging_mixin.py:188} INFO - [2026-01-07T13:13:12.835+0000] {dag.py:3096} INFO - Sync 1 DAGs
[2026-01-07T13:13:12.873+0000] {logging_mixin.py:188} INFO - [2026-01-07T13:13:12.872+0000] {dag.py:3954} INFO - Setting next_dagrun for pg_to_clickhouse_payload_parsing to 2026-01-07 13:13:10+00:00, run_after=2026-01-07 13:13:20+00:00
[2026-01-07T13:13:12.897+0000] {processor.py:183} INFO - Processing /opt/airflow/dags/etl_postgres_to_clickhouse.py took 0.429 seconds
[2026-01-07T13:13:43.222+0000] {processor.py:161} INFO - Started process (PID=1342) to work on /opt/airflow/dags/etl_postgres_to_clickhouse.py
[2026-01-07T13:13:43.226+0000] {processor.py:830} INFO - Processing file /opt/airflow/dags/etl_postgres_to_clickhouse.py for tasks to queue
[2026-01-07T13:13:43.229+0000] {logging_mixin.py:188} INFO - [2026-01-07T13:13:43.228+0000] {dagbag.py:545} INFO - Filling up the DagBag from /opt/airflow/dags/etl_postgres_to_clickhouse.py
[2026-01-07T13:13:42.585+0000] {processor.py:840} INFO - DAG(s) 'pg_to_clickhouse_payload_parsing' retrieved from /opt/airflow/dags/etl_postgres_to_clickhouse.py
[2026-01-07T13:13:40.837+0000] {logging_mixin.py:188} INFO - [2026-01-07T13:13:40.837+0000] {dag.py:3096} INFO - Sync 1 DAGs
[2026-01-07T13:13:40.904+0000] {logging_mixin.py:188} INFO - [2026-01-07T13:13:40.904+0000] {dag.py:3954} INFO - Setting next_dagrun for pg_to_clickhouse_payload_parsing to 2026-01-07 13:13:40+00:00, run_after=2026-01-07 13:13:50+00:00
[2026-01-07T13:13:40.950+0000] {processor.py:183} INFO - Processing /opt/airflow/dags/etl_postgres_to_clickhouse.py took 0.417 seconds
[2026-01-07T13:14:11.363+0000] {processor.py:161} INFO - Started process (PID=1374) to work on /opt/airflow/dags/etl_postgres_to_clickhouse.py
[2026-01-07T13:14:11.366+0000] {processor.py:830} INFO - Processing file /opt/airflow/dags/etl_postgres_to_clickhouse.py for tasks to queue
[2026-01-07T13:14:11.371+0000] {logging_mixin.py:188} INFO - [2026-01-07T13:14:11.370+0000] {dagbag.py:545} INFO - Filling up the DagBag from /opt/airflow/dags/etl_postgres_to_clickhouse.py
[2026-01-07T13:14:11.731+0000] {processor.py:840} INFO - DAG(s) 'pg_to_clickhouse_payload_parsing' retrieved from /opt/airflow/dags/etl_postgres_to_clickhouse.py
[2026-01-07T13:14:11.779+0000] {logging_mixin.py:188} INFO - [2026-01-07T13:14:11.778+0000] {dag.py:3096} INFO - Sync 1 DAGs
[2026-01-07T13:14:11.821+0000] {logging_mixin.py:188} INFO - [2026-01-07T13:14:11.821+0000] {dag.py:3954} INFO - Setting next_dagrun for pg_to_clickhouse_payload_parsing to 2026-01-07 13:14:10+00:00, run_after=2026-01-07 13:14:20+00:00
[2026-01-07T13:14:11.858+0000] {processor.py:183} INFO - Processing /opt/airflow/dags/etl_postgres_to_clickhouse.py took 0.510 seconds
[2026-01-07T13:14:41.985+0000] {processor.py:161} INFO - Started process (PID=1399) to work on /opt/airflow/dags/etl_postgres_to_clickhouse.py
[2026-01-07T13:14:41.987+0000] {processor.py:830} INFO - Processing file /opt/airflow/dags/etl_postgres_to_clickhouse.py for tasks to queue
[2026-01-07T13:14:41.989+0000] {logging_mixin.py:188} INFO - [2026-01-07T13:14:41.989+0000] {dagbag.py:545} INFO - Filling up the DagBag from /opt/airflow/dags/etl_postgres_to_clickhouse.py
[2026-01-07T13:14:42.322+0000] {processor.py:840} INFO - DAG(s) 'pg_to_clickhouse_payload_parsing' retrieved from /opt/airflow/dags/etl_postgres_to_clickhouse.py
[2026-01-07T13:14:42.363+0000] {logging_mixin.py:188} INFO - [2026-01-07T13:14:42.362+0000] {dag.py:3096} INFO - Sync 1 DAGs
[2026-01-07T13:14:42.398+0000] {logging_mixin.py:188} INFO - [2026-01-07T13:14:42.398+0000] {dag.py:3954} INFO - Setting next_dagrun for pg_to_clickhouse_payload_parsing to 2026-01-07 13:14:40+00:00, run_after=2026-01-07 13:14:50+00:00
[2026-01-07T13:14:42.426+0000] {processor.py:183} INFO - Processing /opt/airflow/dags/etl_postgres_to_clickhouse.py took 0.450 seconds
[2026-01-07T13:15:12.888+0000] {processor.py:161} INFO - Started process (PID=1431) to work on /opt/airflow/dags/etl_postgres_to_clickhouse.py
[2026-01-07T13:15:12.890+0000] {processor.py:830} INFO - Processing file /opt/airflow/dags/etl_postgres_to_clickhouse.py for tasks to queue
[2026-01-07T13:15:12.893+0000] {logging_mixin.py:188} INFO - [2026-01-07T13:15:12.892+0000] {dagbag.py:545} INFO - Filling up the DagBag from /opt/airflow/dags/etl_postgres_to_clickhouse.py
[2026-01-07T13:15:13.179+0000] {processor.py:840} INFO - DAG(s) 'pg_to_clickhouse_payload_parsing' retrieved from /opt/airflow/dags/etl_postgres_to_clickhouse.py
[2026-01-07T13:15:13.224+0000] {logging_mixin.py:188} INFO - [2026-01-07T13:15:13.223+0000] {dag.py:3096} INFO - Sync 1 DAGs
[2026-01-07T13:15:13.254+0000] {logging_mixin.py:188} INFO - [2026-01-07T13:15:13.254+0000] {dag.py:3954} INFO - Setting next_dagrun for pg_to_clickhouse_payload_parsing to 2026-01-07 13:15:10+00:00, run_after=2026-01-07 13:15:20+00:00
[2026-01-07T13:15:13.283+0000] {processor.py:183} INFO - Processing /opt/airflow/dags/etl_postgres_to_clickhouse.py took 0.406 seconds
[2026-01-07T13:15:43.402+0000] {processor.py:161} INFO - Started process (PID=1456) to work on /opt/airflow/dags/etl_postgres_to_clickhouse.py
[2026-01-07T13:15:43.403+0000] {processor.py:830} INFO - Processing file /opt/airflow/dags/etl_postgres_to_clickhouse.py for tasks to queue
[2026-01-07T13:15:43.406+0000] {logging_mixin.py:188} INFO - [2026-01-07T13:15:43.405+0000] {dagbag.py:545} INFO - Filling up the DagBag from /opt/airflow/dags/etl_postgres_to_clickhouse.py
[2026-01-07T13:15:43.681+0000] {processor.py:840} INFO - DAG(s) 'pg_to_clickhouse_payload_parsing' retrieved from /opt/airflow/dags/etl_postgres_to_clickhouse.py
[2026-01-07T13:15:43.722+0000] {logging_mixin.py:188} INFO - [2026-01-07T13:15:43.722+0000] {dag.py:3096} INFO - Sync 1 DAGs
[2026-01-07T13:15:43.752+0000] {logging_mixin.py:188} INFO - [2026-01-07T13:15:43.752+0000] {dag.py:3954} INFO - Setting next_dagrun for pg_to_clickhouse_payload_parsing to 2026-01-07 13:15:40+00:00, run_after=2026-01-07 13:15:50+00:00
[2026-01-07T13:15:43.777+0000] {processor.py:183} INFO - Processing /opt/airflow/dags/etl_postgres_to_clickhouse.py took 0.382 seconds
[2026-01-07T13:16:14.290+0000] {processor.py:161} INFO - Started process (PID=1488) to work on /opt/airflow/dags/etl_postgres_to_clickhouse.py
[2026-01-07T13:16:14.292+0000] {processor.py:830} INFO - Processing file /opt/airflow/dags/etl_postgres_to_clickhouse.py for tasks to queue
[2026-01-07T13:16:14.295+0000] {logging_mixin.py:188} INFO - [2026-01-07T13:16:14.294+0000] {dagbag.py:545} INFO - Filling up the DagBag from /opt/airflow/dags/etl_postgres_to_clickhouse.py
[2026-01-07T13:16:14.652+0000] {processor.py:840} INFO - DAG(s) 'pg_to_clickhouse_payload_parsing' retrieved from /opt/airflow/dags/etl_postgres_to_clickhouse.py
[2026-01-07T13:16:14.696+0000] {logging_mixin.py:188} INFO - [2026-01-07T13:16:14.696+0000] {dag.py:3096} INFO - Sync 1 DAGs
[2026-01-07T13:16:14.733+0000] {logging_mixin.py:188} INFO - [2026-01-07T13:16:14.732+0000] {dag.py:3954} INFO - Setting next_dagrun for pg_to_clickhouse_payload_parsing to 2026-01-07 13:16:10+00:00, run_after=2026-01-07 13:16:20+00:00
[2026-01-07T13:16:14.762+0000] {processor.py:183} INFO - Processing /opt/airflow/dags/etl_postgres_to_clickhouse.py took 0.480 seconds
[2026-01-07T13:16:45.289+0000] {processor.py:161} INFO - Started process (PID=1513) to work on /opt/airflow/dags/etl_postgres_to_clickhouse.py
[2026-01-07T13:16:45.291+0000] {processor.py:830} INFO - Processing file /opt/airflow/dags/etl_postgres_to_clickhouse.py for tasks to queue
[2026-01-07T13:16:45.294+0000] {logging_mixin.py:188} INFO - [2026-01-07T13:16:45.293+0000] {dagbag.py:545} INFO - Filling up the DagBag from /opt/airflow/dags/etl_postgres_to_clickhouse.py
[2026-01-07T13:16:45.599+0000] {processor.py:840} INFO - DAG(s) 'pg_to_clickhouse_payload_parsing' retrieved from /opt/airflow/dags/etl_postgres_to_clickhouse.py
[2026-01-07T13:16:45.642+0000] {logging_mixin.py:188} INFO - [2026-01-07T13:16:45.642+0000] {dag.py:3096} INFO - Sync 1 DAGs
[2026-01-07T13:16:45.679+0000] {logging_mixin.py:188} INFO - [2026-01-07T13:16:45.678+0000] {dag.py:3954} INFO - Setting next_dagrun for pg_to_clickhouse_payload_parsing to 2026-01-07 13:16:40+00:00, run_after=2026-01-07 13:16:50+00:00
[2026-01-07T13:16:45.711+0000] {processor.py:183} INFO - Processing /opt/airflow/dags/etl_postgres_to_clickhouse.py took 0.431 seconds
[2026-01-07T13:17:15.867+0000] {processor.py:161} INFO - Started process (PID=1538) to work on /opt/airflow/dags/etl_postgres_to_clickhouse.py
[2026-01-07T13:17:15.868+0000] {processor.py:830} INFO - Processing file /opt/airflow/dags/etl_postgres_to_clickhouse.py for tasks to queue
[2026-01-07T13:17:15.871+0000] {logging_mixin.py:188} INFO - [2026-01-07T13:17:15.871+0000] {dagbag.py:545} INFO - Filling up the DagBag from /opt/airflow/dags/etl_postgres_to_clickhouse.py
[2026-01-07T13:17:16.257+0000] {processor.py:840} INFO - DAG(s) 'pg_to_clickhouse_payload_parsing' retrieved from /opt/airflow/dags/etl_postgres_to_clickhouse.py
[2026-01-07T13:17:16.314+0000] {logging_mixin.py:188} INFO - [2026-01-07T13:17:16.313+0000] {dag.py:3096} INFO - Sync 1 DAGs
[2026-01-07T13:17:16.364+0000] {logging_mixin.py:188} INFO - [2026-01-07T13:17:16.364+0000] {dag.py:3954} INFO - Setting next_dagrun for pg_to_clickhouse_payload_parsing to 2026-01-07 13:17:10+00:00, run_after=2026-01-07 13:17:20+00:00
[2026-01-07T13:17:16.402+0000] {processor.py:183} INFO - Processing /opt/airflow/dags/etl_postgres_to_clickhouse.py took 0.546 seconds
[2026-01-07T13:18:32.487+0000] {processor.py:161} INFO - Started process (PID=190) to work on /opt/airflow/dags/etl_postgres_to_clickhouse.py
[2026-01-07T13:18:32.489+0000] {processor.py:830} INFO - Processing file /opt/airflow/dags/etl_postgres_to_clickhouse.py for tasks to queue
[2026-01-07T13:18:32.493+0000] {logging_mixin.py:188} INFO - [2026-01-07T13:18:32.492+0000] {dagbag.py:545} INFO - Filling up the DagBag from /opt/airflow/dags/etl_postgres_to_clickhouse.py
[2026-01-07T13:18:32.892+0000] {processor.py:840} INFO - DAG(s) 'pg_to_clickhouse_payload_parsing' retrieved from /opt/airflow/dags/etl_postgres_to_clickhouse.py
[2026-01-07T13:18:33.142+0000] {logging_mixin.py:188} INFO - [2026-01-07T13:18:33.141+0000] {override.py:1829} INFO - Created Permission View: can edit on DAG:pg_to_clickhouse_payload_parsing
[2026-01-07T13:18:33.163+0000] {logging_mixin.py:188} INFO - [2026-01-07T13:18:33.163+0000] {override.py:1829} INFO - Created Permission View: can read on DAG:pg_to_clickhouse_payload_parsing
[2026-01-07T13:18:33.174+0000] {logging_mixin.py:188} INFO - [2026-01-07T13:18:33.174+0000] {override.py:1829} INFO - Created Permission View: can delete on DAG:pg_to_clickhouse_payload_parsing
[2026-01-07T13:18:33.175+0000] {logging_mixin.py:188} INFO - [2026-01-07T13:18:33.175+0000] {dag.py:3096} INFO - Sync 1 DAGs
[2026-01-07T13:18:33.193+0000] {logging_mixin.py:188} INFO - [2026-01-07T13:18:33.192+0000] {dag.py:3118} INFO - Creating ORM DAG for pg_to_clickhouse_payload_parsing
[2026-01-07T13:18:33.207+0000] {logging_mixin.py:188} INFO - [2026-01-07T13:18:33.206+0000] {dag.py:3954} INFO - Setting next_dagrun for pg_to_clickhouse_payload_parsing to 2026-01-07 13:18:20+00:00, run_after=2026-01-07 13:18:30+00:00
[2026-01-07T13:18:33.231+0000] {processor.py:183} INFO - Processing /opt/airflow/dags/etl_postgres_to_clickhouse.py took 0.756 seconds
[2026-01-07T13:19:03.806+0000] {processor.py:161} INFO - Started process (PID=234) to work on /opt/airflow/dags/etl_postgres_to_clickhouse.py
[2026-01-07T13:19:03.807+0000] {processor.py:830} INFO - Processing file /opt/airflow/dags/etl_postgres_to_clickhouse.py for tasks to queue
[2026-01-07T13:19:03.811+0000] {logging_mixin.py:188} INFO - [2026-01-07T13:19:03.810+0000] {dagbag.py:545} INFO - Filling up the DagBag from /opt/airflow/dags/etl_postgres_to_clickhouse.py
[2026-01-07T13:19:04.192+0000] {processor.py:840} INFO - DAG(s) 'pg_to_clickhouse_payload_parsing' retrieved from /opt/airflow/dags/etl_postgres_to_clickhouse.py
[2026-01-07T13:19:04.261+0000] {logging_mixin.py:188} INFO - [2026-01-07T13:19:04.261+0000] {dag.py:3096} INFO - Sync 1 DAGs
[2026-01-07T13:19:04.312+0000] {logging_mixin.py:188} INFO - [2026-01-07T13:19:04.311+0000] {dag.py:3954} INFO - Setting next_dagrun for pg_to_clickhouse_payload_parsing to 2026-01-07 13:19:00+00:00, run_after=2026-01-07 13:19:10+00:00
[2026-01-07T13:19:04.349+0000] {processor.py:183} INFO - Processing /opt/airflow/dags/etl_postgres_to_clickhouse.py took 0.554 seconds
[2026-01-07T13:19:34.601+0000] {processor.py:161} INFO - Started process (PID=269) to work on /opt/airflow/dags/etl_postgres_to_clickhouse.py
[2026-01-07T13:19:34.602+0000] {processor.py:830} INFO - Processing file /opt/airflow/dags/etl_postgres_to_clickhouse.py for tasks to queue
[2026-01-07T13:19:34.605+0000] {logging_mixin.py:188} INFO - [2026-01-07T13:19:34.604+0000] {dagbag.py:545} INFO - Filling up the DagBag from /opt/airflow/dags/etl_postgres_to_clickhouse.py
[2026-01-07T13:19:34.980+0000] {processor.py:840} INFO - DAG(s) 'pg_to_clickhouse_payload_parsing' retrieved from /opt/airflow/dags/etl_postgres_to_clickhouse.py
[2026-01-07T13:19:35.030+0000] {logging_mixin.py:188} INFO - [2026-01-07T13:19:35.030+0000] {dag.py:3096} INFO - Sync 1 DAGs
[2026-01-07T13:19:35.080+0000] {logging_mixin.py:188} INFO - [2026-01-07T13:19:35.080+0000] {dag.py:3954} INFO - Setting next_dagrun for pg_to_clickhouse_payload_parsing to 2026-01-07 13:19:30+00:00, run_after=2026-01-07 13:19:40+00:00
[2026-01-07T13:19:35.114+0000] {processor.py:183} INFO - Processing /opt/airflow/dags/etl_postgres_to_clickhouse.py took 0.525 seconds
[2026-01-07T13:20:05.493+0000] {processor.py:161} INFO - Started process (PID=301) to work on /opt/airflow/dags/etl_postgres_to_clickhouse.py
[2026-01-07T13:20:05.495+0000] {processor.py:830} INFO - Processing file /opt/airflow/dags/etl_postgres_to_clickhouse.py for tasks to queue
[2026-01-07T13:20:05.500+0000] {logging_mixin.py:188} INFO - [2026-01-07T13:20:05.499+0000] {dagbag.py:545} INFO - Filling up the DagBag from /opt/airflow/dags/etl_postgres_to_clickhouse.py
[2026-01-07T13:20:03.141+0000] {processor.py:840} INFO - DAG(s) 'pg_to_clickhouse_payload_parsing' retrieved from /opt/airflow/dags/etl_postgres_to_clickhouse.py
[2026-01-07T13:20:03.191+0000] {logging_mixin.py:188} INFO - [2026-01-07T13:20:03.191+0000] {dag.py:3096} INFO - Sync 1 DAGs
[2026-01-07T13:20:03.235+0000] {logging_mixin.py:188} INFO - [2026-01-07T13:20:03.235+0000] {dag.py:3954} INFO - Setting next_dagrun for pg_to_clickhouse_payload_parsing to 2026-01-07 13:20:00+00:00, run_after=2026-01-07 13:20:10+00:00
[2026-01-07T13:20:03.268+0000] {processor.py:183} INFO - Processing /opt/airflow/dags/etl_postgres_to_clickhouse.py took 0.521 seconds
[2026-01-07T13:20:34.108+0000] {processor.py:161} INFO - Started process (PID=326) to work on /opt/airflow/dags/etl_postgres_to_clickhouse.py
[2026-01-07T13:20:34.127+0000] {processor.py:830} INFO - Processing file /opt/airflow/dags/etl_postgres_to_clickhouse.py for tasks to queue
[2026-01-07T13:20:34.143+0000] {logging_mixin.py:188} INFO - [2026-01-07T13:20:34.140+0000] {dagbag.py:545} INFO - Filling up the DagBag from /opt/airflow/dags/etl_postgres_to_clickhouse.py
[2026-01-07T13:20:38.385+0000] {processor.py:840} INFO - DAG(s) 'pg_to_clickhouse_payload_parsing' retrieved from /opt/airflow/dags/etl_postgres_to_clickhouse.py
[2026-01-07T13:20:38.882+0000] {logging_mixin.py:188} INFO - [2026-01-07T13:20:38.880+0000] {dag.py:3096} INFO - Sync 1 DAGs
[2026-01-07T13:20:39.463+0000] {logging_mixin.py:188} INFO - [2026-01-07T13:20:39.448+0000] {dag.py:3954} INFO - Setting next_dagrun for pg_to_clickhouse_payload_parsing to 2026-01-07 13:20:30+00:00, run_after=2026-01-07 13:20:40+00:00
[2026-01-07T13:20:40.010+0000] {processor.py:183} INFO - Processing /opt/airflow/dags/etl_postgres_to_clickhouse.py took 6.020 seconds
[2026-01-07T13:21:11.118+0000] {processor.py:161} INFO - Started process (PID=351) to work on /opt/airflow/dags/etl_postgres_to_clickhouse.py
[2026-01-07T13:21:11.127+0000] {processor.py:830} INFO - Processing file /opt/airflow/dags/etl_postgres_to_clickhouse.py for tasks to queue
[2026-01-07T13:21:11.150+0000] {logging_mixin.py:188} INFO - [2026-01-07T13:21:11.148+0000] {dagbag.py:545} INFO - Filling up the DagBag from /opt/airflow/dags/etl_postgres_to_clickhouse.py
[2026-01-07T13:21:14.943+0000] {processor.py:840} INFO - DAG(s) 'pg_to_clickhouse_payload_parsing' retrieved from /opt/airflow/dags/etl_postgres_to_clickhouse.py
[2026-01-07T13:21:15.282+0000] {logging_mixin.py:188} INFO - [2026-01-07T13:21:15.280+0000] {dag.py:3096} INFO - Sync 1 DAGs
[2026-01-07T13:21:15.507+0000] {logging_mixin.py:188} INFO - [2026-01-07T13:21:15.506+0000] {dag.py:3954} INFO - Setting next_dagrun for pg_to_clickhouse_payload_parsing to 2026-01-07 13:21:10+00:00, run_after=2026-01-07 13:21:20+00:00
[2026-01-07T13:21:15.695+0000] {processor.py:183} INFO - Processing /opt/airflow/dags/etl_postgres_to_clickhouse.py took 4.637 seconds
[2026-01-07T13:21:46.263+0000] {processor.py:161} INFO - Started process (PID=371) to work on /opt/airflow/dags/etl_postgres_to_clickhouse.py
[2026-01-07T13:21:46.264+0000] {processor.py:830} INFO - Processing file /opt/airflow/dags/etl_postgres_to_clickhouse.py for tasks to queue
[2026-01-07T13:21:46.267+0000] {logging_mixin.py:188} INFO - [2026-01-07T13:21:46.266+0000] {dagbag.py:545} INFO - Filling up the DagBag from /opt/airflow/dags/etl_postgres_to_clickhouse.py
[2026-01-07T13:21:46.529+0000] {processor.py:840} INFO - DAG(s) 'pg_to_clickhouse_payload_parsing' retrieved from /opt/airflow/dags/etl_postgres_to_clickhouse.py
[2026-01-07T13:21:46.570+0000] {logging_mixin.py:188} INFO - [2026-01-07T13:21:46.570+0000] {dag.py:3096} INFO - Sync 1 DAGs
[2026-01-07T13:21:46.600+0000] {logging_mixin.py:188} INFO - [2026-01-07T13:21:46.600+0000] {dag.py:3954} INFO - Setting next_dagrun for pg_to_clickhouse_payload_parsing to 2026-01-07 13:21:40+00:00, run_after=2026-01-07 13:21:50+00:00
[2026-01-07T13:21:46.631+0000] {processor.py:183} INFO - Processing /opt/airflow/dags/etl_postgres_to_clickhouse.py took 0.375 seconds
[2026-01-07T13:22:16.983+0000] {processor.py:161} INFO - Started process (PID=397) to work on /opt/airflow/dags/etl_postgres_to_clickhouse.py
[2026-01-07T13:22:16.984+0000] {processor.py:830} INFO - Processing file /opt/airflow/dags/etl_postgres_to_clickhouse.py for tasks to queue
[2026-01-07T13:22:16.987+0000] {logging_mixin.py:188} INFO - [2026-01-07T13:22:16.986+0000] {dagbag.py:545} INFO - Filling up the DagBag from /opt/airflow/dags/etl_postgres_to_clickhouse.py
[2026-01-07T13:22:17.225+0000] {processor.py:840} INFO - DAG(s) 'pg_to_clickhouse_payload_parsing' retrieved from /opt/airflow/dags/etl_postgres_to_clickhouse.py
[2026-01-07T13:22:17.260+0000] {logging_mixin.py:188} INFO - [2026-01-07T13:22:17.260+0000] {dag.py:3096} INFO - Sync 1 DAGs
[2026-01-07T13:22:17.286+0000] {logging_mixin.py:188} INFO - [2026-01-07T13:22:17.285+0000] {dag.py:3954} INFO - Setting next_dagrun for pg_to_clickhouse_payload_parsing to 2026-01-07 13:22:10+00:00, run_after=2026-01-07 13:22:20+00:00
[2026-01-07T13:22:17.513+0000] {processor.py:183} INFO - Processing /opt/airflow/dags/etl_postgres_to_clickhouse.py took 0.538 seconds
[2026-01-07T13:23:50.732+0000] {processor.py:161} INFO - Started process (PID=197) to work on /opt/airflow/dags/etl_postgres_to_clickhouse.py
[2026-01-07T13:23:50.735+0000] {processor.py:830} INFO - Processing file /opt/airflow/dags/etl_postgres_to_clickhouse.py for tasks to queue
[2026-01-07T13:23:50.738+0000] {logging_mixin.py:188} INFO - [2026-01-07T13:23:50.737+0000] {dagbag.py:545} INFO - Filling up the DagBag from /opt/airflow/dags/etl_postgres_to_clickhouse.py
[2026-01-07T13:23:51.144+0000] {processor.py:840} INFO - DAG(s) 'pg_to_clickhouse_payload_parsing' retrieved from /opt/airflow/dags/etl_postgres_to_clickhouse.py
[2026-01-07T13:23:51.460+0000] {logging_mixin.py:188} INFO - [2026-01-07T13:23:51.459+0000] {override.py:1829} INFO - Created Permission View: can delete on DAG:pg_to_clickhouse_payload_parsing
[2026-01-07T13:23:51.479+0000] {logging_mixin.py:188} INFO - [2026-01-07T13:23:51.479+0000] {override.py:1829} INFO - Created Permission View: can read on DAG:pg_to_clickhouse_payload_parsing
[2026-01-07T13:23:51.492+0000] {logging_mixin.py:188} INFO - [2026-01-07T13:23:51.491+0000] {override.py:1829} INFO - Created Permission View: can edit on DAG:pg_to_clickhouse_payload_parsing
[2026-01-07T13:23:51.493+0000] {logging_mixin.py:188} INFO - [2026-01-07T13:23:51.493+0000] {dag.py:3096} INFO - Sync 1 DAGs
[2026-01-07T13:23:51.512+0000] {logging_mixin.py:188} INFO - [2026-01-07T13:23:51.512+0000] {dag.py:3118} INFO - Creating ORM DAG for pg_to_clickhouse_payload_parsing
[2026-01-07T13:23:51.533+0000] {logging_mixin.py:188} INFO - [2026-01-07T13:23:51.532+0000] {dag.py:3954} INFO - Setting next_dagrun for pg_to_clickhouse_payload_parsing to 2026-01-07 13:23:40+00:00, run_after=2026-01-07 13:23:50+00:00
[2026-01-07T13:23:51.573+0000] {processor.py:183} INFO - Processing /opt/airflow/dags/etl_postgres_to_clickhouse.py took 0.854 seconds
[2026-01-07T13:24:22.239+0000] {processor.py:161} INFO - Started process (PID=235) to work on /opt/airflow/dags/etl_postgres_to_clickhouse.py
[2026-01-07T13:24:22.242+0000] {processor.py:830} INFO - Processing file /opt/airflow/dags/etl_postgres_to_clickhouse.py for tasks to queue
[2026-01-07T13:24:22.246+0000] {logging_mixin.py:188} INFO - [2026-01-07T13:24:22.245+0000] {dagbag.py:545} INFO - Filling up the DagBag from /opt/airflow/dags/etl_postgres_to_clickhouse.py
[2026-01-07T13:24:22.716+0000] {processor.py:840} INFO - DAG(s) 'pg_to_clickhouse_payload_parsing' retrieved from /opt/airflow/dags/etl_postgres_to_clickhouse.py
[2026-01-07T13:24:22.777+0000] {logging_mixin.py:188} INFO - [2026-01-07T13:24:22.777+0000] {dag.py:3096} INFO - Sync 1 DAGs
[2026-01-07T13:24:22.822+0000] {logging_mixin.py:188} INFO - [2026-01-07T13:24:22.821+0000] {dag.py:3954} INFO - Setting next_dagrun for pg_to_clickhouse_payload_parsing to 2026-01-07 13:24:20+00:00, run_after=2026-01-07 13:24:30+00:00
[2026-01-07T13:24:22.862+0000] {processor.py:183} INFO - Processing /opt/airflow/dags/etl_postgres_to_clickhouse.py took 0.635 seconds
[2026-01-07T13:24:53.525+0000] {processor.py:161} INFO - Started process (PID=269) to work on /opt/airflow/dags/etl_postgres_to_clickhouse.py
[2026-01-07T13:24:53.527+0000] {processor.py:830} INFO - Processing file /opt/airflow/dags/etl_postgres_to_clickhouse.py for tasks to queue
[2026-01-07T13:24:53.530+0000] {logging_mixin.py:188} INFO - [2026-01-07T13:24:53.529+0000] {dagbag.py:545} INFO - Filling up the DagBag from /opt/airflow/dags/etl_postgres_to_clickhouse.py
[2026-01-07T13:24:53.946+0000] {processor.py:840} INFO - DAG(s) 'pg_to_clickhouse_payload_parsing' retrieved from /opt/airflow/dags/etl_postgres_to_clickhouse.py
[2026-01-07T13:24:54.005+0000] {logging_mixin.py:188} INFO - [2026-01-07T13:24:54.004+0000] {dag.py:3096} INFO - Sync 1 DAGs
[2026-01-07T13:24:54.065+0000] {logging_mixin.py:188} INFO - [2026-01-07T13:24:54.064+0000] {dag.py:3954} INFO - Setting next_dagrun for pg_to_clickhouse_payload_parsing to 2026-01-07 13:24:50+00:00, run_after=2026-01-07 13:25:00+00:00
[2026-01-07T13:24:54.111+0000] {processor.py:183} INFO - Processing /opt/airflow/dags/etl_postgres_to_clickhouse.py took 0.597 seconds
[2026-01-07T13:25:24.525+0000] {processor.py:161} INFO - Started process (PID=294) to work on /opt/airflow/dags/etl_postgres_to_clickhouse.py
[2026-01-07T13:25:24.527+0000] {processor.py:830} INFO - Processing file /opt/airflow/dags/etl_postgres_to_clickhouse.py for tasks to queue
[2026-01-07T13:25:24.531+0000] {logging_mixin.py:188} INFO - [2026-01-07T13:25:24.530+0000] {dagbag.py:545} INFO - Filling up the DagBag from /opt/airflow/dags/etl_postgres_to_clickhouse.py
[2026-01-07T13:25:24.903+0000] {processor.py:840} INFO - DAG(s) 'pg_to_clickhouse_payload_parsing' retrieved from /opt/airflow/dags/etl_postgres_to_clickhouse.py
[2026-01-07T13:25:24.956+0000] {logging_mixin.py:188} INFO - [2026-01-07T13:25:24.956+0000] {dag.py:3096} INFO - Sync 1 DAGs
[2026-01-07T13:25:25.000+0000] {logging_mixin.py:188} INFO - [2026-01-07T13:25:25.000+0000] {dag.py:3954} INFO - Setting next_dagrun for pg_to_clickhouse_payload_parsing to 2026-01-07 13:25:20+00:00, run_after=2026-01-07 13:25:30+00:00
[2026-01-07T13:25:25.040+0000] {processor.py:183} INFO - Processing /opt/airflow/dags/etl_postgres_to_clickhouse.py took 0.528 seconds
[2026-01-07T13:25:55.334+0000] {processor.py:161} INFO - Started process (PID=326) to work on /opt/airflow/dags/etl_postgres_to_clickhouse.py
[2026-01-07T13:25:55.337+0000] {processor.py:830} INFO - Processing file /opt/airflow/dags/etl_postgres_to_clickhouse.py for tasks to queue
[2026-01-07T13:25:55.341+0000] {logging_mixin.py:188} INFO - [2026-01-07T13:25:55.341+0000] {dagbag.py:545} INFO - Filling up the DagBag from /opt/airflow/dags/etl_postgres_to_clickhouse.py
[2026-01-07T13:25:55.817+0000] {processor.py:840} INFO - DAG(s) 'pg_to_clickhouse_payload_parsing' retrieved from /opt/airflow/dags/etl_postgres_to_clickhouse.py
[2026-01-07T13:25:55.885+0000] {logging_mixin.py:188} INFO - [2026-01-07T13:25:55.884+0000] {dag.py:3096} INFO - Sync 1 DAGs
[2026-01-07T13:25:55.940+0000] {logging_mixin.py:188} INFO - [2026-01-07T13:25:55.940+0000] {dag.py:3954} INFO - Setting next_dagrun for pg_to_clickhouse_payload_parsing to 2026-01-07 13:25:50+00:00, run_after=2026-01-07 13:26:00+00:00
[2026-01-07T13:25:55.984+0000] {processor.py:183} INFO - Processing /opt/airflow/dags/etl_postgres_to_clickhouse.py took 0.660 seconds
[2026-01-07T13:26:26.288+0000] {processor.py:161} INFO - Started process (PID=351) to work on /opt/airflow/dags/etl_postgres_to_clickhouse.py
[2026-01-07T13:26:26.290+0000] {processor.py:830} INFO - Processing file /opt/airflow/dags/etl_postgres_to_clickhouse.py for tasks to queue
[2026-01-07T13:26:26.293+0000] {logging_mixin.py:188} INFO - [2026-01-07T13:26:26.293+0000] {dagbag.py:545} INFO - Filling up the DagBag from /opt/airflow/dags/etl_postgres_to_clickhouse.py
[2026-01-07T13:26:26.725+0000] {processor.py:840} INFO - DAG(s) 'pg_to_clickhouse_payload_parsing' retrieved from /opt/airflow/dags/etl_postgres_to_clickhouse.py
[2026-01-07T13:26:26.780+0000] {logging_mixin.py:188} INFO - [2026-01-07T13:26:26.779+0000] {dag.py:3096} INFO - Sync 1 DAGs
[2026-01-07T13:26:26.822+0000] {logging_mixin.py:188} INFO - [2026-01-07T13:26:26.821+0000] {dag.py:3954} INFO - Setting next_dagrun for pg_to_clickhouse_payload_parsing to 2026-01-07 13:26:20+00:00, run_after=2026-01-07 13:26:30+00:00
[2026-01-07T13:26:26.863+0000] {processor.py:183} INFO - Processing /opt/airflow/dags/etl_postgres_to_clickhouse.py took 0.586 seconds
[2026-01-07T13:26:57.651+0000] {processor.py:161} INFO - Started process (PID=376) to work on /opt/airflow/dags/etl_postgres_to_clickhouse.py
[2026-01-07T13:26:57.655+0000] {processor.py:830} INFO - Processing file /opt/airflow/dags/etl_postgres_to_clickhouse.py for tasks to queue
[2026-01-07T13:26:57.660+0000] {logging_mixin.py:188} INFO - [2026-01-07T13:26:57.659+0000] {dagbag.py:545} INFO - Filling up the DagBag from /opt/airflow/dags/etl_postgres_to_clickhouse.py
[2026-01-07T13:26:58.183+0000] {processor.py:840} INFO - DAG(s) 'pg_to_clickhouse_payload_parsing' retrieved from /opt/airflow/dags/etl_postgres_to_clickhouse.py
[2026-01-07T13:26:58.260+0000] {logging_mixin.py:188} INFO - [2026-01-07T13:26:58.259+0000] {dag.py:3096} INFO - Sync 1 DAGs
[2026-01-07T13:26:58.321+0000] {logging_mixin.py:188} INFO - [2026-01-07T13:26:58.321+0000] {dag.py:3954} INFO - Setting next_dagrun for pg_to_clickhouse_payload_parsing to 2026-01-07 13:26:50+00:00, run_after=2026-01-07 13:27:00+00:00
[2026-01-07T13:26:58.370+0000] {processor.py:183} INFO - Processing /opt/airflow/dags/etl_postgres_to_clickhouse.py took 0.733 seconds
[2026-01-07T13:27:29.244+0000] {processor.py:161} INFO - Started process (PID=402) to work on /opt/airflow/dags/etl_postgres_to_clickhouse.py
[2026-01-07T13:27:29.251+0000] {processor.py:830} INFO - Processing file /opt/airflow/dags/etl_postgres_to_clickhouse.py for tasks to queue
[2026-01-07T13:27:29.266+0000] {logging_mixin.py:188} INFO - [2026-01-07T13:27:29.264+0000] {dagbag.py:545} INFO - Filling up the DagBag from /opt/airflow/dags/etl_postgres_to_clickhouse.py
[2026-01-07T13:27:31.538+0000] {processor.py:840} INFO - DAG(s) 'pg_to_clickhouse_payload_parsing' retrieved from /opt/airflow/dags/etl_postgres_to_clickhouse.py
[2026-01-07T13:27:31.640+0000] {logging_mixin.py:188} INFO - [2026-01-07T13:27:31.640+0000] {dag.py:3096} INFO - Sync 1 DAGs
[2026-01-07T13:27:31.716+0000] {logging_mixin.py:188} INFO - [2026-01-07T13:27:31.715+0000] {dag.py:3954} INFO - Setting next_dagrun for pg_to_clickhouse_payload_parsing to 2026-01-07 13:27:30+00:00, run_after=2026-01-07 13:27:40+00:00
[2026-01-07T13:27:31.784+0000] {processor.py:183} INFO - Processing /opt/airflow/dags/etl_postgres_to_clickhouse.py took 2.582 seconds
[2026-01-07T13:28:02.414+0000] {processor.py:161} INFO - Started process (PID=436) to work on /opt/airflow/dags/etl_postgres_to_clickhouse.py
[2026-01-07T13:28:02.416+0000] {processor.py:830} INFO - Processing file /opt/airflow/dags/etl_postgres_to_clickhouse.py for tasks to queue
[2026-01-07T13:28:02.418+0000] {logging_mixin.py:188} INFO - [2026-01-07T13:28:02.418+0000] {dagbag.py:545} INFO - Filling up the DagBag from /opt/airflow/dags/etl_postgres_to_clickhouse.py
[2026-01-07T13:28:02.714+0000] {processor.py:840} INFO - DAG(s) 'pg_to_clickhouse_payload_parsing' retrieved from /opt/airflow/dags/etl_postgres_to_clickhouse.py
[2026-01-07T13:28:02.754+0000] {logging_mixin.py:188} INFO - [2026-01-07T13:28:02.753+0000] {dag.py:3096} INFO - Sync 1 DAGs
[2026-01-07T13:28:02.787+0000] {logging_mixin.py:188} INFO - [2026-01-07T13:28:02.786+0000] {dag.py:3954} INFO - Setting next_dagrun for pg_to_clickhouse_payload_parsing to 2026-01-07 13:28:00+00:00, run_after=2026-01-07 13:28:10+00:00
[2026-01-07T13:28:02.821+0000] {processor.py:183} INFO - Processing /opt/airflow/dags/etl_postgres_to_clickhouse.py took 0.416 seconds
[2026-01-07T13:28:33.020+0000] {processor.py:161} INFO - Started process (PID=461) to work on /opt/airflow/dags/etl_postgres_to_clickhouse.py
[2026-01-07T13:28:33.021+0000] {processor.py:830} INFO - Processing file /opt/airflow/dags/etl_postgres_to_clickhouse.py for tasks to queue
[2026-01-07T13:28:33.023+0000] {logging_mixin.py:188} INFO - [2026-01-07T13:28:33.023+0000] {dagbag.py:545} INFO - Filling up the DagBag from /opt/airflow/dags/etl_postgres_to_clickhouse.py
[2026-01-07T13:28:33.336+0000] {processor.py:840} INFO - DAG(s) 'pg_to_clickhouse_payload_parsing' retrieved from /opt/airflow/dags/etl_postgres_to_clickhouse.py
[2026-01-07T13:28:33.381+0000] {logging_mixin.py:188} INFO - [2026-01-07T13:28:33.381+0000] {dag.py:3096} INFO - Sync 1 DAGs
[2026-01-07T13:28:33.415+0000] {logging_mixin.py:188} INFO - [2026-01-07T13:28:33.414+0000] {dag.py:3954} INFO - Setting next_dagrun for pg_to_clickhouse_payload_parsing to 2026-01-07 13:28:30+00:00, run_after=2026-01-07 13:28:40+00:00
[2026-01-07T13:28:33.443+0000] {processor.py:183} INFO - Processing /opt/airflow/dags/etl_postgres_to_clickhouse.py took 0.433 seconds
[2026-01-07T13:29:03.951+0000] {processor.py:161} INFO - Started process (PID=493) to work on /opt/airflow/dags/etl_postgres_to_clickhouse.py
[2026-01-07T13:29:03.952+0000] {processor.py:830} INFO - Processing file /opt/airflow/dags/etl_postgres_to_clickhouse.py for tasks to queue
[2026-01-07T13:29:03.954+0000] {logging_mixin.py:188} INFO - [2026-01-07T13:29:03.954+0000] {dagbag.py:545} INFO - Filling up the DagBag from /opt/airflow/dags/etl_postgres_to_clickhouse.py
[2026-01-07T13:29:04.212+0000] {processor.py:840} INFO - DAG(s) 'pg_to_clickhouse_payload_parsing' retrieved from /opt/airflow/dags/etl_postgres_to_clickhouse.py
[2026-01-07T13:29:04.246+0000] {logging_mixin.py:188} INFO - [2026-01-07T13:29:04.245+0000] {dag.py:3096} INFO - Sync 1 DAGs
[2026-01-07T13:29:04.271+0000] {logging_mixin.py:188} INFO - [2026-01-07T13:29:04.270+0000] {dag.py:3954} INFO - Setting next_dagrun for pg_to_clickhouse_payload_parsing to 2026-01-07 13:29:00+00:00, run_after=2026-01-07 13:29:10+00:00
[2026-01-07T13:29:04.299+0000] {processor.py:183} INFO - Processing /opt/airflow/dags/etl_postgres_to_clickhouse.py took 0.355 seconds
[2026-01-07T13:29:34.445+0000] {processor.py:161} INFO - Started process (PID=518) to work on /opt/airflow/dags/etl_postgres_to_clickhouse.py
[2026-01-07T13:29:34.447+0000] {processor.py:830} INFO - Processing file /opt/airflow/dags/etl_postgres_to_clickhouse.py for tasks to queue
[2026-01-07T13:29:34.451+0000] {logging_mixin.py:188} INFO - [2026-01-07T13:29:34.450+0000] {dagbag.py:545} INFO - Filling up the DagBag from /opt/airflow/dags/etl_postgres_to_clickhouse.py
[2026-01-07T13:29:34.783+0000] {processor.py:840} INFO - DAG(s) 'pg_to_clickhouse_payload_parsing' retrieved from /opt/airflow/dags/etl_postgres_to_clickhouse.py
[2026-01-07T13:29:34.833+0000] {logging_mixin.py:188} INFO - [2026-01-07T13:29:34.832+0000] {dag.py:3096} INFO - Sync 1 DAGs
[2026-01-07T13:29:34.866+0000] {logging_mixin.py:188} INFO - [2026-01-07T13:29:34.866+0000] {dag.py:3954} INFO - Setting next_dagrun for pg_to_clickhouse_payload_parsing to 2026-01-07 13:29:30+00:00, run_after=2026-01-07 13:29:40+00:00
[2026-01-07T13:29:34.903+0000] {processor.py:183} INFO - Processing /opt/airflow/dags/etl_postgres_to_clickhouse.py took 0.468 seconds
[2026-01-07T13:30:05.320+0000] {processor.py:161} INFO - Started process (PID=550) to work on /opt/airflow/dags/etl_postgres_to_clickhouse.py
[2026-01-07T13:30:05.321+0000] {processor.py:830} INFO - Processing file /opt/airflow/dags/etl_postgres_to_clickhouse.py for tasks to queue
[2026-01-07T13:30:05.324+0000] {logging_mixin.py:188} INFO - [2026-01-07T13:30:05.324+0000] {dagbag.py:545} INFO - Filling up the DagBag from /opt/airflow/dags/etl_postgres_to_clickhouse.py
[2026-01-07T13:30:05.596+0000] {processor.py:840} INFO - DAG(s) 'pg_to_clickhouse_payload_parsing' retrieved from /opt/airflow/dags/etl_postgres_to_clickhouse.py
[2026-01-07T13:30:05.638+0000] {logging_mixin.py:188} INFO - [2026-01-07T13:30:05.637+0000] {dag.py:3096} INFO - Sync 1 DAGs
[2026-01-07T13:30:05.664+0000] {logging_mixin.py:188} INFO - [2026-01-07T13:30:05.664+0000] {dag.py:3954} INFO - Setting next_dagrun for pg_to_clickhouse_payload_parsing to 2026-01-07 13:30:00+00:00, run_after=2026-01-07 13:30:10+00:00
[2026-01-07T13:30:05.692+0000] {processor.py:183} INFO - Processing /opt/airflow/dags/etl_postgres_to_clickhouse.py took 0.382 seconds
[2026-01-07T13:30:36.265+0000] {processor.py:161} INFO - Started process (PID=575) to work on /opt/airflow/dags/etl_postgres_to_clickhouse.py
[2026-01-07T13:30:36.267+0000] {processor.py:830} INFO - Processing file /opt/airflow/dags/etl_postgres_to_clickhouse.py for tasks to queue
[2026-01-07T13:30:36.269+0000] {logging_mixin.py:188} INFO - [2026-01-07T13:30:36.269+0000] {dagbag.py:545} INFO - Filling up the DagBag from /opt/airflow/dags/etl_postgres_to_clickhouse.py
[2026-01-07T13:30:36.555+0000] {processor.py:840} INFO - DAG(s) 'pg_to_clickhouse_payload_parsing' retrieved from /opt/airflow/dags/etl_postgres_to_clickhouse.py
[2026-01-07T13:30:36.606+0000] {logging_mixin.py:188} INFO - [2026-01-07T13:30:36.606+0000] {dag.py:3096} INFO - Sync 1 DAGs
[2026-01-07T13:30:36.643+0000] {logging_mixin.py:188} INFO - [2026-01-07T13:30:36.643+0000] {dag.py:3954} INFO - Setting next_dagrun for pg_to_clickhouse_payload_parsing to 2026-01-07 13:30:30+00:00, run_after=2026-01-07 13:30:40+00:00
[2026-01-07T13:30:36.672+0000] {processor.py:183} INFO - Processing /opt/airflow/dags/etl_postgres_to_clickhouse.py took 0.415 seconds
[2026-01-07T13:31:07.025+0000] {processor.py:161} INFO - Started process (PID=610) to work on /opt/airflow/dags/etl_postgres_to_clickhouse.py
[2026-01-07T13:31:07.027+0000] {processor.py:830} INFO - Processing file /opt/airflow/dags/etl_postgres_to_clickhouse.py for tasks to queue
[2026-01-07T13:31:07.031+0000] {logging_mixin.py:188} INFO - [2026-01-07T13:31:07.031+0000] {dagbag.py:545} INFO - Filling up the DagBag from /opt/airflow/dags/etl_postgres_to_clickhouse.py
[2026-01-07T13:31:07.273+0000] {processor.py:840} INFO - DAG(s) 'pg_to_clickhouse_payload_parsing' retrieved from /opt/airflow/dags/etl_postgres_to_clickhouse.py
[2026-01-07T13:31:07.310+0000] {logging_mixin.py:188} INFO - [2026-01-07T13:31:07.309+0000] {dag.py:3096} INFO - Sync 1 DAGs
[2026-01-07T13:31:07.339+0000] {logging_mixin.py:188} INFO - [2026-01-07T13:31:07.338+0000] {dag.py:3954} INFO - Setting next_dagrun for pg_to_clickhouse_payload_parsing to 2026-01-07 13:31:00+00:00, run_after=2026-01-07 13:31:10+00:00
[2026-01-07T13:31:07.369+0000] {processor.py:183} INFO - Processing /opt/airflow/dags/etl_postgres_to_clickhouse.py took 0.352 seconds
[2026-01-07T13:31:37.683+0000] {processor.py:161} INFO - Started process (PID=635) to work on /opt/airflow/dags/etl_postgres_to_clickhouse.py
[2026-01-07T13:31:37.685+0000] {processor.py:830} INFO - Processing file /opt/airflow/dags/etl_postgres_to_clickhouse.py for tasks to queue
[2026-01-07T13:31:37.688+0000] {logging_mixin.py:188} INFO - [2026-01-07T13:31:37.687+0000] {dagbag.py:545} INFO - Filling up the DagBag from /opt/airflow/dags/etl_postgres_to_clickhouse.py
[2026-01-07T13:31:37.948+0000] {processor.py:840} INFO - DAG(s) 'pg_to_clickhouse_payload_parsing' retrieved from /opt/airflow/dags/etl_postgres_to_clickhouse.py
[2026-01-07T13:31:37.984+0000] {logging_mixin.py:188} INFO - [2026-01-07T13:31:37.984+0000] {dag.py:3096} INFO - Sync 1 DAGs
[2026-01-07T13:31:38.011+0000] {logging_mixin.py:188} INFO - [2026-01-07T13:31:38.010+0000] {dag.py:3954} INFO - Setting next_dagrun for pg_to_clickhouse_payload_parsing to 2026-01-07 13:31:30+00:00, run_after=2026-01-07 13:31:40+00:00
[2026-01-07T13:31:38.035+0000] {processor.py:183} INFO - Processing /opt/airflow/dags/etl_postgres_to_clickhouse.py took 0.360 seconds
[2026-01-07T13:32:08.374+0000] {processor.py:161} INFO - Started process (PID=667) to work on /opt/airflow/dags/etl_postgres_to_clickhouse.py
[2026-01-07T13:32:08.376+0000] {processor.py:830} INFO - Processing file /opt/airflow/dags/etl_postgres_to_clickhouse.py for tasks to queue
[2026-01-07T13:32:08.379+0000] {logging_mixin.py:188} INFO - [2026-01-07T13:32:08.378+0000] {dagbag.py:545} INFO - Filling up the DagBag from /opt/airflow/dags/etl_postgres_to_clickhouse.py
[2026-01-07T13:32:08.608+0000] {processor.py:840} INFO - DAG(s) 'pg_to_clickhouse_payload_parsing' retrieved from /opt/airflow/dags/etl_postgres_to_clickhouse.py
[2026-01-07T13:32:08.645+0000] {logging_mixin.py:188} INFO - [2026-01-07T13:32:08.644+0000] {dag.py:3096} INFO - Sync 1 DAGs
[2026-01-07T13:32:08.674+0000] {logging_mixin.py:188} INFO - [2026-01-07T13:32:08.673+0000] {dag.py:3954} INFO - Setting next_dagrun for pg_to_clickhouse_payload_parsing to 2026-01-07 13:32:00+00:00, run_after=2026-01-07 13:32:10+00:00
[2026-01-07T13:32:08.708+0000] {processor.py:183} INFO - Processing /opt/airflow/dags/etl_postgres_to_clickhouse.py took 0.342 seconds
[2026-01-07T13:32:39.068+0000] {processor.py:161} INFO - Started process (PID=692) to work on /opt/airflow/dags/etl_postgres_to_clickhouse.py
[2026-01-07T13:32:39.070+0000] {processor.py:830} INFO - Processing file /opt/airflow/dags/etl_postgres_to_clickhouse.py for tasks to queue
[2026-01-07T13:32:39.073+0000] {logging_mixin.py:188} INFO - [2026-01-07T13:32:39.072+0000] {dagbag.py:545} INFO - Filling up the DagBag from /opt/airflow/dags/etl_postgres_to_clickhouse.py
[2026-01-07T13:32:39.410+0000] {processor.py:840} INFO - DAG(s) 'pg_to_clickhouse_payload_parsing' retrieved from /opt/airflow/dags/etl_postgres_to_clickhouse.py
[2026-01-07T13:32:39.455+0000] {logging_mixin.py:188} INFO - [2026-01-07T13:32:39.455+0000] {dag.py:3096} INFO - Sync 1 DAGs
[2026-01-07T13:32:39.496+0000] {logging_mixin.py:188} INFO - [2026-01-07T13:32:39.496+0000] {dag.py:3954} INFO - Setting next_dagrun for pg_to_clickhouse_payload_parsing to 2026-01-07 13:32:30+00:00, run_after=2026-01-07 13:32:40+00:00
[2026-01-07T13:32:39.539+0000] {processor.py:183} INFO - Processing /opt/airflow/dags/etl_postgres_to_clickhouse.py took 0.482 seconds
[2026-01-07T13:33:09.749+0000] {processor.py:161} INFO - Started process (PID=718) to work on /opt/airflow/dags/etl_postgres_to_clickhouse.py
[2026-01-07T13:33:09.750+0000] {processor.py:830} INFO - Processing file /opt/airflow/dags/etl_postgres_to_clickhouse.py for tasks to queue
[2026-01-07T13:33:09.752+0000] {logging_mixin.py:188} INFO - [2026-01-07T13:33:09.752+0000] {dagbag.py:545} INFO - Filling up the DagBag from /opt/airflow/dags/etl_postgres_to_clickhouse.py
[2026-01-07T13:33:09.996+0000] {processor.py:840} INFO - DAG(s) 'pg_to_clickhouse_payload_parsing' retrieved from /opt/airflow/dags/etl_postgres_to_clickhouse.py
[2026-01-07T13:33:10.032+0000] {logging_mixin.py:188} INFO - [2026-01-07T13:33:10.032+0000] {dag.py:3096} INFO - Sync 1 DAGs
[2026-01-07T13:33:10.062+0000] {logging_mixin.py:188} INFO - [2026-01-07T13:33:10.062+0000] {dag.py:3954} INFO - Setting next_dagrun for pg_to_clickhouse_payload_parsing to 2026-01-07 13:33:00+00:00, run_after=2026-01-07 13:33:10+00:00
[2026-01-07T13:33:10.092+0000] {processor.py:183} INFO - Processing /opt/airflow/dags/etl_postgres_to_clickhouse.py took 0.352 seconds
[2026-01-07T13:33:40.591+0000] {processor.py:161} INFO - Started process (PID=751) to work on /opt/airflow/dags/etl_postgres_to_clickhouse.py
[2026-01-07T13:33:40.592+0000] {processor.py:830} INFO - Processing file /opt/airflow/dags/etl_postgres_to_clickhouse.py for tasks to queue
[2026-01-07T13:33:40.595+0000] {logging_mixin.py:188} INFO - [2026-01-07T13:33:40.594+0000] {dagbag.py:545} INFO - Filling up the DagBag from /opt/airflow/dags/etl_postgres_to_clickhouse.py
[2026-01-07T13:33:40.859+0000] {processor.py:840} INFO - DAG(s) 'pg_to_clickhouse_payload_parsing' retrieved from /opt/airflow/dags/etl_postgres_to_clickhouse.py
[2026-01-07T13:33:40.900+0000] {logging_mixin.py:188} INFO - [2026-01-07T13:33:40.900+0000] {dag.py:3096} INFO - Sync 1 DAGs
[2026-01-07T13:33:40.929+0000] {logging_mixin.py:188} INFO - [2026-01-07T13:33:40.929+0000] {dag.py:3954} INFO - Setting next_dagrun for pg_to_clickhouse_payload_parsing to 2026-01-07 13:33:40+00:00, run_after=2026-01-07 13:33:50+00:00
[2026-01-07T13:33:40.964+0000] {processor.py:183} INFO - Processing /opt/airflow/dags/etl_postgres_to_clickhouse.py took 0.380 seconds
[2026-01-07T13:34:11.166+0000] {processor.py:161} INFO - Started process (PID=777) to work on /opt/airflow/dags/etl_postgres_to_clickhouse.py
[2026-01-07T13:34:11.168+0000] {processor.py:830} INFO - Processing file /opt/airflow/dags/etl_postgres_to_clickhouse.py for tasks to queue
[2026-01-07T13:34:11.171+0000] {logging_mixin.py:188} INFO - [2026-01-07T13:34:11.170+0000] {dagbag.py:545} INFO - Filling up the DagBag from /opt/airflow/dags/etl_postgres_to_clickhouse.py
[2026-01-07T13:34:11.450+0000] {processor.py:840} INFO - DAG(s) 'pg_to_clickhouse_payload_parsing' retrieved from /opt/airflow/dags/etl_postgres_to_clickhouse.py
[2026-01-07T13:34:11.492+0000] {logging_mixin.py:188} INFO - [2026-01-07T13:34:11.492+0000] {dag.py:3096} INFO - Sync 1 DAGs
[2026-01-07T13:34:11.526+0000] {logging_mixin.py:188} INFO - [2026-01-07T13:34:11.526+0000] {dag.py:3954} INFO - Setting next_dagrun for pg_to_clickhouse_payload_parsing to 2026-01-07 13:34:10+00:00, run_after=2026-01-07 13:34:20+00:00
[2026-01-07T13:34:11.554+0000] {processor.py:183} INFO - Processing /opt/airflow/dags/etl_postgres_to_clickhouse.py took 0.398 seconds
[2026-01-07T13:34:42.265+0000] {processor.py:161} INFO - Started process (PID=809) to work on /opt/airflow/dags/etl_postgres_to_clickhouse.py
[2026-01-07T13:34:42.266+0000] {processor.py:830} INFO - Processing file /opt/airflow/dags/etl_postgres_to_clickhouse.py for tasks to queue
[2026-01-07T13:34:42.269+0000] {logging_mixin.py:188} INFO - [2026-01-07T13:34:42.268+0000] {dagbag.py:545} INFO - Filling up the DagBag from /opt/airflow/dags/etl_postgres_to_clickhouse.py
[2026-01-07T13:34:42.708+0000] {processor.py:840} INFO - DAG(s) 'pg_to_clickhouse_payload_parsing' retrieved from /opt/airflow/dags/etl_postgres_to_clickhouse.py
[2026-01-07T13:34:42.779+0000] {logging_mixin.py:188} INFO - [2026-01-07T13:34:42.779+0000] {dag.py:3096} INFO - Sync 1 DAGs
[2026-01-07T13:34:42.826+0000] {logging_mixin.py:188} INFO - [2026-01-07T13:34:42.825+0000] {dag.py:3954} INFO - Setting next_dagrun for pg_to_clickhouse_payload_parsing to 2026-01-07 13:34:40+00:00, run_after=2026-01-07 13:34:50+00:00
[2026-01-07T13:34:42.861+0000] {processor.py:183} INFO - Processing /opt/airflow/dags/etl_postgres_to_clickhouse.py took 0.606 seconds
[2026-01-07T13:35:13.484+0000] {processor.py:161} INFO - Started process (PID=834) to work on /opt/airflow/dags/etl_postgres_to_clickhouse.py
[2026-01-07T13:35:13.486+0000] {processor.py:830} INFO - Processing file /opt/airflow/dags/etl_postgres_to_clickhouse.py for tasks to queue
[2026-01-07T13:35:13.490+0000] {logging_mixin.py:188} INFO - [2026-01-07T13:35:13.489+0000] {dagbag.py:545} INFO - Filling up the DagBag from /opt/airflow/dags/etl_postgres_to_clickhouse.py
[2026-01-07T13:35:13.825+0000] {processor.py:840} INFO - DAG(s) 'pg_to_clickhouse_payload_parsing' retrieved from /opt/airflow/dags/etl_postgres_to_clickhouse.py
[2026-01-07T13:35:13.873+0000] {logging_mixin.py:188} INFO - [2026-01-07T13:35:13.873+0000] {dag.py:3096} INFO - Sync 1 DAGs
[2026-01-07T13:35:13.906+0000] {logging_mixin.py:188} INFO - [2026-01-07T13:35:13.906+0000] {dag.py:3954} INFO - Setting next_dagrun for pg_to_clickhouse_payload_parsing to 2026-01-07 13:35:10+00:00, run_after=2026-01-07 13:35:20+00:00
[2026-01-07T13:35:13.932+0000] {processor.py:183} INFO - Processing /opt/airflow/dags/etl_postgres_to_clickhouse.py took 0.462 seconds
[2026-01-07T13:35:44.418+0000] {processor.py:161} INFO - Started process (PID=866) to work on /opt/airflow/dags/etl_postgres_to_clickhouse.py
[2026-01-07T13:35:44.420+0000] {processor.py:830} INFO - Processing file /opt/airflow/dags/etl_postgres_to_clickhouse.py for tasks to queue
[2026-01-07T13:35:44.424+0000] {logging_mixin.py:188} INFO - [2026-01-07T13:35:44.424+0000] {dagbag.py:545} INFO - Filling up the DagBag from /opt/airflow/dags/etl_postgres_to_clickhouse.py
[2026-01-07T13:35:44.806+0000] {processor.py:840} INFO - DAG(s) 'pg_to_clickhouse_payload_parsing' retrieved from /opt/airflow/dags/etl_postgres_to_clickhouse.py
[2026-01-07T13:35:44.848+0000] {logging_mixin.py:188} INFO - [2026-01-07T13:35:44.847+0000] {dag.py:3096} INFO - Sync 1 DAGs
[2026-01-07T13:35:44.888+0000] {logging_mixin.py:188} INFO - [2026-01-07T13:35:44.887+0000] {dag.py:3954} INFO - Setting next_dagrun for pg_to_clickhouse_payload_parsing to 2026-01-07 13:35:40+00:00, run_after=2026-01-07 13:35:50+00:00
[2026-01-07T13:35:44.914+0000] {processor.py:183} INFO - Processing /opt/airflow/dags/etl_postgres_to_clickhouse.py took 0.509 seconds
[2026-01-07T13:36:15.455+0000] {processor.py:161} INFO - Started process (PID=891) to work on /opt/airflow/dags/etl_postgres_to_clickhouse.py
[2026-01-07T13:36:15.457+0000] {processor.py:830} INFO - Processing file /opt/airflow/dags/etl_postgres_to_clickhouse.py for tasks to queue
[2026-01-07T13:36:15.460+0000] {logging_mixin.py:188} INFO - [2026-01-07T13:36:15.459+0000] {dagbag.py:545} INFO - Filling up the DagBag from /opt/airflow/dags/etl_postgres_to_clickhouse.py
[2026-01-07T13:36:15.689+0000] {processor.py:840} INFO - DAG(s) 'pg_to_clickhouse_payload_parsing' retrieved from /opt/airflow/dags/etl_postgres_to_clickhouse.py
[2026-01-07T13:36:15.725+0000] {logging_mixin.py:188} INFO - [2026-01-07T13:36:15.725+0000] {dag.py:3096} INFO - Sync 1 DAGs
[2026-01-07T13:36:15.750+0000] {logging_mixin.py:188} INFO - [2026-01-07T13:36:15.749+0000] {dag.py:3954} INFO - Setting next_dagrun for pg_to_clickhouse_payload_parsing to 2026-01-07 13:36:10+00:00, run_after=2026-01-07 13:36:20+00:00
[2026-01-07T13:36:15.774+0000] {processor.py:183} INFO - Processing /opt/airflow/dags/etl_postgres_to_clickhouse.py took 0.326 seconds
[2026-01-07T13:36:45.929+0000] {processor.py:161} INFO - Started process (PID=924) to work on /opt/airflow/dags/etl_postgres_to_clickhouse.py
[2026-01-07T13:36:45.931+0000] {processor.py:830} INFO - Processing file /opt/airflow/dags/etl_postgres_to_clickhouse.py for tasks to queue
[2026-01-07T13:36:45.936+0000] {logging_mixin.py:188} INFO - [2026-01-07T13:36:45.936+0000] {dagbag.py:545} INFO - Filling up the DagBag from /opt/airflow/dags/etl_postgres_to_clickhouse.py
[2026-01-07T13:36:46.225+0000] {processor.py:840} INFO - DAG(s) 'pg_to_clickhouse_payload_parsing' retrieved from /opt/airflow/dags/etl_postgres_to_clickhouse.py
[2026-01-07T13:36:46.266+0000] {logging_mixin.py:188} INFO - [2026-01-07T13:36:46.266+0000] {dag.py:3096} INFO - Sync 1 DAGs
[2026-01-07T13:36:46.294+0000] {logging_mixin.py:188} INFO - [2026-01-07T13:36:46.294+0000] {dag.py:3954} INFO - Setting next_dagrun for pg_to_clickhouse_payload_parsing to 2026-01-07 13:36:40+00:00, run_after=2026-01-07 13:36:50+00:00
[2026-01-07T13:36:46.321+0000] {processor.py:183} INFO - Processing /opt/airflow/dags/etl_postgres_to_clickhouse.py took 0.400 seconds
[2026-01-07T13:37:16.770+0000] {processor.py:161} INFO - Started process (PID=949) to work on /opt/airflow/dags/etl_postgres_to_clickhouse.py
[2026-01-07T13:37:16.772+0000] {processor.py:830} INFO - Processing file /opt/airflow/dags/etl_postgres_to_clickhouse.py for tasks to queue
[2026-01-07T13:37:16.775+0000] {logging_mixin.py:188} INFO - [2026-01-07T13:37:16.774+0000] {dagbag.py:545} INFO - Filling up the DagBag from /opt/airflow/dags/etl_postgres_to_clickhouse.py
[2026-01-07T13:37:17.012+0000] {processor.py:840} INFO - DAG(s) 'pg_to_clickhouse_payload_parsing' retrieved from /opt/airflow/dags/etl_postgres_to_clickhouse.py
[2026-01-07T13:37:17.048+0000] {logging_mixin.py:188} INFO - [2026-01-07T13:37:17.048+0000] {dag.py:3096} INFO - Sync 1 DAGs
[2026-01-07T13:37:17.073+0000] {logging_mixin.py:188} INFO - [2026-01-07T13:37:17.072+0000] {dag.py:3954} INFO - Setting next_dagrun for pg_to_clickhouse_payload_parsing to 2026-01-07 13:37:10+00:00, run_after=2026-01-07 13:37:20+00:00
[2026-01-07T13:37:17.096+0000] {processor.py:183} INFO - Processing /opt/airflow/dags/etl_postgres_to_clickhouse.py took 0.334 seconds
[2026-01-07T13:37:47.291+0000] {processor.py:161} INFO - Started process (PID=981) to work on /opt/airflow/dags/etl_postgres_to_clickhouse.py
[2026-01-07T13:37:47.293+0000] {processor.py:830} INFO - Processing file /opt/airflow/dags/etl_postgres_to_clickhouse.py for tasks to queue
[2026-01-07T13:37:47.295+0000] {logging_mixin.py:188} INFO - [2026-01-07T13:37:47.295+0000] {dagbag.py:545} INFO - Filling up the DagBag from /opt/airflow/dags/etl_postgres_to_clickhouse.py
[2026-01-07T13:37:47.528+0000] {processor.py:840} INFO - DAG(s) 'pg_to_clickhouse_payload_parsing' retrieved from /opt/airflow/dags/etl_postgres_to_clickhouse.py
[2026-01-07T13:37:47.564+0000] {logging_mixin.py:188} INFO - [2026-01-07T13:37:47.564+0000] {dag.py:3096} INFO - Sync 1 DAGs
[2026-01-07T13:37:47.591+0000] {logging_mixin.py:188} INFO - [2026-01-07T13:37:47.590+0000] {dag.py:3954} INFO - Setting next_dagrun for pg_to_clickhouse_payload_parsing to 2026-01-07 13:37:40+00:00, run_after=2026-01-07 13:37:50+00:00
[2026-01-07T13:37:47.617+0000] {processor.py:183} INFO - Processing /opt/airflow/dags/etl_postgres_to_clickhouse.py took 0.333 seconds
[2026-01-07T13:38:18.438+0000] {processor.py:161} INFO - Started process (PID=1006) to work on /opt/airflow/dags/etl_postgres_to_clickhouse.py
[2026-01-07T13:38:18.439+0000] {processor.py:830} INFO - Processing file /opt/airflow/dags/etl_postgres_to_clickhouse.py for tasks to queue
[2026-01-07T13:38:18.441+0000] {logging_mixin.py:188} INFO - [2026-01-07T13:38:18.441+0000] {dagbag.py:545} INFO - Filling up the DagBag from /opt/airflow/dags/etl_postgres_to_clickhouse.py
[2026-01-07T13:38:18.677+0000] {processor.py:840} INFO - DAG(s) 'pg_to_clickhouse_payload_parsing' retrieved from /opt/airflow/dags/etl_postgres_to_clickhouse.py
[2026-01-07T13:38:18.712+0000] {logging_mixin.py:188} INFO - [2026-01-07T13:38:18.711+0000] {dag.py:3096} INFO - Sync 1 DAGs
[2026-01-07T13:38:18.740+0000] {logging_mixin.py:188} INFO - [2026-01-07T13:38:18.739+0000] {dag.py:3954} INFO - Setting next_dagrun for pg_to_clickhouse_payload_parsing to 2026-01-07 13:38:10+00:00, run_after=2026-01-07 13:38:20+00:00
[2026-01-07T13:38:18.782+0000] {processor.py:183} INFO - Processing /opt/airflow/dags/etl_postgres_to_clickhouse.py took 0.351 seconds
[2026-01-07T13:38:48.927+0000] {processor.py:161} INFO - Started process (PID=1038) to work on /opt/airflow/dags/etl_postgres_to_clickhouse.py
[2026-01-07T13:38:48.928+0000] {processor.py:830} INFO - Processing file /opt/airflow/dags/etl_postgres_to_clickhouse.py for tasks to queue
[2026-01-07T13:38:48.931+0000] {logging_mixin.py:188} INFO - [2026-01-07T13:38:48.931+0000] {dagbag.py:545} INFO - Filling up the DagBag from /opt/airflow/dags/etl_postgres_to_clickhouse.py
[2026-01-07T13:38:49.168+0000] {processor.py:840} INFO - DAG(s) 'pg_to_clickhouse_payload_parsing' retrieved from /opt/airflow/dags/etl_postgres_to_clickhouse.py
[2026-01-07T13:38:49.205+0000] {logging_mixin.py:188} INFO - [2026-01-07T13:38:49.204+0000] {dag.py:3096} INFO - Sync 1 DAGs
[2026-01-07T13:38:49.231+0000] {logging_mixin.py:188} INFO - [2026-01-07T13:38:49.231+0000] {dag.py:3954} INFO - Setting next_dagrun for pg_to_clickhouse_payload_parsing to 2026-01-07 13:38:40+00:00, run_after=2026-01-07 13:38:50+00:00
[2026-01-07T13:38:49.282+0000] {processor.py:183} INFO - Processing /opt/airflow/dags/etl_postgres_to_clickhouse.py took 0.363 seconds
[2026-01-07T13:39:19.847+0000] {processor.py:161} INFO - Started process (PID=1064) to work on /opt/airflow/dags/etl_postgres_to_clickhouse.py
[2026-01-07T13:39:19.848+0000] {processor.py:830} INFO - Processing file /opt/airflow/dags/etl_postgres_to_clickhouse.py for tasks to queue
[2026-01-07T13:39:19.851+0000] {logging_mixin.py:188} INFO - [2026-01-07T13:39:19.850+0000] {dagbag.py:545} INFO - Filling up the DagBag from /opt/airflow/dags/etl_postgres_to_clickhouse.py
[2026-01-07T13:39:20.139+0000] {processor.py:840} INFO - DAG(s) 'pg_to_clickhouse_payload_parsing' retrieved from /opt/airflow/dags/etl_postgres_to_clickhouse.py
[2026-01-07T13:39:20.195+0000] {logging_mixin.py:188} INFO - [2026-01-07T13:39:20.195+0000] {dag.py:3096} INFO - Sync 1 DAGs
[2026-01-07T13:39:20.232+0000] {logging_mixin.py:188} INFO - [2026-01-07T13:39:20.232+0000] {dag.py:3954} INFO - Setting next_dagrun for pg_to_clickhouse_payload_parsing to 2026-01-07 13:39:20+00:00, run_after=2026-01-07 13:39:30+00:00
[2026-01-07T13:39:20.277+0000] {processor.py:183} INFO - Processing /opt/airflow/dags/etl_postgres_to_clickhouse.py took 0.436 seconds
[2026-01-07T13:39:50.781+0000] {processor.py:161} INFO - Started process (PID=1096) to work on /opt/airflow/dags/etl_postgres_to_clickhouse.py
[2026-01-07T13:39:50.782+0000] {processor.py:830} INFO - Processing file /opt/airflow/dags/etl_postgres_to_clickhouse.py for tasks to queue
[2026-01-07T13:39:50.785+0000] {logging_mixin.py:188} INFO - [2026-01-07T13:39:50.784+0000] {dagbag.py:545} INFO - Filling up the DagBag from /opt/airflow/dags/etl_postgres_to_clickhouse.py
[2026-01-07T13:39:51.032+0000] {processor.py:840} INFO - DAG(s) 'pg_to_clickhouse_payload_parsing' retrieved from /opt/airflow/dags/etl_postgres_to_clickhouse.py
[2026-01-07T13:39:51.067+0000] {logging_mixin.py:188} INFO - [2026-01-07T13:39:51.066+0000] {dag.py:3096} INFO - Sync 1 DAGs
[2026-01-07T13:39:51.097+0000] {logging_mixin.py:188} INFO - [2026-01-07T13:39:51.096+0000] {dag.py:3954} INFO - Setting next_dagrun for pg_to_clickhouse_payload_parsing to 2026-01-07 13:39:50+00:00, run_after=2026-01-07 13:40:00+00:00
[2026-01-07T13:39:51.150+0000] {processor.py:183} INFO - Processing /opt/airflow/dags/etl_postgres_to_clickhouse.py took 0.377 seconds
[2026-01-07T13:40:21.287+0000] {processor.py:161} INFO - Started process (PID=1123) to work on /opt/airflow/dags/etl_postgres_to_clickhouse.py
[2026-01-07T13:40:21.289+0000] {processor.py:830} INFO - Processing file /opt/airflow/dags/etl_postgres_to_clickhouse.py for tasks to queue
[2026-01-07T13:40:21.291+0000] {logging_mixin.py:188} INFO - [2026-01-07T13:40:21.291+0000] {dagbag.py:545} INFO - Filling up the DagBag from /opt/airflow/dags/etl_postgres_to_clickhouse.py
[2026-01-07T13:40:21.597+0000] {processor.py:840} INFO - DAG(s) 'pg_to_clickhouse_payload_parsing' retrieved from /opt/airflow/dags/etl_postgres_to_clickhouse.py
[2026-01-07T13:40:21.648+0000] {logging_mixin.py:188} INFO - [2026-01-07T13:40:21.648+0000] {dag.py:3096} INFO - Sync 1 DAGs
[2026-01-07T13:40:21.680+0000] {logging_mixin.py:188} INFO - [2026-01-07T13:40:21.680+0000] {dag.py:3954} INFO - Setting next_dagrun for pg_to_clickhouse_payload_parsing to 2026-01-07 13:40:20+00:00, run_after=2026-01-07 13:40:30+00:00
[2026-01-07T13:40:21.751+0000] {processor.py:183} INFO - Processing /opt/airflow/dags/etl_postgres_to_clickhouse.py took 0.472 seconds
[2026-01-07T13:40:52.128+0000] {processor.py:161} INFO - Started process (PID=1157) to work on /opt/airflow/dags/etl_postgres_to_clickhouse.py
[2026-01-07T13:40:52.129+0000] {processor.py:830} INFO - Processing file /opt/airflow/dags/etl_postgres_to_clickhouse.py for tasks to queue
[2026-01-07T13:40:52.131+0000] {logging_mixin.py:188} INFO - [2026-01-07T13:40:52.131+0000] {dagbag.py:545} INFO - Filling up the DagBag from /opt/airflow/dags/etl_postgres_to_clickhouse.py
[2026-01-07T13:40:52.384+0000] {processor.py:840} INFO - DAG(s) 'pg_to_clickhouse_payload_parsing' retrieved from /opt/airflow/dags/etl_postgres_to_clickhouse.py
[2026-01-07T13:40:52.424+0000] {logging_mixin.py:188} INFO - [2026-01-07T13:40:52.423+0000] {dag.py:3096} INFO - Sync 1 DAGs
[2026-01-07T13:40:52.453+0000] {logging_mixin.py:188} INFO - [2026-01-07T13:40:52.453+0000] {dag.py:3954} INFO - Setting next_dagrun for pg_to_clickhouse_payload_parsing to 2026-01-07 13:40:50+00:00, run_after=2026-01-07 13:41:00+00:00
[2026-01-07T13:40:52.480+0000] {processor.py:183} INFO - Processing /opt/airflow/dags/etl_postgres_to_clickhouse.py took 0.360 seconds
[2026-01-07T13:41:22.753+0000] {processor.py:161} INFO - Started process (PID=1182) to work on /opt/airflow/dags/etl_postgres_to_clickhouse.py
[2026-01-07T13:41:22.755+0000] {processor.py:830} INFO - Processing file /opt/airflow/dags/etl_postgres_to_clickhouse.py for tasks to queue
[2026-01-07T13:41:22.758+0000] {logging_mixin.py:188} INFO - [2026-01-07T13:41:22.757+0000] {dagbag.py:545} INFO - Filling up the DagBag from /opt/airflow/dags/etl_postgres_to_clickhouse.py
[2026-01-07T13:41:23.074+0000] {processor.py:840} INFO - DAG(s) 'pg_to_clickhouse_payload_parsing' retrieved from /opt/airflow/dags/etl_postgres_to_clickhouse.py
[2026-01-07T13:41:23.118+0000] {logging_mixin.py:188} INFO - [2026-01-07T13:41:23.117+0000] {dag.py:3096} INFO - Sync 1 DAGs
[2026-01-07T13:41:23.149+0000] {logging_mixin.py:188} INFO - [2026-01-07T13:41:23.149+0000] {dag.py:3954} INFO - Setting next_dagrun for pg_to_clickhouse_payload_parsing to 2026-01-07 13:41:20+00:00, run_after=2026-01-07 13:41:30+00:00
[2026-01-07T13:41:23.181+0000] {processor.py:183} INFO - Processing /opt/airflow/dags/etl_postgres_to_clickhouse.py took 0.438 seconds
[2026-01-07T13:41:53.494+0000] {processor.py:161} INFO - Started process (PID=1214) to work on /opt/airflow/dags/etl_postgres_to_clickhouse.py
[2026-01-07T13:41:53.495+0000] {processor.py:830} INFO - Processing file /opt/airflow/dags/etl_postgres_to_clickhouse.py for tasks to queue
[2026-01-07T13:41:53.497+0000] {logging_mixin.py:188} INFO - [2026-01-07T13:41:53.497+0000] {dagbag.py:545} INFO - Filling up the DagBag from /opt/airflow/dags/etl_postgres_to_clickhouse.py
[2026-01-07T13:41:53.748+0000] {processor.py:840} INFO - DAG(s) 'pg_to_clickhouse_payload_parsing' retrieved from /opt/airflow/dags/etl_postgres_to_clickhouse.py
[2026-01-07T13:41:53.781+0000] {logging_mixin.py:188} INFO - [2026-01-07T13:41:53.781+0000] {dag.py:3096} INFO - Sync 1 DAGs
[2026-01-07T13:41:53.807+0000] {logging_mixin.py:188} INFO - [2026-01-07T13:41:53.807+0000] {dag.py:3954} INFO - Setting next_dagrun for pg_to_clickhouse_payload_parsing to 2026-01-07 13:41:50+00:00, run_after=2026-01-07 13:42:00+00:00
[2026-01-07T13:41:53.830+0000] {processor.py:183} INFO - Processing /opt/airflow/dags/etl_postgres_to_clickhouse.py took 0.344 seconds
[2026-01-07T13:42:24.515+0000] {processor.py:161} INFO - Started process (PID=1246) to work on /opt/airflow/dags/etl_postgres_to_clickhouse.py
[2026-01-07T13:42:24.517+0000] {processor.py:830} INFO - Processing file /opt/airflow/dags/etl_postgres_to_clickhouse.py for tasks to queue
[2026-01-07T13:42:24.520+0000] {logging_mixin.py:188} INFO - [2026-01-07T13:42:24.519+0000] {dagbag.py:545} INFO - Filling up the DagBag from /opt/airflow/dags/etl_postgres_to_clickhouse.py
[2026-01-07T13:42:24.900+0000] {processor.py:840} INFO - DAG(s) 'pg_to_clickhouse_payload_parsing' retrieved from /opt/airflow/dags/etl_postgres_to_clickhouse.py
[2026-01-07T13:42:24.957+0000] {logging_mixin.py:188} INFO - [2026-01-07T13:42:24.956+0000] {dag.py:3096} INFO - Sync 1 DAGs
[2026-01-07T13:42:24.998+0000] {logging_mixin.py:188} INFO - [2026-01-07T13:42:24.998+0000] {dag.py:3954} INFO - Setting next_dagrun for pg_to_clickhouse_payload_parsing to 2026-01-07 13:42:20+00:00, run_after=2026-01-07 13:42:30+00:00
[2026-01-07T13:42:25.032+0000] {processor.py:183} INFO - Processing /opt/airflow/dags/etl_postgres_to_clickhouse.py took 0.527 seconds
[2026-01-07T13:42:55.222+0000] {processor.py:161} INFO - Started process (PID=1272) to work on /opt/airflow/dags/etl_postgres_to_clickhouse.py
[2026-01-07T13:42:55.223+0000] {processor.py:830} INFO - Processing file /opt/airflow/dags/etl_postgres_to_clickhouse.py for tasks to queue
[2026-01-07T13:42:55.226+0000] {logging_mixin.py:188} INFO - [2026-01-07T13:42:55.226+0000] {dagbag.py:545} INFO - Filling up the DagBag from /opt/airflow/dags/etl_postgres_to_clickhouse.py
[2026-01-07T13:42:55.555+0000] {processor.py:840} INFO - DAG(s) 'pg_to_clickhouse_payload_parsing' retrieved from /opt/airflow/dags/etl_postgres_to_clickhouse.py
[2026-01-07T13:42:55.592+0000] {logging_mixin.py:188} INFO - [2026-01-07T13:42:55.592+0000] {dag.py:3096} INFO - Sync 1 DAGs
[2026-01-07T13:42:55.615+0000] {logging_mixin.py:188} INFO - [2026-01-07T13:42:55.615+0000] {dag.py:3954} INFO - Setting next_dagrun for pg_to_clickhouse_payload_parsing to 2026-01-07 13:42:50+00:00, run_after=2026-01-07 13:43:00+00:00
[2026-01-07T13:42:55.681+0000] {processor.py:183} INFO - Processing /opt/airflow/dags/etl_postgres_to_clickhouse.py took 0.470 seconds
[2026-01-07T13:43:26.092+0000] {processor.py:161} INFO - Started process (PID=1297) to work on /opt/airflow/dags/etl_postgres_to_clickhouse.py
[2026-01-07T13:43:26.093+0000] {processor.py:830} INFO - Processing file /opt/airflow/dags/etl_postgres_to_clickhouse.py for tasks to queue
[2026-01-07T13:43:26.096+0000] {logging_mixin.py:188} INFO - [2026-01-07T13:43:26.095+0000] {dagbag.py:545} INFO - Filling up the DagBag from /opt/airflow/dags/etl_postgres_to_clickhouse.py
[2026-01-07T13:43:26.313+0000] {processor.py:840} INFO - DAG(s) 'pg_to_clickhouse_payload_parsing' retrieved from /opt/airflow/dags/etl_postgres_to_clickhouse.py
[2026-01-07T13:43:26.351+0000] {logging_mixin.py:188} INFO - [2026-01-07T13:43:26.351+0000] {dag.py:3096} INFO - Sync 1 DAGs
[2026-01-07T13:43:26.378+0000] {logging_mixin.py:188} INFO - [2026-01-07T13:43:26.377+0000] {dag.py:3954} INFO - Setting next_dagrun for pg_to_clickhouse_payload_parsing to 2026-01-07 13:43:20+00:00, run_after=2026-01-07 13:43:30+00:00
[2026-01-07T13:43:26.420+0000] {processor.py:183} INFO - Processing /opt/airflow/dags/etl_postgres_to_clickhouse.py took 0.335 seconds
[2026-01-07T13:43:56.783+0000] {processor.py:161} INFO - Started process (PID=1330) to work on /opt/airflow/dags/etl_postgres_to_clickhouse.py
[2026-01-07T13:43:56.786+0000] {processor.py:830} INFO - Processing file /opt/airflow/dags/etl_postgres_to_clickhouse.py for tasks to queue
[2026-01-07T13:43:56.789+0000] {logging_mixin.py:188} INFO - [2026-01-07T13:43:56.789+0000] {dagbag.py:545} INFO - Filling up the DagBag from /opt/airflow/dags/etl_postgres_to_clickhouse.py
[2026-01-07T13:43:57.203+0000] {processor.py:840} INFO - DAG(s) 'pg_to_clickhouse_payload_parsing' retrieved from /opt/airflow/dags/etl_postgres_to_clickhouse.py
[2026-01-07T13:43:57.284+0000] {logging_mixin.py:188} INFO - [2026-01-07T13:43:57.284+0000] {dag.py:3096} INFO - Sync 1 DAGs
[2026-01-07T13:43:57.367+0000] {logging_mixin.py:188} INFO - [2026-01-07T13:43:57.367+0000] {dag.py:3954} INFO - Setting next_dagrun for pg_to_clickhouse_payload_parsing to 2026-01-07 13:43:50+00:00, run_after=2026-01-07 13:44:00+00:00
[2026-01-07T13:43:57.417+0000] {processor.py:183} INFO - Processing /opt/airflow/dags/etl_postgres_to_clickhouse.py took 0.643 seconds
[2026-01-07T13:44:28.036+0000] {processor.py:161} INFO - Started process (PID=1355) to work on /opt/airflow/dags/etl_postgres_to_clickhouse.py
[2026-01-07T13:44:28.038+0000] {processor.py:830} INFO - Processing file /opt/airflow/dags/etl_postgres_to_clickhouse.py for tasks to queue
[2026-01-07T13:44:28.040+0000] {logging_mixin.py:188} INFO - [2026-01-07T13:44:28.040+0000] {dagbag.py:545} INFO - Filling up the DagBag from /opt/airflow/dags/etl_postgres_to_clickhouse.py
[2026-01-07T13:44:28.262+0000] {processor.py:840} INFO - DAG(s) 'pg_to_clickhouse_payload_parsing' retrieved from /opt/airflow/dags/etl_postgres_to_clickhouse.py
[2026-01-07T13:44:28.299+0000] {logging_mixin.py:188} INFO - [2026-01-07T13:44:28.299+0000] {dag.py:3096} INFO - Sync 1 DAGs
[2026-01-07T13:44:28.324+0000] {logging_mixin.py:188} INFO - [2026-01-07T13:44:28.324+0000] {dag.py:3954} INFO - Setting next_dagrun for pg_to_clickhouse_payload_parsing to 2026-01-07 13:44:20+00:00, run_after=2026-01-07 13:44:30+00:00
[2026-01-07T13:44:28.385+0000] {processor.py:183} INFO - Processing /opt/airflow/dags/etl_postgres_to_clickhouse.py took 0.357 seconds
[2026-01-07T13:44:58.527+0000] {processor.py:161} INFO - Started process (PID=1387) to work on /opt/airflow/dags/etl_postgres_to_clickhouse.py
[2026-01-07T13:44:58.528+0000] {processor.py:830} INFO - Processing file /opt/airflow/dags/etl_postgres_to_clickhouse.py for tasks to queue
[2026-01-07T13:44:58.532+0000] {logging_mixin.py:188} INFO - [2026-01-07T13:44:58.531+0000] {dagbag.py:545} INFO - Filling up the DagBag from /opt/airflow/dags/etl_postgres_to_clickhouse.py
[2026-01-07T13:44:59.059+0000] {processor.py:840} INFO - DAG(s) 'pg_to_clickhouse_payload_parsing' retrieved from /opt/airflow/dags/etl_postgres_to_clickhouse.py
[2026-01-07T13:44:59.131+0000] {logging_mixin.py:188} INFO - [2026-01-07T13:44:59.130+0000] {dag.py:3096} INFO - Sync 1 DAGs
[2026-01-07T13:44:59.193+0000] {logging_mixin.py:188} INFO - [2026-01-07T13:44:59.193+0000] {dag.py:3954} INFO - Setting next_dagrun for pg_to_clickhouse_payload_parsing to 2026-01-07 13:44:50+00:00, run_after=2026-01-07 13:45:00+00:00
[2026-01-07T13:44:59.244+0000] {processor.py:183} INFO - Processing /opt/airflow/dags/etl_postgres_to_clickhouse.py took 0.731 seconds
[2026-01-07T13:45:29.563+0000] {processor.py:161} INFO - Started process (PID=1412) to work on /opt/airflow/dags/etl_postgres_to_clickhouse.py
[2026-01-07T13:45:29.567+0000] {processor.py:830} INFO - Processing file /opt/airflow/dags/etl_postgres_to_clickhouse.py for tasks to queue
[2026-01-07T13:45:29.572+0000] {logging_mixin.py:188} INFO - [2026-01-07T13:45:29.571+0000] {dagbag.py:545} INFO - Filling up the DagBag from /opt/airflow/dags/etl_postgres_to_clickhouse.py
[2026-01-07T13:45:29.930+0000] {processor.py:840} INFO - DAG(s) 'pg_to_clickhouse_payload_parsing' retrieved from /opt/airflow/dags/etl_postgres_to_clickhouse.py
[2026-01-07T13:45:29.971+0000] {logging_mixin.py:188} INFO - [2026-01-07T13:45:29.971+0000] {dag.py:3096} INFO - Sync 1 DAGs
[2026-01-07T13:45:30.000+0000] {logging_mixin.py:188} INFO - [2026-01-07T13:45:29.999+0000] {dag.py:3954} INFO - Setting next_dagrun for pg_to_clickhouse_payload_parsing to 2026-01-07 13:45:20+00:00, run_after=2026-01-07 13:45:30+00:00
[2026-01-07T13:45:30.042+0000] {processor.py:183} INFO - Processing /opt/airflow/dags/etl_postgres_to_clickhouse.py took 0.490 seconds
[2026-01-07T13:46:00.430+0000] {processor.py:161} INFO - Started process (PID=1437) to work on /opt/airflow/dags/etl_postgres_to_clickhouse.py
[2026-01-07T13:46:00.432+0000] {processor.py:830} INFO - Processing file /opt/airflow/dags/etl_postgres_to_clickhouse.py for tasks to queue
[2026-01-07T13:46:00.436+0000] {logging_mixin.py:188} INFO - [2026-01-07T13:46:00.436+0000] {dagbag.py:545} INFO - Filling up the DagBag from /opt/airflow/dags/etl_postgres_to_clickhouse.py
[2026-01-07T13:46:01.052+0000] {processor.py:840} INFO - DAG(s) 'pg_to_clickhouse_payload_parsing' retrieved from /opt/airflow/dags/etl_postgres_to_clickhouse.py
[2026-01-07T13:46:01.122+0000] {logging_mixin.py:188} INFO - [2026-01-07T13:46:01.121+0000] {dag.py:3096} INFO - Sync 1 DAGs
[2026-01-07T13:46:00.294+0000] {logging_mixin.py:188} INFO - [2026-01-07T13:46:00.294+0000] {dag.py:3954} INFO - Setting next_dagrun for pg_to_clickhouse_payload_parsing to 2026-01-07 13:46:00+00:00, run_after=2026-01-07 13:46:10+00:00
[2026-01-07T13:46:00.367+0000] {processor.py:183} INFO - Processing /opt/airflow/dags/etl_postgres_to_clickhouse.py took 0.855 seconds
[2026-01-07T13:46:29.171+0000] {processor.py:161} INFO - Started process (PID=1462) to work on /opt/airflow/dags/etl_postgres_to_clickhouse.py
[2026-01-07T13:46:29.173+0000] {processor.py:830} INFO - Processing file /opt/airflow/dags/etl_postgres_to_clickhouse.py for tasks to queue
[2026-01-07T13:46:29.175+0000] {logging_mixin.py:188} INFO - [2026-01-07T13:46:29.175+0000] {dagbag.py:545} INFO - Filling up the DagBag from /opt/airflow/dags/etl_postgres_to_clickhouse.py
[2026-01-07T13:46:29.686+0000] {processor.py:840} INFO - DAG(s) 'pg_to_clickhouse_payload_parsing' retrieved from /opt/airflow/dags/etl_postgres_to_clickhouse.py
[2026-01-07T13:46:29.737+0000] {logging_mixin.py:188} INFO - [2026-01-07T13:46:29.737+0000] {dag.py:3096} INFO - Sync 1 DAGs
[2026-01-07T13:46:29.774+0000] {logging_mixin.py:188} INFO - [2026-01-07T13:46:29.773+0000] {dag.py:3954} INFO - Setting next_dagrun for pg_to_clickhouse_payload_parsing to 2026-01-07 13:46:20+00:00, run_after=2026-01-07 13:46:30+00:00
[2026-01-07T13:46:29.805+0000] {processor.py:183} INFO - Processing /opt/airflow/dags/etl_postgres_to_clickhouse.py took 0.643 seconds
[2026-01-07T13:50:01.864+0000] {processor.py:161} INFO - Started process (PID=190) to work on /opt/airflow/dags/etl_postgres_to_clickhouse.py
[2026-01-07T13:50:01.875+0000] {processor.py:830} INFO - Processing file /opt/airflow/dags/etl_postgres_to_clickhouse.py for tasks to queue
[2026-01-07T13:50:01.917+0000] {logging_mixin.py:188} INFO - [2026-01-07T13:50:01.916+0000] {dagbag.py:545} INFO - Filling up the DagBag from /opt/airflow/dags/etl_postgres_to_clickhouse.py
[2026-01-07T13:50:02.365+0000] {processor.py:840} INFO - DAG(s) 'pg_to_clickhouse_payload_parsing' retrieved from /opt/airflow/dags/etl_postgres_to_clickhouse.py
[2026-01-07T13:50:02.629+0000] {logging_mixin.py:188} INFO - [2026-01-07T13:50:02.629+0000] {override.py:1829} INFO - Created Permission View: can edit on DAG:pg_to_clickhouse_payload_parsing
[2026-01-07T13:50:02.644+0000] {logging_mixin.py:188} INFO - [2026-01-07T13:50:02.644+0000] {override.py:1829} INFO - Created Permission View: can read on DAG:pg_to_clickhouse_payload_parsing
[2026-01-07T13:50:02.655+0000] {logging_mixin.py:188} INFO - [2026-01-07T13:50:02.655+0000] {override.py:1829} INFO - Created Permission View: can delete on DAG:pg_to_clickhouse_payload_parsing
[2026-01-07T13:50:02.656+0000] {logging_mixin.py:188} INFO - [2026-01-07T13:50:02.656+0000] {dag.py:3096} INFO - Sync 1 DAGs
[2026-01-07T13:50:02.674+0000] {logging_mixin.py:188} INFO - [2026-01-07T13:50:02.674+0000] {dag.py:3118} INFO - Creating ORM DAG for pg_to_clickhouse_payload_parsing
[2026-01-07T13:50:02.692+0000] {logging_mixin.py:188} INFO - [2026-01-07T13:50:02.692+0000] {dag.py:3954} INFO - Setting next_dagrun for pg_to_clickhouse_payload_parsing to 2026-01-07 13:49:50+00:00, run_after=2026-01-07 13:50:00+00:00
[2026-01-07T13:50:02.726+0000] {processor.py:183} INFO - Processing /opt/airflow/dags/etl_postgres_to_clickhouse.py took 0.874 seconds
[2026-01-07T13:50:33.290+0000] {processor.py:161} INFO - Started process (PID=242) to work on /opt/airflow/dags/etl_postgres_to_clickhouse.py
[2026-01-07T13:50:33.291+0000] {processor.py:830} INFO - Processing file /opt/airflow/dags/etl_postgres_to_clickhouse.py for tasks to queue
[2026-01-07T13:50:33.294+0000] {logging_mixin.py:188} INFO - [2026-01-07T13:50:33.294+0000] {dagbag.py:545} INFO - Filling up the DagBag from /opt/airflow/dags/etl_postgres_to_clickhouse.py
[2026-01-07T13:50:33.623+0000] {processor.py:840} INFO - DAG(s) 'pg_to_clickhouse_payload_parsing' retrieved from /opt/airflow/dags/etl_postgres_to_clickhouse.py
[2026-01-07T13:50:33.673+0000] {logging_mixin.py:188} INFO - [2026-01-07T13:50:33.673+0000] {dag.py:3096} INFO - Sync 1 DAGs
[2026-01-07T13:50:33.715+0000] {logging_mixin.py:188} INFO - [2026-01-07T13:50:33.715+0000] {dag.py:3954} INFO - Setting next_dagrun for pg_to_clickhouse_payload_parsing to 2026-01-07 13:50:30+00:00, run_after=2026-01-07 13:50:40+00:00
[2026-01-07T13:50:33.750+0000] {processor.py:183} INFO - Processing /opt/airflow/dags/etl_postgres_to_clickhouse.py took 0.467 seconds
[2026-01-07T13:51:04.311+0000] {processor.py:161} INFO - Started process (PID=267) to work on /opt/airflow/dags/etl_postgres_to_clickhouse.py
[2026-01-07T13:51:04.314+0000] {processor.py:830} INFO - Processing file /opt/airflow/dags/etl_postgres_to_clickhouse.py for tasks to queue
[2026-01-07T13:51:04.317+0000] {logging_mixin.py:188} INFO - [2026-01-07T13:51:04.317+0000] {dagbag.py:545} INFO - Filling up the DagBag from /opt/airflow/dags/etl_postgres_to_clickhouse.py
[2026-01-07T13:51:04.604+0000] {processor.py:840} INFO - DAG(s) 'pg_to_clickhouse_payload_parsing' retrieved from /opt/airflow/dags/etl_postgres_to_clickhouse.py
[2026-01-07T13:51:04.651+0000] {logging_mixin.py:188} INFO - [2026-01-07T13:51:04.651+0000] {dag.py:3096} INFO - Sync 1 DAGs
[2026-01-07T13:51:04.685+0000] {logging_mixin.py:188} INFO - [2026-01-07T13:51:04.685+0000] {dag.py:3954} INFO - Setting next_dagrun for pg_to_clickhouse_payload_parsing to 2026-01-07 13:51:00+00:00, run_after=2026-01-07 13:51:10+00:00
[2026-01-07T13:51:04.713+0000] {processor.py:183} INFO - Processing /opt/airflow/dags/etl_postgres_to_clickhouse.py took 0.411 seconds
[2026-01-07T13:51:35.204+0000] {processor.py:161} INFO - Started process (PID=299) to work on /opt/airflow/dags/etl_postgres_to_clickhouse.py
[2026-01-07T13:51:35.205+0000] {processor.py:830} INFO - Processing file /opt/airflow/dags/etl_postgres_to_clickhouse.py for tasks to queue
[2026-01-07T13:51:35.208+0000] {logging_mixin.py:188} INFO - [2026-01-07T13:51:35.207+0000] {dagbag.py:545} INFO - Filling up the DagBag from /opt/airflow/dags/etl_postgres_to_clickhouse.py
[2026-01-07T13:51:35.571+0000] {processor.py:840} INFO - DAG(s) 'pg_to_clickhouse_payload_parsing' retrieved from /opt/airflow/dags/etl_postgres_to_clickhouse.py
[2026-01-07T13:51:35.642+0000] {logging_mixin.py:188} INFO - [2026-01-07T13:51:35.641+0000] {dag.py:3096} INFO - Sync 1 DAGs
[2026-01-07T13:51:35.689+0000] {logging_mixin.py:188} INFO - [2026-01-07T13:51:35.688+0000] {dag.py:3954} INFO - Setting next_dagrun for pg_to_clickhouse_payload_parsing to 2026-01-07 13:51:30+00:00, run_after=2026-01-07 13:51:40+00:00
[2026-01-07T13:51:35.738+0000] {processor.py:183} INFO - Processing /opt/airflow/dags/etl_postgres_to_clickhouse.py took 0.544 seconds
[2026-01-07T13:52:05.863+0000] {processor.py:161} INFO - Started process (PID=324) to work on /opt/airflow/dags/etl_postgres_to_clickhouse.py
[2026-01-07T13:52:05.869+0000] {processor.py:830} INFO - Processing file /opt/airflow/dags/etl_postgres_to_clickhouse.py for tasks to queue
[2026-01-07T13:52:05.871+0000] {logging_mixin.py:188} INFO - [2026-01-07T13:52:05.871+0000] {dagbag.py:545} INFO - Filling up the DagBag from /opt/airflow/dags/etl_postgres_to_clickhouse.py
[2026-01-07T13:52:06.185+0000] {processor.py:840} INFO - DAG(s) 'pg_to_clickhouse_payload_parsing' retrieved from /opt/airflow/dags/etl_postgres_to_clickhouse.py
[2026-01-07T13:52:06.231+0000] {logging_mixin.py:188} INFO - [2026-01-07T13:52:06.231+0000] {dag.py:3096} INFO - Sync 1 DAGs
[2026-01-07T13:52:06.265+0000] {logging_mixin.py:188} INFO - [2026-01-07T13:52:06.264+0000] {dag.py:3954} INFO - Setting next_dagrun for pg_to_clickhouse_payload_parsing to 2026-01-07 13:52:00+00:00, run_after=2026-01-07 13:52:10+00:00
[2026-01-07T13:52:06.291+0000] {processor.py:183} INFO - Processing /opt/airflow/dags/etl_postgres_to_clickhouse.py took 0.439 seconds
[2026-01-07T13:53:10.371+0000] {processor.py:161} INFO - Started process (PID=190) to work on /opt/airflow/dags/etl_postgres_to_clickhouse.py
[2026-01-07T13:53:10.373+0000] {processor.py:830} INFO - Processing file /opt/airflow/dags/etl_postgres_to_clickhouse.py for tasks to queue
[2026-01-07T13:53:10.378+0000] {logging_mixin.py:188} INFO - [2026-01-07T13:53:10.377+0000] {dagbag.py:545} INFO - Filling up the DagBag from /opt/airflow/dags/etl_postgres_to_clickhouse.py
[2026-01-07T13:53:10.815+0000] {processor.py:840} INFO - DAG(s) 'pg_to_clickhouse_payload_parsing' retrieved from /opt/airflow/dags/etl_postgres_to_clickhouse.py
[2026-01-07T13:53:11.053+0000] {logging_mixin.py:188} INFO - [2026-01-07T13:53:11.052+0000] {override.py:1829} INFO - Created Permission View: can edit on DAG:pg_to_clickhouse_payload_parsing
[2026-01-07T13:53:11.073+0000] {logging_mixin.py:188} INFO - [2026-01-07T13:53:11.073+0000] {override.py:1829} INFO - Created Permission View: can delete on DAG:pg_to_clickhouse_payload_parsing
[2026-01-07T13:53:11.086+0000] {logging_mixin.py:188} INFO - [2026-01-07T13:53:11.086+0000] {override.py:1829} INFO - Created Permission View: can read on DAG:pg_to_clickhouse_payload_parsing
[2026-01-07T13:53:11.087+0000] {logging_mixin.py:188} INFO - [2026-01-07T13:53:11.087+0000] {dag.py:3096} INFO - Sync 1 DAGs
[2026-01-07T13:53:11.117+0000] {logging_mixin.py:188} INFO - [2026-01-07T13:53:11.117+0000] {dag.py:3118} INFO - Creating ORM DAG for pg_to_clickhouse_payload_parsing
[2026-01-07T13:53:11.133+0000] {logging_mixin.py:188} INFO - [2026-01-07T13:53:11.133+0000] {dag.py:3954} INFO - Setting next_dagrun for pg_to_clickhouse_payload_parsing to 2026-01-07 13:53:00+00:00, run_after=2026-01-07 13:53:10+00:00
[2026-01-07T13:53:11.173+0000] {processor.py:183} INFO - Processing /opt/airflow/dags/etl_postgres_to_clickhouse.py took 0.813 seconds
[2026-01-07T13:54:16.503+0000] {processor.py:161} INFO - Started process (PID=199) to work on /opt/airflow/dags/etl_postgres_to_clickhouse.py
[2026-01-07T13:54:16.505+0000] {processor.py:830} INFO - Processing file /opt/airflow/dags/etl_postgres_to_clickhouse.py for tasks to queue
[2026-01-07T13:54:16.509+0000] {logging_mixin.py:188} INFO - [2026-01-07T13:54:16.509+0000] {dagbag.py:545} INFO - Filling up the DagBag from /opt/airflow/dags/etl_postgres_to_clickhouse.py
[2026-01-07T13:54:16.918+0000] {processor.py:840} INFO - DAG(s) 'pg_to_clickhouse_payload_parsing' retrieved from /opt/airflow/dags/etl_postgres_to_clickhouse.py
[2026-01-07T13:54:17.171+0000] {logging_mixin.py:188} INFO - [2026-01-07T13:54:17.170+0000] {override.py:1829} INFO - Created Permission View: can read on DAG:pg_to_clickhouse_payload_parsing
[2026-01-07T13:54:17.192+0000] {logging_mixin.py:188} INFO - [2026-01-07T13:54:17.191+0000] {override.py:1829} INFO - Created Permission View: can edit on DAG:pg_to_clickhouse_payload_parsing
[2026-01-07T13:54:17.203+0000] {logging_mixin.py:188} INFO - [2026-01-07T13:54:17.203+0000] {override.py:1829} INFO - Created Permission View: can delete on DAG:pg_to_clickhouse_payload_parsing
[2026-01-07T13:54:17.204+0000] {logging_mixin.py:188} INFO - [2026-01-07T13:54:17.204+0000] {dag.py:3096} INFO - Sync 1 DAGs
[2026-01-07T13:54:17.225+0000] {logging_mixin.py:188} INFO - [2026-01-07T13:54:17.224+0000] {dag.py:3118} INFO - Creating ORM DAG for pg_to_clickhouse_payload_parsing
[2026-01-07T13:54:17.240+0000] {logging_mixin.py:188} INFO - [2026-01-07T13:54:17.240+0000] {dag.py:3954} INFO - Setting next_dagrun for pg_to_clickhouse_payload_parsing to 2026-01-07 13:54:00+00:00, run_after=2026-01-07 13:54:10+00:00
[2026-01-07T13:54:17.278+0000] {processor.py:183} INFO - Processing /opt/airflow/dags/etl_postgres_to_clickhouse.py took 0.789 seconds
[2026-01-07T13:54:47.919+0000] {processor.py:161} INFO - Started process (PID=245) to work on /opt/airflow/dags/etl_postgres_to_clickhouse.py
[2026-01-07T13:54:47.921+0000] {processor.py:830} INFO - Processing file /opt/airflow/dags/etl_postgres_to_clickhouse.py for tasks to queue
[2026-01-07T13:54:47.923+0000] {logging_mixin.py:188} INFO - [2026-01-07T13:54:47.923+0000] {dagbag.py:545} INFO - Filling up the DagBag from /opt/airflow/dags/etl_postgres_to_clickhouse.py
[2026-01-07T13:54:48.209+0000] {processor.py:840} INFO - DAG(s) 'pg_to_clickhouse_payload_parsing' retrieved from /opt/airflow/dags/etl_postgres_to_clickhouse.py
[2026-01-07T13:54:48.248+0000] {logging_mixin.py:188} INFO - [2026-01-07T13:54:48.248+0000] {dag.py:3096} INFO - Sync 1 DAGs
[2026-01-07T13:54:48.274+0000] {logging_mixin.py:188} INFO - [2026-01-07T13:54:48.273+0000] {dag.py:3954} INFO - Setting next_dagrun for pg_to_clickhouse_payload_parsing to 2026-01-07 13:54:40+00:00, run_after=2026-01-07 13:54:50+00:00
[2026-01-07T13:54:48.308+0000] {processor.py:183} INFO - Processing /opt/airflow/dags/etl_postgres_to_clickhouse.py took 0.398 seconds
[2026-01-07T13:55:18.780+0000] {processor.py:161} INFO - Started process (PID=269) to work on /opt/airflow/dags/etl_postgres_to_clickhouse.py
[2026-01-07T13:55:18.782+0000] {processor.py:830} INFO - Processing file /opt/airflow/dags/etl_postgres_to_clickhouse.py for tasks to queue
[2026-01-07T13:55:18.787+0000] {logging_mixin.py:188} INFO - [2026-01-07T13:55:18.786+0000] {dagbag.py:545} INFO - Filling up the DagBag from /opt/airflow/dags/etl_postgres_to_clickhouse.py
[2026-01-07T13:55:19.267+0000] {processor.py:840} INFO - DAG(s) 'pg_to_clickhouse_payload_parsing' retrieved from /opt/airflow/dags/etl_postgres_to_clickhouse.py
[2026-01-07T13:55:19.350+0000] {logging_mixin.py:188} INFO - [2026-01-07T13:55:19.349+0000] {dag.py:3096} INFO - Sync 1 DAGs
[2026-01-07T13:55:19.398+0000] {logging_mixin.py:188} INFO - [2026-01-07T13:55:19.397+0000] {dag.py:3954} INFO - Setting next_dagrun for pg_to_clickhouse_payload_parsing to 2026-01-07 13:55:10+00:00, run_after=2026-01-07 13:55:20+00:00
[2026-01-07T13:55:19.443+0000] {processor.py:183} INFO - Processing /opt/airflow/dags/etl_postgres_to_clickhouse.py took 0.679 seconds
[2026-01-07T13:55:50.075+0000] {processor.py:161} INFO - Started process (PID=301) to work on /opt/airflow/dags/etl_postgres_to_clickhouse.py
[2026-01-07T13:55:50.077+0000] {processor.py:830} INFO - Processing file /opt/airflow/dags/etl_postgres_to_clickhouse.py for tasks to queue
[2026-01-07T13:55:50.080+0000] {logging_mixin.py:188} INFO - [2026-01-07T13:55:50.079+0000] {dagbag.py:545} INFO - Filling up the DagBag from /opt/airflow/dags/etl_postgres_to_clickhouse.py
[2026-01-07T13:55:50.475+0000] {processor.py:840} INFO - DAG(s) 'pg_to_clickhouse_payload_parsing' retrieved from /opt/airflow/dags/etl_postgres_to_clickhouse.py
[2026-01-07T13:55:50.525+0000] {logging_mixin.py:188} INFO - [2026-01-07T13:55:50.525+0000] {dag.py:3096} INFO - Sync 1 DAGs
[2026-01-07T13:55:50.568+0000] {logging_mixin.py:188} INFO - [2026-01-07T13:55:50.567+0000] {dag.py:3954} INFO - Setting next_dagrun for pg_to_clickhouse_payload_parsing to 2026-01-07 13:55:40+00:00, run_after=2026-01-07 13:55:50+00:00
[2026-01-07T13:55:50.601+0000] {processor.py:183} INFO - Processing /opt/airflow/dags/etl_postgres_to_clickhouse.py took 0.536 seconds
[2026-01-07T13:56:20.932+0000] {processor.py:161} INFO - Started process (PID=326) to work on /opt/airflow/dags/etl_postgres_to_clickhouse.py
[2026-01-07T13:56:20.934+0000] {processor.py:830} INFO - Processing file /opt/airflow/dags/etl_postgres_to_clickhouse.py for tasks to queue
[2026-01-07T13:56:20.942+0000] {logging_mixin.py:188} INFO - [2026-01-07T13:56:20.941+0000] {dagbag.py:545} INFO - Filling up the DagBag from /opt/airflow/dags/etl_postgres_to_clickhouse.py
[2026-01-07T13:56:21.279+0000] {processor.py:840} INFO - DAG(s) 'pg_to_clickhouse_payload_parsing' retrieved from /opt/airflow/dags/etl_postgres_to_clickhouse.py
[2026-01-07T13:56:21.322+0000] {logging_mixin.py:188} INFO - [2026-01-07T13:56:21.322+0000] {dag.py:3096} INFO - Sync 1 DAGs
[2026-01-07T13:56:21.351+0000] {logging_mixin.py:188} INFO - [2026-01-07T13:56:21.351+0000] {dag.py:3954} INFO - Setting next_dagrun for pg_to_clickhouse_payload_parsing to 2026-01-07 13:56:20+00:00, run_after=2026-01-07 13:56:30+00:00
[2026-01-07T13:56:21.378+0000] {processor.py:183} INFO - Processing /opt/airflow/dags/etl_postgres_to_clickhouse.py took 0.457 seconds
[2026-01-07T13:56:51.741+0000] {processor.py:161} INFO - Started process (PID=353) to work on /opt/airflow/dags/etl_postgres_to_clickhouse.py
[2026-01-07T13:56:51.743+0000] {processor.py:830} INFO - Processing file /opt/airflow/dags/etl_postgres_to_clickhouse.py for tasks to queue
[2026-01-07T13:56:51.746+0000] {logging_mixin.py:188} INFO - [2026-01-07T13:56:51.745+0000] {dagbag.py:545} INFO - Filling up the DagBag from /opt/airflow/dags/etl_postgres_to_clickhouse.py
[2026-01-07T13:56:52.266+0000] {processor.py:840} INFO - DAG(s) 'pg_to_clickhouse_payload_parsing' retrieved from /opt/airflow/dags/etl_postgres_to_clickhouse.py
[2026-01-07T13:56:52.330+0000] {logging_mixin.py:188} INFO - [2026-01-07T13:56:52.329+0000] {dag.py:3096} INFO - Sync 1 DAGs
[2026-01-07T13:56:52.375+0000] {logging_mixin.py:188} INFO - [2026-01-07T13:56:52.375+0000] {dag.py:3954} INFO - Setting next_dagrun for pg_to_clickhouse_payload_parsing to 2026-01-07 13:56:50+00:00, run_after=2026-01-07 13:57:00+00:00
[2026-01-07T13:56:52.429+0000] {processor.py:183} INFO - Processing /opt/airflow/dags/etl_postgres_to_clickhouse.py took 0.699 seconds
[2026-01-07T13:57:23.056+0000] {processor.py:161} INFO - Started process (PID=378) to work on /opt/airflow/dags/etl_postgres_to_clickhouse.py
[2026-01-07T13:57:23.058+0000] {processor.py:830} INFO - Processing file /opt/airflow/dags/etl_postgres_to_clickhouse.py for tasks to queue
[2026-01-07T13:57:23.064+0000] {logging_mixin.py:188} INFO - [2026-01-07T13:57:23.064+0000] {dagbag.py:545} INFO - Filling up the DagBag from /opt/airflow/dags/etl_postgres_to_clickhouse.py
[2026-01-07T13:57:23.421+0000] {processor.py:840} INFO - DAG(s) 'pg_to_clickhouse_payload_parsing' retrieved from /opt/airflow/dags/etl_postgres_to_clickhouse.py
[2026-01-07T13:57:23.473+0000] {logging_mixin.py:188} INFO - [2026-01-07T13:57:23.473+0000] {dag.py:3096} INFO - Sync 1 DAGs
[2026-01-07T13:57:23.511+0000] {logging_mixin.py:188} INFO - [2026-01-07T13:57:23.511+0000] {dag.py:3954} INFO - Setting next_dagrun for pg_to_clickhouse_payload_parsing to 2026-01-07 13:57:20+00:00, run_after=2026-01-07 13:57:30+00:00
[2026-01-07T13:57:23.552+0000] {processor.py:183} INFO - Processing /opt/airflow/dags/etl_postgres_to_clickhouse.py took 0.507 seconds
[2026-01-07T13:57:54.283+0000] {processor.py:161} INFO - Started process (PID=410) to work on /opt/airflow/dags/etl_postgres_to_clickhouse.py
[2026-01-07T13:57:54.287+0000] {processor.py:830} INFO - Processing file /opt/airflow/dags/etl_postgres_to_clickhouse.py for tasks to queue
[2026-01-07T13:57:54.293+0000] {logging_mixin.py:188} INFO - [2026-01-07T13:57:54.290+0000] {dagbag.py:545} INFO - Filling up the DagBag from /opt/airflow/dags/etl_postgres_to_clickhouse.py
[2026-01-07T13:57:54.752+0000] {processor.py:840} INFO - DAG(s) 'pg_to_clickhouse_payload_parsing' retrieved from /opt/airflow/dags/etl_postgres_to_clickhouse.py
[2026-01-07T13:57:54.797+0000] {logging_mixin.py:188} INFO - [2026-01-07T13:57:54.796+0000] {dag.py:3096} INFO - Sync 1 DAGs
[2026-01-07T13:57:54.830+0000] {logging_mixin.py:188} INFO - [2026-01-07T13:57:54.830+0000] {dag.py:3954} INFO - Setting next_dagrun for pg_to_clickhouse_payload_parsing to 2026-01-07 13:57:50+00:00, run_after=2026-01-07 13:58:00+00:00
[2026-01-07T13:57:54.856+0000] {processor.py:183} INFO - Processing /opt/airflow/dags/etl_postgres_to_clickhouse.py took 0.585 seconds
[2026-01-07T13:58:25.002+0000] {processor.py:161} INFO - Started process (PID=435) to work on /opt/airflow/dags/etl_postgres_to_clickhouse.py
[2026-01-07T13:58:25.004+0000] {processor.py:830} INFO - Processing file /opt/airflow/dags/etl_postgres_to_clickhouse.py for tasks to queue
[2026-01-07T13:58:25.006+0000] {logging_mixin.py:188} INFO - [2026-01-07T13:58:25.005+0000] {dagbag.py:545} INFO - Filling up the DagBag from /opt/airflow/dags/etl_postgres_to_clickhouse.py
[2026-01-07T13:58:25.378+0000] {processor.py:840} INFO - DAG(s) 'pg_to_clickhouse_payload_parsing' retrieved from /opt/airflow/dags/etl_postgres_to_clickhouse.py
[2026-01-07T13:58:25.445+0000] {logging_mixin.py:188} INFO - [2026-01-07T13:58:25.444+0000] {dag.py:3096} INFO - Sync 1 DAGs
[2026-01-07T13:58:25.499+0000] {logging_mixin.py:188} INFO - [2026-01-07T13:58:25.499+0000] {dag.py:3954} INFO - Setting next_dagrun for pg_to_clickhouse_payload_parsing to 2026-01-07 13:58:20+00:00, run_after=2026-01-07 13:58:30+00:00
[2026-01-07T13:58:25.552+0000] {processor.py:183} INFO - Processing /opt/airflow/dags/etl_postgres_to_clickhouse.py took 0.557 seconds
[2026-01-07T13:58:56.052+0000] {processor.py:161} INFO - Started process (PID=466) to work on /opt/airflow/dags/etl_postgres_to_clickhouse.py
[2026-01-07T13:58:56.053+0000] {processor.py:830} INFO - Processing file /opt/airflow/dags/etl_postgres_to_clickhouse.py for tasks to queue
[2026-01-07T13:58:56.057+0000] {logging_mixin.py:188} INFO - [2026-01-07T13:58:56.056+0000] {dagbag.py:545} INFO - Filling up the DagBag from /opt/airflow/dags/etl_postgres_to_clickhouse.py
[2026-01-07T13:58:56.415+0000] {processor.py:840} INFO - DAG(s) 'pg_to_clickhouse_payload_parsing' retrieved from /opt/airflow/dags/etl_postgres_to_clickhouse.py
[2026-01-07T13:58:56.456+0000] {logging_mixin.py:188} INFO - [2026-01-07T13:58:56.456+0000] {dag.py:3096} INFO - Sync 1 DAGs
[2026-01-07T13:58:56.487+0000] {logging_mixin.py:188} INFO - [2026-01-07T13:58:56.487+0000] {dag.py:3954} INFO - Setting next_dagrun for pg_to_clickhouse_payload_parsing to 2026-01-07 13:58:50+00:00, run_after=2026-01-07 13:59:00+00:00
[2026-01-07T13:58:56.518+0000] {processor.py:183} INFO - Processing /opt/airflow/dags/etl_postgres_to_clickhouse.py took 0.476 seconds
[2026-01-07T13:59:26.648+0000] {processor.py:161} INFO - Started process (PID=491) to work on /opt/airflow/dags/etl_postgres_to_clickhouse.py
[2026-01-07T13:59:26.650+0000] {processor.py:830} INFO - Processing file /opt/airflow/dags/etl_postgres_to_clickhouse.py for tasks to queue
[2026-01-07T13:59:26.654+0000] {logging_mixin.py:188} INFO - [2026-01-07T13:59:26.653+0000] {dagbag.py:545} INFO - Filling up the DagBag from /opt/airflow/dags/etl_postgres_to_clickhouse.py
[2026-01-07T13:59:26.979+0000] {processor.py:840} INFO - DAG(s) 'pg_to_clickhouse_payload_parsing' retrieved from /opt/airflow/dags/etl_postgres_to_clickhouse.py
[2026-01-07T13:59:27.019+0000] {logging_mixin.py:188} INFO - [2026-01-07T13:59:27.019+0000] {dag.py:3096} INFO - Sync 1 DAGs
[2026-01-07T13:59:27.051+0000] {logging_mixin.py:188} INFO - [2026-01-07T13:59:27.050+0000] {dag.py:3954} INFO - Setting next_dagrun for pg_to_clickhouse_payload_parsing to 2026-01-07 13:59:20+00:00, run_after=2026-01-07 13:59:30+00:00
[2026-01-07T13:59:27.082+0000] {processor.py:183} INFO - Processing /opt/airflow/dags/etl_postgres_to_clickhouse.py took 0.448 seconds
[2026-01-07T13:59:57.709+0000] {processor.py:161} INFO - Started process (PID=523) to work on /opt/airflow/dags/etl_postgres_to_clickhouse.py
[2026-01-07T13:59:57.711+0000] {processor.py:830} INFO - Processing file /opt/airflow/dags/etl_postgres_to_clickhouse.py for tasks to queue
[2026-01-07T13:59:57.715+0000] {logging_mixin.py:188} INFO - [2026-01-07T13:59:57.714+0000] {dagbag.py:545} INFO - Filling up the DagBag from /opt/airflow/dags/etl_postgres_to_clickhouse.py
[2026-01-07T13:59:58.123+0000] {processor.py:840} INFO - DAG(s) 'pg_to_clickhouse_payload_parsing' retrieved from /opt/airflow/dags/etl_postgres_to_clickhouse.py
[2026-01-07T13:59:58.163+0000] {logging_mixin.py:188} INFO - [2026-01-07T13:59:58.163+0000] {dag.py:3096} INFO - Sync 1 DAGs
[2026-01-07T13:59:58.195+0000] {logging_mixin.py:188} INFO - [2026-01-07T13:59:58.195+0000] {dag.py:3954} INFO - Setting next_dagrun for pg_to_clickhouse_payload_parsing to 2026-01-07 13:59:50+00:00, run_after=2026-01-07 14:00:00+00:00
[2026-01-07T13:59:58.255+0000] {processor.py:183} INFO - Processing /opt/airflow/dags/etl_postgres_to_clickhouse.py took 0.558 seconds
[2026-01-07T14:00:28.939+0000] {processor.py:161} INFO - Started process (PID=548) to work on /opt/airflow/dags/etl_postgres_to_clickhouse.py
[2026-01-07T14:00:28.942+0000] {processor.py:830} INFO - Processing file /opt/airflow/dags/etl_postgres_to_clickhouse.py for tasks to queue
[2026-01-07T14:00:28.944+0000] {logging_mixin.py:188} INFO - [2026-01-07T14:00:28.944+0000] {dagbag.py:545} INFO - Filling up the DagBag from /opt/airflow/dags/etl_postgres_to_clickhouse.py
[2026-01-07T14:00:29.206+0000] {processor.py:840} INFO - DAG(s) 'pg_to_clickhouse_payload_parsing' retrieved from /opt/airflow/dags/etl_postgres_to_clickhouse.py
[2026-01-07T14:00:29.247+0000] {logging_mixin.py:188} INFO - [2026-01-07T14:00:29.247+0000] {dag.py:3096} INFO - Sync 1 DAGs
[2026-01-07T14:00:29.272+0000] {logging_mixin.py:188} INFO - [2026-01-07T14:00:29.271+0000] {dag.py:3954} INFO - Setting next_dagrun for pg_to_clickhouse_payload_parsing to 2026-01-07 14:00:20+00:00, run_after=2026-01-07 14:00:30+00:00
[2026-01-07T14:00:29.299+0000] {processor.py:183} INFO - Processing /opt/airflow/dags/etl_postgres_to_clickhouse.py took 0.367 seconds
[2026-01-07T14:00:59.873+0000] {processor.py:161} INFO - Started process (PID=574) to work on /opt/airflow/dags/etl_postgres_to_clickhouse.py
[2026-01-07T14:00:59.875+0000] {processor.py:830} INFO - Processing file /opt/airflow/dags/etl_postgres_to_clickhouse.py for tasks to queue
[2026-01-07T14:00:59.879+0000] {logging_mixin.py:188} INFO - [2026-01-07T14:00:59.878+0000] {dagbag.py:545} INFO - Filling up the DagBag from /opt/airflow/dags/etl_postgres_to_clickhouse.py
[2026-01-07T14:01:00.224+0000] {processor.py:840} INFO - DAG(s) 'pg_to_clickhouse_payload_parsing' retrieved from /opt/airflow/dags/etl_postgres_to_clickhouse.py
[2026-01-07T14:01:00.272+0000] {logging_mixin.py:188} INFO - [2026-01-07T14:01:00.271+0000] {dag.py:3096} INFO - Sync 1 DAGs
[2026-01-07T14:01:00.308+0000] {logging_mixin.py:188} INFO - [2026-01-07T14:01:00.308+0000] {dag.py:3954} INFO - Setting next_dagrun for pg_to_clickhouse_payload_parsing to 2026-01-07 14:00:50+00:00, run_after=2026-01-07 14:01:00+00:00
[2026-01-07T14:01:00.343+0000] {processor.py:183} INFO - Processing /opt/airflow/dags/etl_postgres_to_clickhouse.py took 0.479 seconds
[2026-01-07T14:01:30.699+0000] {processor.py:161} INFO - Started process (PID=606) to work on /opt/airflow/dags/etl_postgres_to_clickhouse.py
[2026-01-07T14:01:30.701+0000] {processor.py:830} INFO - Processing file /opt/airflow/dags/etl_postgres_to_clickhouse.py for tasks to queue
[2026-01-07T14:01:30.704+0000] {logging_mixin.py:188} INFO - [2026-01-07T14:01:30.704+0000] {dagbag.py:545} INFO - Filling up the DagBag from /opt/airflow/dags/etl_postgres_to_clickhouse.py
[2026-01-07T14:01:31.057+0000] {processor.py:840} INFO - DAG(s) 'pg_to_clickhouse_payload_parsing' retrieved from /opt/airflow/dags/etl_postgres_to_clickhouse.py
[2026-01-07T14:01:31.097+0000] {logging_mixin.py:188} INFO - [2026-01-07T14:01:31.097+0000] {dag.py:3096} INFO - Sync 1 DAGs
[2026-01-07T14:01:31.126+0000] {logging_mixin.py:188} INFO - [2026-01-07T14:01:31.126+0000] {dag.py:3954} INFO - Setting next_dagrun for pg_to_clickhouse_payload_parsing to 2026-01-07 14:01:30+00:00, run_after=2026-01-07 14:01:40+00:00
[2026-01-07T14:01:31.157+0000] {processor.py:183} INFO - Processing /opt/airflow/dags/etl_postgres_to_clickhouse.py took 0.468 seconds
[2026-01-07T14:02:01.693+0000] {processor.py:161} INFO - Started process (PID=632) to work on /opt/airflow/dags/etl_postgres_to_clickhouse.py
[2026-01-07T14:02:01.695+0000] {processor.py:830} INFO - Processing file /opt/airflow/dags/etl_postgres_to_clickhouse.py for tasks to queue
[2026-01-07T14:02:01.698+0000] {logging_mixin.py:188} INFO - [2026-01-07T14:02:01.698+0000] {dagbag.py:545} INFO - Filling up the DagBag from /opt/airflow/dags/etl_postgres_to_clickhouse.py
[2026-01-07T14:02:01.952+0000] {processor.py:840} INFO - DAG(s) 'pg_to_clickhouse_payload_parsing' retrieved from /opt/airflow/dags/etl_postgres_to_clickhouse.py
[2026-01-07T14:02:01.991+0000] {logging_mixin.py:188} INFO - [2026-01-07T14:02:01.990+0000] {dag.py:3096} INFO - Sync 1 DAGs
[2026-01-07T14:02:02.026+0000] {logging_mixin.py:188} INFO - [2026-01-07T14:02:02.026+0000] {dag.py:3954} INFO - Setting next_dagrun for pg_to_clickhouse_payload_parsing to 2026-01-07 14:02:00+00:00, run_after=2026-01-07 14:02:10+00:00
[2026-01-07T14:02:02.057+0000] {processor.py:183} INFO - Processing /opt/airflow/dags/etl_postgres_to_clickhouse.py took 0.375 seconds
[2026-01-07T14:02:32.195+0000] {processor.py:161} INFO - Started process (PID=664) to work on /opt/airflow/dags/etl_postgres_to_clickhouse.py
[2026-01-07T14:02:32.198+0000] {processor.py:830} INFO - Processing file /opt/airflow/dags/etl_postgres_to_clickhouse.py for tasks to queue
[2026-01-07T14:02:32.201+0000] {logging_mixin.py:188} INFO - [2026-01-07T14:02:32.200+0000] {dagbag.py:545} INFO - Filling up the DagBag from /opt/airflow/dags/etl_postgres_to_clickhouse.py
[2026-01-07T14:02:32.537+0000] {processor.py:840} INFO - DAG(s) 'pg_to_clickhouse_payload_parsing' retrieved from /opt/airflow/dags/etl_postgres_to_clickhouse.py
[2026-01-07T14:02:32.589+0000] {logging_mixin.py:188} INFO - [2026-01-07T14:02:32.589+0000] {dag.py:3096} INFO - Sync 1 DAGs
[2026-01-07T14:02:32.627+0000] {logging_mixin.py:188} INFO - [2026-01-07T14:02:32.626+0000] {dag.py:3954} INFO - Setting next_dagrun for pg_to_clickhouse_payload_parsing to 2026-01-07 14:02:30+00:00, run_after=2026-01-07 14:02:40+00:00
[2026-01-07T14:02:32.659+0000] {processor.py:183} INFO - Processing /opt/airflow/dags/etl_postgres_to_clickhouse.py took 0.473 seconds
[2026-01-07T14:03:03.218+0000] {processor.py:161} INFO - Started process (PID=689) to work on /opt/airflow/dags/etl_postgres_to_clickhouse.py
[2026-01-07T14:03:03.220+0000] {processor.py:830} INFO - Processing file /opt/airflow/dags/etl_postgres_to_clickhouse.py for tasks to queue
[2026-01-07T14:03:03.222+0000] {logging_mixin.py:188} INFO - [2026-01-07T14:03:03.222+0000] {dagbag.py:545} INFO - Filling up the DagBag from /opt/airflow/dags/etl_postgres_to_clickhouse.py
[2026-01-07T14:03:03.522+0000] {processor.py:840} INFO - DAG(s) 'pg_to_clickhouse_payload_parsing' retrieved from /opt/airflow/dags/etl_postgres_to_clickhouse.py
[2026-01-07T14:03:03.570+0000] {logging_mixin.py:188} INFO - [2026-01-07T14:03:03.570+0000] {dag.py:3096} INFO - Sync 1 DAGs
[2026-01-07T14:03:03.607+0000] {logging_mixin.py:188} INFO - [2026-01-07T14:03:03.607+0000] {dag.py:3954} INFO - Setting next_dagrun for pg_to_clickhouse_payload_parsing to 2026-01-07 14:03:00+00:00, run_after=2026-01-07 14:03:10+00:00
[2026-01-07T14:03:03.643+0000] {processor.py:183} INFO - Processing /opt/airflow/dags/etl_postgres_to_clickhouse.py took 0.436 seconds
[2026-01-07T14:03:33.778+0000] {processor.py:161} INFO - Started process (PID=714) to work on /opt/airflow/dags/etl_postgres_to_clickhouse.py
[2026-01-07T14:03:33.780+0000] {processor.py:830} INFO - Processing file /opt/airflow/dags/etl_postgres_to_clickhouse.py for tasks to queue
[2026-01-07T14:03:33.782+0000] {logging_mixin.py:188} INFO - [2026-01-07T14:03:33.782+0000] {dagbag.py:545} INFO - Filling up the DagBag from /opt/airflow/dags/etl_postgres_to_clickhouse.py
[2026-01-07T14:03:34.059+0000] {processor.py:840} INFO - DAG(s) 'pg_to_clickhouse_payload_parsing' retrieved from /opt/airflow/dags/etl_postgres_to_clickhouse.py
[2026-01-07T14:03:34.121+0000] {logging_mixin.py:188} INFO - [2026-01-07T14:03:34.120+0000] {dag.py:3096} INFO - Sync 1 DAGs
[2026-01-07T14:03:34.163+0000] {logging_mixin.py:188} INFO - [2026-01-07T14:03:34.163+0000] {dag.py:3954} INFO - Setting next_dagrun for pg_to_clickhouse_payload_parsing to 2026-01-07 14:03:30+00:00, run_after=2026-01-07 14:03:40+00:00
[2026-01-07T14:03:34.204+0000] {processor.py:183} INFO - Processing /opt/airflow/dags/etl_postgres_to_clickhouse.py took 0.436 seconds
[2026-01-07T14:04:04.691+0000] {processor.py:161} INFO - Started process (PID=746) to work on /opt/airflow/dags/etl_postgres_to_clickhouse.py
[2026-01-07T14:04:04.693+0000] {processor.py:830} INFO - Processing file /opt/airflow/dags/etl_postgres_to_clickhouse.py for tasks to queue
[2026-01-07T14:04:04.697+0000] {logging_mixin.py:188} INFO - [2026-01-07T14:04:04.697+0000] {dagbag.py:545} INFO - Filling up the DagBag from /opt/airflow/dags/etl_postgres_to_clickhouse.py
[2026-01-07T14:04:05.043+0000] {processor.py:840} INFO - DAG(s) 'pg_to_clickhouse_payload_parsing' retrieved from /opt/airflow/dags/etl_postgres_to_clickhouse.py
[2026-01-07T14:04:05.105+0000] {logging_mixin.py:188} INFO - [2026-01-07T14:04:05.104+0000] {dag.py:3096} INFO - Sync 1 DAGs
[2026-01-07T14:04:05.149+0000] {logging_mixin.py:188} INFO - [2026-01-07T14:04:05.149+0000] {dag.py:3954} INFO - Setting next_dagrun for pg_to_clickhouse_payload_parsing to 2026-01-07 14:04:00+00:00, run_after=2026-01-07 14:04:10+00:00
[2026-01-07T14:04:05.188+0000] {processor.py:183} INFO - Processing /opt/airflow/dags/etl_postgres_to_clickhouse.py took 0.509 seconds
[2026-01-07T14:04:35.803+0000] {processor.py:161} INFO - Started process (PID=771) to work on /opt/airflow/dags/etl_postgres_to_clickhouse.py
[2026-01-07T14:04:35.805+0000] {processor.py:830} INFO - Processing file /opt/airflow/dags/etl_postgres_to_clickhouse.py for tasks to queue
[2026-01-07T14:04:35.808+0000] {logging_mixin.py:188} INFO - [2026-01-07T14:04:35.807+0000] {dagbag.py:545} INFO - Filling up the DagBag from /opt/airflow/dags/etl_postgres_to_clickhouse.py
[2026-01-07T14:04:36.174+0000] {processor.py:840} INFO - DAG(s) 'pg_to_clickhouse_payload_parsing' retrieved from /opt/airflow/dags/etl_postgres_to_clickhouse.py
[2026-01-07T14:04:36.228+0000] {logging_mixin.py:188} INFO - [2026-01-07T14:04:36.227+0000] {dag.py:3096} INFO - Sync 1 DAGs
[2026-01-07T14:04:36.277+0000] {logging_mixin.py:188} INFO - [2026-01-07T14:04:36.277+0000] {dag.py:3954} INFO - Setting next_dagrun for pg_to_clickhouse_payload_parsing to 2026-01-07 14:04:30+00:00, run_after=2026-01-07 14:04:40+00:00
[2026-01-07T14:04:36.320+0000] {processor.py:183} INFO - Processing /opt/airflow/dags/etl_postgres_to_clickhouse.py took 0.528 seconds
[2026-01-07T14:05:06.724+0000] {processor.py:161} INFO - Started process (PID=803) to work on /opt/airflow/dags/etl_postgres_to_clickhouse.py
[2026-01-07T14:05:06.726+0000] {processor.py:830} INFO - Processing file /opt/airflow/dags/etl_postgres_to_clickhouse.py for tasks to queue
[2026-01-07T14:05:06.730+0000] {logging_mixin.py:188} INFO - [2026-01-07T14:05:06.729+0000] {dagbag.py:545} INFO - Filling up the DagBag from /opt/airflow/dags/etl_postgres_to_clickhouse.py
[2026-01-07T14:05:07.111+0000] {processor.py:840} INFO - DAG(s) 'pg_to_clickhouse_payload_parsing' retrieved from /opt/airflow/dags/etl_postgres_to_clickhouse.py
[2026-01-07T14:05:07.159+0000] {logging_mixin.py:188} INFO - [2026-01-07T14:05:07.159+0000] {dag.py:3096} INFO - Sync 1 DAGs
[2026-01-07T14:05:07.197+0000] {logging_mixin.py:188} INFO - [2026-01-07T14:05:07.197+0000] {dag.py:3954} INFO - Setting next_dagrun for pg_to_clickhouse_payload_parsing to 2026-01-07 14:05:00+00:00, run_after=2026-01-07 14:05:10+00:00
[2026-01-07T14:05:07.227+0000] {processor.py:183} INFO - Processing /opt/airflow/dags/etl_postgres_to_clickhouse.py took 0.513 seconds
[2026-01-07T14:05:37.735+0000] {processor.py:161} INFO - Started process (PID=827) to work on /opt/airflow/dags/etl_postgres_to_clickhouse.py
[2026-01-07T14:05:37.737+0000] {processor.py:830} INFO - Processing file /opt/airflow/dags/etl_postgres_to_clickhouse.py for tasks to queue
[2026-01-07T14:05:37.740+0000] {logging_mixin.py:188} INFO - [2026-01-07T14:05:37.740+0000] {dagbag.py:545} INFO - Filling up the DagBag from /opt/airflow/dags/etl_postgres_to_clickhouse.py
[2026-01-07T14:05:38.001+0000] {processor.py:840} INFO - DAG(s) 'pg_to_clickhouse_payload_parsing' retrieved from /opt/airflow/dags/etl_postgres_to_clickhouse.py
[2026-01-07T14:05:38.039+0000] {logging_mixin.py:188} INFO - [2026-01-07T14:05:38.039+0000] {dag.py:3096} INFO - Sync 1 DAGs
[2026-01-07T14:05:38.068+0000] {logging_mixin.py:188} INFO - [2026-01-07T14:05:38.068+0000] {dag.py:3954} INFO - Setting next_dagrun for pg_to_clickhouse_payload_parsing to 2026-01-07 14:05:30+00:00, run_after=2026-01-07 14:05:40+00:00
[2026-01-07T14:05:38.095+0000] {processor.py:183} INFO - Processing /opt/airflow/dags/etl_postgres_to_clickhouse.py took 0.367 seconds
[2026-01-07T14:06:08.665+0000] {processor.py:161} INFO - Started process (PID=852) to work on /opt/airflow/dags/etl_postgres_to_clickhouse.py
[2026-01-07T14:06:08.667+0000] {processor.py:830} INFO - Processing file /opt/airflow/dags/etl_postgres_to_clickhouse.py for tasks to queue
[2026-01-07T14:06:08.670+0000] {logging_mixin.py:188} INFO - [2026-01-07T14:06:08.669+0000] {dagbag.py:545} INFO - Filling up the DagBag from /opt/airflow/dags/etl_postgres_to_clickhouse.py
[2026-01-07T14:06:09.103+0000] {processor.py:840} INFO - DAG(s) 'pg_to_clickhouse_payload_parsing' retrieved from /opt/airflow/dags/etl_postgres_to_clickhouse.py
[2026-01-07T14:06:09.160+0000] {logging_mixin.py:188} INFO - [2026-01-07T14:06:09.159+0000] {dag.py:3096} INFO - Sync 1 DAGs
[2026-01-07T14:06:09.210+0000] {logging_mixin.py:188} INFO - [2026-01-07T14:06:09.209+0000] {dag.py:3954} INFO - Setting next_dagrun for pg_to_clickhouse_payload_parsing to 2026-01-07 14:06:00+00:00, run_after=2026-01-07 14:06:10+00:00
[2026-01-07T14:06:09.246+0000] {processor.py:183} INFO - Processing /opt/airflow/dags/etl_postgres_to_clickhouse.py took 0.588 seconds
[2026-01-07T14:06:39.795+0000] {processor.py:161} INFO - Started process (PID=884) to work on /opt/airflow/dags/etl_postgres_to_clickhouse.py
[2026-01-07T14:06:39.796+0000] {processor.py:830} INFO - Processing file /opt/airflow/dags/etl_postgres_to_clickhouse.py for tasks to queue
[2026-01-07T14:06:39.799+0000] {logging_mixin.py:188} INFO - [2026-01-07T14:06:39.798+0000] {dagbag.py:545} INFO - Filling up the DagBag from /opt/airflow/dags/etl_postgres_to_clickhouse.py
[2026-01-07T14:06:40.052+0000] {processor.py:840} INFO - DAG(s) 'pg_to_clickhouse_payload_parsing' retrieved from /opt/airflow/dags/etl_postgres_to_clickhouse.py
[2026-01-07T14:06:40.089+0000] {logging_mixin.py:188} INFO - [2026-01-07T14:06:40.089+0000] {dag.py:3096} INFO - Sync 1 DAGs
[2026-01-07T14:06:40.115+0000] {logging_mixin.py:188} INFO - [2026-01-07T14:06:40.114+0000] {dag.py:3954} INFO - Setting next_dagrun for pg_to_clickhouse_payload_parsing to 2026-01-07 14:06:30+00:00, run_after=2026-01-07 14:06:40+00:00
[2026-01-07T14:06:40.161+0000] {processor.py:183} INFO - Processing /opt/airflow/dags/etl_postgres_to_clickhouse.py took 0.374 seconds
[2026-01-07T14:07:10.653+0000] {processor.py:161} INFO - Started process (PID=909) to work on /opt/airflow/dags/etl_postgres_to_clickhouse.py
[2026-01-07T14:07:10.655+0000] {processor.py:830} INFO - Processing file /opt/airflow/dags/etl_postgres_to_clickhouse.py for tasks to queue
[2026-01-07T14:07:10.659+0000] {logging_mixin.py:188} INFO - [2026-01-07T14:07:10.658+0000] {dagbag.py:545} INFO - Filling up the DagBag from /opt/airflow/dags/etl_postgres_to_clickhouse.py
[2026-01-07T14:07:10.979+0000] {processor.py:840} INFO - DAG(s) 'pg_to_clickhouse_payload_parsing' retrieved from /opt/airflow/dags/etl_postgres_to_clickhouse.py
[2026-01-07T14:07:11.017+0000] {logging_mixin.py:188} INFO - [2026-01-07T14:07:11.017+0000] {dag.py:3096} INFO - Sync 1 DAGs
[2026-01-07T14:07:11.048+0000] {logging_mixin.py:188} INFO - [2026-01-07T14:07:11.047+0000] {dag.py:3954} INFO - Setting next_dagrun for pg_to_clickhouse_payload_parsing to 2026-01-07 14:07:10+00:00, run_after=2026-01-07 14:07:20+00:00
[2026-01-07T14:07:11.075+0000] {processor.py:183} INFO - Processing /opt/airflow/dags/etl_postgres_to_clickhouse.py took 0.433 seconds
[2026-01-07T14:07:41.208+0000] {processor.py:161} INFO - Started process (PID=942) to work on /opt/airflow/dags/etl_postgres_to_clickhouse.py
[2026-01-07T14:07:41.209+0000] {processor.py:830} INFO - Processing file /opt/airflow/dags/etl_postgres_to_clickhouse.py for tasks to queue
[2026-01-07T14:07:41.212+0000] {logging_mixin.py:188} INFO - [2026-01-07T14:07:41.212+0000] {dagbag.py:545} INFO - Filling up the DagBag from /opt/airflow/dags/etl_postgres_to_clickhouse.py
[2026-01-07T14:07:41.527+0000] {processor.py:840} INFO - DAG(s) 'pg_to_clickhouse_payload_parsing' retrieved from /opt/airflow/dags/etl_postgres_to_clickhouse.py
[2026-01-07T14:07:41.582+0000] {logging_mixin.py:188} INFO - [2026-01-07T14:07:41.582+0000] {dag.py:3096} INFO - Sync 1 DAGs
[2026-01-07T14:07:41.621+0000] {logging_mixin.py:188} INFO - [2026-01-07T14:07:41.620+0000] {dag.py:3954} INFO - Setting next_dagrun for pg_to_clickhouse_payload_parsing to 2026-01-07 14:07:40+00:00, run_after=2026-01-07 14:07:50+00:00
[2026-01-07T14:07:41.653+0000] {processor.py:183} INFO - Processing /opt/airflow/dags/etl_postgres_to_clickhouse.py took 0.456 seconds
[2026-01-07T14:08:12.160+0000] {processor.py:161} INFO - Started process (PID=969) to work on /opt/airflow/dags/etl_postgres_to_clickhouse.py
[2026-01-07T14:08:12.164+0000] {processor.py:830} INFO - Processing file /opt/airflow/dags/etl_postgres_to_clickhouse.py for tasks to queue
[2026-01-07T14:08:12.167+0000] {logging_mixin.py:188} INFO - [2026-01-07T14:08:12.166+0000] {dagbag.py:545} INFO - Filling up the DagBag from /opt/airflow/dags/etl_postgres_to_clickhouse.py
[2026-01-07T14:08:12.582+0000] {processor.py:840} INFO - DAG(s) 'pg_to_clickhouse_payload_parsing' retrieved from /opt/airflow/dags/etl_postgres_to_clickhouse.py
[2026-01-07T14:08:12.621+0000] {logging_mixin.py:188} INFO - [2026-01-07T14:08:12.621+0000] {dag.py:3096} INFO - Sync 1 DAGs
[2026-01-07T14:08:12.650+0000] {logging_mixin.py:188} INFO - [2026-01-07T14:08:12.650+0000] {dag.py:3954} INFO - Setting next_dagrun for pg_to_clickhouse_payload_parsing to 2026-01-07 14:08:10+00:00, run_after=2026-01-07 14:08:20+00:00
[2026-01-07T14:08:12.674+0000] {processor.py:183} INFO - Processing /opt/airflow/dags/etl_postgres_to_clickhouse.py took 0.526 seconds
[2026-01-07T14:08:43.197+0000] {processor.py:161} INFO - Started process (PID=1001) to work on /opt/airflow/dags/etl_postgres_to_clickhouse.py
[2026-01-07T14:08:43.198+0000] {processor.py:830} INFO - Processing file /opt/airflow/dags/etl_postgres_to_clickhouse.py for tasks to queue
[2026-01-07T14:08:43.201+0000] {logging_mixin.py:188} INFO - [2026-01-07T14:08:43.200+0000] {dagbag.py:545} INFO - Filling up the DagBag from /opt/airflow/dags/etl_postgres_to_clickhouse.py
[2026-01-07T14:08:43.572+0000] {processor.py:840} INFO - DAG(s) 'pg_to_clickhouse_payload_parsing' retrieved from /opt/airflow/dags/etl_postgres_to_clickhouse.py
[2026-01-07T14:08:43.619+0000] {logging_mixin.py:188} INFO - [2026-01-07T14:08:43.619+0000] {dag.py:3096} INFO - Sync 1 DAGs
[2026-01-07T14:08:43.656+0000] {logging_mixin.py:188} INFO - [2026-01-07T14:08:43.656+0000] {dag.py:3954} INFO - Setting next_dagrun for pg_to_clickhouse_payload_parsing to 2026-01-07 14:08:40+00:00, run_after=2026-01-07 14:08:50+00:00
[2026-01-07T14:08:43.690+0000] {processor.py:183} INFO - Processing /opt/airflow/dags/etl_postgres_to_clickhouse.py took 0.503 seconds
[2026-01-07T14:09:14.495+0000] {processor.py:161} INFO - Started process (PID=1027) to work on /opt/airflow/dags/etl_postgres_to_clickhouse.py
[2026-01-07T14:09:14.497+0000] {processor.py:830} INFO - Processing file /opt/airflow/dags/etl_postgres_to_clickhouse.py for tasks to queue
[2026-01-07T14:09:14.500+0000] {logging_mixin.py:188} INFO - [2026-01-07T14:09:14.499+0000] {dagbag.py:545} INFO - Filling up the DagBag from /opt/airflow/dags/etl_postgres_to_clickhouse.py
[2026-01-07T14:09:14.813+0000] {processor.py:840} INFO - DAG(s) 'pg_to_clickhouse_payload_parsing' retrieved from /opt/airflow/dags/etl_postgres_to_clickhouse.py
[2026-01-07T14:09:14.853+0000] {logging_mixin.py:188} INFO - [2026-01-07T14:09:14.853+0000] {dag.py:3096} INFO - Sync 1 DAGs
[2026-01-07T14:09:14.884+0000] {logging_mixin.py:188} INFO - [2026-01-07T14:09:14.884+0000] {dag.py:3954} INFO - Setting next_dagrun for pg_to_clickhouse_payload_parsing to 2026-01-07 14:09:10+00:00, run_after=2026-01-07 14:09:20+00:00
[2026-01-07T14:09:14.909+0000] {processor.py:183} INFO - Processing /opt/airflow/dags/etl_postgres_to_clickhouse.py took 0.427 seconds
[2026-01-07T14:09:45.016+0000] {processor.py:161} INFO - Started process (PID=1052) to work on /opt/airflow/dags/etl_postgres_to_clickhouse.py
[2026-01-07T14:09:45.017+0000] {processor.py:830} INFO - Processing file /opt/airflow/dags/etl_postgres_to_clickhouse.py for tasks to queue
[2026-01-07T14:09:45.020+0000] {logging_mixin.py:188} INFO - [2026-01-07T14:09:45.019+0000] {dagbag.py:545} INFO - Filling up the DagBag from /opt/airflow/dags/etl_postgres_to_clickhouse.py
[2026-01-07T14:09:45.296+0000] {processor.py:840} INFO - DAG(s) 'pg_to_clickhouse_payload_parsing' retrieved from /opt/airflow/dags/etl_postgres_to_clickhouse.py
[2026-01-07T14:09:45.337+0000] {logging_mixin.py:188} INFO - [2026-01-07T14:09:45.337+0000] {dag.py:3096} INFO - Sync 1 DAGs
[2026-01-07T14:09:45.366+0000] {logging_mixin.py:188} INFO - [2026-01-07T14:09:45.365+0000] {dag.py:3954} INFO - Setting next_dagrun for pg_to_clickhouse_payload_parsing to 2026-01-07 14:09:40+00:00, run_after=2026-01-07 14:09:50+00:00
[2026-01-07T14:09:45.390+0000] {processor.py:183} INFO - Processing /opt/airflow/dags/etl_postgres_to_clickhouse.py took 0.384 seconds
[2026-01-07T14:10:15.493+0000] {processor.py:161} INFO - Started process (PID=1084) to work on /opt/airflow/dags/etl_postgres_to_clickhouse.py
[2026-01-07T14:10:15.494+0000] {processor.py:830} INFO - Processing file /opt/airflow/dags/etl_postgres_to_clickhouse.py for tasks to queue
[2026-01-07T14:10:15.496+0000] {logging_mixin.py:188} INFO - [2026-01-07T14:10:15.496+0000] {dagbag.py:545} INFO - Filling up the DagBag from /opt/airflow/dags/etl_postgres_to_clickhouse.py
[2026-01-07T14:10:15.802+0000] {processor.py:840} INFO - DAG(s) 'pg_to_clickhouse_payload_parsing' retrieved from /opt/airflow/dags/etl_postgres_to_clickhouse.py
[2026-01-07T14:10:15.848+0000] {logging_mixin.py:188} INFO - [2026-01-07T14:10:15.848+0000] {dag.py:3096} INFO - Sync 1 DAGs
[2026-01-07T14:10:15.883+0000] {logging_mixin.py:188} INFO - [2026-01-07T14:10:15.882+0000] {dag.py:3954} INFO - Setting next_dagrun for pg_to_clickhouse_payload_parsing to 2026-01-07 14:10:10+00:00, run_after=2026-01-07 14:10:20+00:00
[2026-01-07T14:10:15.914+0000] {processor.py:183} INFO - Processing /opt/airflow/dags/etl_postgres_to_clickhouse.py took 0.428 seconds
[2026-01-07T14:10:46.458+0000] {processor.py:161} INFO - Started process (PID=1109) to work on /opt/airflow/dags/etl_postgres_to_clickhouse.py
[2026-01-07T14:10:46.460+0000] {processor.py:830} INFO - Processing file /opt/airflow/dags/etl_postgres_to_clickhouse.py for tasks to queue
[2026-01-07T14:10:46.462+0000] {logging_mixin.py:188} INFO - [2026-01-07T14:10:46.462+0000] {dagbag.py:545} INFO - Filling up the DagBag from /opt/airflow/dags/etl_postgres_to_clickhouse.py
[2026-01-07T14:10:46.806+0000] {processor.py:840} INFO - DAG(s) 'pg_to_clickhouse_payload_parsing' retrieved from /opt/airflow/dags/etl_postgres_to_clickhouse.py
[2026-01-07T14:10:46.855+0000] {logging_mixin.py:188} INFO - [2026-01-07T14:10:46.855+0000] {dag.py:3096} INFO - Sync 1 DAGs
[2026-01-07T14:10:46.883+0000] {logging_mixin.py:188} INFO - [2026-01-07T14:10:46.883+0000] {dag.py:3954} INFO - Setting next_dagrun for pg_to_clickhouse_payload_parsing to 2026-01-07 14:10:40+00:00, run_after=2026-01-07 14:10:50+00:00
[2026-01-07T14:10:46.940+0000] {processor.py:183} INFO - Processing /opt/airflow/dags/etl_postgres_to_clickhouse.py took 0.492 seconds
[2026-01-07T14:11:17.015+0000] {processor.py:161} INFO - Started process (PID=1143) to work on /opt/airflow/dags/etl_postgres_to_clickhouse.py
[2026-01-07T14:11:17.018+0000] {processor.py:830} INFO - Processing file /opt/airflow/dags/etl_postgres_to_clickhouse.py for tasks to queue
[2026-01-07T14:11:17.022+0000] {logging_mixin.py:188} INFO - [2026-01-07T14:11:17.021+0000] {dagbag.py:545} INFO - Filling up the DagBag from /opt/airflow/dags/etl_postgres_to_clickhouse.py
[2026-01-07T14:11:17.306+0000] {processor.py:840} INFO - DAG(s) 'pg_to_clickhouse_payload_parsing' retrieved from /opt/airflow/dags/etl_postgres_to_clickhouse.py
[2026-01-07T14:11:17.352+0000] {logging_mixin.py:188} INFO - [2026-01-07T14:11:17.351+0000] {dag.py:3096} INFO - Sync 1 DAGs
[2026-01-07T14:11:17.381+0000] {logging_mixin.py:188} INFO - [2026-01-07T14:11:17.381+0000] {dag.py:3954} INFO - Setting next_dagrun for pg_to_clickhouse_payload_parsing to 2026-01-07 14:11:10+00:00, run_after=2026-01-07 14:11:20+00:00
[2026-01-07T14:11:17.415+0000] {processor.py:183} INFO - Processing /opt/airflow/dags/etl_postgres_to_clickhouse.py took 0.411 seconds
[2026-01-07T14:11:47.528+0000] {processor.py:161} INFO - Started process (PID=1168) to work on /opt/airflow/dags/etl_postgres_to_clickhouse.py
[2026-01-07T14:11:47.533+0000] {processor.py:830} INFO - Processing file /opt/airflow/dags/etl_postgres_to_clickhouse.py for tasks to queue
[2026-01-07T14:11:47.535+0000] {logging_mixin.py:188} INFO - [2026-01-07T14:11:47.535+0000] {dagbag.py:545} INFO - Filling up the DagBag from /opt/airflow/dags/etl_postgres_to_clickhouse.py
[2026-01-07T14:11:47.940+0000] {processor.py:840} INFO - DAG(s) 'pg_to_clickhouse_payload_parsing' retrieved from /opt/airflow/dags/etl_postgres_to_clickhouse.py
[2026-01-07T14:11:47.991+0000] {logging_mixin.py:188} INFO - [2026-01-07T14:11:47.990+0000] {dag.py:3096} INFO - Sync 1 DAGs
[2026-01-07T14:11:48.042+0000] {logging_mixin.py:188} INFO - [2026-01-07T14:11:48.042+0000] {dag.py:3954} INFO - Setting next_dagrun for pg_to_clickhouse_payload_parsing to 2026-01-07 14:11:40+00:00, run_after=2026-01-07 14:11:50+00:00
[2026-01-07T14:11:48.077+0000] {processor.py:183} INFO - Processing /opt/airflow/dags/etl_postgres_to_clickhouse.py took 0.561 seconds
[2026-01-07T14:12:18.531+0000] {processor.py:161} INFO - Started process (PID=1193) to work on /opt/airflow/dags/etl_postgres_to_clickhouse.py
[2026-01-07T14:12:18.536+0000] {processor.py:830} INFO - Processing file /opt/airflow/dags/etl_postgres_to_clickhouse.py for tasks to queue
[2026-01-07T14:12:18.538+0000] {logging_mixin.py:188} INFO - [2026-01-07T14:12:18.538+0000] {dagbag.py:545} INFO - Filling up the DagBag from /opt/airflow/dags/etl_postgres_to_clickhouse.py
[2026-01-07T14:12:18.795+0000] {processor.py:840} INFO - DAG(s) 'pg_to_clickhouse_payload_parsing' retrieved from /opt/airflow/dags/etl_postgres_to_clickhouse.py
[2026-01-07T14:12:18.833+0000] {logging_mixin.py:188} INFO - [2026-01-07T14:12:18.832+0000] {dag.py:3096} INFO - Sync 1 DAGs
[2026-01-07T14:12:18.864+0000] {logging_mixin.py:188} INFO - [2026-01-07T14:12:18.864+0000] {dag.py:3954} INFO - Setting next_dagrun for pg_to_clickhouse_payload_parsing to 2026-01-07 14:12:10+00:00, run_after=2026-01-07 14:12:20+00:00
[2026-01-07T14:12:18.889+0000] {processor.py:183} INFO - Processing /opt/airflow/dags/etl_postgres_to_clickhouse.py took 0.366 seconds
[2026-01-07T14:12:49.205+0000] {processor.py:161} INFO - Started process (PID=1225) to work on /opt/airflow/dags/etl_postgres_to_clickhouse.py
[2026-01-07T14:12:49.207+0000] {processor.py:830} INFO - Processing file /opt/airflow/dags/etl_postgres_to_clickhouse.py for tasks to queue
[2026-01-07T14:12:49.209+0000] {logging_mixin.py:188} INFO - [2026-01-07T14:12:49.209+0000] {dagbag.py:545} INFO - Filling up the DagBag from /opt/airflow/dags/etl_postgres_to_clickhouse.py
[2026-01-07T14:12:49.517+0000] {processor.py:840} INFO - DAG(s) 'pg_to_clickhouse_payload_parsing' retrieved from /opt/airflow/dags/etl_postgres_to_clickhouse.py
[2026-01-07T14:12:49.553+0000] {logging_mixin.py:188} INFO - [2026-01-07T14:12:49.552+0000] {dag.py:3096} INFO - Sync 1 DAGs
[2026-01-07T14:12:49.579+0000] {logging_mixin.py:188} INFO - [2026-01-07T14:12:49.578+0000] {dag.py:3954} INFO - Setting next_dagrun for pg_to_clickhouse_payload_parsing to 2026-01-07 14:12:40+00:00, run_after=2026-01-07 14:12:50+00:00
[2026-01-07T14:12:49.603+0000] {processor.py:183} INFO - Processing /opt/airflow/dags/etl_postgres_to_clickhouse.py took 0.406 seconds
[2026-01-07T14:13:20.254+0000] {processor.py:161} INFO - Started process (PID=1250) to work on /opt/airflow/dags/etl_postgres_to_clickhouse.py
[2026-01-07T14:13:20.255+0000] {processor.py:830} INFO - Processing file /opt/airflow/dags/etl_postgres_to_clickhouse.py for tasks to queue
[2026-01-07T14:13:20.258+0000] {logging_mixin.py:188} INFO - [2026-01-07T14:13:20.258+0000] {dagbag.py:545} INFO - Filling up the DagBag from /opt/airflow/dags/etl_postgres_to_clickhouse.py
[2026-01-07T14:13:20.574+0000] {processor.py:840} INFO - DAG(s) 'pg_to_clickhouse_payload_parsing' retrieved from /opt/airflow/dags/etl_postgres_to_clickhouse.py
[2026-01-07T14:13:20.616+0000] {logging_mixin.py:188} INFO - [2026-01-07T14:13:20.616+0000] {dag.py:3096} INFO - Sync 1 DAGs
[2026-01-07T14:13:20.651+0000] {logging_mixin.py:188} INFO - [2026-01-07T14:13:20.650+0000] {dag.py:3954} INFO - Setting next_dagrun for pg_to_clickhouse_payload_parsing to 2026-01-07 14:13:10+00:00, run_after=2026-01-07 14:13:20+00:00
[2026-01-07T14:13:20.683+0000] {processor.py:183} INFO - Processing /opt/airflow/dags/etl_postgres_to_clickhouse.py took 0.438 seconds
[2026-01-07T14:13:50.955+0000] {processor.py:161} INFO - Started process (PID=1284) to work on /opt/airflow/dags/etl_postgres_to_clickhouse.py
[2026-01-07T14:13:50.956+0000] {processor.py:830} INFO - Processing file /opt/airflow/dags/etl_postgres_to_clickhouse.py for tasks to queue
[2026-01-07T14:13:50.960+0000] {logging_mixin.py:188} INFO - [2026-01-07T14:13:50.959+0000] {dagbag.py:545} INFO - Filling up the DagBag from /opt/airflow/dags/etl_postgres_to_clickhouse.py
[2026-01-07T14:13:51.262+0000] {processor.py:840} INFO - DAG(s) 'pg_to_clickhouse_payload_parsing' retrieved from /opt/airflow/dags/etl_postgres_to_clickhouse.py
[2026-01-07T14:13:51.308+0000] {logging_mixin.py:188} INFO - [2026-01-07T14:13:51.308+0000] {dag.py:3096} INFO - Sync 1 DAGs
[2026-01-07T14:13:51.344+0000] {logging_mixin.py:188} INFO - [2026-01-07T14:13:51.343+0000] {dag.py:3954} INFO - Setting next_dagrun for pg_to_clickhouse_payload_parsing to 2026-01-07 14:13:50+00:00, run_after=2026-01-07 14:14:00+00:00
[2026-01-07T14:13:51.378+0000] {processor.py:183} INFO - Processing /opt/airflow/dags/etl_postgres_to_clickhouse.py took 0.433 seconds
[2026-01-07T14:14:21.826+0000] {processor.py:161} INFO - Started process (PID=1310) to work on /opt/airflow/dags/etl_postgres_to_clickhouse.py
[2026-01-07T14:14:21.832+0000] {processor.py:830} INFO - Processing file /opt/airflow/dags/etl_postgres_to_clickhouse.py for tasks to queue
[2026-01-07T14:14:21.834+0000] {logging_mixin.py:188} INFO - [2026-01-07T14:14:21.834+0000] {dagbag.py:545} INFO - Filling up the DagBag from /opt/airflow/dags/etl_postgres_to_clickhouse.py
[2026-01-07T14:14:22.207+0000] {processor.py:840} INFO - DAG(s) 'pg_to_clickhouse_payload_parsing' retrieved from /opt/airflow/dags/etl_postgres_to_clickhouse.py
[2026-01-07T14:14:22.263+0000] {logging_mixin.py:188} INFO - [2026-01-07T14:14:22.262+0000] {dag.py:3096} INFO - Sync 1 DAGs
[2026-01-07T14:14:22.326+0000] {logging_mixin.py:188} INFO - [2026-01-07T14:14:22.325+0000] {dag.py:3954} INFO - Setting next_dagrun for pg_to_clickhouse_payload_parsing to 2026-01-07 14:14:20+00:00, run_after=2026-01-07 14:14:30+00:00
[2026-01-07T14:14:22.360+0000] {processor.py:183} INFO - Processing /opt/airflow/dags/etl_postgres_to_clickhouse.py took 0.544 seconds
[2026-01-07T14:14:52.494+0000] {processor.py:161} INFO - Started process (PID=1335) to work on /opt/airflow/dags/etl_postgres_to_clickhouse.py
[2026-01-07T14:14:52.496+0000] {processor.py:830} INFO - Processing file /opt/airflow/dags/etl_postgres_to_clickhouse.py for tasks to queue
[2026-01-07T14:14:52.500+0000] {logging_mixin.py:188} INFO - [2026-01-07T14:14:52.499+0000] {dagbag.py:545} INFO - Filling up the DagBag from /opt/airflow/dags/etl_postgres_to_clickhouse.py
[2026-01-07T14:14:52.856+0000] {processor.py:840} INFO - DAG(s) 'pg_to_clickhouse_payload_parsing' retrieved from /opt/airflow/dags/etl_postgres_to_clickhouse.py
[2026-01-07T14:14:52.904+0000] {logging_mixin.py:188} INFO - [2026-01-07T14:14:52.903+0000] {dag.py:3096} INFO - Sync 1 DAGs
[2026-01-07T14:14:52.944+0000] {logging_mixin.py:188} INFO - [2026-01-07T14:14:52.944+0000] {dag.py:3954} INFO - Setting next_dagrun for pg_to_clickhouse_payload_parsing to 2026-01-07 14:14:50+00:00, run_after=2026-01-07 14:15:00+00:00
[2026-01-07T14:14:52.976+0000] {processor.py:183} INFO - Processing /opt/airflow/dags/etl_postgres_to_clickhouse.py took 0.490 seconds
[2026-01-07T14:15:23.521+0000] {processor.py:161} INFO - Started process (PID=1367) to work on /opt/airflow/dags/etl_postgres_to_clickhouse.py
[2026-01-07T14:15:23.523+0000] {processor.py:830} INFO - Processing file /opt/airflow/dags/etl_postgres_to_clickhouse.py for tasks to queue
[2026-01-07T14:15:23.526+0000] {logging_mixin.py:188} INFO - [2026-01-07T14:15:23.525+0000] {dagbag.py:545} INFO - Filling up the DagBag from /opt/airflow/dags/etl_postgres_to_clickhouse.py
[2026-01-07T14:15:23.931+0000] {processor.py:840} INFO - DAG(s) 'pg_to_clickhouse_payload_parsing' retrieved from /opt/airflow/dags/etl_postgres_to_clickhouse.py
[2026-01-07T14:15:23.976+0000] {logging_mixin.py:188} INFO - [2026-01-07T14:15:23.976+0000] {dag.py:3096} INFO - Sync 1 DAGs
[2026-01-07T14:15:24.028+0000] {logging_mixin.py:188} INFO - [2026-01-07T14:15:24.028+0000] {dag.py:3954} INFO - Setting next_dagrun for pg_to_clickhouse_payload_parsing to 2026-01-07 14:15:20+00:00, run_after=2026-01-07 14:15:30+00:00
[2026-01-07T14:15:24.059+0000] {processor.py:183} INFO - Processing /opt/airflow/dags/etl_postgres_to_clickhouse.py took 0.547 seconds
[2026-01-07T14:15:54.197+0000] {processor.py:161} INFO - Started process (PID=1393) to work on /opt/airflow/dags/etl_postgres_to_clickhouse.py
[2026-01-07T14:15:54.198+0000] {processor.py:830} INFO - Processing file /opt/airflow/dags/etl_postgres_to_clickhouse.py for tasks to queue
[2026-01-07T14:15:54.206+0000] {logging_mixin.py:188} INFO - [2026-01-07T14:15:54.205+0000] {dagbag.py:545} INFO - Filling up the DagBag from /opt/airflow/dags/etl_postgres_to_clickhouse.py
[2026-01-07T14:15:54.567+0000] {processor.py:840} INFO - DAG(s) 'pg_to_clickhouse_payload_parsing' retrieved from /opt/airflow/dags/etl_postgres_to_clickhouse.py
[2026-01-07T14:15:54.620+0000] {logging_mixin.py:188} INFO - [2026-01-07T14:15:54.619+0000] {dag.py:3096} INFO - Sync 1 DAGs
[2026-01-07T14:15:54.658+0000] {logging_mixin.py:188} INFO - [2026-01-07T14:15:54.658+0000] {dag.py:3954} INFO - Setting next_dagrun for pg_to_clickhouse_payload_parsing to 2026-01-07 14:15:50+00:00, run_after=2026-01-07 14:16:00+00:00
[2026-01-07T14:15:54.695+0000] {processor.py:183} INFO - Processing /opt/airflow/dags/etl_postgres_to_clickhouse.py took 0.507 seconds
[2026-01-07T14:16:25.136+0000] {processor.py:161} INFO - Started process (PID=1419) to work on /opt/airflow/dags/etl_postgres_to_clickhouse.py
[2026-01-07T14:16:25.137+0000] {processor.py:830} INFO - Processing file /opt/airflow/dags/etl_postgres_to_clickhouse.py for tasks to queue
[2026-01-07T14:16:25.141+0000] {logging_mixin.py:188} INFO - [2026-01-07T14:16:25.141+0000] {dagbag.py:545} INFO - Filling up the DagBag from /opt/airflow/dags/etl_postgres_to_clickhouse.py
[2026-01-07T14:16:25.458+0000] {processor.py:840} INFO - DAG(s) 'pg_to_clickhouse_payload_parsing' retrieved from /opt/airflow/dags/etl_postgres_to_clickhouse.py
[2026-01-07T14:16:25.497+0000] {logging_mixin.py:188} INFO - [2026-01-07T14:16:25.497+0000] {dag.py:3096} INFO - Sync 1 DAGs
[2026-01-07T14:16:25.530+0000] {logging_mixin.py:188} INFO - [2026-01-07T14:16:25.529+0000] {dag.py:3954} INFO - Setting next_dagrun for pg_to_clickhouse_payload_parsing to 2026-01-07 14:16:20+00:00, run_after=2026-01-07 14:16:30+00:00
[2026-01-07T14:16:25.554+0000] {processor.py:183} INFO - Processing /opt/airflow/dags/etl_postgres_to_clickhouse.py took 0.428 seconds
[2026-01-07T14:16:55.789+0000] {processor.py:161} INFO - Started process (PID=1452) to work on /opt/airflow/dags/etl_postgres_to_clickhouse.py
[2026-01-07T14:16:55.790+0000] {processor.py:830} INFO - Processing file /opt/airflow/dags/etl_postgres_to_clickhouse.py for tasks to queue
[2026-01-07T14:16:55.793+0000] {logging_mixin.py:188} INFO - [2026-01-07T14:16:55.793+0000] {dagbag.py:545} INFO - Filling up the DagBag from /opt/airflow/dags/etl_postgres_to_clickhouse.py
[2026-01-07T14:16:56.093+0000] {processor.py:840} INFO - DAG(s) 'pg_to_clickhouse_payload_parsing' retrieved from /opt/airflow/dags/etl_postgres_to_clickhouse.py
[2026-01-07T14:16:56.138+0000] {logging_mixin.py:188} INFO - [2026-01-07T14:16:56.138+0000] {dag.py:3096} INFO - Sync 1 DAGs
[2026-01-07T14:16:56.166+0000] {logging_mixin.py:188} INFO - [2026-01-07T14:16:56.165+0000] {dag.py:3954} INFO - Setting next_dagrun for pg_to_clickhouse_payload_parsing to 2026-01-07 14:16:50+00:00, run_after=2026-01-07 14:17:00+00:00
[2026-01-07T14:16:56.190+0000] {processor.py:183} INFO - Processing /opt/airflow/dags/etl_postgres_to_clickhouse.py took 0.408 seconds
[2026-01-07T14:17:27.001+0000] {processor.py:161} INFO - Started process (PID=1477) to work on /opt/airflow/dags/etl_postgres_to_clickhouse.py
[2026-01-07T14:17:27.002+0000] {processor.py:830} INFO - Processing file /opt/airflow/dags/etl_postgres_to_clickhouse.py for tasks to queue
[2026-01-07T14:17:27.008+0000] {logging_mixin.py:188} INFO - [2026-01-07T14:17:27.007+0000] {dagbag.py:545} INFO - Filling up the DagBag from /opt/airflow/dags/etl_postgres_to_clickhouse.py
[2026-01-07T14:17:27.256+0000] {processor.py:840} INFO - DAG(s) 'pg_to_clickhouse_payload_parsing' retrieved from /opt/airflow/dags/etl_postgres_to_clickhouse.py
[2026-01-07T14:17:27.294+0000] {logging_mixin.py:188} INFO - [2026-01-07T14:17:27.293+0000] {dag.py:3096} INFO - Sync 1 DAGs
[2026-01-07T14:17:27.319+0000] {logging_mixin.py:188} INFO - [2026-01-07T14:17:27.319+0000] {dag.py:3954} INFO - Setting next_dagrun for pg_to_clickhouse_payload_parsing to 2026-01-07 14:17:20+00:00, run_after=2026-01-07 14:17:30+00:00
[2026-01-07T14:17:27.353+0000] {processor.py:183} INFO - Processing /opt/airflow/dags/etl_postgres_to_clickhouse.py took 0.362 seconds
[2026-01-07T14:17:57.538+0000] {processor.py:161} INFO - Started process (PID=1509) to work on /opt/airflow/dags/etl_postgres_to_clickhouse.py
[2026-01-07T14:17:57.540+0000] {processor.py:830} INFO - Processing file /opt/airflow/dags/etl_postgres_to_clickhouse.py for tasks to queue
[2026-01-07T14:17:57.542+0000] {logging_mixin.py:188} INFO - [2026-01-07T14:17:57.542+0000] {dagbag.py:545} INFO - Filling up the DagBag from /opt/airflow/dags/etl_postgres_to_clickhouse.py
[2026-01-07T14:17:57.789+0000] {processor.py:840} INFO - DAG(s) 'pg_to_clickhouse_payload_parsing' retrieved from /opt/airflow/dags/etl_postgres_to_clickhouse.py
[2026-01-07T14:17:57.827+0000] {logging_mixin.py:188} INFO - [2026-01-07T14:17:57.827+0000] {dag.py:3096} INFO - Sync 1 DAGs
[2026-01-07T14:17:57.859+0000] {logging_mixin.py:188} INFO - [2026-01-07T14:17:57.859+0000] {dag.py:3954} INFO - Setting next_dagrun for pg_to_clickhouse_payload_parsing to 2026-01-07 14:17:50+00:00, run_after=2026-01-07 14:18:00+00:00
[2026-01-07T14:17:57.892+0000] {processor.py:183} INFO - Processing /opt/airflow/dags/etl_postgres_to_clickhouse.py took 0.365 seconds
[2026-01-07T14:18:28.392+0000] {processor.py:161} INFO - Started process (PID=1534) to work on /opt/airflow/dags/etl_postgres_to_clickhouse.py
[2026-01-07T14:18:28.393+0000] {processor.py:830} INFO - Processing file /opt/airflow/dags/etl_postgres_to_clickhouse.py for tasks to queue
[2026-01-07T14:18:28.396+0000] {logging_mixin.py:188} INFO - [2026-01-07T14:18:28.396+0000] {dagbag.py:545} INFO - Filling up the DagBag from /opt/airflow/dags/etl_postgres_to_clickhouse.py
[2026-01-07T14:18:28.644+0000] {processor.py:840} INFO - DAG(s) 'pg_to_clickhouse_payload_parsing' retrieved from /opt/airflow/dags/etl_postgres_to_clickhouse.py
[2026-01-07T14:18:28.679+0000] {logging_mixin.py:188} INFO - [2026-01-07T14:18:28.679+0000] {dag.py:3096} INFO - Sync 1 DAGs
[2026-01-07T14:18:28.706+0000] {logging_mixin.py:188} INFO - [2026-01-07T14:18:28.705+0000] {dag.py:3954} INFO - Setting next_dagrun for pg_to_clickhouse_payload_parsing to 2026-01-07 14:18:20+00:00, run_after=2026-01-07 14:18:30+00:00
[2026-01-07T14:18:28.731+0000] {processor.py:183} INFO - Processing /opt/airflow/dags/etl_postgres_to_clickhouse.py took 0.348 seconds
[2026-01-07T14:18:58.937+0000] {processor.py:161} INFO - Started process (PID=1566) to work on /opt/airflow/dags/etl_postgres_to_clickhouse.py
[2026-01-07T14:18:58.939+0000] {processor.py:830} INFO - Processing file /opt/airflow/dags/etl_postgres_to_clickhouse.py for tasks to queue
[2026-01-07T14:18:58.941+0000] {logging_mixin.py:188} INFO - [2026-01-07T14:18:58.941+0000] {dagbag.py:545} INFO - Filling up the DagBag from /opt/airflow/dags/etl_postgres_to_clickhouse.py
[2026-01-07T14:18:59.188+0000] {processor.py:840} INFO - DAG(s) 'pg_to_clickhouse_payload_parsing' retrieved from /opt/airflow/dags/etl_postgres_to_clickhouse.py
[2026-01-07T14:18:59.238+0000] {logging_mixin.py:188} INFO - [2026-01-07T14:18:59.238+0000] {dag.py:3096} INFO - Sync 1 DAGs
[2026-01-07T14:18:59.278+0000] {logging_mixin.py:188} INFO - [2026-01-07T14:18:59.277+0000] {dag.py:3954} INFO - Setting next_dagrun for pg_to_clickhouse_payload_parsing to 2026-01-07 14:18:50+00:00, run_after=2026-01-07 14:19:00+00:00
[2026-01-07T14:18:59.317+0000] {processor.py:183} INFO - Processing /opt/airflow/dags/etl_postgres_to_clickhouse.py took 0.388 seconds
[2026-01-07T14:19:29.727+0000] {processor.py:161} INFO - Started process (PID=1592) to work on /opt/airflow/dags/etl_postgres_to_clickhouse.py
[2026-01-07T14:19:29.733+0000] {processor.py:830} INFO - Processing file /opt/airflow/dags/etl_postgres_to_clickhouse.py for tasks to queue
[2026-01-07T14:19:29.735+0000] {logging_mixin.py:188} INFO - [2026-01-07T14:19:29.735+0000] {dagbag.py:545} INFO - Filling up the DagBag from /opt/airflow/dags/etl_postgres_to_clickhouse.py
[2026-01-07T14:19:29.977+0000] {processor.py:840} INFO - DAG(s) 'pg_to_clickhouse_payload_parsing' retrieved from /opt/airflow/dags/etl_postgres_to_clickhouse.py
[2026-01-07T14:19:30.017+0000] {logging_mixin.py:188} INFO - [2026-01-07T14:19:30.017+0000] {dag.py:3096} INFO - Sync 1 DAGs
[2026-01-07T14:19:30.055+0000] {logging_mixin.py:188} INFO - [2026-01-07T14:19:30.054+0000] {dag.py:3954} INFO - Setting next_dagrun for pg_to_clickhouse_payload_parsing to 2026-01-07 14:19:20+00:00, run_after=2026-01-07 14:19:30+00:00
[2026-01-07T14:19:30.086+0000] {processor.py:183} INFO - Processing /opt/airflow/dags/etl_postgres_to_clickhouse.py took 0.367 seconds
[2026-01-07T14:20:00.533+0000] {processor.py:161} INFO - Started process (PID=1624) to work on /opt/airflow/dags/etl_postgres_to_clickhouse.py
[2026-01-07T14:20:00.535+0000] {processor.py:830} INFO - Processing file /opt/airflow/dags/etl_postgres_to_clickhouse.py for tasks to queue
[2026-01-07T14:20:00.538+0000] {logging_mixin.py:188} INFO - [2026-01-07T14:20:00.538+0000] {dagbag.py:545} INFO - Filling up the DagBag from /opt/airflow/dags/etl_postgres_to_clickhouse.py
[2026-01-07T14:20:00.968+0000] {processor.py:840} INFO - DAG(s) 'pg_to_clickhouse_payload_parsing' retrieved from /opt/airflow/dags/etl_postgres_to_clickhouse.py
[2026-01-07T14:20:01.030+0000] {logging_mixin.py:188} INFO - [2026-01-07T14:20:01.029+0000] {dag.py:3096} INFO - Sync 1 DAGs
[2026-01-07T14:20:01.073+0000] {logging_mixin.py:188} INFO - [2026-01-07T14:20:01.073+0000] {dag.py:3954} INFO - Setting next_dagrun for pg_to_clickhouse_payload_parsing to 2026-01-07 14:20:00+00:00, run_after=2026-01-07 14:20:10+00:00
[2026-01-07T14:20:01.114+0000] {processor.py:183} INFO - Processing /opt/airflow/dags/etl_postgres_to_clickhouse.py took 0.596 seconds
[2026-01-07T14:20:31.221+0000] {processor.py:161} INFO - Started process (PID=1651) to work on /opt/airflow/dags/etl_postgres_to_clickhouse.py
[2026-01-07T14:20:31.223+0000] {processor.py:830} INFO - Processing file /opt/airflow/dags/etl_postgres_to_clickhouse.py for tasks to queue
[2026-01-07T14:20:31.226+0000] {logging_mixin.py:188} INFO - [2026-01-07T14:20:31.226+0000] {dagbag.py:545} INFO - Filling up the DagBag from /opt/airflow/dags/etl_postgres_to_clickhouse.py
[2026-01-07T14:20:31.492+0000] {processor.py:840} INFO - DAG(s) 'pg_to_clickhouse_payload_parsing' retrieved from /opt/airflow/dags/etl_postgres_to_clickhouse.py
[2026-01-07T14:20:31.544+0000] {logging_mixin.py:188} INFO - [2026-01-07T14:20:31.544+0000] {dag.py:3096} INFO - Sync 1 DAGs
[2026-01-07T14:20:31.585+0000] {logging_mixin.py:188} INFO - [2026-01-07T14:20:31.584+0000] {dag.py:3954} INFO - Setting next_dagrun for pg_to_clickhouse_payload_parsing to 2026-01-07 14:20:30+00:00, run_after=2026-01-07 14:20:40+00:00
[2026-01-07T14:20:31.615+0000] {processor.py:183} INFO - Processing /opt/airflow/dags/etl_postgres_to_clickhouse.py took 0.401 seconds
[2026-01-07T14:21:02.143+0000] {processor.py:161} INFO - Started process (PID=1676) to work on /opt/airflow/dags/etl_postgres_to_clickhouse.py
[2026-01-07T14:21:02.144+0000] {processor.py:830} INFO - Processing file /opt/airflow/dags/etl_postgres_to_clickhouse.py for tasks to queue
[2026-01-07T14:21:02.148+0000] {logging_mixin.py:188} INFO - [2026-01-07T14:21:02.147+0000] {dagbag.py:545} INFO - Filling up the DagBag from /opt/airflow/dags/etl_postgres_to_clickhouse.py
[2026-01-07T14:21:02.476+0000] {processor.py:840} INFO - DAG(s) 'pg_to_clickhouse_payload_parsing' retrieved from /opt/airflow/dags/etl_postgres_to_clickhouse.py
[2026-01-07T14:21:02.526+0000] {logging_mixin.py:188} INFO - [2026-01-07T14:21:02.525+0000] {dag.py:3096} INFO - Sync 1 DAGs
[2026-01-07T14:21:02.562+0000] {logging_mixin.py:188} INFO - [2026-01-07T14:21:02.561+0000] {dag.py:3954} INFO - Setting next_dagrun for pg_to_clickhouse_payload_parsing to 2026-01-07 14:21:00+00:00, run_after=2026-01-07 14:21:10+00:00
[2026-01-07T14:21:02.589+0000] {processor.py:183} INFO - Processing /opt/airflow/dags/etl_postgres_to_clickhouse.py took 0.456 seconds
[2026-01-07T14:21:32.911+0000] {processor.py:161} INFO - Started process (PID=1708) to work on /opt/airflow/dags/etl_postgres_to_clickhouse.py
[2026-01-07T14:21:32.913+0000] {processor.py:830} INFO - Processing file /opt/airflow/dags/etl_postgres_to_clickhouse.py for tasks to queue
[2026-01-07T14:21:32.915+0000] {logging_mixin.py:188} INFO - [2026-01-07T14:21:32.915+0000] {dagbag.py:545} INFO - Filling up the DagBag from /opt/airflow/dags/etl_postgres_to_clickhouse.py
[2026-01-07T14:21:33.195+0000] {processor.py:840} INFO - DAG(s) 'pg_to_clickhouse_payload_parsing' retrieved from /opt/airflow/dags/etl_postgres_to_clickhouse.py
[2026-01-07T14:21:33.234+0000] {logging_mixin.py:188} INFO - [2026-01-07T14:21:33.233+0000] {dag.py:3096} INFO - Sync 1 DAGs
[2026-01-07T14:21:33.266+0000] {logging_mixin.py:188} INFO - [2026-01-07T14:21:33.266+0000] {dag.py:3954} INFO - Setting next_dagrun for pg_to_clickhouse_payload_parsing to 2026-01-07 14:21:30+00:00, run_after=2026-01-07 14:21:40+00:00
[2026-01-07T14:21:33.296+0000] {processor.py:183} INFO - Processing /opt/airflow/dags/etl_postgres_to_clickhouse.py took 0.392 seconds
[2026-01-07T14:22:03.521+0000] {processor.py:161} INFO - Started process (PID=1734) to work on /opt/airflow/dags/etl_postgres_to_clickhouse.py
[2026-01-07T14:22:03.523+0000] {processor.py:830} INFO - Processing file /opt/airflow/dags/etl_postgres_to_clickhouse.py for tasks to queue
[2026-01-07T14:22:03.525+0000] {logging_mixin.py:188} INFO - [2026-01-07T14:22:03.525+0000] {dagbag.py:545} INFO - Filling up the DagBag from /opt/airflow/dags/etl_postgres_to_clickhouse.py
[2026-01-07T14:22:03.791+0000] {processor.py:840} INFO - DAG(s) 'pg_to_clickhouse_payload_parsing' retrieved from /opt/airflow/dags/etl_postgres_to_clickhouse.py
[2026-01-07T14:22:03.837+0000] {logging_mixin.py:188} INFO - [2026-01-07T14:22:03.836+0000] {dag.py:3096} INFO - Sync 1 DAGs
[2026-01-07T14:22:03.867+0000] {logging_mixin.py:188} INFO - [2026-01-07T14:22:03.866+0000] {dag.py:3954} INFO - Setting next_dagrun for pg_to_clickhouse_payload_parsing to 2026-01-07 14:22:00+00:00, run_after=2026-01-07 14:22:10+00:00
[2026-01-07T14:22:03.900+0000] {processor.py:183} INFO - Processing /opt/airflow/dags/etl_postgres_to_clickhouse.py took 0.387 seconds
[2026-01-07T14:22:34.450+0000] {processor.py:161} INFO - Started process (PID=1766) to work on /opt/airflow/dags/etl_postgres_to_clickhouse.py
[2026-01-07T14:22:34.452+0000] {processor.py:830} INFO - Processing file /opt/airflow/dags/etl_postgres_to_clickhouse.py for tasks to queue
[2026-01-07T14:22:34.454+0000] {logging_mixin.py:188} INFO - [2026-01-07T14:22:34.454+0000] {dagbag.py:545} INFO - Filling up the DagBag from /opt/airflow/dags/etl_postgres_to_clickhouse.py
[2026-01-07T14:22:34.778+0000] {processor.py:840} INFO - DAG(s) 'pg_to_clickhouse_payload_parsing' retrieved from /opt/airflow/dags/etl_postgres_to_clickhouse.py
[2026-01-07T14:22:34.826+0000] {logging_mixin.py:188} INFO - [2026-01-07T14:22:34.826+0000] {dag.py:3096} INFO - Sync 1 DAGs
[2026-01-07T14:22:34.864+0000] {logging_mixin.py:188} INFO - [2026-01-07T14:22:34.863+0000] {dag.py:3954} INFO - Setting next_dagrun for pg_to_clickhouse_payload_parsing to 2026-01-07 14:22:30+00:00, run_after=2026-01-07 14:22:40+00:00
[2026-01-07T14:22:34.900+0000] {processor.py:183} INFO - Processing /opt/airflow/dags/etl_postgres_to_clickhouse.py took 0.458 seconds
[2026-01-07T14:23:05.446+0000] {processor.py:161} INFO - Started process (PID=1791) to work on /opt/airflow/dags/etl_postgres_to_clickhouse.py
[2026-01-07T14:23:05.448+0000] {processor.py:830} INFO - Processing file /opt/airflow/dags/etl_postgres_to_clickhouse.py for tasks to queue
[2026-01-07T14:23:05.452+0000] {logging_mixin.py:188} INFO - [2026-01-07T14:23:05.451+0000] {dagbag.py:545} INFO - Filling up the DagBag from /opt/airflow/dags/etl_postgres_to_clickhouse.py
[2026-01-07T14:23:05.872+0000] {processor.py:840} INFO - DAG(s) 'pg_to_clickhouse_payload_parsing' retrieved from /opt/airflow/dags/etl_postgres_to_clickhouse.py
[2026-01-07T14:23:05.923+0000] {logging_mixin.py:188} INFO - [2026-01-07T14:23:05.922+0000] {dag.py:3096} INFO - Sync 1 DAGs
[2026-01-07T14:23:05.960+0000] {logging_mixin.py:188} INFO - [2026-01-07T14:23:05.959+0000] {dag.py:3954} INFO - Setting next_dagrun for pg_to_clickhouse_payload_parsing to 2026-01-07 14:23:00+00:00, run_after=2026-01-07 14:23:10+00:00
[2026-01-07T14:23:05.993+0000] {processor.py:183} INFO - Processing /opt/airflow/dags/etl_postgres_to_clickhouse.py took 0.562 seconds
[2026-01-07T14:23:36.392+0000] {processor.py:161} INFO - Started process (PID=1823) to work on /opt/airflow/dags/etl_postgres_to_clickhouse.py
[2026-01-07T14:23:36.393+0000] {processor.py:830} INFO - Processing file /opt/airflow/dags/etl_postgres_to_clickhouse.py for tasks to queue
[2026-01-07T14:23:36.395+0000] {logging_mixin.py:188} INFO - [2026-01-07T14:23:36.395+0000] {dagbag.py:545} INFO - Filling up the DagBag from /opt/airflow/dags/etl_postgres_to_clickhouse.py
[2026-01-07T14:23:36.703+0000] {processor.py:840} INFO - DAG(s) 'pg_to_clickhouse_payload_parsing' retrieved from /opt/airflow/dags/etl_postgres_to_clickhouse.py
[2026-01-07T14:23:36.764+0000] {logging_mixin.py:188} INFO - [2026-01-07T14:23:36.763+0000] {dag.py:3096} INFO - Sync 1 DAGs
[2026-01-07T14:23:36.808+0000] {logging_mixin.py:188} INFO - [2026-01-07T14:23:36.808+0000] {dag.py:3954} INFO - Setting next_dagrun for pg_to_clickhouse_payload_parsing to 2026-01-07 14:23:30+00:00, run_after=2026-01-07 14:23:40+00:00
[2026-01-07T14:23:36.842+0000] {processor.py:183} INFO - Processing /opt/airflow/dags/etl_postgres_to_clickhouse.py took 0.458 seconds
[2026-01-07T14:24:06.992+0000] {processor.py:161} INFO - Started process (PID=1848) to work on /opt/airflow/dags/etl_postgres_to_clickhouse.py
[2026-01-07T14:24:06.993+0000] {processor.py:830} INFO - Processing file /opt/airflow/dags/etl_postgres_to_clickhouse.py for tasks to queue
[2026-01-07T14:24:06.995+0000] {logging_mixin.py:188} INFO - [2026-01-07T14:24:06.995+0000] {dagbag.py:545} INFO - Filling up the DagBag from /opt/airflow/dags/etl_postgres_to_clickhouse.py
[2026-01-07T14:24:07.218+0000] {processor.py:840} INFO - DAG(s) 'pg_to_clickhouse_payload_parsing' retrieved from /opt/airflow/dags/etl_postgres_to_clickhouse.py
[2026-01-07T14:24:07.254+0000] {logging_mixin.py:188} INFO - [2026-01-07T14:24:07.254+0000] {dag.py:3096} INFO - Sync 1 DAGs
[2026-01-07T14:24:07.283+0000] {logging_mixin.py:188} INFO - [2026-01-07T14:24:07.283+0000] {dag.py:3954} INFO - Setting next_dagrun for pg_to_clickhouse_payload_parsing to 2026-01-07 14:24:00+00:00, run_after=2026-01-07 14:24:10+00:00
[2026-01-07T14:24:07.309+0000] {processor.py:183} INFO - Processing /opt/airflow/dags/etl_postgres_to_clickhouse.py took 0.325 seconds
[2026-01-07T14:24:37.561+0000] {processor.py:161} INFO - Started process (PID=1873) to work on /opt/airflow/dags/etl_postgres_to_clickhouse.py
[2026-01-07T14:24:37.563+0000] {processor.py:830} INFO - Processing file /opt/airflow/dags/etl_postgres_to_clickhouse.py for tasks to queue
[2026-01-07T14:24:37.566+0000] {logging_mixin.py:188} INFO - [2026-01-07T14:24:37.565+0000] {dagbag.py:545} INFO - Filling up the DagBag from /opt/airflow/dags/etl_postgres_to_clickhouse.py
[2026-01-07T14:24:37.929+0000] {processor.py:840} INFO - DAG(s) 'pg_to_clickhouse_payload_parsing' retrieved from /opt/airflow/dags/etl_postgres_to_clickhouse.py
[2026-01-07T14:24:37.968+0000] {logging_mixin.py:188} INFO - [2026-01-07T14:24:37.968+0000] {dag.py:3096} INFO - Sync 1 DAGs
[2026-01-07T14:24:37.998+0000] {logging_mixin.py:188} INFO - [2026-01-07T14:24:37.997+0000] {dag.py:3954} INFO - Setting next_dagrun for pg_to_clickhouse_payload_parsing to 2026-01-07 14:24:30+00:00, run_after=2026-01-07 14:24:40+00:00
[2026-01-07T14:24:38.020+0000] {processor.py:183} INFO - Processing /opt/airflow/dags/etl_postgres_to_clickhouse.py took 0.467 seconds
[2026-01-07T14:25:08.459+0000] {processor.py:161} INFO - Started process (PID=1905) to work on /opt/airflow/dags/etl_postgres_to_clickhouse.py
[2026-01-07T14:25:08.461+0000] {processor.py:830} INFO - Processing file /opt/airflow/dags/etl_postgres_to_clickhouse.py for tasks to queue
[2026-01-07T14:25:08.464+0000] {logging_mixin.py:188} INFO - [2026-01-07T14:25:08.464+0000] {dagbag.py:545} INFO - Filling up the DagBag from /opt/airflow/dags/etl_postgres_to_clickhouse.py
[2026-01-07T14:25:08.769+0000] {processor.py:840} INFO - DAG(s) 'pg_to_clickhouse_payload_parsing' retrieved from /opt/airflow/dags/etl_postgres_to_clickhouse.py
[2026-01-07T14:25:08.823+0000] {logging_mixin.py:188} INFO - [2026-01-07T14:25:08.822+0000] {dag.py:3096} INFO - Sync 1 DAGs
[2026-01-07T14:25:08.859+0000] {logging_mixin.py:188} INFO - [2026-01-07T14:25:08.859+0000] {dag.py:3954} INFO - Setting next_dagrun for pg_to_clickhouse_payload_parsing to 2026-01-07 14:25:00+00:00, run_after=2026-01-07 14:25:10+00:00
[2026-01-07T14:25:08.888+0000] {processor.py:183} INFO - Processing /opt/airflow/dags/etl_postgres_to_clickhouse.py took 0.441 seconds
[2026-01-07T14:25:39.304+0000] {processor.py:161} INFO - Started process (PID=1930) to work on /opt/airflow/dags/etl_postgres_to_clickhouse.py
[2026-01-07T14:25:39.306+0000] {processor.py:830} INFO - Processing file /opt/airflow/dags/etl_postgres_to_clickhouse.py for tasks to queue
[2026-01-07T14:25:39.308+0000] {logging_mixin.py:188} INFO - [2026-01-07T14:25:39.308+0000] {dagbag.py:545} INFO - Filling up the DagBag from /opt/airflow/dags/etl_postgres_to_clickhouse.py
[2026-01-07T14:25:39.587+0000] {processor.py:840} INFO - DAG(s) 'pg_to_clickhouse_payload_parsing' retrieved from /opt/airflow/dags/etl_postgres_to_clickhouse.py
[2026-01-07T14:25:39.624+0000] {logging_mixin.py:188} INFO - [2026-01-07T14:25:39.624+0000] {dag.py:3096} INFO - Sync 1 DAGs
[2026-01-07T14:25:39.653+0000] {logging_mixin.py:188} INFO - [2026-01-07T14:25:39.653+0000] {dag.py:3954} INFO - Setting next_dagrun for pg_to_clickhouse_payload_parsing to 2026-01-07 14:25:30+00:00, run_after=2026-01-07 14:25:40+00:00
[2026-01-07T14:25:39.682+0000] {processor.py:183} INFO - Processing /opt/airflow/dags/etl_postgres_to_clickhouse.py took 0.385 seconds
[2026-01-07T14:26:10.163+0000] {processor.py:161} INFO - Started process (PID=1963) to work on /opt/airflow/dags/etl_postgres_to_clickhouse.py
[2026-01-07T14:26:10.164+0000] {processor.py:830} INFO - Processing file /opt/airflow/dags/etl_postgres_to_clickhouse.py for tasks to queue
[2026-01-07T14:26:10.167+0000] {logging_mixin.py:188} INFO - [2026-01-07T14:26:10.166+0000] {dagbag.py:545} INFO - Filling up the DagBag from /opt/airflow/dags/etl_postgres_to_clickhouse.py
[2026-01-07T14:26:10.431+0000] {processor.py:840} INFO - DAG(s) 'pg_to_clickhouse_payload_parsing' retrieved from /opt/airflow/dags/etl_postgres_to_clickhouse.py
[2026-01-07T14:26:10.472+0000] {logging_mixin.py:188} INFO - [2026-01-07T14:26:10.471+0000] {dag.py:3096} INFO - Sync 1 DAGs
[2026-01-07T14:26:10.503+0000] {logging_mixin.py:188} INFO - [2026-01-07T14:26:10.503+0000] {dag.py:3954} INFO - Setting next_dagrun for pg_to_clickhouse_payload_parsing to 2026-01-07 14:26:00+00:00, run_after=2026-01-07 14:26:10+00:00
[2026-01-07T14:26:10.528+0000] {processor.py:183} INFO - Processing /opt/airflow/dags/etl_postgres_to_clickhouse.py took 0.374 seconds
[2026-01-07T14:26:40.655+0000] {processor.py:161} INFO - Started process (PID=1989) to work on /opt/airflow/dags/etl_postgres_to_clickhouse.py
[2026-01-07T14:26:40.656+0000] {processor.py:830} INFO - Processing file /opt/airflow/dags/etl_postgres_to_clickhouse.py for tasks to queue
[2026-01-07T14:26:40.659+0000] {logging_mixin.py:188} INFO - [2026-01-07T14:26:40.659+0000] {dagbag.py:545} INFO - Filling up the DagBag from /opt/airflow/dags/etl_postgres_to_clickhouse.py
[2026-01-07T14:26:41.007+0000] {processor.py:840} INFO - DAG(s) 'pg_to_clickhouse_payload_parsing' retrieved from /opt/airflow/dags/etl_postgres_to_clickhouse.py
[2026-01-07T14:26:41.060+0000] {logging_mixin.py:188} INFO - [2026-01-07T14:26:41.059+0000] {dag.py:3096} INFO - Sync 1 DAGs
[2026-01-07T14:26:41.102+0000] {logging_mixin.py:188} INFO - [2026-01-07T14:26:41.102+0000] {dag.py:3954} INFO - Setting next_dagrun for pg_to_clickhouse_payload_parsing to 2026-01-07 14:26:40+00:00, run_after=2026-01-07 14:26:50+00:00
[2026-01-07T14:26:41.138+0000] {processor.py:183} INFO - Processing /opt/airflow/dags/etl_postgres_to_clickhouse.py took 0.493 seconds
[2026-01-07T14:27:11.633+0000] {processor.py:161} INFO - Started process (PID=2023) to work on /opt/airflow/dags/etl_postgres_to_clickhouse.py
[2026-01-07T14:27:11.635+0000] {processor.py:830} INFO - Processing file /opt/airflow/dags/etl_postgres_to_clickhouse.py for tasks to queue
[2026-01-07T14:27:11.642+0000] {logging_mixin.py:188} INFO - [2026-01-07T14:27:11.641+0000] {dagbag.py:545} INFO - Filling up the DagBag from /opt/airflow/dags/etl_postgres_to_clickhouse.py
[2026-01-07T14:27:12.121+0000] {processor.py:840} INFO - DAG(s) 'pg_to_clickhouse_payload_parsing' retrieved from /opt/airflow/dags/etl_postgres_to_clickhouse.py
[2026-01-07T14:27:12.173+0000] {logging_mixin.py:188} INFO - [2026-01-07T14:27:12.173+0000] {dag.py:3096} INFO - Sync 1 DAGs
[2026-01-07T14:27:12.215+0000] {logging_mixin.py:188} INFO - [2026-01-07T14:27:12.215+0000] {dag.py:3954} INFO - Setting next_dagrun for pg_to_clickhouse_payload_parsing to 2026-01-07 14:27:10+00:00, run_after=2026-01-07 14:27:20+00:00
[2026-01-07T14:27:12.246+0000] {processor.py:183} INFO - Processing /opt/airflow/dags/etl_postgres_to_clickhouse.py took 0.635 seconds
[2026-01-07T14:27:42.825+0000] {processor.py:161} INFO - Started process (PID=2048) to work on /opt/airflow/dags/etl_postgres_to_clickhouse.py
[2026-01-07T14:27:42.827+0000] {processor.py:830} INFO - Processing file /opt/airflow/dags/etl_postgres_to_clickhouse.py for tasks to queue
[2026-01-07T14:27:42.829+0000] {logging_mixin.py:188} INFO - [2026-01-07T14:27:42.829+0000] {dagbag.py:545} INFO - Filling up the DagBag from /opt/airflow/dags/etl_postgres_to_clickhouse.py
[2026-01-07T14:27:43.121+0000] {processor.py:840} INFO - DAG(s) 'pg_to_clickhouse_payload_parsing' retrieved from /opt/airflow/dags/etl_postgres_to_clickhouse.py
[2026-01-07T14:27:43.161+0000] {logging_mixin.py:188} INFO - [2026-01-07T14:27:43.161+0000] {dag.py:3096} INFO - Sync 1 DAGs
[2026-01-07T14:27:43.190+0000] {logging_mixin.py:188} INFO - [2026-01-07T14:27:43.190+0000] {dag.py:3954} INFO - Setting next_dagrun for pg_to_clickhouse_payload_parsing to 2026-01-07 14:27:40+00:00, run_after=2026-01-07 14:27:50+00:00
[2026-01-07T14:27:43.224+0000] {processor.py:183} INFO - Processing /opt/airflow/dags/etl_postgres_to_clickhouse.py took 0.408 seconds
[2026-01-07T14:33:19.883+0000] {processor.py:161} INFO - Started process (PID=24) to work on /opt/airflow/dags/etl_postgres_to_clickhouse.py
[2026-01-07T14:33:19.885+0000] {processor.py:830} INFO - Processing file /opt/airflow/dags/etl_postgres_to_clickhouse.py for tasks to queue
[2026-01-07T14:33:19.888+0000] {logging_mixin.py:188} INFO - [2026-01-07T14:33:19.888+0000] {dagbag.py:545} INFO - Filling up the DagBag from /opt/airflow/dags/etl_postgres_to_clickhouse.py
[2026-01-07T14:33:20.149+0000] {processor.py:840} INFO - DAG(s) 'pg_to_clickhouse_payload_parsing' retrieved from /opt/airflow/dags/etl_postgres_to_clickhouse.py
[2026-01-07T14:33:20.182+0000] {logging_mixin.py:188} INFO - [2026-01-07T14:33:20.182+0000] {dag.py:3096} INFO - Sync 1 DAGs
[2026-01-07T14:33:20.212+0000] {logging_mixin.py:188} INFO - [2026-01-07T14:33:20.211+0000] {dag.py:3954} INFO - Setting next_dagrun for pg_to_clickhouse_payload_parsing to 2026-01-07 14:33:10+00:00, run_after=2026-01-07 14:33:20+00:00
[2026-01-07T14:33:20.240+0000] {processor.py:183} INFO - Processing /opt/airflow/dags/etl_postgres_to_clickhouse.py took 0.365 seconds
[2026-01-07T14:33:50.752+0000] {processor.py:161} INFO - Started process (PID=82) to work on /opt/airflow/dags/etl_postgres_to_clickhouse.py
[2026-01-07T14:33:50.753+0000] {processor.py:830} INFO - Processing file /opt/airflow/dags/etl_postgres_to_clickhouse.py for tasks to queue
[2026-01-07T14:33:50.756+0000] {logging_mixin.py:188} INFO - [2026-01-07T14:33:50.756+0000] {dagbag.py:545} INFO - Filling up the DagBag from /opt/airflow/dags/etl_postgres_to_clickhouse.py
[2026-01-07T14:33:50.973+0000] {processor.py:840} INFO - DAG(s) 'pg_to_clickhouse_payload_parsing' retrieved from /opt/airflow/dags/etl_postgres_to_clickhouse.py
[2026-01-07T14:33:51.109+0000] {logging_mixin.py:188} INFO - [2026-01-07T14:33:51.109+0000] {dag.py:3096} INFO - Sync 1 DAGs
[2026-01-07T14:33:51.130+0000] {logging_mixin.py:188} INFO - [2026-01-07T14:33:51.130+0000] {dag.py:3954} INFO - Setting next_dagrun for pg_to_clickhouse_payload_parsing to 2026-01-07 14:33:40+00:00, run_after=2026-01-07 14:33:50+00:00
[2026-01-07T14:33:51.155+0000] {processor.py:183} INFO - Processing /opt/airflow/dags/etl_postgres_to_clickhouse.py took 0.411 seconds
[2026-01-07T14:34:21.623+0000] {processor.py:161} INFO - Started process (PID=126) to work on /opt/airflow/dags/etl_postgres_to_clickhouse.py
[2026-01-07T14:34:21.625+0000] {processor.py:830} INFO - Processing file /opt/airflow/dags/etl_postgres_to_clickhouse.py for tasks to queue
[2026-01-07T14:34:21.627+0000] {logging_mixin.py:188} INFO - [2026-01-07T14:34:21.627+0000] {dagbag.py:545} INFO - Filling up the DagBag from /opt/airflow/dags/etl_postgres_to_clickhouse.py
[2026-01-07T14:34:21.849+0000] {processor.py:840} INFO - DAG(s) 'pg_to_clickhouse_payload_parsing' retrieved from /opt/airflow/dags/etl_postgres_to_clickhouse.py
[2026-01-07T14:34:21.885+0000] {logging_mixin.py:188} INFO - [2026-01-07T14:34:21.885+0000] {dag.py:3096} INFO - Sync 1 DAGs
[2026-01-07T14:34:21.910+0000] {logging_mixin.py:188} INFO - [2026-01-07T14:34:21.910+0000] {dag.py:3954} INFO - Setting next_dagrun for pg_to_clickhouse_payload_parsing to 2026-01-07 14:34:10+00:00, run_after=2026-01-07 14:34:20+00:00
[2026-01-07T14:34:21.935+0000] {processor.py:183} INFO - Processing /opt/airflow/dags/etl_postgres_to_clickhouse.py took 0.319 seconds
[2026-01-07T14:34:52.316+0000] {processor.py:161} INFO - Started process (PID=170) to work on /opt/airflow/dags/etl_postgres_to_clickhouse.py
[2026-01-07T14:34:52.317+0000] {processor.py:830} INFO - Processing file /opt/airflow/dags/etl_postgres_to_clickhouse.py for tasks to queue
[2026-01-07T14:34:52.319+0000] {logging_mixin.py:188} INFO - [2026-01-07T14:34:52.319+0000] {dagbag.py:545} INFO - Filling up the DagBag from /opt/airflow/dags/etl_postgres_to_clickhouse.py
[2026-01-07T14:34:52.534+0000] {processor.py:840} INFO - DAG(s) 'pg_to_clickhouse_payload_parsing' retrieved from /opt/airflow/dags/etl_postgres_to_clickhouse.py
[2026-01-07T14:34:52.571+0000] {logging_mixin.py:188} INFO - [2026-01-07T14:34:52.571+0000] {dag.py:3096} INFO - Sync 1 DAGs
[2026-01-07T14:34:52.604+0000] {logging_mixin.py:188} INFO - [2026-01-07T14:34:52.604+0000] {dag.py:3954} INFO - Setting next_dagrun for pg_to_clickhouse_payload_parsing to 2026-01-07 14:34:50+00:00, run_after=2026-01-07 14:35:00+00:00
[2026-01-07T14:34:52.643+0000] {processor.py:183} INFO - Processing /opt/airflow/dags/etl_postgres_to_clickhouse.py took 0.335 seconds
[2026-01-07T14:35:23.054+0000] {processor.py:161} INFO - Started process (PID=206) to work on /opt/airflow/dags/etl_postgres_to_clickhouse.py
[2026-01-07T14:35:23.056+0000] {processor.py:830} INFO - Processing file /opt/airflow/dags/etl_postgres_to_clickhouse.py for tasks to queue
[2026-01-07T14:35:23.059+0000] {logging_mixin.py:188} INFO - [2026-01-07T14:35:23.058+0000] {dagbag.py:545} INFO - Filling up the DagBag from /opt/airflow/dags/etl_postgres_to_clickhouse.py
[2026-01-07T14:35:23.318+0000] {processor.py:840} INFO - DAG(s) 'pg_to_clickhouse_payload_parsing' retrieved from /opt/airflow/dags/etl_postgres_to_clickhouse.py
[2026-01-07T14:35:23.357+0000] {logging_mixin.py:188} INFO - [2026-01-07T14:35:23.357+0000] {dag.py:3096} INFO - Sync 1 DAGs
[2026-01-07T14:35:23.380+0000] {logging_mixin.py:188} INFO - [2026-01-07T14:35:23.380+0000] {dag.py:3954} INFO - Setting next_dagrun for pg_to_clickhouse_payload_parsing to 2026-01-07 14:35:10+00:00, run_after=2026-01-07 14:35:20+00:00
[2026-01-07T14:35:23.412+0000] {processor.py:183} INFO - Processing /opt/airflow/dags/etl_postgres_to_clickhouse.py took 0.368 seconds
[2026-01-07T14:35:53.798+0000] {processor.py:161} INFO - Started process (PID=243) to work on /opt/airflow/dags/etl_postgres_to_clickhouse.py
[2026-01-07T14:35:53.799+0000] {processor.py:830} INFO - Processing file /opt/airflow/dags/etl_postgres_to_clickhouse.py for tasks to queue
[2026-01-07T14:35:53.803+0000] {logging_mixin.py:188} INFO - [2026-01-07T14:35:53.802+0000] {dagbag.py:545} INFO - Filling up the DagBag from /opt/airflow/dags/etl_postgres_to_clickhouse.py
[2026-01-07T14:35:54.026+0000] {processor.py:840} INFO - DAG(s) 'pg_to_clickhouse_payload_parsing' retrieved from /opt/airflow/dags/etl_postgres_to_clickhouse.py
[2026-01-07T14:35:54.062+0000] {logging_mixin.py:188} INFO - [2026-01-07T14:35:54.062+0000] {dag.py:3096} INFO - Sync 1 DAGs
[2026-01-07T14:35:54.087+0000] {logging_mixin.py:188} INFO - [2026-01-07T14:35:54.087+0000] {dag.py:3954} INFO - Setting next_dagrun for pg_to_clickhouse_payload_parsing to 2026-01-07 14:35:40+00:00, run_after=2026-01-07 14:35:50+00:00
[2026-01-07T14:35:54.113+0000] {processor.py:183} INFO - Processing /opt/airflow/dags/etl_postgres_to_clickhouse.py took 0.322 seconds
[2026-01-07T14:36:24.531+0000] {processor.py:161} INFO - Started process (PID=288) to work on /opt/airflow/dags/etl_postgres_to_clickhouse.py
[2026-01-07T14:36:24.533+0000] {processor.py:830} INFO - Processing file /opt/airflow/dags/etl_postgres_to_clickhouse.py for tasks to queue
[2026-01-07T14:36:24.535+0000] {logging_mixin.py:188} INFO - [2026-01-07T14:36:24.535+0000] {dagbag.py:545} INFO - Filling up the DagBag from /opt/airflow/dags/etl_postgres_to_clickhouse.py
[2026-01-07T14:36:24.775+0000] {processor.py:840} INFO - DAG(s) 'pg_to_clickhouse_payload_parsing' retrieved from /opt/airflow/dags/etl_postgres_to_clickhouse.py
[2026-01-07T14:36:24.813+0000] {logging_mixin.py:188} INFO - [2026-01-07T14:36:24.813+0000] {dag.py:3096} INFO - Sync 1 DAGs
[2026-01-07T14:36:24.838+0000] {logging_mixin.py:188} INFO - [2026-01-07T14:36:24.838+0000] {dag.py:3954} INFO - Setting next_dagrun for pg_to_clickhouse_payload_parsing to 2026-01-07 14:36:20+00:00, run_after=2026-01-07 14:36:30+00:00
[2026-01-07T14:36:24.861+0000] {processor.py:183} INFO - Processing /opt/airflow/dags/etl_postgres_to_clickhouse.py took 0.339 seconds
[2026-01-07T14:36:55.314+0000] {processor.py:161} INFO - Started process (PID=326) to work on /opt/airflow/dags/etl_postgres_to_clickhouse.py
[2026-01-07T14:36:55.315+0000] {processor.py:830} INFO - Processing file /opt/airflow/dags/etl_postgres_to_clickhouse.py for tasks to queue
[2026-01-07T14:36:55.318+0000] {logging_mixin.py:188} INFO - [2026-01-07T14:36:55.317+0000] {dagbag.py:545} INFO - Filling up the DagBag from /opt/airflow/dags/etl_postgres_to_clickhouse.py
[2026-01-07T14:36:55.535+0000] {processor.py:840} INFO - DAG(s) 'pg_to_clickhouse_payload_parsing' retrieved from /opt/airflow/dags/etl_postgres_to_clickhouse.py
[2026-01-07T14:36:55.567+0000] {logging_mixin.py:188} INFO - [2026-01-07T14:36:55.567+0000] {dag.py:3096} INFO - Sync 1 DAGs
[2026-01-07T14:36:55.592+0000] {logging_mixin.py:188} INFO - [2026-01-07T14:36:55.592+0000] {dag.py:3954} INFO - Setting next_dagrun for pg_to_clickhouse_payload_parsing to 2026-01-07 14:36:40+00:00, run_after=2026-01-07 14:36:50+00:00
[2026-01-07T14:36:55.617+0000] {processor.py:183} INFO - Processing /opt/airflow/dags/etl_postgres_to_clickhouse.py took 0.310 seconds
[2026-01-07T14:37:25.946+0000] {processor.py:161} INFO - Started process (PID=364) to work on /opt/airflow/dags/etl_postgres_to_clickhouse.py
[2026-01-07T14:37:25.948+0000] {processor.py:830} INFO - Processing file /opt/airflow/dags/etl_postgres_to_clickhouse.py for tasks to queue
[2026-01-07T14:37:25.950+0000] {logging_mixin.py:188} INFO - [2026-01-07T14:37:25.950+0000] {dagbag.py:545} INFO - Filling up the DagBag from /opt/airflow/dags/etl_postgres_to_clickhouse.py
[2026-01-07T14:37:23.458+0000] {processor.py:840} INFO - DAG(s) 'pg_to_clickhouse_payload_parsing' retrieved from /opt/airflow/dags/etl_postgres_to_clickhouse.py
[2026-01-07T14:37:23.498+0000] {logging_mixin.py:188} INFO - [2026-01-07T14:37:23.498+0000] {dag.py:3096} INFO - Sync 1 DAGs
[2026-01-07T14:37:23.523+0000] {logging_mixin.py:188} INFO - [2026-01-07T14:37:23.523+0000] {dag.py:3954} INFO - Setting next_dagrun for pg_to_clickhouse_payload_parsing to 2026-01-07 14:37:20+00:00, run_after=2026-01-07 14:37:30+00:00
[2026-01-07T14:37:23.547+0000] {processor.py:183} INFO - Processing /opt/airflow/dags/etl_postgres_to_clickhouse.py took 0.332 seconds
[2026-01-07T14:37:54.073+0000] {processor.py:161} INFO - Started process (PID=403) to work on /opt/airflow/dags/etl_postgres_to_clickhouse.py
[2026-01-07T14:37:54.074+0000] {processor.py:830} INFO - Processing file /opt/airflow/dags/etl_postgres_to_clickhouse.py for tasks to queue
[2026-01-07T14:37:54.077+0000] {logging_mixin.py:188} INFO - [2026-01-07T14:37:54.076+0000] {dagbag.py:545} INFO - Filling up the DagBag from /opt/airflow/dags/etl_postgres_to_clickhouse.py
[2026-01-07T14:37:54.345+0000] {processor.py:840} INFO - DAG(s) 'pg_to_clickhouse_payload_parsing' retrieved from /opt/airflow/dags/etl_postgres_to_clickhouse.py
[2026-01-07T14:37:54.429+0000] {logging_mixin.py:188} INFO - [2026-01-07T14:37:54.428+0000] {dag.py:3096} INFO - Sync 1 DAGs
[2026-01-07T14:37:54.467+0000] {logging_mixin.py:188} INFO - [2026-01-07T14:37:54.466+0000] {dag.py:3954} INFO - Setting next_dagrun for pg_to_clickhouse_payload_parsing to 2026-01-07 14:37:50+00:00, run_after=2026-01-07 14:38:00+00:00
[2026-01-07T14:37:54.499+0000] {processor.py:183} INFO - Processing /opt/airflow/dags/etl_postgres_to_clickhouse.py took 0.434 seconds
[2026-01-07T14:38:24.708+0000] {processor.py:161} INFO - Started process (PID=442) to work on /opt/airflow/dags/etl_postgres_to_clickhouse.py
[2026-01-07T14:38:24.709+0000] {processor.py:830} INFO - Processing file /opt/airflow/dags/etl_postgres_to_clickhouse.py for tasks to queue
[2026-01-07T14:38:24.712+0000] {logging_mixin.py:188} INFO - [2026-01-07T14:38:24.711+0000] {dagbag.py:545} INFO - Filling up the DagBag from /opt/airflow/dags/etl_postgres_to_clickhouse.py
[2026-01-07T14:38:24.926+0000] {processor.py:840} INFO - DAG(s) 'pg_to_clickhouse_payload_parsing' retrieved from /opt/airflow/dags/etl_postgres_to_clickhouse.py
[2026-01-07T14:38:24.963+0000] {logging_mixin.py:188} INFO - [2026-01-07T14:38:24.963+0000] {dag.py:3096} INFO - Sync 1 DAGs
[2026-01-07T14:38:24.990+0000] {logging_mixin.py:188} INFO - [2026-01-07T14:38:24.989+0000] {dag.py:3954} INFO - Setting next_dagrun for pg_to_clickhouse_payload_parsing to 2026-01-07 14:38:10+00:00, run_after=2026-01-07 14:38:20+00:00
[2026-01-07T14:38:25.015+0000] {processor.py:183} INFO - Processing /opt/airflow/dags/etl_postgres_to_clickhouse.py took 0.314 seconds
[2026-01-07T14:38:55.233+0000] {processor.py:161} INFO - Started process (PID=487) to work on /opt/airflow/dags/etl_postgres_to_clickhouse.py
[2026-01-07T14:38:55.234+0000] {processor.py:830} INFO - Processing file /opt/airflow/dags/etl_postgres_to_clickhouse.py for tasks to queue
[2026-01-07T14:38:55.237+0000] {logging_mixin.py:188} INFO - [2026-01-07T14:38:55.237+0000] {dagbag.py:545} INFO - Filling up the DagBag from /opt/airflow/dags/etl_postgres_to_clickhouse.py
[2026-01-07T14:38:55.464+0000] {processor.py:840} INFO - DAG(s) 'pg_to_clickhouse_payload_parsing' retrieved from /opt/airflow/dags/etl_postgres_to_clickhouse.py
[2026-01-07T14:38:55.504+0000] {logging_mixin.py:188} INFO - [2026-01-07T14:38:55.504+0000] {dag.py:3096} INFO - Sync 1 DAGs
[2026-01-07T14:38:55.533+0000] {logging_mixin.py:188} INFO - [2026-01-07T14:38:55.532+0000] {dag.py:3954} INFO - Setting next_dagrun for pg_to_clickhouse_payload_parsing to 2026-01-07 14:38:50+00:00, run_after=2026-01-07 14:39:00+00:00
[2026-01-07T14:38:55.559+0000] {processor.py:183} INFO - Processing /opt/airflow/dags/etl_postgres_to_clickhouse.py took 0.333 seconds
[2026-01-07T14:39:26.103+0000] {processor.py:161} INFO - Started process (PID=523) to work on /opt/airflow/dags/etl_postgres_to_clickhouse.py
[2026-01-07T14:39:26.105+0000] {processor.py:830} INFO - Processing file /opt/airflow/dags/etl_postgres_to_clickhouse.py for tasks to queue
[2026-01-07T14:39:26.108+0000] {logging_mixin.py:188} INFO - [2026-01-07T14:39:26.107+0000] {dagbag.py:545} INFO - Filling up the DagBag from /opt/airflow/dags/etl_postgres_to_clickhouse.py
[2026-01-07T14:39:26.331+0000] {processor.py:840} INFO - DAG(s) 'pg_to_clickhouse_payload_parsing' retrieved from /opt/airflow/dags/etl_postgres_to_clickhouse.py
[2026-01-07T14:39:26.369+0000] {logging_mixin.py:188} INFO - [2026-01-07T14:39:26.368+0000] {dag.py:3096} INFO - Sync 1 DAGs
[2026-01-07T14:39:26.395+0000] {logging_mixin.py:188} INFO - [2026-01-07T14:39:26.395+0000] {dag.py:3954} INFO - Setting next_dagrun for pg_to_clickhouse_payload_parsing to 2026-01-07 14:39:10+00:00, run_after=2026-01-07 14:39:20+00:00
[2026-01-07T14:39:26.419+0000] {processor.py:183} INFO - Processing /opt/airflow/dags/etl_postgres_to_clickhouse.py took 0.325 seconds
[2026-01-07T14:39:56.671+0000] {processor.py:161} INFO - Started process (PID=563) to work on /opt/airflow/dags/etl_postgres_to_clickhouse.py
[2026-01-07T14:39:56.673+0000] {processor.py:830} INFO - Processing file /opt/airflow/dags/etl_postgres_to_clickhouse.py for tasks to queue
[2026-01-07T14:39:56.676+0000] {logging_mixin.py:188} INFO - [2026-01-07T14:39:56.676+0000] {dagbag.py:545} INFO - Filling up the DagBag from /opt/airflow/dags/etl_postgres_to_clickhouse.py
[2026-01-07T14:39:56.899+0000] {processor.py:840} INFO - DAG(s) 'pg_to_clickhouse_payload_parsing' retrieved from /opt/airflow/dags/etl_postgres_to_clickhouse.py
[2026-01-07T14:39:56.936+0000] {logging_mixin.py:188} INFO - [2026-01-07T14:39:56.936+0000] {dag.py:3096} INFO - Sync 1 DAGs
[2026-01-07T14:39:56.962+0000] {logging_mixin.py:188} INFO - [2026-01-07T14:39:56.962+0000] {dag.py:3954} INFO - Setting next_dagrun for pg_to_clickhouse_payload_parsing to 2026-01-07 14:39:50+00:00, run_after=2026-01-07 14:40:00+00:00
[2026-01-07T14:39:56.990+0000] {processor.py:183} INFO - Processing /opt/airflow/dags/etl_postgres_to_clickhouse.py took 0.327 seconds
[2026-01-07T21:57:52.200+0000] {processor.py:161} INFO - Started process (PID=176) to work on /opt/airflow/dags/etl_postgres_to_clickhouse.py
[2026-01-07T21:57:52.202+0000] {processor.py:830} INFO - Processing file /opt/airflow/dags/etl_postgres_to_clickhouse.py for tasks to queue
[2026-01-07T21:57:52.209+0000] {logging_mixin.py:188} INFO - [2026-01-07T21:57:52.208+0000] {dagbag.py:545} INFO - Filling up the DagBag from /opt/airflow/dags/etl_postgres_to_clickhouse.py
[2026-01-07T21:57:52.602+0000] {processor.py:840} INFO - DAG(s) 'pg_to_clickhouse_payload_parsing' retrieved from /opt/airflow/dags/etl_postgres_to_clickhouse.py
[2026-01-07T21:57:52.824+0000] {logging_mixin.py:188} INFO - [2026-01-07T21:57:52.824+0000] {override.py:1829} INFO - Created Permission View: can edit on DAG:pg_to_clickhouse_payload_parsing
[2026-01-07T21:57:52.841+0000] {logging_mixin.py:188} INFO - [2026-01-07T21:57:52.841+0000] {override.py:1829} INFO - Created Permission View: can delete on DAG:pg_to_clickhouse_payload_parsing
[2026-01-07T21:57:52.853+0000] {logging_mixin.py:188} INFO - [2026-01-07T21:57:52.853+0000] {override.py:1829} INFO - Created Permission View: can read on DAG:pg_to_clickhouse_payload_parsing
[2026-01-07T21:57:52.854+0000] {logging_mixin.py:188} INFO - [2026-01-07T21:57:52.854+0000] {dag.py:3096} INFO - Sync 1 DAGs
[2026-01-07T21:57:52.869+0000] {logging_mixin.py:188} INFO - [2026-01-07T21:57:52.868+0000] {dag.py:3118} INFO - Creating ORM DAG for pg_to_clickhouse_payload_parsing
[2026-01-07T21:57:52.886+0000] {logging_mixin.py:188} INFO - [2026-01-07T21:57:52.885+0000] {dag.py:3954} INFO - Setting next_dagrun for pg_to_clickhouse_payload_parsing to 2026-01-07 21:57:40+00:00, run_after=2026-01-07 21:57:50+00:00
[2026-01-07T21:57:52.913+0000] {processor.py:183} INFO - Processing /opt/airflow/dags/etl_postgres_to_clickhouse.py took 0.724 seconds
[2026-01-07T21:58:23.311+0000] {processor.py:161} INFO - Started process (PID=199) to work on /opt/airflow/dags/etl_postgres_to_clickhouse.py
[2026-01-07T21:58:23.316+0000] {processor.py:830} INFO - Processing file /opt/airflow/dags/etl_postgres_to_clickhouse.py for tasks to queue
[2026-01-07T21:58:23.335+0000] {logging_mixin.py:188} INFO - [2026-01-07T21:58:23.333+0000] {dagbag.py:545} INFO - Filling up the DagBag from /opt/airflow/dags/etl_postgres_to_clickhouse.py
[2026-01-07T21:58:24.026+0000] {processor.py:840} INFO - DAG(s) 'pg_to_clickhouse_payload_parsing' retrieved from /opt/airflow/dags/etl_postgres_to_clickhouse.py
[2026-01-07T21:58:24.112+0000] {logging_mixin.py:188} INFO - [2026-01-07T21:58:24.111+0000] {dag.py:3096} INFO - Sync 1 DAGs
[2026-01-07T21:58:24.171+0000] {logging_mixin.py:188} INFO - [2026-01-07T21:58:24.171+0000] {dag.py:3954} INFO - Setting next_dagrun for pg_to_clickhouse_payload_parsing to 2026-01-07 21:58:20+00:00, run_after=2026-01-07 21:58:30+00:00
[2026-01-07T21:58:24.209+0000] {processor.py:183} INFO - Processing /opt/airflow/dags/etl_postgres_to_clickhouse.py took 0.932 seconds
[2026-01-07T21:58:54.572+0000] {processor.py:161} INFO - Started process (PID=219) to work on /opt/airflow/dags/etl_postgres_to_clickhouse.py
[2026-01-07T21:58:54.574+0000] {processor.py:830} INFO - Processing file /opt/airflow/dags/etl_postgres_to_clickhouse.py for tasks to queue
[2026-01-07T21:58:54.576+0000] {logging_mixin.py:188} INFO - [2026-01-07T21:58:54.576+0000] {dagbag.py:545} INFO - Filling up the DagBag from /opt/airflow/dags/etl_postgres_to_clickhouse.py
[2026-01-07T21:58:54.964+0000] {processor.py:840} INFO - DAG(s) 'pg_to_clickhouse_payload_parsing' retrieved from /opt/airflow/dags/etl_postgres_to_clickhouse.py
[2026-01-07T21:58:55.005+0000] {logging_mixin.py:188} INFO - [2026-01-07T21:58:55.005+0000] {dag.py:3096} INFO - Sync 1 DAGs
[2026-01-07T21:58:55.053+0000] {logging_mixin.py:188} INFO - [2026-01-07T21:58:55.053+0000] {dag.py:3954} INFO - Setting next_dagrun for pg_to_clickhouse_payload_parsing to 2026-01-07 21:58:50+00:00, run_after=2026-01-07 21:59:00+00:00
[2026-01-07T21:58:55.081+0000] {processor.py:183} INFO - Processing /opt/airflow/dags/etl_postgres_to_clickhouse.py took 0.520 seconds
[2026-01-07T21:59:25.372+0000] {processor.py:161} INFO - Started process (PID=230) to work on /opt/airflow/dags/etl_postgres_to_clickhouse.py
[2026-01-07T21:59:25.374+0000] {processor.py:830} INFO - Processing file /opt/airflow/dags/etl_postgres_to_clickhouse.py for tasks to queue
[2026-01-07T21:59:25.378+0000] {logging_mixin.py:188} INFO - [2026-01-07T21:59:25.378+0000] {dagbag.py:545} INFO - Filling up the DagBag from /opt/airflow/dags/etl_postgres_to_clickhouse.py
[2026-01-07T21:59:25.821+0000] {processor.py:840} INFO - DAG(s) 'pg_to_clickhouse_payload_parsing' retrieved from /opt/airflow/dags/etl_postgres_to_clickhouse.py
[2026-01-07T21:59:25.865+0000] {logging_mixin.py:188} INFO - [2026-01-07T21:59:25.865+0000] {dag.py:3096} INFO - Sync 1 DAGs
[2026-01-07T21:59:25.921+0000] {logging_mixin.py:188} INFO - [2026-01-07T21:59:25.920+0000] {dag.py:3954} INFO - Setting next_dagrun for pg_to_clickhouse_payload_parsing to 2026-01-07 21:59:20+00:00, run_after=2026-01-07 21:59:30+00:00
[2026-01-07T21:59:25.955+0000] {processor.py:183} INFO - Processing /opt/airflow/dags/etl_postgres_to_clickhouse.py took 0.596 seconds
[2026-01-07T21:59:56.265+0000] {processor.py:161} INFO - Started process (PID=241) to work on /opt/airflow/dags/etl_postgres_to_clickhouse.py
[2026-01-07T21:59:56.266+0000] {processor.py:830} INFO - Processing file /opt/airflow/dags/etl_postgres_to_clickhouse.py for tasks to queue
[2026-01-07T21:59:56.271+0000] {logging_mixin.py:188} INFO - [2026-01-07T21:59:56.270+0000] {dagbag.py:545} INFO - Filling up the DagBag from /opt/airflow/dags/etl_postgres_to_clickhouse.py
[2026-01-07T21:59:56.702+0000] {processor.py:840} INFO - DAG(s) 'pg_to_clickhouse_payload_parsing' retrieved from /opt/airflow/dags/etl_postgres_to_clickhouse.py
[2026-01-07T21:59:56.761+0000] {logging_mixin.py:188} INFO - [2026-01-07T21:59:56.760+0000] {dag.py:3096} INFO - Sync 1 DAGs
[2026-01-07T21:59:56.804+0000] {logging_mixin.py:188} INFO - [2026-01-07T21:59:56.803+0000] {dag.py:3954} INFO - Setting next_dagrun for pg_to_clickhouse_payload_parsing to 2026-01-07 21:59:50+00:00, run_after=2026-01-07 22:00:00+00:00
[2026-01-07T21:59:56.839+0000] {processor.py:183} INFO - Processing /opt/airflow/dags/etl_postgres_to_clickhouse.py took 0.583 seconds
[2026-01-07T22:00:27.318+0000] {processor.py:161} INFO - Started process (PID=252) to work on /opt/airflow/dags/etl_postgres_to_clickhouse.py
[2026-01-07T22:00:27.323+0000] {processor.py:830} INFO - Processing file /opt/airflow/dags/etl_postgres_to_clickhouse.py for tasks to queue
[2026-01-07T22:00:27.326+0000] {logging_mixin.py:188} INFO - [2026-01-07T22:00:27.326+0000] {dagbag.py:545} INFO - Filling up the DagBag from /opt/airflow/dags/etl_postgres_to_clickhouse.py
[2026-01-07T22:00:28.053+0000] {processor.py:840} INFO - DAG(s) 'pg_to_clickhouse_payload_parsing' retrieved from /opt/airflow/dags/etl_postgres_to_clickhouse.py
[2026-01-07T22:00:28.129+0000] {logging_mixin.py:188} INFO - [2026-01-07T22:00:28.128+0000] {dag.py:3096} INFO - Sync 1 DAGs
[2026-01-07T22:00:28.200+0000] {logging_mixin.py:188} INFO - [2026-01-07T22:00:28.200+0000] {dag.py:3954} INFO - Setting next_dagrun for pg_to_clickhouse_payload_parsing to 2026-01-07 22:00:20+00:00, run_after=2026-01-07 22:00:30+00:00
[2026-01-07T22:00:28.242+0000] {processor.py:183} INFO - Processing /opt/airflow/dags/etl_postgres_to_clickhouse.py took 0.938 seconds
[2026-01-07T22:00:58.599+0000] {processor.py:161} INFO - Started process (PID=263) to work on /opt/airflow/dags/etl_postgres_to_clickhouse.py
[2026-01-07T22:00:58.600+0000] {processor.py:830} INFO - Processing file /opt/airflow/dags/etl_postgres_to_clickhouse.py for tasks to queue
[2026-01-07T22:00:58.605+0000] {logging_mixin.py:188} INFO - [2026-01-07T22:00:58.604+0000] {dagbag.py:545} INFO - Filling up the DagBag from /opt/airflow/dags/etl_postgres_to_clickhouse.py
[2026-01-07T22:00:58.905+0000] {processor.py:840} INFO - DAG(s) 'pg_to_clickhouse_payload_parsing' retrieved from /opt/airflow/dags/etl_postgres_to_clickhouse.py
[2026-01-07T22:00:58.943+0000] {logging_mixin.py:188} INFO - [2026-01-07T22:00:58.943+0000] {dag.py:3096} INFO - Sync 1 DAGs
[2026-01-07T22:00:58.973+0000] {logging_mixin.py:188} INFO - [2026-01-07T22:00:58.973+0000] {dag.py:3954} INFO - Setting next_dagrun for pg_to_clickhouse_payload_parsing to 2026-01-07 22:00:50+00:00, run_after=2026-01-07 22:01:00+00:00
[2026-01-07T22:00:59.009+0000] {processor.py:183} INFO - Processing /opt/airflow/dags/etl_postgres_to_clickhouse.py took 0.419 seconds
[2026-01-07T22:01:29.288+0000] {processor.py:161} INFO - Started process (PID=274) to work on /opt/airflow/dags/etl_postgres_to_clickhouse.py
[2026-01-07T22:01:29.290+0000] {processor.py:830} INFO - Processing file /opt/airflow/dags/etl_postgres_to_clickhouse.py for tasks to queue
[2026-01-07T22:01:29.294+0000] {logging_mixin.py:188} INFO - [2026-01-07T22:01:29.293+0000] {dagbag.py:545} INFO - Filling up the DagBag from /opt/airflow/dags/etl_postgres_to_clickhouse.py
[2026-01-07T22:01:29.676+0000] {processor.py:840} INFO - DAG(s) 'pg_to_clickhouse_payload_parsing' retrieved from /opt/airflow/dags/etl_postgres_to_clickhouse.py
[2026-01-07T22:01:29.723+0000] {logging_mixin.py:188} INFO - [2026-01-07T22:01:29.723+0000] {dag.py:3096} INFO - Sync 1 DAGs
[2026-01-07T22:01:29.762+0000] {logging_mixin.py:188} INFO - [2026-01-07T22:01:29.762+0000] {dag.py:3954} INFO - Setting next_dagrun for pg_to_clickhouse_payload_parsing to 2026-01-07 22:01:20+00:00, run_after=2026-01-07 22:01:30+00:00
[2026-01-07T22:01:29.795+0000] {processor.py:183} INFO - Processing /opt/airflow/dags/etl_postgres_to_clickhouse.py took 0.520 seconds
[2026-01-07T22:02:00.077+0000] {processor.py:161} INFO - Started process (PID=285) to work on /opt/airflow/dags/etl_postgres_to_clickhouse.py
[2026-01-07T22:02:00.079+0000] {processor.py:830} INFO - Processing file /opt/airflow/dags/etl_postgres_to_clickhouse.py for tasks to queue
[2026-01-07T22:02:00.083+0000] {logging_mixin.py:188} INFO - [2026-01-07T22:02:00.082+0000] {dagbag.py:545} INFO - Filling up the DagBag from /opt/airflow/dags/etl_postgres_to_clickhouse.py
[2026-01-07T22:02:00.429+0000] {processor.py:840} INFO - DAG(s) 'pg_to_clickhouse_payload_parsing' retrieved from /opt/airflow/dags/etl_postgres_to_clickhouse.py
[2026-01-07T22:02:00.492+0000] {logging_mixin.py:188} INFO - [2026-01-07T22:02:00.491+0000] {dag.py:3096} INFO - Sync 1 DAGs
[2026-01-07T22:02:00.536+0000] {logging_mixin.py:188} INFO - [2026-01-07T22:02:00.536+0000] {dag.py:3954} INFO - Setting next_dagrun for pg_to_clickhouse_payload_parsing to 2026-01-07 22:02:00+00:00, run_after=2026-01-07 22:02:10+00:00
[2026-01-07T22:02:00.569+0000] {processor.py:183} INFO - Processing /opt/airflow/dags/etl_postgres_to_clickhouse.py took 0.500 seconds
[2026-01-07T22:02:30.882+0000] {processor.py:161} INFO - Started process (PID=297) to work on /opt/airflow/dags/etl_postgres_to_clickhouse.py
[2026-01-07T22:02:30.884+0000] {processor.py:830} INFO - Processing file /opt/airflow/dags/etl_postgres_to_clickhouse.py for tasks to queue
[2026-01-07T22:02:30.887+0000] {logging_mixin.py:188} INFO - [2026-01-07T22:02:30.886+0000] {dagbag.py:545} INFO - Filling up the DagBag from /opt/airflow/dags/etl_postgres_to_clickhouse.py
[2026-01-07T22:02:31.349+0000] {processor.py:840} INFO - DAG(s) 'pg_to_clickhouse_payload_parsing' retrieved from /opt/airflow/dags/etl_postgres_to_clickhouse.py
[2026-01-07T22:02:31.403+0000] {logging_mixin.py:188} INFO - [2026-01-07T22:02:31.403+0000] {dag.py:3096} INFO - Sync 1 DAGs
[2026-01-07T22:02:31.441+0000] {logging_mixin.py:188} INFO - [2026-01-07T22:02:31.441+0000] {dag.py:3954} INFO - Setting next_dagrun for pg_to_clickhouse_payload_parsing to 2026-01-07 22:02:30+00:00, run_after=2026-01-07 22:02:40+00:00
[2026-01-07T22:02:31.496+0000] {processor.py:183} INFO - Processing /opt/airflow/dags/etl_postgres_to_clickhouse.py took 0.625 seconds
[2026-01-07T22:03:01.671+0000] {processor.py:161} INFO - Started process (PID=308) to work on /opt/airflow/dags/etl_postgres_to_clickhouse.py
[2026-01-07T22:03:01.673+0000] {processor.py:830} INFO - Processing file /opt/airflow/dags/etl_postgres_to_clickhouse.py for tasks to queue
[2026-01-07T22:03:01.678+0000] {logging_mixin.py:188} INFO - [2026-01-07T22:03:01.677+0000] {dagbag.py:545} INFO - Filling up the DagBag from /opt/airflow/dags/etl_postgres_to_clickhouse.py
[2026-01-07T22:03:02.142+0000] {processor.py:840} INFO - DAG(s) 'pg_to_clickhouse_payload_parsing' retrieved from /opt/airflow/dags/etl_postgres_to_clickhouse.py
[2026-01-07T22:03:02.230+0000] {logging_mixin.py:188} INFO - [2026-01-07T22:03:02.229+0000] {dag.py:3096} INFO - Sync 1 DAGs
[2026-01-07T22:03:02.281+0000] {logging_mixin.py:188} INFO - [2026-01-07T22:03:02.280+0000] {dag.py:3954} INFO - Setting next_dagrun for pg_to_clickhouse_payload_parsing to 2026-01-07 22:03:00+00:00, run_after=2026-01-07 22:03:10+00:00
[2026-01-07T22:03:02.317+0000] {processor.py:183} INFO - Processing /opt/airflow/dags/etl_postgres_to_clickhouse.py took 0.660 seconds
[2026-01-07T22:03:32.719+0000] {processor.py:161} INFO - Started process (PID=320) to work on /opt/airflow/dags/etl_postgres_to_clickhouse.py
[2026-01-07T22:03:32.720+0000] {processor.py:830} INFO - Processing file /opt/airflow/dags/etl_postgres_to_clickhouse.py for tasks to queue
[2026-01-07T22:03:32.724+0000] {logging_mixin.py:188} INFO - [2026-01-07T22:03:32.723+0000] {dagbag.py:545} INFO - Filling up the DagBag from /opt/airflow/dags/etl_postgres_to_clickhouse.py
[2026-01-07T22:03:33.081+0000] {processor.py:840} INFO - DAG(s) 'pg_to_clickhouse_payload_parsing' retrieved from /opt/airflow/dags/etl_postgres_to_clickhouse.py
[2026-01-07T22:03:33.133+0000] {logging_mixin.py:188} INFO - [2026-01-07T22:03:33.132+0000] {dag.py:3096} INFO - Sync 1 DAGs
[2026-01-07T22:03:33.170+0000] {logging_mixin.py:188} INFO - [2026-01-07T22:03:33.169+0000] {dag.py:3954} INFO - Setting next_dagrun for pg_to_clickhouse_payload_parsing to 2026-01-07 22:03:30+00:00, run_after=2026-01-07 22:03:40+00:00
[2026-01-07T22:03:33.227+0000] {processor.py:183} INFO - Processing /opt/airflow/dags/etl_postgres_to_clickhouse.py took 0.517 seconds
[2026-01-07T22:04:03.532+0000] {processor.py:161} INFO - Started process (PID=331) to work on /opt/airflow/dags/etl_postgres_to_clickhouse.py
[2026-01-07T22:04:03.534+0000] {processor.py:830} INFO - Processing file /opt/airflow/dags/etl_postgres_to_clickhouse.py for tasks to queue
[2026-01-07T22:04:03.537+0000] {logging_mixin.py:188} INFO - [2026-01-07T22:04:03.536+0000] {dagbag.py:545} INFO - Filling up the DagBag from /opt/airflow/dags/etl_postgres_to_clickhouse.py
[2026-01-07T22:04:03.873+0000] {processor.py:840} INFO - DAG(s) 'pg_to_clickhouse_payload_parsing' retrieved from /opt/airflow/dags/etl_postgres_to_clickhouse.py
[2026-01-07T22:04:03.920+0000] {logging_mixin.py:188} INFO - [2026-01-07T22:04:03.920+0000] {dag.py:3096} INFO - Sync 1 DAGs
[2026-01-07T22:04:03.962+0000] {logging_mixin.py:188} INFO - [2026-01-07T22:04:03.962+0000] {dag.py:3954} INFO - Setting next_dagrun for pg_to_clickhouse_payload_parsing to 2026-01-07 22:04:00+00:00, run_after=2026-01-07 22:04:10+00:00
[2026-01-07T22:04:03.991+0000] {processor.py:183} INFO - Processing /opt/airflow/dags/etl_postgres_to_clickhouse.py took 0.469 seconds
[2026-01-07T22:04:34.264+0000] {processor.py:161} INFO - Started process (PID=342) to work on /opt/airflow/dags/etl_postgres_to_clickhouse.py
[2026-01-07T22:04:34.270+0000] {processor.py:830} INFO - Processing file /opt/airflow/dags/etl_postgres_to_clickhouse.py for tasks to queue
[2026-01-07T22:04:34.273+0000] {logging_mixin.py:188} INFO - [2026-01-07T22:04:34.272+0000] {dagbag.py:545} INFO - Filling up the DagBag from /opt/airflow/dags/etl_postgres_to_clickhouse.py
[2026-01-07T22:04:34.759+0000] {processor.py:840} INFO - DAG(s) 'pg_to_clickhouse_payload_parsing' retrieved from /opt/airflow/dags/etl_postgres_to_clickhouse.py
[2026-01-07T22:04:34.825+0000] {logging_mixin.py:188} INFO - [2026-01-07T22:04:34.824+0000] {dag.py:3096} INFO - Sync 1 DAGs
[2026-01-07T22:04:34.871+0000] {logging_mixin.py:188} INFO - [2026-01-07T22:04:34.871+0000] {dag.py:3954} INFO - Setting next_dagrun for pg_to_clickhouse_payload_parsing to 2026-01-07 22:04:30+00:00, run_after=2026-01-07 22:04:40+00:00
[2026-01-07T22:04:34.905+0000] {processor.py:183} INFO - Processing /opt/airflow/dags/etl_postgres_to_clickhouse.py took 0.653 seconds
[2026-01-07T22:05:05.123+0000] {processor.py:161} INFO - Started process (PID=353) to work on /opt/airflow/dags/etl_postgres_to_clickhouse.py
[2026-01-07T22:05:05.125+0000] {processor.py:830} INFO - Processing file /opt/airflow/dags/etl_postgres_to_clickhouse.py for tasks to queue
[2026-01-07T22:05:05.127+0000] {logging_mixin.py:188} INFO - [2026-01-07T22:05:05.127+0000] {dagbag.py:545} INFO - Filling up the DagBag from /opt/airflow/dags/etl_postgres_to_clickhouse.py
[2026-01-07T22:05:05.419+0000] {processor.py:840} INFO - DAG(s) 'pg_to_clickhouse_payload_parsing' retrieved from /opt/airflow/dags/etl_postgres_to_clickhouse.py
[2026-01-07T22:05:05.462+0000] {logging_mixin.py:188} INFO - [2026-01-07T22:05:05.462+0000] {dag.py:3096} INFO - Sync 1 DAGs
[2026-01-07T22:05:05.495+0000] {logging_mixin.py:188} INFO - [2026-01-07T22:05:05.495+0000] {dag.py:3954} INFO - Setting next_dagrun for pg_to_clickhouse_payload_parsing to 2026-01-07 22:05:00+00:00, run_after=2026-01-07 22:05:10+00:00
[2026-01-07T22:05:05.523+0000] {processor.py:183} INFO - Processing /opt/airflow/dags/etl_postgres_to_clickhouse.py took 0.409 seconds
[2026-01-07T22:05:35.825+0000] {processor.py:161} INFO - Started process (PID=364) to work on /opt/airflow/dags/etl_postgres_to_clickhouse.py
[2026-01-07T22:05:35.829+0000] {processor.py:830} INFO - Processing file /opt/airflow/dags/etl_postgres_to_clickhouse.py for tasks to queue
[2026-01-07T22:05:35.832+0000] {logging_mixin.py:188} INFO - [2026-01-07T22:05:35.832+0000] {dagbag.py:545} INFO - Filling up the DagBag from /opt/airflow/dags/etl_postgres_to_clickhouse.py
[2026-01-07T22:05:36.136+0000] {processor.py:840} INFO - DAG(s) 'pg_to_clickhouse_payload_parsing' retrieved from /opt/airflow/dags/etl_postgres_to_clickhouse.py
[2026-01-07T22:05:36.171+0000] {logging_mixin.py:188} INFO - [2026-01-07T22:05:36.170+0000] {dag.py:3096} INFO - Sync 1 DAGs
[2026-01-07T22:05:36.199+0000] {logging_mixin.py:188} INFO - [2026-01-07T22:05:36.199+0000] {dag.py:3954} INFO - Setting next_dagrun for pg_to_clickhouse_payload_parsing to 2026-01-07 22:05:30+00:00, run_after=2026-01-07 22:05:40+00:00
[2026-01-07T22:05:36.226+0000] {processor.py:183} INFO - Processing /opt/airflow/dags/etl_postgres_to_clickhouse.py took 0.410 seconds
[2026-01-07T22:06:06.524+0000] {processor.py:161} INFO - Started process (PID=375) to work on /opt/airflow/dags/etl_postgres_to_clickhouse.py
[2026-01-07T22:06:06.532+0000] {processor.py:830} INFO - Processing file /opt/airflow/dags/etl_postgres_to_clickhouse.py for tasks to queue
[2026-01-07T22:06:06.547+0000] {logging_mixin.py:188} INFO - [2026-01-07T22:06:06.543+0000] {dagbag.py:545} INFO - Filling up the DagBag from /opt/airflow/dags/etl_postgres_to_clickhouse.py
[2026-01-07T22:06:07.305+0000] {processor.py:840} INFO - DAG(s) 'pg_to_clickhouse_payload_parsing' retrieved from /opt/airflow/dags/etl_postgres_to_clickhouse.py
[2026-01-07T22:06:07.385+0000] {logging_mixin.py:188} INFO - [2026-01-07T22:06:07.385+0000] {dag.py:3096} INFO - Sync 1 DAGs
[2026-01-07T22:06:07.441+0000] {logging_mixin.py:188} INFO - [2026-01-07T22:06:07.440+0000] {dag.py:3954} INFO - Setting next_dagrun for pg_to_clickhouse_payload_parsing to 2026-01-07 22:06:00+00:00, run_after=2026-01-07 22:06:10+00:00
[2026-01-07T22:06:07.477+0000] {processor.py:183} INFO - Processing /opt/airflow/dags/etl_postgres_to_clickhouse.py took 0.971 seconds
[2026-01-07T22:06:37.839+0000] {processor.py:161} INFO - Started process (PID=386) to work on /opt/airflow/dags/etl_postgres_to_clickhouse.py
[2026-01-07T22:06:37.843+0000] {processor.py:830} INFO - Processing file /opt/airflow/dags/etl_postgres_to_clickhouse.py for tasks to queue
[2026-01-07T22:06:37.859+0000] {logging_mixin.py:188} INFO - [2026-01-07T22:06:37.857+0000] {dagbag.py:545} INFO - Filling up the DagBag from /opt/airflow/dags/etl_postgres_to_clickhouse.py
[2026-01-07T22:06:38.264+0000] {processor.py:840} INFO - DAG(s) 'pg_to_clickhouse_payload_parsing' retrieved from /opt/airflow/dags/etl_postgres_to_clickhouse.py
[2026-01-07T22:06:38.321+0000] {logging_mixin.py:188} INFO - [2026-01-07T22:06:38.321+0000] {dag.py:3096} INFO - Sync 1 DAGs
[2026-01-07T22:06:38.360+0000] {logging_mixin.py:188} INFO - [2026-01-07T22:06:38.359+0000] {dag.py:3954} INFO - Setting next_dagrun for pg_to_clickhouse_payload_parsing to 2026-01-07 22:06:30+00:00, run_after=2026-01-07 22:06:40+00:00
[2026-01-07T22:06:38.403+0000] {processor.py:183} INFO - Processing /opt/airflow/dags/etl_postgres_to_clickhouse.py took 0.604 seconds
[2026-01-07T22:07:08.677+0000] {processor.py:161} INFO - Started process (PID=397) to work on /opt/airflow/dags/etl_postgres_to_clickhouse.py
[2026-01-07T22:07:08.679+0000] {processor.py:830} INFO - Processing file /opt/airflow/dags/etl_postgres_to_clickhouse.py for tasks to queue
[2026-01-07T22:07:08.681+0000] {logging_mixin.py:188} INFO - [2026-01-07T22:07:08.681+0000] {dagbag.py:545} INFO - Filling up the DagBag from /opt/airflow/dags/etl_postgres_to_clickhouse.py
[2026-01-07T22:07:09.021+0000] {processor.py:840} INFO - DAG(s) 'pg_to_clickhouse_payload_parsing' retrieved from /opt/airflow/dags/etl_postgres_to_clickhouse.py
[2026-01-07T22:07:09.068+0000] {logging_mixin.py:188} INFO - [2026-01-07T22:07:09.067+0000] {dag.py:3096} INFO - Sync 1 DAGs
[2026-01-07T22:07:09.109+0000] {logging_mixin.py:188} INFO - [2026-01-07T22:07:09.109+0000] {dag.py:3954} INFO - Setting next_dagrun for pg_to_clickhouse_payload_parsing to 2026-01-07 22:07:00+00:00, run_after=2026-01-07 22:07:10+00:00
[2026-01-07T22:07:09.145+0000] {processor.py:183} INFO - Processing /opt/airflow/dags/etl_postgres_to_clickhouse.py took 0.477 seconds
[2026-01-07T22:07:39.248+0000] {processor.py:161} INFO - Started process (PID=408) to work on /opt/airflow/dags/etl_postgres_to_clickhouse.py
[2026-01-07T22:07:39.250+0000] {processor.py:830} INFO - Processing file /opt/airflow/dags/etl_postgres_to_clickhouse.py for tasks to queue
[2026-01-07T22:07:39.254+0000] {logging_mixin.py:188} INFO - [2026-01-07T22:07:39.253+0000] {dagbag.py:545} INFO - Filling up the DagBag from /opt/airflow/dags/etl_postgres_to_clickhouse.py
[2026-01-07T22:07:39.560+0000] {processor.py:840} INFO - DAG(s) 'pg_to_clickhouse_payload_parsing' retrieved from /opt/airflow/dags/etl_postgres_to_clickhouse.py
[2026-01-07T22:07:39.601+0000] {logging_mixin.py:188} INFO - [2026-01-07T22:07:39.600+0000] {dag.py:3096} INFO - Sync 1 DAGs
[2026-01-07T22:07:39.631+0000] {logging_mixin.py:188} INFO - [2026-01-07T22:07:39.631+0000] {dag.py:3954} INFO - Setting next_dagrun for pg_to_clickhouse_payload_parsing to 2026-01-07 22:07:30+00:00, run_after=2026-01-07 22:07:40+00:00
[2026-01-07T22:07:39.683+0000] {processor.py:183} INFO - Processing /opt/airflow/dags/etl_postgres_to_clickhouse.py took 0.443 seconds
[2026-01-07T22:08:09.905+0000] {processor.py:161} INFO - Started process (PID=419) to work on /opt/airflow/dags/etl_postgres_to_clickhouse.py
[2026-01-07T22:08:09.906+0000] {processor.py:830} INFO - Processing file /opt/airflow/dags/etl_postgres_to_clickhouse.py for tasks to queue
[2026-01-07T22:08:09.909+0000] {logging_mixin.py:188} INFO - [2026-01-07T22:08:09.908+0000] {dagbag.py:545} INFO - Filling up the DagBag from /opt/airflow/dags/etl_postgres_to_clickhouse.py
[2026-01-07T22:08:10.194+0000] {processor.py:840} INFO - DAG(s) 'pg_to_clickhouse_payload_parsing' retrieved from /opt/airflow/dags/etl_postgres_to_clickhouse.py
[2026-01-07T22:08:10.233+0000] {logging_mixin.py:188} INFO - [2026-01-07T22:08:10.233+0000] {dag.py:3096} INFO - Sync 1 DAGs
[2026-01-07T22:08:10.260+0000] {logging_mixin.py:188} INFO - [2026-01-07T22:08:10.260+0000] {dag.py:3954} INFO - Setting next_dagrun for pg_to_clickhouse_payload_parsing to 2026-01-07 22:08:00+00:00, run_after=2026-01-07 22:08:10+00:00
[2026-01-07T22:08:10.288+0000] {processor.py:183} INFO - Processing /opt/airflow/dags/etl_postgres_to_clickhouse.py took 0.391 seconds
[2026-01-07T22:08:40.570+0000] {processor.py:161} INFO - Started process (PID=430) to work on /opt/airflow/dags/etl_postgres_to_clickhouse.py
[2026-01-07T22:08:40.572+0000] {processor.py:830} INFO - Processing file /opt/airflow/dags/etl_postgres_to_clickhouse.py for tasks to queue
[2026-01-07T22:08:40.575+0000] {logging_mixin.py:188} INFO - [2026-01-07T22:08:40.575+0000] {dagbag.py:545} INFO - Filling up the DagBag from /opt/airflow/dags/etl_postgres_to_clickhouse.py
[2026-01-07T22:08:40.939+0000] {processor.py:840} INFO - DAG(s) 'pg_to_clickhouse_payload_parsing' retrieved from /opt/airflow/dags/etl_postgres_to_clickhouse.py
[2026-01-07T22:08:40.998+0000] {logging_mixin.py:188} INFO - [2026-01-07T22:08:40.998+0000] {dag.py:3096} INFO - Sync 1 DAGs
[2026-01-07T22:08:41.037+0000] {logging_mixin.py:188} INFO - [2026-01-07T22:08:41.037+0000] {dag.py:3954} INFO - Setting next_dagrun for pg_to_clickhouse_payload_parsing to 2026-01-07 22:08:40+00:00, run_after=2026-01-07 22:08:50+00:00
[2026-01-07T22:08:41.069+0000] {processor.py:183} INFO - Processing /opt/airflow/dags/etl_postgres_to_clickhouse.py took 0.504 seconds
[2026-01-07T22:09:11.342+0000] {processor.py:161} INFO - Started process (PID=442) to work on /opt/airflow/dags/etl_postgres_to_clickhouse.py
[2026-01-07T22:09:11.344+0000] {processor.py:830} INFO - Processing file /opt/airflow/dags/etl_postgres_to_clickhouse.py for tasks to queue
[2026-01-07T22:09:11.349+0000] {logging_mixin.py:188} INFO - [2026-01-07T22:09:11.348+0000] {dagbag.py:545} INFO - Filling up the DagBag from /opt/airflow/dags/etl_postgres_to_clickhouse.py
[2026-01-07T22:09:11.713+0000] {processor.py:840} INFO - DAG(s) 'pg_to_clickhouse_payload_parsing' retrieved from /opt/airflow/dags/etl_postgres_to_clickhouse.py
[2026-01-07T22:09:11.773+0000] {logging_mixin.py:188} INFO - [2026-01-07T22:09:11.773+0000] {dag.py:3096} INFO - Sync 1 DAGs
[2026-01-07T22:09:11.814+0000] {logging_mixin.py:188} INFO - [2026-01-07T22:09:11.813+0000] {dag.py:3954} INFO - Setting next_dagrun for pg_to_clickhouse_payload_parsing to 2026-01-07 22:09:10+00:00, run_after=2026-01-07 22:09:20+00:00
[2026-01-07T22:09:11.870+0000] {processor.py:183} INFO - Processing /opt/airflow/dags/etl_postgres_to_clickhouse.py took 0.539 seconds
[2026-01-07T22:09:41.985+0000] {processor.py:161} INFO - Started process (PID=454) to work on /opt/airflow/dags/etl_postgres_to_clickhouse.py
[2026-01-07T22:09:41.988+0000] {processor.py:830} INFO - Processing file /opt/airflow/dags/etl_postgres_to_clickhouse.py for tasks to queue
[2026-01-07T22:09:41.992+0000] {logging_mixin.py:188} INFO - [2026-01-07T22:09:41.992+0000] {dagbag.py:545} INFO - Filling up the DagBag from /opt/airflow/dags/etl_postgres_to_clickhouse.py
[2026-01-07T22:09:42.336+0000] {processor.py:840} INFO - DAG(s) 'pg_to_clickhouse_payload_parsing' retrieved from /opt/airflow/dags/etl_postgres_to_clickhouse.py
[2026-01-07T22:09:42.380+0000] {logging_mixin.py:188} INFO - [2026-01-07T22:09:42.380+0000] {dag.py:3096} INFO - Sync 1 DAGs
[2026-01-07T22:09:42.419+0000] {logging_mixin.py:188} INFO - [2026-01-07T22:09:42.419+0000] {dag.py:3954} INFO - Setting next_dagrun for pg_to_clickhouse_payload_parsing to 2026-01-07 22:09:40+00:00, run_after=2026-01-07 22:09:50+00:00
[2026-01-07T22:09:42.455+0000] {processor.py:183} INFO - Processing /opt/airflow/dags/etl_postgres_to_clickhouse.py took 0.481 seconds
[2026-01-07T22:10:12.669+0000] {processor.py:161} INFO - Started process (PID=465) to work on /opt/airflow/dags/etl_postgres_to_clickhouse.py
[2026-01-07T22:10:12.670+0000] {processor.py:830} INFO - Processing file /opt/airflow/dags/etl_postgres_to_clickhouse.py for tasks to queue
[2026-01-07T22:10:12.672+0000] {logging_mixin.py:188} INFO - [2026-01-07T22:10:12.672+0000] {dagbag.py:545} INFO - Filling up the DagBag from /opt/airflow/dags/etl_postgres_to_clickhouse.py
[2026-01-07T22:10:12.914+0000] {processor.py:840} INFO - DAG(s) 'pg_to_clickhouse_payload_parsing' retrieved from /opt/airflow/dags/etl_postgres_to_clickhouse.py
[2026-01-07T22:10:12.948+0000] {logging_mixin.py:188} INFO - [2026-01-07T22:10:12.948+0000] {dag.py:3096} INFO - Sync 1 DAGs
[2026-01-07T22:10:12.979+0000] {logging_mixin.py:188} INFO - [2026-01-07T22:10:12.979+0000] {dag.py:3954} INFO - Setting next_dagrun for pg_to_clickhouse_payload_parsing to 2026-01-07 22:10:10+00:00, run_after=2026-01-07 22:10:20+00:00
[2026-01-07T22:10:13.079+0000] {processor.py:183} INFO - Processing /opt/airflow/dags/etl_postgres_to_clickhouse.py took 0.416 seconds
[2026-01-07T22:10:43.390+0000] {processor.py:161} INFO - Started process (PID=476) to work on /opt/airflow/dags/etl_postgres_to_clickhouse.py
[2026-01-07T22:10:43.391+0000] {processor.py:830} INFO - Processing file /opt/airflow/dags/etl_postgres_to_clickhouse.py for tasks to queue
[2026-01-07T22:10:43.395+0000] {logging_mixin.py:188} INFO - [2026-01-07T22:10:43.394+0000] {dagbag.py:545} INFO - Filling up the DagBag from /opt/airflow/dags/etl_postgres_to_clickhouse.py
[2026-01-07T22:10:43.706+0000] {processor.py:840} INFO - DAG(s) 'pg_to_clickhouse_payload_parsing' retrieved from /opt/airflow/dags/etl_postgres_to_clickhouse.py
[2026-01-07T22:10:43.747+0000] {logging_mixin.py:188} INFO - [2026-01-07T22:10:43.747+0000] {dag.py:3096} INFO - Sync 1 DAGs
[2026-01-07T22:10:43.776+0000] {logging_mixin.py:188} INFO - [2026-01-07T22:10:43.775+0000] {dag.py:3954} INFO - Setting next_dagrun for pg_to_clickhouse_payload_parsing to 2026-01-07 22:10:40+00:00, run_after=2026-01-07 22:10:50+00:00
[2026-01-07T22:10:43.805+0000] {processor.py:183} INFO - Processing /opt/airflow/dags/etl_postgres_to_clickhouse.py took 0.425 seconds
[2026-01-07T22:11:14.056+0000] {processor.py:161} INFO - Started process (PID=487) to work on /opt/airflow/dags/etl_postgres_to_clickhouse.py
[2026-01-07T22:11:14.057+0000] {processor.py:830} INFO - Processing file /opt/airflow/dags/etl_postgres_to_clickhouse.py for tasks to queue
[2026-01-07T22:11:14.061+0000] {logging_mixin.py:188} INFO - [2026-01-07T22:11:14.060+0000] {dagbag.py:545} INFO - Filling up the DagBag from /opt/airflow/dags/etl_postgres_to_clickhouse.py
[2026-01-07T22:11:14.556+0000] {processor.py:840} INFO - DAG(s) 'pg_to_clickhouse_payload_parsing' retrieved from /opt/airflow/dags/etl_postgres_to_clickhouse.py
[2026-01-07T22:11:14.666+0000] {logging_mixin.py:188} INFO - [2026-01-07T22:11:14.665+0000] {dag.py:3096} INFO - Sync 1 DAGs
[2026-01-07T22:11:14.778+0000] {logging_mixin.py:188} INFO - [2026-01-07T22:11:14.778+0000] {dag.py:3954} INFO - Setting next_dagrun for pg_to_clickhouse_payload_parsing to 2026-01-07 22:11:10+00:00, run_after=2026-01-07 22:11:20+00:00
[2026-01-07T22:11:14.837+0000] {processor.py:183} INFO - Processing /opt/airflow/dags/etl_postgres_to_clickhouse.py took 0.791 seconds
[2026-01-07T22:11:45.156+0000] {processor.py:161} INFO - Started process (PID=498) to work on /opt/airflow/dags/etl_postgres_to_clickhouse.py
[2026-01-07T22:11:45.163+0000] {processor.py:830} INFO - Processing file /opt/airflow/dags/etl_postgres_to_clickhouse.py for tasks to queue
[2026-01-07T22:11:45.166+0000] {logging_mixin.py:188} INFO - [2026-01-07T22:11:45.165+0000] {dagbag.py:545} INFO - Filling up the DagBag from /opt/airflow/dags/etl_postgres_to_clickhouse.py
[2026-01-07T22:11:45.507+0000] {processor.py:840} INFO - DAG(s) 'pg_to_clickhouse_payload_parsing' retrieved from /opt/airflow/dags/etl_postgres_to_clickhouse.py
[2026-01-07T22:11:45.567+0000] {logging_mixin.py:188} INFO - [2026-01-07T22:11:45.567+0000] {dag.py:3096} INFO - Sync 1 DAGs
[2026-01-07T22:11:45.612+0000] {logging_mixin.py:188} INFO - [2026-01-07T22:11:45.611+0000] {dag.py:3954} INFO - Setting next_dagrun for pg_to_clickhouse_payload_parsing to 2026-01-07 22:11:40+00:00, run_after=2026-01-07 22:11:50+00:00
[2026-01-07T22:11:45.643+0000] {processor.py:183} INFO - Processing /opt/airflow/dags/etl_postgres_to_clickhouse.py took 0.504 seconds
[2026-01-07T22:12:15.935+0000] {processor.py:161} INFO - Started process (PID=509) to work on /opt/airflow/dags/etl_postgres_to_clickhouse.py
[2026-01-07T22:12:15.937+0000] {processor.py:830} INFO - Processing file /opt/airflow/dags/etl_postgres_to_clickhouse.py for tasks to queue
[2026-01-07T22:12:15.940+0000] {logging_mixin.py:188} INFO - [2026-01-07T22:12:15.939+0000] {dagbag.py:545} INFO - Filling up the DagBag from /opt/airflow/dags/etl_postgres_to_clickhouse.py
[2026-01-07T22:12:16.349+0000] {processor.py:840} INFO - DAG(s) 'pg_to_clickhouse_payload_parsing' retrieved from /opt/airflow/dags/etl_postgres_to_clickhouse.py
[2026-01-07T22:12:16.380+0000] {logging_mixin.py:188} INFO - [2026-01-07T22:12:16.380+0000] {dag.py:3096} INFO - Sync 1 DAGs
[2026-01-07T22:12:16.404+0000] {logging_mixin.py:188} INFO - [2026-01-07T22:12:16.404+0000] {dag.py:3954} INFO - Setting next_dagrun for pg_to_clickhouse_payload_parsing to 2026-01-07 22:12:10+00:00, run_after=2026-01-07 22:12:20+00:00
[2026-01-07T22:12:16.439+0000] {processor.py:183} INFO - Processing /opt/airflow/dags/etl_postgres_to_clickhouse.py took 0.513 seconds
[2026-01-07T22:12:46.557+0000] {processor.py:161} INFO - Started process (PID=520) to work on /opt/airflow/dags/etl_postgres_to_clickhouse.py
[2026-01-07T22:12:46.562+0000] {processor.py:830} INFO - Processing file /opt/airflow/dags/etl_postgres_to_clickhouse.py for tasks to queue
[2026-01-07T22:12:46.567+0000] {logging_mixin.py:188} INFO - [2026-01-07T22:12:46.566+0000] {dagbag.py:545} INFO - Filling up the DagBag from /opt/airflow/dags/etl_postgres_to_clickhouse.py
[2026-01-07T22:12:46.871+0000] {processor.py:840} INFO - DAG(s) 'pg_to_clickhouse_payload_parsing' retrieved from /opt/airflow/dags/etl_postgres_to_clickhouse.py
[2026-01-07T22:12:46.916+0000] {logging_mixin.py:188} INFO - [2026-01-07T22:12:46.916+0000] {dag.py:3096} INFO - Sync 1 DAGs
[2026-01-07T22:12:46.949+0000] {logging_mixin.py:188} INFO - [2026-01-07T22:12:46.949+0000] {dag.py:3954} INFO - Setting next_dagrun for pg_to_clickhouse_payload_parsing to 2026-01-07 22:12:40+00:00, run_after=2026-01-07 22:12:50+00:00
[2026-01-07T22:12:46.976+0000] {processor.py:183} INFO - Processing /opt/airflow/dags/etl_postgres_to_clickhouse.py took 0.435 seconds
[2026-01-07T22:13:17.123+0000] {processor.py:161} INFO - Started process (PID=531) to work on /opt/airflow/dags/etl_postgres_to_clickhouse.py
[2026-01-07T22:13:17.125+0000] {processor.py:830} INFO - Processing file /opt/airflow/dags/etl_postgres_to_clickhouse.py for tasks to queue
[2026-01-07T22:13:17.129+0000] {logging_mixin.py:188} INFO - [2026-01-07T22:13:17.128+0000] {dagbag.py:545} INFO - Filling up the DagBag from /opt/airflow/dags/etl_postgres_to_clickhouse.py
[2026-01-07T22:13:17.622+0000] {processor.py:840} INFO - DAG(s) 'pg_to_clickhouse_payload_parsing' retrieved from /opt/airflow/dags/etl_postgres_to_clickhouse.py
[2026-01-07T22:13:17.675+0000] {logging_mixin.py:188} INFO - [2026-01-07T22:13:17.675+0000] {dag.py:3096} INFO - Sync 1 DAGs
[2026-01-07T22:13:17.721+0000] {logging_mixin.py:188} INFO - [2026-01-07T22:13:17.721+0000] {dag.py:3954} INFO - Setting next_dagrun for pg_to_clickhouse_payload_parsing to 2026-01-07 22:13:10+00:00, run_after=2026-01-07 22:13:20+00:00
[2026-01-07T22:13:17.770+0000] {processor.py:183} INFO - Processing /opt/airflow/dags/etl_postgres_to_clickhouse.py took 0.664 seconds
[2026-01-07T22:13:48.037+0000] {processor.py:161} INFO - Started process (PID=542) to work on /opt/airflow/dags/etl_postgres_to_clickhouse.py
[2026-01-07T22:13:48.039+0000] {processor.py:830} INFO - Processing file /opt/airflow/dags/etl_postgres_to_clickhouse.py for tasks to queue
[2026-01-07T22:13:48.042+0000] {logging_mixin.py:188} INFO - [2026-01-07T22:13:48.042+0000] {dagbag.py:545} INFO - Filling up the DagBag from /opt/airflow/dags/etl_postgres_to_clickhouse.py
[2026-01-07T22:13:48.279+0000] {processor.py:840} INFO - DAG(s) 'pg_to_clickhouse_payload_parsing' retrieved from /opt/airflow/dags/etl_postgres_to_clickhouse.py
[2026-01-07T22:13:48.313+0000] {logging_mixin.py:188} INFO - [2026-01-07T22:13:48.313+0000] {dag.py:3096} INFO - Sync 1 DAGs
[2026-01-07T22:13:48.336+0000] {logging_mixin.py:188} INFO - [2026-01-07T22:13:48.336+0000] {dag.py:3954} INFO - Setting next_dagrun for pg_to_clickhouse_payload_parsing to 2026-01-07 22:13:40+00:00, run_after=2026-01-07 22:13:50+00:00
[2026-01-07T22:13:48.373+0000] {processor.py:183} INFO - Processing /opt/airflow/dags/etl_postgres_to_clickhouse.py took 0.344 seconds
[2026-01-07T22:14:18.589+0000] {processor.py:161} INFO - Started process (PID=553) to work on /opt/airflow/dags/etl_postgres_to_clickhouse.py
[2026-01-07T22:14:18.590+0000] {processor.py:830} INFO - Processing file /opt/airflow/dags/etl_postgres_to_clickhouse.py for tasks to queue
[2026-01-07T22:14:18.593+0000] {logging_mixin.py:188} INFO - [2026-01-07T22:14:18.593+0000] {dagbag.py:545} INFO - Filling up the DagBag from /opt/airflow/dags/etl_postgres_to_clickhouse.py
[2026-01-07T22:14:18.794+0000] {processor.py:840} INFO - DAG(s) 'pg_to_clickhouse_payload_parsing' retrieved from /opt/airflow/dags/etl_postgres_to_clickhouse.py
[2026-01-07T22:14:18.830+0000] {logging_mixin.py:188} INFO - [2026-01-07T22:14:18.830+0000] {dag.py:3096} INFO - Sync 1 DAGs
[2026-01-07T22:14:18.855+0000] {logging_mixin.py:188} INFO - [2026-01-07T22:14:18.855+0000] {dag.py:3954} INFO - Setting next_dagrun for pg_to_clickhouse_payload_parsing to 2026-01-07 22:14:10+00:00, run_after=2026-01-07 22:14:20+00:00
[2026-01-07T22:14:18.880+0000] {processor.py:183} INFO - Processing /opt/airflow/dags/etl_postgres_to_clickhouse.py took 0.298 seconds
[2026-01-07T22:14:49.087+0000] {processor.py:161} INFO - Started process (PID=564) to work on /opt/airflow/dags/etl_postgres_to_clickhouse.py
[2026-01-07T22:14:49.088+0000] {processor.py:830} INFO - Processing file /opt/airflow/dags/etl_postgres_to_clickhouse.py for tasks to queue
[2026-01-07T22:14:49.091+0000] {logging_mixin.py:188} INFO - [2026-01-07T22:14:49.091+0000] {dagbag.py:545} INFO - Filling up the DagBag from /opt/airflow/dags/etl_postgres_to_clickhouse.py
[2026-01-07T22:14:49.292+0000] {processor.py:840} INFO - DAG(s) 'pg_to_clickhouse_payload_parsing' retrieved from /opt/airflow/dags/etl_postgres_to_clickhouse.py
[2026-01-07T22:14:49.323+0000] {logging_mixin.py:188} INFO - [2026-01-07T22:14:49.323+0000] {dag.py:3096} INFO - Sync 1 DAGs
[2026-01-07T22:14:49.345+0000] {logging_mixin.py:188} INFO - [2026-01-07T22:14:49.345+0000] {dag.py:3954} INFO - Setting next_dagrun for pg_to_clickhouse_payload_parsing to 2026-01-07 22:14:40+00:00, run_after=2026-01-07 22:14:50+00:00
[2026-01-07T22:14:49.371+0000] {processor.py:183} INFO - Processing /opt/airflow/dags/etl_postgres_to_clickhouse.py took 0.291 seconds
[2026-01-07T22:15:19.588+0000] {processor.py:161} INFO - Started process (PID=575) to work on /opt/airflow/dags/etl_postgres_to_clickhouse.py
[2026-01-07T22:15:19.589+0000] {processor.py:830} INFO - Processing file /opt/airflow/dags/etl_postgres_to_clickhouse.py for tasks to queue
[2026-01-07T22:15:19.591+0000] {logging_mixin.py:188} INFO - [2026-01-07T22:15:19.591+0000] {dagbag.py:545} INFO - Filling up the DagBag from /opt/airflow/dags/etl_postgres_to_clickhouse.py
[2026-01-07T22:15:19.809+0000] {processor.py:840} INFO - DAG(s) 'pg_to_clickhouse_payload_parsing' retrieved from /opt/airflow/dags/etl_postgres_to_clickhouse.py
[2026-01-07T22:15:19.842+0000] {logging_mixin.py:188} INFO - [2026-01-07T22:15:19.842+0000] {dag.py:3096} INFO - Sync 1 DAGs
[2026-01-07T22:15:19.864+0000] {logging_mixin.py:188} INFO - [2026-01-07T22:15:19.863+0000] {dag.py:3954} INFO - Setting next_dagrun for pg_to_clickhouse_payload_parsing to 2026-01-07 22:15:10+00:00, run_after=2026-01-07 22:15:20+00:00
[2026-01-07T22:15:19.889+0000] {processor.py:183} INFO - Processing /opt/airflow/dags/etl_postgres_to_clickhouse.py took 0.307 seconds
[2026-01-07T22:15:50.103+0000] {processor.py:161} INFO - Started process (PID=586) to work on /opt/airflow/dags/etl_postgres_to_clickhouse.py
[2026-01-07T22:15:50.105+0000] {processor.py:830} INFO - Processing file /opt/airflow/dags/etl_postgres_to_clickhouse.py for tasks to queue
[2026-01-07T22:15:50.107+0000] {logging_mixin.py:188} INFO - [2026-01-07T22:15:50.106+0000] {dagbag.py:545} INFO - Filling up the DagBag from /opt/airflow/dags/etl_postgres_to_clickhouse.py
[2026-01-07T22:15:50.335+0000] {processor.py:840} INFO - DAG(s) 'pg_to_clickhouse_payload_parsing' retrieved from /opt/airflow/dags/etl_postgres_to_clickhouse.py
[2026-01-07T22:15:50.369+0000] {logging_mixin.py:188} INFO - [2026-01-07T22:15:50.369+0000] {dag.py:3096} INFO - Sync 1 DAGs
[2026-01-07T22:15:50.395+0000] {logging_mixin.py:188} INFO - [2026-01-07T22:15:50.395+0000] {dag.py:3954} INFO - Setting next_dagrun for pg_to_clickhouse_payload_parsing to 2026-01-07 22:15:40+00:00, run_after=2026-01-07 22:15:50+00:00
[2026-01-07T22:15:50.422+0000] {processor.py:183} INFO - Processing /opt/airflow/dags/etl_postgres_to_clickhouse.py took 0.325 seconds
[2026-01-07T22:16:20.652+0000] {processor.py:161} INFO - Started process (PID=597) to work on /opt/airflow/dags/etl_postgres_to_clickhouse.py
[2026-01-07T22:16:20.654+0000] {processor.py:830} INFO - Processing file /opt/airflow/dags/etl_postgres_to_clickhouse.py for tasks to queue
[2026-01-07T22:16:20.656+0000] {logging_mixin.py:188} INFO - [2026-01-07T22:16:20.656+0000] {dagbag.py:545} INFO - Filling up the DagBag from /opt/airflow/dags/etl_postgres_to_clickhouse.py
[2026-01-07T22:16:20.861+0000] {processor.py:840} INFO - DAG(s) 'pg_to_clickhouse_payload_parsing' retrieved from /opt/airflow/dags/etl_postgres_to_clickhouse.py
[2026-01-07T22:16:20.893+0000] {logging_mixin.py:188} INFO - [2026-01-07T22:16:20.892+0000] {dag.py:3096} INFO - Sync 1 DAGs
[2026-01-07T22:16:20.917+0000] {logging_mixin.py:188} INFO - [2026-01-07T22:16:20.917+0000] {dag.py:3954} INFO - Setting next_dagrun for pg_to_clickhouse_payload_parsing to 2026-01-07 22:16:10+00:00, run_after=2026-01-07 22:16:20+00:00
[2026-01-07T22:16:20.939+0000] {processor.py:183} INFO - Processing /opt/airflow/dags/etl_postgres_to_clickhouse.py took 0.294 seconds
[2026-01-07T22:16:51.144+0000] {processor.py:161} INFO - Started process (PID=610) to work on /opt/airflow/dags/etl_postgres_to_clickhouse.py
[2026-01-07T22:16:51.145+0000] {processor.py:830} INFO - Processing file /opt/airflow/dags/etl_postgres_to_clickhouse.py for tasks to queue
[2026-01-07T22:16:51.148+0000] {logging_mixin.py:188} INFO - [2026-01-07T22:16:51.147+0000] {dagbag.py:545} INFO - Filling up the DagBag from /opt/airflow/dags/etl_postgres_to_clickhouse.py
[2026-01-07T22:16:51.374+0000] {processor.py:840} INFO - DAG(s) 'pg_to_clickhouse_payload_parsing' retrieved from /opt/airflow/dags/etl_postgres_to_clickhouse.py
[2026-01-07T22:16:51.404+0000] {logging_mixin.py:188} INFO - [2026-01-07T22:16:51.404+0000] {dag.py:3096} INFO - Sync 1 DAGs
[2026-01-07T22:16:51.428+0000] {logging_mixin.py:188} INFO - [2026-01-07T22:16:51.427+0000] {dag.py:3954} INFO - Setting next_dagrun for pg_to_clickhouse_payload_parsing to 2026-01-07 22:16:50+00:00, run_after=2026-01-07 22:17:00+00:00
[2026-01-07T22:16:51.457+0000] {processor.py:183} INFO - Processing /opt/airflow/dags/etl_postgres_to_clickhouse.py took 0.320 seconds
[2026-01-07T22:17:21.668+0000] {processor.py:161} INFO - Started process (PID=621) to work on /opt/airflow/dags/etl_postgres_to_clickhouse.py
[2026-01-07T22:17:21.670+0000] {processor.py:830} INFO - Processing file /opt/airflow/dags/etl_postgres_to_clickhouse.py for tasks to queue
[2026-01-07T22:17:21.673+0000] {logging_mixin.py:188} INFO - [2026-01-07T22:17:21.672+0000] {dagbag.py:545} INFO - Filling up the DagBag from /opt/airflow/dags/etl_postgres_to_clickhouse.py
[2026-01-07T22:17:21.892+0000] {processor.py:840} INFO - DAG(s) 'pg_to_clickhouse_payload_parsing' retrieved from /opt/airflow/dags/etl_postgres_to_clickhouse.py
[2026-01-07T22:17:21.925+0000] {logging_mixin.py:188} INFO - [2026-01-07T22:17:21.925+0000] {dag.py:3096} INFO - Sync 1 DAGs
[2026-01-07T22:17:21.951+0000] {logging_mixin.py:188} INFO - [2026-01-07T22:17:21.950+0000] {dag.py:3954} INFO - Setting next_dagrun for pg_to_clickhouse_payload_parsing to 2026-01-07 22:17:20+00:00, run_after=2026-01-07 22:17:30+00:00
[2026-01-07T22:17:21.971+0000] {processor.py:183} INFO - Processing /opt/airflow/dags/etl_postgres_to_clickhouse.py took 0.311 seconds
[2026-01-07T22:17:52.195+0000] {processor.py:161} INFO - Started process (PID=632) to work on /opt/airflow/dags/etl_postgres_to_clickhouse.py
[2026-01-07T22:17:52.196+0000] {processor.py:830} INFO - Processing file /opt/airflow/dags/etl_postgres_to_clickhouse.py for tasks to queue
[2026-01-07T22:17:52.200+0000] {logging_mixin.py:188} INFO - [2026-01-07T22:17:52.199+0000] {dagbag.py:545} INFO - Filling up the DagBag from /opt/airflow/dags/etl_postgres_to_clickhouse.py
[2026-01-07T22:17:52.535+0000] {processor.py:840} INFO - DAG(s) 'pg_to_clickhouse_payload_parsing' retrieved from /opt/airflow/dags/etl_postgres_to_clickhouse.py
[2026-01-07T22:17:52.580+0000] {logging_mixin.py:188} INFO - [2026-01-07T22:17:52.580+0000] {dag.py:3096} INFO - Sync 1 DAGs
[2026-01-07T22:17:52.615+0000] {logging_mixin.py:188} INFO - [2026-01-07T22:17:52.614+0000] {dag.py:3954} INFO - Setting next_dagrun for pg_to_clickhouse_payload_parsing to 2026-01-07 22:17:50+00:00, run_after=2026-01-07 22:18:00+00:00
[2026-01-07T22:17:52.674+0000] {processor.py:183} INFO - Processing /opt/airflow/dags/etl_postgres_to_clickhouse.py took 0.491 seconds
[2026-01-07T22:18:22.975+0000] {processor.py:161} INFO - Started process (PID=643) to work on /opt/airflow/dags/etl_postgres_to_clickhouse.py
[2026-01-07T22:18:22.976+0000] {processor.py:830} INFO - Processing file /opt/airflow/dags/etl_postgres_to_clickhouse.py for tasks to queue
[2026-01-07T22:18:22.979+0000] {logging_mixin.py:188} INFO - [2026-01-07T22:18:22.978+0000] {dagbag.py:545} INFO - Filling up the DagBag from /opt/airflow/dags/etl_postgres_to_clickhouse.py
[2026-01-07T22:18:23.209+0000] {processor.py:840} INFO - DAG(s) 'pg_to_clickhouse_payload_parsing' retrieved from /opt/airflow/dags/etl_postgres_to_clickhouse.py
[2026-01-07T22:18:23.252+0000] {logging_mixin.py:188} INFO - [2026-01-07T22:18:23.251+0000] {dag.py:3096} INFO - Sync 1 DAGs
[2026-01-07T22:18:23.278+0000] {logging_mixin.py:188} INFO - [2026-01-07T22:18:23.278+0000] {dag.py:3954} INFO - Setting next_dagrun for pg_to_clickhouse_payload_parsing to 2026-01-07 22:18:20+00:00, run_after=2026-01-07 22:18:30+00:00
[2026-01-07T22:18:23.307+0000] {processor.py:183} INFO - Processing /opt/airflow/dags/etl_postgres_to_clickhouse.py took 0.347 seconds
[2026-01-07T22:18:53.516+0000] {processor.py:161} INFO - Started process (PID=654) to work on /opt/airflow/dags/etl_postgres_to_clickhouse.py
[2026-01-07T22:18:53.518+0000] {processor.py:830} INFO - Processing file /opt/airflow/dags/etl_postgres_to_clickhouse.py for tasks to queue
[2026-01-07T22:18:53.521+0000] {logging_mixin.py:188} INFO - [2026-01-07T22:18:53.521+0000] {dagbag.py:545} INFO - Filling up the DagBag from /opt/airflow/dags/etl_postgres_to_clickhouse.py
[2026-01-07T22:18:53.740+0000] {processor.py:840} INFO - DAG(s) 'pg_to_clickhouse_payload_parsing' retrieved from /opt/airflow/dags/etl_postgres_to_clickhouse.py
[2026-01-07T22:18:53.776+0000] {logging_mixin.py:188} INFO - [2026-01-07T22:18:53.776+0000] {dag.py:3096} INFO - Sync 1 DAGs
[2026-01-07T22:18:53.800+0000] {logging_mixin.py:188} INFO - [2026-01-07T22:18:53.799+0000] {dag.py:3954} INFO - Setting next_dagrun for pg_to_clickhouse_payload_parsing to 2026-01-07 22:18:50+00:00, run_after=2026-01-07 22:19:00+00:00
[2026-01-07T22:18:53.821+0000] {processor.py:183} INFO - Processing /opt/airflow/dags/etl_postgres_to_clickhouse.py took 0.314 seconds
[2026-01-07T22:19:24.045+0000] {processor.py:161} INFO - Started process (PID=665) to work on /opt/airflow/dags/etl_postgres_to_clickhouse.py
[2026-01-07T22:19:24.046+0000] {processor.py:830} INFO - Processing file /opt/airflow/dags/etl_postgres_to_clickhouse.py for tasks to queue
[2026-01-07T22:19:24.049+0000] {logging_mixin.py:188} INFO - [2026-01-07T22:19:24.048+0000] {dagbag.py:545} INFO - Filling up the DagBag from /opt/airflow/dags/etl_postgres_to_clickhouse.py
[2026-01-07T22:19:24.306+0000] {processor.py:840} INFO - DAG(s) 'pg_to_clickhouse_payload_parsing' retrieved from /opt/airflow/dags/etl_postgres_to_clickhouse.py
[2026-01-07T22:19:24.337+0000] {logging_mixin.py:188} INFO - [2026-01-07T22:19:24.337+0000] {dag.py:3096} INFO - Sync 1 DAGs
[2026-01-07T22:19:24.368+0000] {logging_mixin.py:188} INFO - [2026-01-07T22:19:24.368+0000] {dag.py:3954} INFO - Setting next_dagrun for pg_to_clickhouse_payload_parsing to 2026-01-07 22:19:20+00:00, run_after=2026-01-07 22:19:30+00:00
[2026-01-07T22:19:24.393+0000] {processor.py:183} INFO - Processing /opt/airflow/dags/etl_postgres_to_clickhouse.py took 0.357 seconds
[2026-01-07T22:19:54.599+0000] {processor.py:161} INFO - Started process (PID=676) to work on /opt/airflow/dags/etl_postgres_to_clickhouse.py
[2026-01-07T22:19:54.600+0000] {processor.py:830} INFO - Processing file /opt/airflow/dags/etl_postgres_to_clickhouse.py for tasks to queue
[2026-01-07T22:19:54.602+0000] {logging_mixin.py:188} INFO - [2026-01-07T22:19:54.602+0000] {dagbag.py:545} INFO - Filling up the DagBag from /opt/airflow/dags/etl_postgres_to_clickhouse.py
[2026-01-07T22:19:54.795+0000] {processor.py:840} INFO - DAG(s) 'pg_to_clickhouse_payload_parsing' retrieved from /opt/airflow/dags/etl_postgres_to_clickhouse.py
[2026-01-07T22:19:54.839+0000] {logging_mixin.py:188} INFO - [2026-01-07T22:19:54.838+0000] {dag.py:3096} INFO - Sync 1 DAGs
[2026-01-07T22:19:54.882+0000] {logging_mixin.py:188} INFO - [2026-01-07T22:19:54.881+0000] {dag.py:3954} INFO - Setting next_dagrun for pg_to_clickhouse_payload_parsing to 2026-01-07 22:19:50+00:00, run_after=2026-01-07 22:20:00+00:00
[2026-01-07T22:19:54.930+0000] {processor.py:183} INFO - Processing /opt/airflow/dags/etl_postgres_to_clickhouse.py took 0.338 seconds
[2026-01-07T22:20:25.172+0000] {processor.py:161} INFO - Started process (PID=687) to work on /opt/airflow/dags/etl_postgres_to_clickhouse.py
[2026-01-07T22:20:25.173+0000] {processor.py:830} INFO - Processing file /opt/airflow/dags/etl_postgres_to_clickhouse.py for tasks to queue
[2026-01-07T22:20:25.175+0000] {logging_mixin.py:188} INFO - [2026-01-07T22:20:25.175+0000] {dagbag.py:545} INFO - Filling up the DagBag from /opt/airflow/dags/etl_postgres_to_clickhouse.py
[2026-01-07T22:20:25.381+0000] {processor.py:840} INFO - DAG(s) 'pg_to_clickhouse_payload_parsing' retrieved from /opt/airflow/dags/etl_postgres_to_clickhouse.py
[2026-01-07T22:20:25.412+0000] {logging_mixin.py:188} INFO - [2026-01-07T22:20:25.411+0000] {dag.py:3096} INFO - Sync 1 DAGs
[2026-01-07T22:20:25.436+0000] {logging_mixin.py:188} INFO - [2026-01-07T22:20:25.436+0000] {dag.py:3954} INFO - Setting next_dagrun for pg_to_clickhouse_payload_parsing to 2026-01-07 22:20:20+00:00, run_after=2026-01-07 22:20:30+00:00
[2026-01-07T22:20:25.464+0000] {processor.py:183} INFO - Processing /opt/airflow/dags/etl_postgres_to_clickhouse.py took 0.299 seconds
[2026-01-07T22:20:55.673+0000] {processor.py:161} INFO - Started process (PID=698) to work on /opt/airflow/dags/etl_postgres_to_clickhouse.py
[2026-01-07T22:20:55.675+0000] {processor.py:830} INFO - Processing file /opt/airflow/dags/etl_postgres_to_clickhouse.py for tasks to queue
[2026-01-07T22:20:55.677+0000] {logging_mixin.py:188} INFO - [2026-01-07T22:20:55.676+0000] {dagbag.py:545} INFO - Filling up the DagBag from /opt/airflow/dags/etl_postgres_to_clickhouse.py
[2026-01-07T22:20:55.865+0000] {processor.py:840} INFO - DAG(s) 'pg_to_clickhouse_payload_parsing' retrieved from /opt/airflow/dags/etl_postgres_to_clickhouse.py
[2026-01-07T22:20:55.896+0000] {logging_mixin.py:188} INFO - [2026-01-07T22:20:55.896+0000] {dag.py:3096} INFO - Sync 1 DAGs
[2026-01-07T22:20:55.917+0000] {logging_mixin.py:188} INFO - [2026-01-07T22:20:55.917+0000] {dag.py:3954} INFO - Setting next_dagrun for pg_to_clickhouse_payload_parsing to 2026-01-07 22:20:50+00:00, run_after=2026-01-07 22:21:00+00:00
[2026-01-07T22:20:55.938+0000] {processor.py:183} INFO - Processing /opt/airflow/dags/etl_postgres_to_clickhouse.py took 0.271 seconds
[2026-01-07T22:21:26.144+0000] {processor.py:161} INFO - Started process (PID=709) to work on /opt/airflow/dags/etl_postgres_to_clickhouse.py
[2026-01-07T22:21:26.145+0000] {processor.py:830} INFO - Processing file /opt/airflow/dags/etl_postgres_to_clickhouse.py for tasks to queue
[2026-01-07T22:21:26.147+0000] {logging_mixin.py:188} INFO - [2026-01-07T22:21:26.147+0000] {dagbag.py:545} INFO - Filling up the DagBag from /opt/airflow/dags/etl_postgres_to_clickhouse.py
[2026-01-07T22:21:26.343+0000] {processor.py:840} INFO - DAG(s) 'pg_to_clickhouse_payload_parsing' retrieved from /opt/airflow/dags/etl_postgres_to_clickhouse.py
[2026-01-07T22:21:26.374+0000] {logging_mixin.py:188} INFO - [2026-01-07T22:21:26.374+0000] {dag.py:3096} INFO - Sync 1 DAGs
[2026-01-07T22:21:26.396+0000] {logging_mixin.py:188} INFO - [2026-01-07T22:21:26.396+0000] {dag.py:3954} INFO - Setting next_dagrun for pg_to_clickhouse_payload_parsing to 2026-01-07 22:21:20+00:00, run_after=2026-01-07 22:21:30+00:00
[2026-01-07T22:21:26.417+0000] {processor.py:183} INFO - Processing /opt/airflow/dags/etl_postgres_to_clickhouse.py took 0.279 seconds
[2026-01-07T22:21:56.617+0000] {processor.py:161} INFO - Started process (PID=720) to work on /opt/airflow/dags/etl_postgres_to_clickhouse.py
[2026-01-07T22:21:56.619+0000] {processor.py:830} INFO - Processing file /opt/airflow/dags/etl_postgres_to_clickhouse.py for tasks to queue
[2026-01-07T22:21:56.622+0000] {logging_mixin.py:188} INFO - [2026-01-07T22:21:56.621+0000] {dagbag.py:545} INFO - Filling up the DagBag from /opt/airflow/dags/etl_postgres_to_clickhouse.py
[2026-01-07T22:21:56.889+0000] {processor.py:840} INFO - DAG(s) 'pg_to_clickhouse_payload_parsing' retrieved from /opt/airflow/dags/etl_postgres_to_clickhouse.py
[2026-01-07T22:21:56.935+0000] {logging_mixin.py:188} INFO - [2026-01-07T22:21:56.934+0000] {dag.py:3096} INFO - Sync 1 DAGs
[2026-01-07T22:21:56.962+0000] {logging_mixin.py:188} INFO - [2026-01-07T22:21:56.962+0000] {dag.py:3954} INFO - Setting next_dagrun for pg_to_clickhouse_payload_parsing to 2026-01-07 22:21:50+00:00, run_after=2026-01-07 22:22:00+00:00
[2026-01-07T22:21:56.983+0000] {processor.py:183} INFO - Processing /opt/airflow/dags/etl_postgres_to_clickhouse.py took 0.375 seconds
[2026-01-07T22:22:27.194+0000] {processor.py:161} INFO - Started process (PID=731) to work on /opt/airflow/dags/etl_postgres_to_clickhouse.py
[2026-01-07T22:22:27.196+0000] {processor.py:830} INFO - Processing file /opt/airflow/dags/etl_postgres_to_clickhouse.py for tasks to queue
[2026-01-07T22:22:27.198+0000] {logging_mixin.py:188} INFO - [2026-01-07T22:22:27.198+0000] {dagbag.py:545} INFO - Filling up the DagBag from /opt/airflow/dags/etl_postgres_to_clickhouse.py
[2026-01-07T22:22:27.420+0000] {processor.py:840} INFO - DAG(s) 'pg_to_clickhouse_payload_parsing' retrieved from /opt/airflow/dags/etl_postgres_to_clickhouse.py
[2026-01-07T22:22:27.462+0000] {logging_mixin.py:188} INFO - [2026-01-07T22:22:27.462+0000] {dag.py:3096} INFO - Sync 1 DAGs
[2026-01-07T22:22:27.485+0000] {logging_mixin.py:188} INFO - [2026-01-07T22:22:27.485+0000] {dag.py:3954} INFO - Setting next_dagrun for pg_to_clickhouse_payload_parsing to 2026-01-07 22:22:20+00:00, run_after=2026-01-07 22:22:30+00:00
[2026-01-07T22:22:27.510+0000] {processor.py:183} INFO - Processing /opt/airflow/dags/etl_postgres_to_clickhouse.py took 0.323 seconds
[2026-01-07T22:22:57.723+0000] {processor.py:161} INFO - Started process (PID=742) to work on /opt/airflow/dags/etl_postgres_to_clickhouse.py
[2026-01-07T22:22:57.725+0000] {processor.py:830} INFO - Processing file /opt/airflow/dags/etl_postgres_to_clickhouse.py for tasks to queue
[2026-01-07T22:22:57.727+0000] {logging_mixin.py:188} INFO - [2026-01-07T22:22:57.727+0000] {dagbag.py:545} INFO - Filling up the DagBag from /opt/airflow/dags/etl_postgres_to_clickhouse.py
[2026-01-07T22:22:57.923+0000] {processor.py:840} INFO - DAG(s) 'pg_to_clickhouse_payload_parsing' retrieved from /opt/airflow/dags/etl_postgres_to_clickhouse.py
[2026-01-07T22:22:57.956+0000] {logging_mixin.py:188} INFO - [2026-01-07T22:22:57.955+0000] {dag.py:3096} INFO - Sync 1 DAGs
[2026-01-07T22:22:57.982+0000] {logging_mixin.py:188} INFO - [2026-01-07T22:22:57.981+0000] {dag.py:3954} INFO - Setting next_dagrun for pg_to_clickhouse_payload_parsing to 2026-01-07 22:22:50+00:00, run_after=2026-01-07 22:23:00+00:00
[2026-01-07T22:22:58.006+0000] {processor.py:183} INFO - Processing /opt/airflow/dags/etl_postgres_to_clickhouse.py took 0.289 seconds
[2026-01-07T22:23:28.237+0000] {processor.py:161} INFO - Started process (PID=753) to work on /opt/airflow/dags/etl_postgres_to_clickhouse.py
[2026-01-07T22:23:28.239+0000] {processor.py:830} INFO - Processing file /opt/airflow/dags/etl_postgres_to_clickhouse.py for tasks to queue
[2026-01-07T22:23:28.241+0000] {logging_mixin.py:188} INFO - [2026-01-07T22:23:28.240+0000] {dagbag.py:545} INFO - Filling up the DagBag from /opt/airflow/dags/etl_postgres_to_clickhouse.py
[2026-01-07T22:23:28.432+0000] {processor.py:840} INFO - DAG(s) 'pg_to_clickhouse_payload_parsing' retrieved from /opt/airflow/dags/etl_postgres_to_clickhouse.py
[2026-01-07T22:23:28.465+0000] {logging_mixin.py:188} INFO - [2026-01-07T22:23:28.464+0000] {dag.py:3096} INFO - Sync 1 DAGs
[2026-01-07T22:23:28.488+0000] {logging_mixin.py:188} INFO - [2026-01-07T22:23:28.488+0000] {dag.py:3954} INFO - Setting next_dagrun for pg_to_clickhouse_payload_parsing to 2026-01-07 22:23:20+00:00, run_after=2026-01-07 22:23:30+00:00
[2026-01-07T22:23:28.510+0000] {processor.py:183} INFO - Processing /opt/airflow/dags/etl_postgres_to_clickhouse.py took 0.279 seconds
[2026-01-07T22:23:58.712+0000] {processor.py:161} INFO - Started process (PID=764) to work on /opt/airflow/dags/etl_postgres_to_clickhouse.py
[2026-01-07T22:23:58.713+0000] {processor.py:830} INFO - Processing file /opt/airflow/dags/etl_postgres_to_clickhouse.py for tasks to queue
[2026-01-07T22:23:58.716+0000] {logging_mixin.py:188} INFO - [2026-01-07T22:23:58.715+0000] {dagbag.py:545} INFO - Filling up the DagBag from /opt/airflow/dags/etl_postgres_to_clickhouse.py
[2026-01-07T22:23:58.919+0000] {processor.py:840} INFO - DAG(s) 'pg_to_clickhouse_payload_parsing' retrieved from /opt/airflow/dags/etl_postgres_to_clickhouse.py
[2026-01-07T22:23:58.951+0000] {logging_mixin.py:188} INFO - [2026-01-07T22:23:58.951+0000] {dag.py:3096} INFO - Sync 1 DAGs
[2026-01-07T22:23:58.972+0000] {logging_mixin.py:188} INFO - [2026-01-07T22:23:58.972+0000] {dag.py:3954} INFO - Setting next_dagrun for pg_to_clickhouse_payload_parsing to 2026-01-07 22:23:50+00:00, run_after=2026-01-07 22:24:00+00:00
[2026-01-07T22:23:59.004+0000] {processor.py:183} INFO - Processing /opt/airflow/dags/etl_postgres_to_clickhouse.py took 0.299 seconds
[2026-01-07T22:24:29.226+0000] {processor.py:161} INFO - Started process (PID=775) to work on /opt/airflow/dags/etl_postgres_to_clickhouse.py
[2026-01-07T22:24:29.228+0000] {processor.py:830} INFO - Processing file /opt/airflow/dags/etl_postgres_to_clickhouse.py for tasks to queue
[2026-01-07T22:24:29.232+0000] {logging_mixin.py:188} INFO - [2026-01-07T22:24:29.231+0000] {dagbag.py:545} INFO - Filling up the DagBag from /opt/airflow/dags/etl_postgres_to_clickhouse.py
[2026-01-07T22:24:29.543+0000] {processor.py:840} INFO - DAG(s) 'pg_to_clickhouse_payload_parsing' retrieved from /opt/airflow/dags/etl_postgres_to_clickhouse.py
[2026-01-07T22:24:29.583+0000] {logging_mixin.py:188} INFO - [2026-01-07T22:24:29.583+0000] {dag.py:3096} INFO - Sync 1 DAGs
[2026-01-07T22:24:29.613+0000] {logging_mixin.py:188} INFO - [2026-01-07T22:24:29.613+0000] {dag.py:3954} INFO - Setting next_dagrun for pg_to_clickhouse_payload_parsing to 2026-01-07 22:24:20+00:00, run_after=2026-01-07 22:24:30+00:00
[2026-01-07T22:24:29.643+0000] {processor.py:183} INFO - Processing /opt/airflow/dags/etl_postgres_to_clickhouse.py took 0.425 seconds
[2026-01-07T22:24:59.863+0000] {processor.py:161} INFO - Started process (PID=786) to work on /opt/airflow/dags/etl_postgres_to_clickhouse.py
[2026-01-07T22:24:59.864+0000] {processor.py:830} INFO - Processing file /opt/airflow/dags/etl_postgres_to_clickhouse.py for tasks to queue
[2026-01-07T22:24:59.866+0000] {logging_mixin.py:188} INFO - [2026-01-07T22:24:59.866+0000] {dagbag.py:545} INFO - Filling up the DagBag from /opt/airflow/dags/etl_postgres_to_clickhouse.py
[2026-01-07T22:25:00.065+0000] {processor.py:840} INFO - DAG(s) 'pg_to_clickhouse_payload_parsing' retrieved from /opt/airflow/dags/etl_postgres_to_clickhouse.py
[2026-01-07T22:25:00.098+0000] {logging_mixin.py:188} INFO - [2026-01-07T22:25:00.098+0000] {dag.py:3096} INFO - Sync 1 DAGs
[2026-01-07T22:25:00.121+0000] {logging_mixin.py:188} INFO - [2026-01-07T22:25:00.121+0000] {dag.py:3954} INFO - Setting next_dagrun for pg_to_clickhouse_payload_parsing to 2026-01-07 22:24:50+00:00, run_after=2026-01-07 22:25:00+00:00
[2026-01-07T22:25:00.144+0000] {processor.py:183} INFO - Processing /opt/airflow/dags/etl_postgres_to_clickhouse.py took 0.288 seconds
[2026-01-07T22:25:30.368+0000] {processor.py:161} INFO - Started process (PID=797) to work on /opt/airflow/dags/etl_postgres_to_clickhouse.py
[2026-01-07T22:25:30.369+0000] {processor.py:830} INFO - Processing file /opt/airflow/dags/etl_postgres_to_clickhouse.py for tasks to queue
[2026-01-07T22:25:30.371+0000] {logging_mixin.py:188} INFO - [2026-01-07T22:25:30.371+0000] {dagbag.py:545} INFO - Filling up the DagBag from /opt/airflow/dags/etl_postgres_to_clickhouse.py
[2026-01-07T22:25:30.604+0000] {processor.py:840} INFO - DAG(s) 'pg_to_clickhouse_payload_parsing' retrieved from /opt/airflow/dags/etl_postgres_to_clickhouse.py
[2026-01-07T22:25:30.636+0000] {logging_mixin.py:188} INFO - [2026-01-07T22:25:30.636+0000] {dag.py:3096} INFO - Sync 1 DAGs
[2026-01-07T22:25:30.659+0000] {logging_mixin.py:188} INFO - [2026-01-07T22:25:30.659+0000] {dag.py:3954} INFO - Setting next_dagrun for pg_to_clickhouse_payload_parsing to 2026-01-07 22:25:30+00:00, run_after=2026-01-07 22:25:40+00:00
[2026-01-07T22:25:30.681+0000] {processor.py:183} INFO - Processing /opt/airflow/dags/etl_postgres_to_clickhouse.py took 0.321 seconds
[2026-01-07T22:26:00.906+0000] {processor.py:161} INFO - Started process (PID=809) to work on /opt/airflow/dags/etl_postgres_to_clickhouse.py
[2026-01-07T22:26:00.908+0000] {processor.py:830} INFO - Processing file /opt/airflow/dags/etl_postgres_to_clickhouse.py for tasks to queue
[2026-01-07T22:26:00.910+0000] {logging_mixin.py:188} INFO - [2026-01-07T22:26:00.910+0000] {dagbag.py:545} INFO - Filling up the DagBag from /opt/airflow/dags/etl_postgres_to_clickhouse.py
[2026-01-07T22:26:01.148+0000] {processor.py:840} INFO - DAG(s) 'pg_to_clickhouse_payload_parsing' retrieved from /opt/airflow/dags/etl_postgres_to_clickhouse.py
[2026-01-07T22:26:01.194+0000] {logging_mixin.py:188} INFO - [2026-01-07T22:26:01.193+0000] {dag.py:3096} INFO - Sync 1 DAGs
[2026-01-07T22:26:01.224+0000] {logging_mixin.py:188} INFO - [2026-01-07T22:26:01.224+0000] {dag.py:3954} INFO - Setting next_dagrun for pg_to_clickhouse_payload_parsing to 2026-01-07 22:26:00+00:00, run_after=2026-01-07 22:26:10+00:00
[2026-01-07T22:26:01.250+0000] {processor.py:183} INFO - Processing /opt/airflow/dags/etl_postgres_to_clickhouse.py took 0.351 seconds
[2026-01-07T22:26:31.458+0000] {processor.py:161} INFO - Started process (PID=821) to work on /opt/airflow/dags/etl_postgres_to_clickhouse.py
[2026-01-07T22:26:31.459+0000] {processor.py:830} INFO - Processing file /opt/airflow/dags/etl_postgres_to_clickhouse.py for tasks to queue
[2026-01-07T22:26:31.462+0000] {logging_mixin.py:188} INFO - [2026-01-07T22:26:31.461+0000] {dagbag.py:545} INFO - Filling up the DagBag from /opt/airflow/dags/etl_postgres_to_clickhouse.py
[2026-01-07T22:26:31.729+0000] {processor.py:840} INFO - DAG(s) 'pg_to_clickhouse_payload_parsing' retrieved from /opt/airflow/dags/etl_postgres_to_clickhouse.py
[2026-01-07T22:26:31.783+0000] {logging_mixin.py:188} INFO - [2026-01-07T22:26:31.783+0000] {dag.py:3096} INFO - Sync 1 DAGs
[2026-01-07T22:26:31.813+0000] {logging_mixin.py:188} INFO - [2026-01-07T22:26:31.813+0000] {dag.py:3954} INFO - Setting next_dagrun for pg_to_clickhouse_payload_parsing to 2026-01-07 22:26:30+00:00, run_after=2026-01-07 22:26:40+00:00
[2026-01-07T22:26:31.847+0000] {processor.py:183} INFO - Processing /opt/airflow/dags/etl_postgres_to_clickhouse.py took 0.398 seconds
[2026-01-07T22:27:02.073+0000] {processor.py:161} INFO - Started process (PID=832) to work on /opt/airflow/dags/etl_postgres_to_clickhouse.py
[2026-01-07T22:27:02.075+0000] {processor.py:830} INFO - Processing file /opt/airflow/dags/etl_postgres_to_clickhouse.py for tasks to queue
[2026-01-07T22:27:02.080+0000] {logging_mixin.py:188} INFO - [2026-01-07T22:27:02.080+0000] {dagbag.py:545} INFO - Filling up the DagBag from /opt/airflow/dags/etl_postgres_to_clickhouse.py
[2026-01-07T22:27:02.313+0000] {processor.py:840} INFO - DAG(s) 'pg_to_clickhouse_payload_parsing' retrieved from /opt/airflow/dags/etl_postgres_to_clickhouse.py
[2026-01-07T22:27:02.360+0000] {logging_mixin.py:188} INFO - [2026-01-07T22:27:02.359+0000] {dag.py:3096} INFO - Sync 1 DAGs
[2026-01-07T22:27:02.392+0000] {logging_mixin.py:188} INFO - [2026-01-07T22:27:02.392+0000] {dag.py:3954} INFO - Setting next_dagrun for pg_to_clickhouse_payload_parsing to 2026-01-07 22:27:00+00:00, run_after=2026-01-07 22:27:10+00:00
[2026-01-07T22:27:02.420+0000] {processor.py:183} INFO - Processing /opt/airflow/dags/etl_postgres_to_clickhouse.py took 0.355 seconds
[2026-01-07T22:27:32.663+0000] {processor.py:161} INFO - Started process (PID=843) to work on /opt/airflow/dags/etl_postgres_to_clickhouse.py
[2026-01-07T22:27:32.664+0000] {processor.py:830} INFO - Processing file /opt/airflow/dags/etl_postgres_to_clickhouse.py for tasks to queue
[2026-01-07T22:27:32.667+0000] {logging_mixin.py:188} INFO - [2026-01-07T22:27:32.667+0000] {dagbag.py:545} INFO - Filling up the DagBag from /opt/airflow/dags/etl_postgres_to_clickhouse.py
[2026-01-07T22:27:32.894+0000] {processor.py:840} INFO - DAG(s) 'pg_to_clickhouse_payload_parsing' retrieved from /opt/airflow/dags/etl_postgres_to_clickhouse.py
[2026-01-07T22:27:32.927+0000] {logging_mixin.py:188} INFO - [2026-01-07T22:27:32.926+0000] {dag.py:3096} INFO - Sync 1 DAGs
[2026-01-07T22:27:32.952+0000] {logging_mixin.py:188} INFO - [2026-01-07T22:27:32.952+0000] {dag.py:3954} INFO - Setting next_dagrun for pg_to_clickhouse_payload_parsing to 2026-01-07 22:27:30+00:00, run_after=2026-01-07 22:27:40+00:00
[2026-01-07T22:27:32.975+0000] {processor.py:183} INFO - Processing /opt/airflow/dags/etl_postgres_to_clickhouse.py took 0.321 seconds
[2026-01-07T22:28:03.226+0000] {processor.py:161} INFO - Started process (PID=854) to work on /opt/airflow/dags/etl_postgres_to_clickhouse.py
[2026-01-07T22:28:03.228+0000] {processor.py:830} INFO - Processing file /opt/airflow/dags/etl_postgres_to_clickhouse.py for tasks to queue
[2026-01-07T22:28:03.232+0000] {logging_mixin.py:188} INFO - [2026-01-07T22:28:03.231+0000] {dagbag.py:545} INFO - Filling up the DagBag from /opt/airflow/dags/etl_postgres_to_clickhouse.py
[2026-01-07T22:28:03.598+0000] {processor.py:840} INFO - DAG(s) 'pg_to_clickhouse_payload_parsing' retrieved from /opt/airflow/dags/etl_postgres_to_clickhouse.py
[2026-01-07T22:28:03.634+0000] {logging_mixin.py:188} INFO - [2026-01-07T22:28:03.634+0000] {dag.py:3096} INFO - Sync 1 DAGs
[2026-01-07T22:28:03.660+0000] {logging_mixin.py:188} INFO - [2026-01-07T22:28:03.660+0000] {dag.py:3954} INFO - Setting next_dagrun for pg_to_clickhouse_payload_parsing to 2026-01-07 22:28:00+00:00, run_after=2026-01-07 22:28:10+00:00
[2026-01-07T22:28:03.682+0000] {processor.py:183} INFO - Processing /opt/airflow/dags/etl_postgres_to_clickhouse.py took 0.470 seconds
[2026-01-07T22:28:33.900+0000] {processor.py:161} INFO - Started process (PID=865) to work on /opt/airflow/dags/etl_postgres_to_clickhouse.py
[2026-01-07T22:28:33.901+0000] {processor.py:830} INFO - Processing file /opt/airflow/dags/etl_postgres_to_clickhouse.py for tasks to queue
[2026-01-07T22:28:33.904+0000] {logging_mixin.py:188} INFO - [2026-01-07T22:28:33.903+0000] {dagbag.py:545} INFO - Filling up the DagBag from /opt/airflow/dags/etl_postgres_to_clickhouse.py
[2026-01-07T22:28:34.094+0000] {processor.py:840} INFO - DAG(s) 'pg_to_clickhouse_payload_parsing' retrieved from /opt/airflow/dags/etl_postgres_to_clickhouse.py
[2026-01-07T22:28:34.126+0000] {logging_mixin.py:188} INFO - [2026-01-07T22:28:34.125+0000] {dag.py:3096} INFO - Sync 1 DAGs
[2026-01-07T22:28:34.147+0000] {logging_mixin.py:188} INFO - [2026-01-07T22:28:34.147+0000] {dag.py:3954} INFO - Setting next_dagrun for pg_to_clickhouse_payload_parsing to 2026-01-07 22:28:30+00:00, run_after=2026-01-07 22:28:40+00:00
[2026-01-07T22:28:34.167+0000] {processor.py:183} INFO - Processing /opt/airflow/dags/etl_postgres_to_clickhouse.py took 0.274 seconds
[2026-01-07T22:29:48.210+0000] {processor.py:161} INFO - Started process (PID=190) to work on /opt/airflow/dags/etl_postgres_to_clickhouse.py
[2026-01-07T22:29:48.212+0000] {processor.py:830} INFO - Processing file /opt/airflow/dags/etl_postgres_to_clickhouse.py for tasks to queue
[2026-01-07T22:29:48.219+0000] {logging_mixin.py:188} INFO - [2026-01-07T22:29:48.219+0000] {dagbag.py:545} INFO - Filling up the DagBag from /opt/airflow/dags/etl_postgres_to_clickhouse.py
[2026-01-07T22:29:48.632+0000] {processor.py:840} INFO - DAG(s) 'pg_to_clickhouse_payload_parsing' retrieved from /opt/airflow/dags/etl_postgres_to_clickhouse.py
[2026-01-07T22:29:48.904+0000] {logging_mixin.py:188} INFO - [2026-01-07T22:29:48.903+0000] {override.py:1829} INFO - Created Permission View: can delete on DAG:pg_to_clickhouse_payload_parsing
[2026-01-07T22:29:48.917+0000] {logging_mixin.py:188} INFO - [2026-01-07T22:29:48.917+0000] {override.py:1829} INFO - Created Permission View: can read on DAG:pg_to_clickhouse_payload_parsing
[2026-01-07T22:29:48.929+0000] {logging_mixin.py:188} INFO - [2026-01-07T22:29:48.929+0000] {override.py:1829} INFO - Created Permission View: can edit on DAG:pg_to_clickhouse_payload_parsing
[2026-01-07T22:29:48.930+0000] {logging_mixin.py:188} INFO - [2026-01-07T22:29:48.930+0000] {dag.py:3096} INFO - Sync 1 DAGs
[2026-01-07T22:29:48.944+0000] {logging_mixin.py:188} INFO - [2026-01-07T22:29:48.944+0000] {dag.py:3118} INFO - Creating ORM DAG for pg_to_clickhouse_payload_parsing
[2026-01-07T22:29:48.964+0000] {logging_mixin.py:188} INFO - [2026-01-07T22:29:48.964+0000] {dag.py:3954} INFO - Setting next_dagrun for pg_to_clickhouse_payload_parsing to 2026-01-07 22:29:30+00:00, run_after=2026-01-07 22:29:40+00:00
[2026-01-07T22:29:48.992+0000] {processor.py:183} INFO - Processing /opt/airflow/dags/etl_postgres_to_clickhouse.py took 0.793 seconds
[2026-01-07T22:30:19.303+0000] {processor.py:161} INFO - Started process (PID=236) to work on /opt/airflow/dags/etl_postgres_to_clickhouse.py
[2026-01-07T22:30:19.305+0000] {processor.py:830} INFO - Processing file /opt/airflow/dags/etl_postgres_to_clickhouse.py for tasks to queue
[2026-01-07T22:30:19.309+0000] {logging_mixin.py:188} INFO - [2026-01-07T22:30:19.309+0000] {dagbag.py:545} INFO - Filling up the DagBag from /opt/airflow/dags/etl_postgres_to_clickhouse.py
[2026-01-07T22:30:19.686+0000] {processor.py:840} INFO - DAG(s) 'pg_to_clickhouse_payload_parsing' retrieved from /opt/airflow/dags/etl_postgres_to_clickhouse.py
[2026-01-07T22:30:19.731+0000] {logging_mixin.py:188} INFO - [2026-01-07T22:30:19.731+0000] {dag.py:3096} INFO - Sync 1 DAGs
[2026-01-07T22:30:19.773+0000] {logging_mixin.py:188} INFO - [2026-01-07T22:30:19.773+0000] {dag.py:3954} INFO - Setting next_dagrun for pg_to_clickhouse_payload_parsing to 2026-01-07 22:30:10+00:00, run_after=2026-01-07 22:30:20+00:00
[2026-01-07T22:30:19.802+0000] {processor.py:183} INFO - Processing /opt/airflow/dags/etl_postgres_to_clickhouse.py took 0.510 seconds
[2026-01-07T22:30:50.045+0000] {processor.py:161} INFO - Started process (PID=262) to work on /opt/airflow/dags/etl_postgres_to_clickhouse.py
[2026-01-07T22:30:50.046+0000] {processor.py:830} INFO - Processing file /opt/airflow/dags/etl_postgres_to_clickhouse.py for tasks to queue
[2026-01-07T22:30:50.049+0000] {logging_mixin.py:188} INFO - [2026-01-07T22:30:50.048+0000] {dagbag.py:545} INFO - Filling up the DagBag from /opt/airflow/dags/etl_postgres_to_clickhouse.py
[2026-01-07T22:30:50.362+0000] {processor.py:840} INFO - DAG(s) 'pg_to_clickhouse_payload_parsing' retrieved from /opt/airflow/dags/etl_postgres_to_clickhouse.py
[2026-01-07T22:30:50.405+0000] {logging_mixin.py:188} INFO - [2026-01-07T22:30:50.405+0000] {dag.py:3096} INFO - Sync 1 DAGs
[2026-01-07T22:30:50.444+0000] {logging_mixin.py:188} INFO - [2026-01-07T22:30:50.443+0000] {dag.py:3954} INFO - Setting next_dagrun for pg_to_clickhouse_payload_parsing to 2026-01-07 22:30:40+00:00, run_after=2026-01-07 22:30:50+00:00
[2026-01-07T22:30:50.474+0000] {processor.py:183} INFO - Processing /opt/airflow/dags/etl_postgres_to_clickhouse.py took 0.436 seconds
[2026-01-07T22:31:21.108+0000] {processor.py:161} INFO - Started process (PID=295) to work on /opt/airflow/dags/etl_postgres_to_clickhouse.py
[2026-01-07T22:31:21.122+0000] {processor.py:830} INFO - Processing file /opt/airflow/dags/etl_postgres_to_clickhouse.py for tasks to queue
[2026-01-07T22:31:21.126+0000] {logging_mixin.py:188} INFO - [2026-01-07T22:31:21.125+0000] {dagbag.py:545} INFO - Filling up the DagBag from /opt/airflow/dags/etl_postgres_to_clickhouse.py
[2026-01-07T22:31:22.122+0000] {processor.py:840} INFO - DAG(s) 'pg_to_clickhouse_payload_parsing' retrieved from /opt/airflow/dags/etl_postgres_to_clickhouse.py
[2026-01-07T22:31:22.225+0000] {logging_mixin.py:188} INFO - [2026-01-07T22:31:22.225+0000] {dag.py:3096} INFO - Sync 1 DAGs
[2026-01-07T22:31:22.294+0000] {logging_mixin.py:188} INFO - [2026-01-07T22:31:22.294+0000] {dag.py:3954} INFO - Setting next_dagrun for pg_to_clickhouse_payload_parsing to 2026-01-07 22:31:20+00:00, run_after=2026-01-07 22:31:30+00:00
[2026-01-07T22:31:22.380+0000] {processor.py:183} INFO - Processing /opt/airflow/dags/etl_postgres_to_clickhouse.py took 1.292 seconds
[2026-01-07T22:31:52.580+0000] {processor.py:161} INFO - Started process (PID=321) to work on /opt/airflow/dags/etl_postgres_to_clickhouse.py
[2026-01-07T22:31:52.582+0000] {processor.py:830} INFO - Processing file /opt/airflow/dags/etl_postgres_to_clickhouse.py for tasks to queue
[2026-01-07T22:31:52.586+0000] {logging_mixin.py:188} INFO - [2026-01-07T22:31:52.585+0000] {dagbag.py:545} INFO - Filling up the DagBag from /opt/airflow/dags/etl_postgres_to_clickhouse.py
[2026-01-07T22:31:53.100+0000] {processor.py:840} INFO - DAG(s) 'pg_to_clickhouse_payload_parsing' retrieved from /opt/airflow/dags/etl_postgres_to_clickhouse.py
[2026-01-07T22:31:53.180+0000] {logging_mixin.py:188} INFO - [2026-01-07T22:31:53.180+0000] {dag.py:3096} INFO - Sync 1 DAGs
[2026-01-07T22:31:53.223+0000] {logging_mixin.py:188} INFO - [2026-01-07T22:31:53.222+0000] {dag.py:3954} INFO - Setting next_dagrun for pg_to_clickhouse_payload_parsing to 2026-01-07 22:31:50+00:00, run_after=2026-01-07 22:32:00+00:00
[2026-01-07T22:31:53.260+0000] {processor.py:183} INFO - Processing /opt/airflow/dags/etl_postgres_to_clickhouse.py took 0.695 seconds
[2026-01-07T22:32:23.524+0000] {processor.py:161} INFO - Started process (PID=346) to work on /opt/airflow/dags/etl_postgres_to_clickhouse.py
[2026-01-07T22:32:23.526+0000] {processor.py:830} INFO - Processing file /opt/airflow/dags/etl_postgres_to_clickhouse.py for tasks to queue
[2026-01-07T22:32:23.530+0000] {logging_mixin.py:188} INFO - [2026-01-07T22:32:23.529+0000] {dagbag.py:545} INFO - Filling up the DagBag from /opt/airflow/dags/etl_postgres_to_clickhouse.py
[2026-01-07T22:32:23.839+0000] {processor.py:840} INFO - DAG(s) 'pg_to_clickhouse_payload_parsing' retrieved from /opt/airflow/dags/etl_postgres_to_clickhouse.py
[2026-01-07T22:32:23.882+0000] {logging_mixin.py:188} INFO - [2026-01-07T22:32:23.881+0000] {dag.py:3096} INFO - Sync 1 DAGs
[2026-01-07T22:32:23.909+0000] {logging_mixin.py:188} INFO - [2026-01-07T22:32:23.909+0000] {dag.py:3954} INFO - Setting next_dagrun for pg_to_clickhouse_payload_parsing to 2026-01-07 22:32:20+00:00, run_after=2026-01-07 22:32:30+00:00
[2026-01-07T22:32:23.932+0000] {processor.py:183} INFO - Processing /opt/airflow/dags/etl_postgres_to_clickhouse.py took 0.421 seconds
[2026-01-07T22:32:54.095+0000] {processor.py:161} INFO - Started process (PID=371) to work on /opt/airflow/dags/etl_postgres_to_clickhouse.py
[2026-01-07T22:32:54.101+0000] {processor.py:830} INFO - Processing file /opt/airflow/dags/etl_postgres_to_clickhouse.py for tasks to queue
[2026-01-07T22:32:54.103+0000] {logging_mixin.py:188} INFO - [2026-01-07T22:32:54.103+0000] {dagbag.py:545} INFO - Filling up the DagBag from /opt/airflow/dags/etl_postgres_to_clickhouse.py
[2026-01-07T22:32:54.433+0000] {processor.py:840} INFO - DAG(s) 'pg_to_clickhouse_payload_parsing' retrieved from /opt/airflow/dags/etl_postgres_to_clickhouse.py
[2026-01-07T22:32:54.480+0000] {logging_mixin.py:188} INFO - [2026-01-07T22:32:54.479+0000] {dag.py:3096} INFO - Sync 1 DAGs
[2026-01-07T22:32:54.513+0000] {logging_mixin.py:188} INFO - [2026-01-07T22:32:54.512+0000] {dag.py:3954} INFO - Setting next_dagrun for pg_to_clickhouse_payload_parsing to 2026-01-07 22:32:50+00:00, run_after=2026-01-07 22:33:00+00:00
[2026-01-07T22:32:54.537+0000] {processor.py:183} INFO - Processing /opt/airflow/dags/etl_postgres_to_clickhouse.py took 0.453 seconds
[2026-01-07T22:33:24.859+0000] {processor.py:161} INFO - Started process (PID=397) to work on /opt/airflow/dags/etl_postgres_to_clickhouse.py
[2026-01-07T22:33:24.860+0000] {processor.py:830} INFO - Processing file /opt/airflow/dags/etl_postgres_to_clickhouse.py for tasks to queue
[2026-01-07T22:33:24.863+0000] {logging_mixin.py:188} INFO - [2026-01-07T22:33:24.863+0000] {dagbag.py:545} INFO - Filling up the DagBag from /opt/airflow/dags/etl_postgres_to_clickhouse.py
[2026-01-07T22:33:25.330+0000] {processor.py:840} INFO - DAG(s) 'pg_to_clickhouse_payload_parsing' retrieved from /opt/airflow/dags/etl_postgres_to_clickhouse.py
[2026-01-07T22:33:25.389+0000] {logging_mixin.py:188} INFO - [2026-01-07T22:33:25.388+0000] {dag.py:3096} INFO - Sync 1 DAGs
[2026-01-07T22:33:25.432+0000] {logging_mixin.py:188} INFO - [2026-01-07T22:33:25.432+0000] {dag.py:3954} INFO - Setting next_dagrun for pg_to_clickhouse_payload_parsing to 2026-01-07 22:33:20+00:00, run_after=2026-01-07 22:33:30+00:00
[2026-01-07T22:33:25.458+0000] {processor.py:183} INFO - Processing /opt/airflow/dags/etl_postgres_to_clickhouse.py took 0.610 seconds
[2026-01-07T22:33:55.637+0000] {processor.py:161} INFO - Started process (PID=422) to work on /opt/airflow/dags/etl_postgres_to_clickhouse.py
[2026-01-07T22:33:55.639+0000] {processor.py:830} INFO - Processing file /opt/airflow/dags/etl_postgres_to_clickhouse.py for tasks to queue
[2026-01-07T22:33:55.642+0000] {logging_mixin.py:188} INFO - [2026-01-07T22:33:55.641+0000] {dagbag.py:545} INFO - Filling up the DagBag from /opt/airflow/dags/etl_postgres_to_clickhouse.py
[2026-01-07T22:33:56.032+0000] {processor.py:840} INFO - DAG(s) 'pg_to_clickhouse_payload_parsing' retrieved from /opt/airflow/dags/etl_postgres_to_clickhouse.py
[2026-01-07T22:33:56.081+0000] {logging_mixin.py:188} INFO - [2026-01-07T22:33:56.080+0000] {dag.py:3096} INFO - Sync 1 DAGs
[2026-01-07T22:33:56.118+0000] {logging_mixin.py:188} INFO - [2026-01-07T22:33:56.118+0000] {dag.py:3954} INFO - Setting next_dagrun for pg_to_clickhouse_payload_parsing to 2026-01-07 22:33:50+00:00, run_after=2026-01-07 22:34:00+00:00
[2026-01-07T22:33:56.148+0000] {processor.py:183} INFO - Processing /opt/airflow/dags/etl_postgres_to_clickhouse.py took 0.521 seconds
[2026-01-07T22:34:26.453+0000] {processor.py:161} INFO - Started process (PID=447) to work on /opt/airflow/dags/etl_postgres_to_clickhouse.py
[2026-01-07T22:34:26.454+0000] {processor.py:830} INFO - Processing file /opt/airflow/dags/etl_postgres_to_clickhouse.py for tasks to queue
[2026-01-07T22:34:26.456+0000] {logging_mixin.py:188} INFO - [2026-01-07T22:34:26.456+0000] {dagbag.py:545} INFO - Filling up the DagBag from /opt/airflow/dags/etl_postgres_to_clickhouse.py
[2026-01-07T22:34:26.725+0000] {processor.py:840} INFO - DAG(s) 'pg_to_clickhouse_payload_parsing' retrieved from /opt/airflow/dags/etl_postgres_to_clickhouse.py
[2026-01-07T22:34:26.762+0000] {logging_mixin.py:188} INFO - [2026-01-07T22:34:26.762+0000] {dag.py:3096} INFO - Sync 1 DAGs
[2026-01-07T22:34:26.798+0000] {logging_mixin.py:188} INFO - [2026-01-07T22:34:26.797+0000] {dag.py:3954} INFO - Setting next_dagrun for pg_to_clickhouse_payload_parsing to 2026-01-07 22:34:20+00:00, run_after=2026-01-07 22:34:30+00:00
[2026-01-07T22:34:26.819+0000] {processor.py:183} INFO - Processing /opt/airflow/dags/etl_postgres_to_clickhouse.py took 0.375 seconds
[2026-01-07T22:34:57.098+0000] {processor.py:161} INFO - Started process (PID=472) to work on /opt/airflow/dags/etl_postgres_to_clickhouse.py
[2026-01-07T22:34:57.104+0000] {processor.py:830} INFO - Processing file /opt/airflow/dags/etl_postgres_to_clickhouse.py for tasks to queue
[2026-01-07T22:34:57.107+0000] {logging_mixin.py:188} INFO - [2026-01-07T22:34:57.106+0000] {dagbag.py:545} INFO - Filling up the DagBag from /opt/airflow/dags/etl_postgres_to_clickhouse.py
[2026-01-07T22:34:57.413+0000] {processor.py:840} INFO - DAG(s) 'pg_to_clickhouse_payload_parsing' retrieved from /opt/airflow/dags/etl_postgres_to_clickhouse.py
[2026-01-07T22:34:57.459+0000] {logging_mixin.py:188} INFO - [2026-01-07T22:34:57.459+0000] {dag.py:3096} INFO - Sync 1 DAGs
[2026-01-07T22:34:57.498+0000] {logging_mixin.py:188} INFO - [2026-01-07T22:34:57.498+0000] {dag.py:3954} INFO - Setting next_dagrun for pg_to_clickhouse_payload_parsing to 2026-01-07 22:34:50+00:00, run_after=2026-01-07 22:35:00+00:00
[2026-01-07T22:34:57.528+0000] {processor.py:183} INFO - Processing /opt/airflow/dags/etl_postgres_to_clickhouse.py took 0.440 seconds
[2026-01-07T22:35:27.777+0000] {processor.py:161} INFO - Started process (PID=497) to work on /opt/airflow/dags/etl_postgres_to_clickhouse.py
[2026-01-07T22:35:27.778+0000] {processor.py:830} INFO - Processing file /opt/airflow/dags/etl_postgres_to_clickhouse.py for tasks to queue
[2026-01-07T22:35:27.781+0000] {logging_mixin.py:188} INFO - [2026-01-07T22:35:27.780+0000] {dagbag.py:545} INFO - Filling up the DagBag from /opt/airflow/dags/etl_postgres_to_clickhouse.py
[2026-01-07T22:35:28.045+0000] {processor.py:840} INFO - DAG(s) 'pg_to_clickhouse_payload_parsing' retrieved from /opt/airflow/dags/etl_postgres_to_clickhouse.py
[2026-01-07T22:35:28.081+0000] {logging_mixin.py:188} INFO - [2026-01-07T22:35:28.081+0000] {dag.py:3096} INFO - Sync 1 DAGs
[2026-01-07T22:35:28.110+0000] {logging_mixin.py:188} INFO - [2026-01-07T22:35:28.110+0000] {dag.py:3954} INFO - Setting next_dagrun for pg_to_clickhouse_payload_parsing to 2026-01-07 22:35:20+00:00, run_after=2026-01-07 22:35:30+00:00
[2026-01-07T22:35:28.136+0000] {processor.py:183} INFO - Processing /opt/airflow/dags/etl_postgres_to_clickhouse.py took 0.367 seconds
[2026-01-07T22:35:58.425+0000] {processor.py:161} INFO - Started process (PID=529) to work on /opt/airflow/dags/etl_postgres_to_clickhouse.py
[2026-01-07T22:35:58.433+0000] {processor.py:830} INFO - Processing file /opt/airflow/dags/etl_postgres_to_clickhouse.py for tasks to queue
[2026-01-07T22:35:58.445+0000] {logging_mixin.py:188} INFO - [2026-01-07T22:35:58.443+0000] {dagbag.py:545} INFO - Filling up the DagBag from /opt/airflow/dags/etl_postgres_to_clickhouse.py
[2026-01-07T22:35:58.985+0000] {processor.py:840} INFO - DAG(s) 'pg_to_clickhouse_payload_parsing' retrieved from /opt/airflow/dags/etl_postgres_to_clickhouse.py
[2026-01-07T22:35:59.091+0000] {logging_mixin.py:188} INFO - [2026-01-07T22:35:59.091+0000] {dag.py:3096} INFO - Sync 1 DAGs
[2026-01-07T22:35:59.164+0000] {logging_mixin.py:188} INFO - [2026-01-07T22:35:59.164+0000] {dag.py:3954} INFO - Setting next_dagrun for pg_to_clickhouse_payload_parsing to 2026-01-07 22:35:50+00:00, run_after=2026-01-07 22:36:00+00:00
[2026-01-07T22:35:59.196+0000] {processor.py:183} INFO - Processing /opt/airflow/dags/etl_postgres_to_clickhouse.py took 0.791 seconds
[2026-01-07T22:36:29.301+0000] {processor.py:161} INFO - Started process (PID=554) to work on /opt/airflow/dags/etl_postgres_to_clickhouse.py
[2026-01-07T22:36:29.303+0000] {processor.py:830} INFO - Processing file /opt/airflow/dags/etl_postgres_to_clickhouse.py for tasks to queue
[2026-01-07T22:36:29.308+0000] {logging_mixin.py:188} INFO - [2026-01-07T22:36:29.307+0000] {dagbag.py:545} INFO - Filling up the DagBag from /opt/airflow/dags/etl_postgres_to_clickhouse.py
[2026-01-07T22:36:29.602+0000] {processor.py:840} INFO - DAG(s) 'pg_to_clickhouse_payload_parsing' retrieved from /opt/airflow/dags/etl_postgres_to_clickhouse.py
[2026-01-07T22:36:29.640+0000] {logging_mixin.py:188} INFO - [2026-01-07T22:36:29.640+0000] {dag.py:3096} INFO - Sync 1 DAGs
[2026-01-07T22:36:29.673+0000] {logging_mixin.py:188} INFO - [2026-01-07T22:36:29.673+0000] {dag.py:3954} INFO - Setting next_dagrun for pg_to_clickhouse_payload_parsing to 2026-01-07 22:36:20+00:00, run_after=2026-01-07 22:36:30+00:00
[2026-01-07T22:36:29.704+0000] {processor.py:183} INFO - Processing /opt/airflow/dags/etl_postgres_to_clickhouse.py took 0.414 seconds
[2026-01-07T22:37:00.006+0000] {processor.py:161} INFO - Started process (PID=580) to work on /opt/airflow/dags/etl_postgres_to_clickhouse.py
[2026-01-07T22:37:00.008+0000] {processor.py:830} INFO - Processing file /opt/airflow/dags/etl_postgres_to_clickhouse.py for tasks to queue
[2026-01-07T22:37:00.021+0000] {logging_mixin.py:188} INFO - [2026-01-07T22:37:00.021+0000] {dagbag.py:545} INFO - Filling up the DagBag from /opt/airflow/dags/etl_postgres_to_clickhouse.py
[2026-01-07T22:37:00.471+0000] {processor.py:840} INFO - DAG(s) 'pg_to_clickhouse_payload_parsing' retrieved from /opt/airflow/dags/etl_postgres_to_clickhouse.py
[2026-01-07T22:37:00.540+0000] {logging_mixin.py:188} INFO - [2026-01-07T22:37:00.540+0000] {dag.py:3096} INFO - Sync 1 DAGs
[2026-01-07T22:37:00.584+0000] {logging_mixin.py:188} INFO - [2026-01-07T22:37:00.583+0000] {dag.py:3954} INFO - Setting next_dagrun for pg_to_clickhouse_payload_parsing to 2026-01-07 22:36:50+00:00, run_after=2026-01-07 22:37:00+00:00
[2026-01-07T22:37:00.620+0000] {processor.py:183} INFO - Processing /opt/airflow/dags/etl_postgres_to_clickhouse.py took 0.629 seconds
[2026-01-07T22:37:30.879+0000] {processor.py:161} INFO - Started process (PID=607) to work on /opt/airflow/dags/etl_postgres_to_clickhouse.py
[2026-01-07T22:37:30.880+0000] {processor.py:830} INFO - Processing file /opt/airflow/dags/etl_postgres_to_clickhouse.py for tasks to queue
[2026-01-07T22:37:30.883+0000] {logging_mixin.py:188} INFO - [2026-01-07T22:37:30.882+0000] {dagbag.py:545} INFO - Filling up the DagBag from /opt/airflow/dags/etl_postgres_to_clickhouse.py
[2026-01-07T22:37:31.114+0000] {processor.py:840} INFO - DAG(s) 'pg_to_clickhouse_payload_parsing' retrieved from /opt/airflow/dags/etl_postgres_to_clickhouse.py
[2026-01-07T22:37:31.152+0000] {logging_mixin.py:188} INFO - [2026-01-07T22:37:31.151+0000] {dag.py:3096} INFO - Sync 1 DAGs
[2026-01-07T22:37:31.184+0000] {logging_mixin.py:188} INFO - [2026-01-07T22:37:31.184+0000] {dag.py:3954} INFO - Setting next_dagrun for pg_to_clickhouse_payload_parsing to 2026-01-07 22:37:30+00:00, run_after=2026-01-07 22:37:40+00:00
[2026-01-07T22:37:31.211+0000] {processor.py:183} INFO - Processing /opt/airflow/dags/etl_postgres_to_clickhouse.py took 0.341 seconds
[2026-01-07T22:38:01.439+0000] {processor.py:161} INFO - Started process (PID=633) to work on /opt/airflow/dags/etl_postgres_to_clickhouse.py
[2026-01-07T22:38:01.440+0000] {processor.py:830} INFO - Processing file /opt/airflow/dags/etl_postgres_to_clickhouse.py for tasks to queue
[2026-01-07T22:38:01.443+0000] {logging_mixin.py:188} INFO - [2026-01-07T22:38:01.443+0000] {dagbag.py:545} INFO - Filling up the DagBag from /opt/airflow/dags/etl_postgres_to_clickhouse.py
[2026-01-07T22:38:01.707+0000] {processor.py:840} INFO - DAG(s) 'pg_to_clickhouse_payload_parsing' retrieved from /opt/airflow/dags/etl_postgres_to_clickhouse.py
[2026-01-07T22:38:01.741+0000] {logging_mixin.py:188} INFO - [2026-01-07T22:38:01.740+0000] {dag.py:3096} INFO - Sync 1 DAGs
[2026-01-07T22:38:01.771+0000] {logging_mixin.py:188} INFO - [2026-01-07T22:38:01.771+0000] {dag.py:3954} INFO - Setting next_dagrun for pg_to_clickhouse_payload_parsing to 2026-01-07 22:38:00+00:00, run_after=2026-01-07 22:38:10+00:00
[2026-01-07T22:38:01.797+0000] {processor.py:183} INFO - Processing /opt/airflow/dags/etl_postgres_to_clickhouse.py took 0.366 seconds
[2026-01-07T22:38:32.034+0000] {processor.py:161} INFO - Started process (PID=665) to work on /opt/airflow/dags/etl_postgres_to_clickhouse.py
[2026-01-07T22:38:32.035+0000] {processor.py:830} INFO - Processing file /opt/airflow/dags/etl_postgres_to_clickhouse.py for tasks to queue
[2026-01-07T22:38:32.037+0000] {logging_mixin.py:188} INFO - [2026-01-07T22:38:32.037+0000] {dagbag.py:545} INFO - Filling up the DagBag from /opt/airflow/dags/etl_postgres_to_clickhouse.py
[2026-01-07T22:38:32.345+0000] {processor.py:840} INFO - DAG(s) 'pg_to_clickhouse_payload_parsing' retrieved from /opt/airflow/dags/etl_postgres_to_clickhouse.py
[2026-01-07T22:38:32.402+0000] {logging_mixin.py:188} INFO - [2026-01-07T22:38:32.401+0000] {dag.py:3096} INFO - Sync 1 DAGs
[2026-01-07T22:38:32.441+0000] {logging_mixin.py:188} INFO - [2026-01-07T22:38:32.440+0000] {dag.py:3954} INFO - Setting next_dagrun for pg_to_clickhouse_payload_parsing to 2026-01-07 22:38:30+00:00, run_after=2026-01-07 22:38:40+00:00
[2026-01-07T22:38:32.478+0000] {processor.py:183} INFO - Processing /opt/airflow/dags/etl_postgres_to_clickhouse.py took 0.450 seconds
[2026-01-07T22:39:02.745+0000] {processor.py:161} INFO - Started process (PID=690) to work on /opt/airflow/dags/etl_postgres_to_clickhouse.py
[2026-01-07T22:39:02.747+0000] {processor.py:830} INFO - Processing file /opt/airflow/dags/etl_postgres_to_clickhouse.py for tasks to queue
[2026-01-07T22:39:02.751+0000] {logging_mixin.py:188} INFO - [2026-01-07T22:39:02.750+0000] {dagbag.py:545} INFO - Filling up the DagBag from /opt/airflow/dags/etl_postgres_to_clickhouse.py
[2026-01-07T22:39:03.122+0000] {processor.py:840} INFO - DAG(s) 'pg_to_clickhouse_payload_parsing' retrieved from /opt/airflow/dags/etl_postgres_to_clickhouse.py
[2026-01-07T22:39:03.167+0000] {logging_mixin.py:188} INFO - [2026-01-07T22:39:03.167+0000] {dag.py:3096} INFO - Sync 1 DAGs
[2026-01-07T22:39:03.208+0000] {logging_mixin.py:188} INFO - [2026-01-07T22:39:03.207+0000] {dag.py:3954} INFO - Setting next_dagrun for pg_to_clickhouse_payload_parsing to 2026-01-07 22:39:00+00:00, run_after=2026-01-07 22:39:10+00:00
[2026-01-07T22:39:03.242+0000] {processor.py:183} INFO - Processing /opt/airflow/dags/etl_postgres_to_clickhouse.py took 0.507 seconds
[2026-01-07T22:39:33.482+0000] {processor.py:161} INFO - Started process (PID=714) to work on /opt/airflow/dags/etl_postgres_to_clickhouse.py
[2026-01-07T22:39:33.483+0000] {processor.py:830} INFO - Processing file /opt/airflow/dags/etl_postgres_to_clickhouse.py for tasks to queue
[2026-01-07T22:39:33.487+0000] {logging_mixin.py:188} INFO - [2026-01-07T22:39:33.486+0000] {dagbag.py:545} INFO - Filling up the DagBag from /opt/airflow/dags/etl_postgres_to_clickhouse.py
[2026-01-07T22:39:33.808+0000] {processor.py:840} INFO - DAG(s) 'pg_to_clickhouse_payload_parsing' retrieved from /opt/airflow/dags/etl_postgres_to_clickhouse.py
[2026-01-07T22:39:33.855+0000] {logging_mixin.py:188} INFO - [2026-01-07T22:39:33.854+0000] {dag.py:3096} INFO - Sync 1 DAGs
[2026-01-07T22:39:33.891+0000] {logging_mixin.py:188} INFO - [2026-01-07T22:39:33.890+0000] {dag.py:3954} INFO - Setting next_dagrun for pg_to_clickhouse_payload_parsing to 2026-01-07 22:39:30+00:00, run_after=2026-01-07 22:39:40+00:00
[2026-01-07T22:39:33.929+0000] {processor.py:183} INFO - Processing /opt/airflow/dags/etl_postgres_to_clickhouse.py took 0.457 seconds
[2026-01-07T22:40:04.239+0000] {processor.py:161} INFO - Started process (PID=739) to work on /opt/airflow/dags/etl_postgres_to_clickhouse.py
[2026-01-07T22:40:04.241+0000] {processor.py:830} INFO - Processing file /opt/airflow/dags/etl_postgres_to_clickhouse.py for tasks to queue
[2026-01-07T22:40:04.243+0000] {logging_mixin.py:188} INFO - [2026-01-07T22:40:04.243+0000] {dagbag.py:545} INFO - Filling up the DagBag from /opt/airflow/dags/etl_postgres_to_clickhouse.py
[2026-01-07T22:40:04.527+0000] {processor.py:840} INFO - DAG(s) 'pg_to_clickhouse_payload_parsing' retrieved from /opt/airflow/dags/etl_postgres_to_clickhouse.py
[2026-01-07T22:40:04.597+0000] {logging_mixin.py:188} INFO - [2026-01-07T22:40:04.596+0000] {dag.py:3096} INFO - Sync 1 DAGs
[2026-01-07T22:40:04.632+0000] {logging_mixin.py:188} INFO - [2026-01-07T22:40:04.632+0000] {dag.py:3954} INFO - Setting next_dagrun for pg_to_clickhouse_payload_parsing to 2026-01-07 22:40:00+00:00, run_after=2026-01-07 22:40:10+00:00
[2026-01-07T22:40:04.661+0000] {processor.py:183} INFO - Processing /opt/airflow/dags/etl_postgres_to_clickhouse.py took 0.430 seconds
[2026-01-07T22:40:34.874+0000] {processor.py:161} INFO - Started process (PID=765) to work on /opt/airflow/dags/etl_postgres_to_clickhouse.py
[2026-01-07T22:40:34.875+0000] {processor.py:830} INFO - Processing file /opt/airflow/dags/etl_postgres_to_clickhouse.py for tasks to queue
[2026-01-07T22:40:34.877+0000] {logging_mixin.py:188} INFO - [2026-01-07T22:40:34.877+0000] {dagbag.py:545} INFO - Filling up the DagBag from /opt/airflow/dags/etl_postgres_to_clickhouse.py
[2026-01-07T22:40:35.144+0000] {processor.py:840} INFO - DAG(s) 'pg_to_clickhouse_payload_parsing' retrieved from /opt/airflow/dags/etl_postgres_to_clickhouse.py
[2026-01-07T22:40:35.181+0000] {logging_mixin.py:188} INFO - [2026-01-07T22:40:35.181+0000] {dag.py:3096} INFO - Sync 1 DAGs
[2026-01-07T22:40:35.204+0000] {logging_mixin.py:188} INFO - [2026-01-07T22:40:35.204+0000] {dag.py:3954} INFO - Setting next_dagrun for pg_to_clickhouse_payload_parsing to 2026-01-07 22:40:30+00:00, run_after=2026-01-07 22:40:40+00:00
[2026-01-07T22:40:35.230+0000] {processor.py:183} INFO - Processing /opt/airflow/dags/etl_postgres_to_clickhouse.py took 0.363 seconds
[2026-01-07T22:41:05.478+0000] {processor.py:161} INFO - Started process (PID=796) to work on /opt/airflow/dags/etl_postgres_to_clickhouse.py
[2026-01-07T22:41:05.480+0000] {processor.py:830} INFO - Processing file /opt/airflow/dags/etl_postgres_to_clickhouse.py for tasks to queue
[2026-01-07T22:41:05.483+0000] {logging_mixin.py:188} INFO - [2026-01-07T22:41:05.482+0000] {dagbag.py:545} INFO - Filling up the DagBag from /opt/airflow/dags/etl_postgres_to_clickhouse.py
[2026-01-07T22:41:05.728+0000] {processor.py:840} INFO - DAG(s) 'pg_to_clickhouse_payload_parsing' retrieved from /opt/airflow/dags/etl_postgres_to_clickhouse.py
[2026-01-07T22:41:05.772+0000] {logging_mixin.py:188} INFO - [2026-01-07T22:41:05.771+0000] {dag.py:3096} INFO - Sync 1 DAGs
[2026-01-07T22:41:05.807+0000] {logging_mixin.py:188} INFO - [2026-01-07T22:41:05.806+0000] {dag.py:3954} INFO - Setting next_dagrun for pg_to_clickhouse_payload_parsing to 2026-01-07 22:41:00+00:00, run_after=2026-01-07 22:41:10+00:00
[2026-01-07T22:41:05.841+0000] {processor.py:183} INFO - Processing /opt/airflow/dags/etl_postgres_to_clickhouse.py took 0.374 seconds
[2026-01-07T22:41:36.076+0000] {processor.py:161} INFO - Started process (PID=821) to work on /opt/airflow/dags/etl_postgres_to_clickhouse.py
[2026-01-07T22:41:36.078+0000] {processor.py:830} INFO - Processing file /opt/airflow/dags/etl_postgres_to_clickhouse.py for tasks to queue
[2026-01-07T22:41:36.080+0000] {logging_mixin.py:188} INFO - [2026-01-07T22:41:36.080+0000] {dagbag.py:545} INFO - Filling up the DagBag from /opt/airflow/dags/etl_postgres_to_clickhouse.py
[2026-01-07T22:41:36.303+0000] {processor.py:840} INFO - DAG(s) 'pg_to_clickhouse_payload_parsing' retrieved from /opt/airflow/dags/etl_postgres_to_clickhouse.py
[2026-01-07T22:41:36.337+0000] {logging_mixin.py:188} INFO - [2026-01-07T22:41:36.336+0000] {dag.py:3096} INFO - Sync 1 DAGs
[2026-01-07T22:41:36.363+0000] {logging_mixin.py:188} INFO - [2026-01-07T22:41:36.362+0000] {dag.py:3954} INFO - Setting next_dagrun for pg_to_clickhouse_payload_parsing to 2026-01-07 22:41:30+00:00, run_after=2026-01-07 22:41:40+00:00
[2026-01-07T22:41:36.386+0000] {processor.py:183} INFO - Processing /opt/airflow/dags/etl_postgres_to_clickhouse.py took 0.317 seconds
[2026-01-07T22:42:06.615+0000] {processor.py:161} INFO - Started process (PID=846) to work on /opt/airflow/dags/etl_postgres_to_clickhouse.py
[2026-01-07T22:42:06.620+0000] {processor.py:830} INFO - Processing file /opt/airflow/dags/etl_postgres_to_clickhouse.py for tasks to queue
[2026-01-07T22:42:06.623+0000] {logging_mixin.py:188} INFO - [2026-01-07T22:42:06.622+0000] {dagbag.py:545} INFO - Filling up the DagBag from /opt/airflow/dags/etl_postgres_to_clickhouse.py
[2026-01-07T22:42:06.903+0000] {processor.py:840} INFO - DAG(s) 'pg_to_clickhouse_payload_parsing' retrieved from /opt/airflow/dags/etl_postgres_to_clickhouse.py
[2026-01-07T22:42:06.941+0000] {logging_mixin.py:188} INFO - [2026-01-07T22:42:06.941+0000] {dag.py:3096} INFO - Sync 1 DAGs
[2026-01-07T22:42:06.970+0000] {logging_mixin.py:188} INFO - [2026-01-07T22:42:06.970+0000] {dag.py:3954} INFO - Setting next_dagrun for pg_to_clickhouse_payload_parsing to 2026-01-07 22:42:00+00:00, run_after=2026-01-07 22:42:10+00:00
[2026-01-07T22:42:06.996+0000] {processor.py:183} INFO - Processing /opt/airflow/dags/etl_postgres_to_clickhouse.py took 0.391 seconds
[2026-01-07T22:42:37.213+0000] {processor.py:161} INFO - Started process (PID=878) to work on /opt/airflow/dags/etl_postgres_to_clickhouse.py
[2026-01-07T22:42:37.214+0000] {processor.py:830} INFO - Processing file /opt/airflow/dags/etl_postgres_to_clickhouse.py for tasks to queue
[2026-01-07T22:42:37.216+0000] {logging_mixin.py:188} INFO - [2026-01-07T22:42:37.216+0000] {dagbag.py:545} INFO - Filling up the DagBag from /opt/airflow/dags/etl_postgres_to_clickhouse.py
[2026-01-07T22:42:37.430+0000] {processor.py:840} INFO - DAG(s) 'pg_to_clickhouse_payload_parsing' retrieved from /opt/airflow/dags/etl_postgres_to_clickhouse.py
[2026-01-07T22:42:37.465+0000] {logging_mixin.py:188} INFO - [2026-01-07T22:42:37.464+0000] {dag.py:3096} INFO - Sync 1 DAGs
[2026-01-07T22:42:37.490+0000] {logging_mixin.py:188} INFO - [2026-01-07T22:42:37.489+0000] {dag.py:3954} INFO - Setting next_dagrun for pg_to_clickhouse_payload_parsing to 2026-01-07 22:42:30+00:00, run_after=2026-01-07 22:42:40+00:00
[2026-01-07T22:42:37.514+0000] {processor.py:183} INFO - Processing /opt/airflow/dags/etl_postgres_to_clickhouse.py took 0.308 seconds
[2026-01-07T22:43:07.774+0000] {processor.py:161} INFO - Started process (PID=903) to work on /opt/airflow/dags/etl_postgres_to_clickhouse.py
[2026-01-07T22:43:07.776+0000] {processor.py:830} INFO - Processing file /opt/airflow/dags/etl_postgres_to_clickhouse.py for tasks to queue
[2026-01-07T22:43:07.778+0000] {logging_mixin.py:188} INFO - [2026-01-07T22:43:07.778+0000] {dagbag.py:545} INFO - Filling up the DagBag from /opt/airflow/dags/etl_postgres_to_clickhouse.py
[2026-01-07T22:43:08.019+0000] {processor.py:840} INFO - DAG(s) 'pg_to_clickhouse_payload_parsing' retrieved from /opt/airflow/dags/etl_postgres_to_clickhouse.py
[2026-01-07T22:43:08.056+0000] {logging_mixin.py:188} INFO - [2026-01-07T22:43:08.056+0000] {dag.py:3096} INFO - Sync 1 DAGs
[2026-01-07T22:43:08.080+0000] {logging_mixin.py:188} INFO - [2026-01-07T22:43:08.080+0000] {dag.py:3954} INFO - Setting next_dagrun for pg_to_clickhouse_payload_parsing to 2026-01-07 22:43:00+00:00, run_after=2026-01-07 22:43:10+00:00
[2026-01-07T22:43:08.107+0000] {processor.py:183} INFO - Processing /opt/airflow/dags/etl_postgres_to_clickhouse.py took 0.341 seconds
[2026-01-07T22:43:38.345+0000] {processor.py:161} INFO - Started process (PID=928) to work on /opt/airflow/dags/etl_postgres_to_clickhouse.py
[2026-01-07T22:43:38.347+0000] {processor.py:830} INFO - Processing file /opt/airflow/dags/etl_postgres_to_clickhouse.py for tasks to queue
[2026-01-07T22:43:38.349+0000] {logging_mixin.py:188} INFO - [2026-01-07T22:43:38.349+0000] {dagbag.py:545} INFO - Filling up the DagBag from /opt/airflow/dags/etl_postgres_to_clickhouse.py
[2026-01-07T22:43:38.587+0000] {processor.py:840} INFO - DAG(s) 'pg_to_clickhouse_payload_parsing' retrieved from /opt/airflow/dags/etl_postgres_to_clickhouse.py
[2026-01-07T22:43:38.619+0000] {logging_mixin.py:188} INFO - [2026-01-07T22:43:38.619+0000] {dag.py:3096} INFO - Sync 1 DAGs
[2026-01-07T22:43:38.644+0000] {logging_mixin.py:188} INFO - [2026-01-07T22:43:38.643+0000] {dag.py:3954} INFO - Setting next_dagrun for pg_to_clickhouse_payload_parsing to 2026-01-07 22:43:30+00:00, run_after=2026-01-07 22:43:40+00:00
[2026-01-07T22:43:38.671+0000] {processor.py:183} INFO - Processing /opt/airflow/dags/etl_postgres_to_clickhouse.py took 0.333 seconds
[2026-01-07T22:44:08.936+0000] {processor.py:161} INFO - Started process (PID=953) to work on /opt/airflow/dags/etl_postgres_to_clickhouse.py
[2026-01-07T22:44:08.938+0000] {processor.py:830} INFO - Processing file /opt/airflow/dags/etl_postgres_to_clickhouse.py for tasks to queue
[2026-01-07T22:44:08.941+0000] {logging_mixin.py:188} INFO - [2026-01-07T22:44:08.940+0000] {dagbag.py:545} INFO - Filling up the DagBag from /opt/airflow/dags/etl_postgres_to_clickhouse.py
[2026-01-07T22:44:09.161+0000] {processor.py:840} INFO - DAG(s) 'pg_to_clickhouse_payload_parsing' retrieved from /opt/airflow/dags/etl_postgres_to_clickhouse.py
[2026-01-07T22:44:09.193+0000] {logging_mixin.py:188} INFO - [2026-01-07T22:44:09.193+0000] {dag.py:3096} INFO - Sync 1 DAGs
[2026-01-07T22:44:09.217+0000] {logging_mixin.py:188} INFO - [2026-01-07T22:44:09.217+0000] {dag.py:3954} INFO - Setting next_dagrun for pg_to_clickhouse_payload_parsing to 2026-01-07 22:44:00+00:00, run_after=2026-01-07 22:44:10+00:00
[2026-01-07T22:44:09.247+0000] {processor.py:183} INFO - Processing /opt/airflow/dags/etl_postgres_to_clickhouse.py took 0.318 seconds
[2026-01-07T22:44:39.461+0000] {processor.py:161} INFO - Started process (PID=979) to work on /opt/airflow/dags/etl_postgres_to_clickhouse.py
[2026-01-07T22:44:39.463+0000] {processor.py:830} INFO - Processing file /opt/airflow/dags/etl_postgres_to_clickhouse.py for tasks to queue
[2026-01-07T22:44:39.465+0000] {logging_mixin.py:188} INFO - [2026-01-07T22:44:39.464+0000] {dagbag.py:545} INFO - Filling up the DagBag from /opt/airflow/dags/etl_postgres_to_clickhouse.py
[2026-01-07T22:44:39.713+0000] {processor.py:840} INFO - DAG(s) 'pg_to_clickhouse_payload_parsing' retrieved from /opt/airflow/dags/etl_postgres_to_clickhouse.py
[2026-01-07T22:44:39.746+0000] {logging_mixin.py:188} INFO - [2026-01-07T22:44:39.746+0000] {dag.py:3096} INFO - Sync 1 DAGs
[2026-01-07T22:44:39.774+0000] {logging_mixin.py:188} INFO - [2026-01-07T22:44:39.774+0000] {dag.py:3954} INFO - Setting next_dagrun for pg_to_clickhouse_payload_parsing to 2026-01-07 22:44:30+00:00, run_after=2026-01-07 22:44:40+00:00
[2026-01-07T22:44:39.797+0000] {processor.py:183} INFO - Processing /opt/airflow/dags/etl_postgres_to_clickhouse.py took 0.343 seconds
[2026-01-07T22:45:09.940+0000] {processor.py:161} INFO - Started process (PID=1011) to work on /opt/airflow/dags/etl_postgres_to_clickhouse.py
[2026-01-07T22:45:09.942+0000] {processor.py:830} INFO - Processing file /opt/airflow/dags/etl_postgres_to_clickhouse.py for tasks to queue
[2026-01-07T22:45:09.944+0000] {logging_mixin.py:188} INFO - [2026-01-07T22:45:09.944+0000] {dagbag.py:545} INFO - Filling up the DagBag from /opt/airflow/dags/etl_postgres_to_clickhouse.py
[2026-01-07T22:45:10.286+0000] {processor.py:840} INFO - DAG(s) 'pg_to_clickhouse_payload_parsing' retrieved from /opt/airflow/dags/etl_postgres_to_clickhouse.py
[2026-01-07T22:45:10.340+0000] {logging_mixin.py:188} INFO - [2026-01-07T22:45:10.340+0000] {dag.py:3096} INFO - Sync 1 DAGs
[2026-01-07T22:45:10.388+0000] {logging_mixin.py:188} INFO - [2026-01-07T22:45:10.388+0000] {dag.py:3954} INFO - Setting next_dagrun for pg_to_clickhouse_payload_parsing to 2026-01-07 22:45:10+00:00, run_after=2026-01-07 22:45:20+00:00
[2026-01-07T22:45:10.421+0000] {processor.py:183} INFO - Processing /opt/airflow/dags/etl_postgres_to_clickhouse.py took 0.490 seconds
[2026-01-07T22:45:40.696+0000] {processor.py:161} INFO - Started process (PID=1036) to work on /opt/airflow/dags/etl_postgres_to_clickhouse.py
[2026-01-07T22:45:40.698+0000] {processor.py:830} INFO - Processing file /opt/airflow/dags/etl_postgres_to_clickhouse.py for tasks to queue
[2026-01-07T22:45:40.702+0000] {logging_mixin.py:188} INFO - [2026-01-07T22:45:40.701+0000] {dagbag.py:545} INFO - Filling up the DagBag from /opt/airflow/dags/etl_postgres_to_clickhouse.py
[2026-01-07T22:45:41.056+0000] {processor.py:840} INFO - DAG(s) 'pg_to_clickhouse_payload_parsing' retrieved from /opt/airflow/dags/etl_postgres_to_clickhouse.py
[2026-01-07T22:45:41.104+0000] {logging_mixin.py:188} INFO - [2026-01-07T22:45:41.104+0000] {dag.py:3096} INFO - Sync 1 DAGs
[2026-01-07T22:45:41.137+0000] {logging_mixin.py:188} INFO - [2026-01-07T22:45:41.136+0000] {dag.py:3954} INFO - Setting next_dagrun for pg_to_clickhouse_payload_parsing to 2026-01-07 22:45:40+00:00, run_after=2026-01-07 22:45:50+00:00
[2026-01-07T22:45:41.174+0000] {processor.py:183} INFO - Processing /opt/airflow/dags/etl_postgres_to_clickhouse.py took 0.490 seconds
[2026-01-07T22:46:11.408+0000] {processor.py:161} INFO - Started process (PID=1063) to work on /opt/airflow/dags/etl_postgres_to_clickhouse.py
[2026-01-07T22:46:11.409+0000] {processor.py:830} INFO - Processing file /opt/airflow/dags/etl_postgres_to_clickhouse.py for tasks to queue
[2026-01-07T22:46:11.412+0000] {logging_mixin.py:188} INFO - [2026-01-07T22:46:11.412+0000] {dagbag.py:545} INFO - Filling up the DagBag from /opt/airflow/dags/etl_postgres_to_clickhouse.py
[2026-01-07T22:46:11.703+0000] {processor.py:840} INFO - DAG(s) 'pg_to_clickhouse_payload_parsing' retrieved from /opt/airflow/dags/etl_postgres_to_clickhouse.py
[2026-01-07T22:46:11.750+0000] {logging_mixin.py:188} INFO - [2026-01-07T22:46:11.750+0000] {dag.py:3096} INFO - Sync 1 DAGs
[2026-01-07T22:46:11.783+0000] {logging_mixin.py:188} INFO - [2026-01-07T22:46:11.783+0000] {dag.py:3954} INFO - Setting next_dagrun for pg_to_clickhouse_payload_parsing to 2026-01-07 22:46:10+00:00, run_after=2026-01-07 22:46:20+00:00
[2026-01-07T22:46:11.813+0000] {processor.py:183} INFO - Processing /opt/airflow/dags/etl_postgres_to_clickhouse.py took 0.406 seconds
[2026-01-07T22:46:42.047+0000] {processor.py:161} INFO - Started process (PID=1087) to work on /opt/airflow/dags/etl_postgres_to_clickhouse.py
[2026-01-07T22:46:42.048+0000] {processor.py:830} INFO - Processing file /opt/airflow/dags/etl_postgres_to_clickhouse.py for tasks to queue
[2026-01-07T22:46:42.050+0000] {logging_mixin.py:188} INFO - [2026-01-07T22:46:42.050+0000] {dagbag.py:545} INFO - Filling up the DagBag from /opt/airflow/dags/etl_postgres_to_clickhouse.py
[2026-01-07T22:46:42.304+0000] {processor.py:840} INFO - DAG(s) 'pg_to_clickhouse_payload_parsing' retrieved from /opt/airflow/dags/etl_postgres_to_clickhouse.py
[2026-01-07T22:46:42.361+0000] {logging_mixin.py:188} INFO - [2026-01-07T22:46:42.360+0000] {dag.py:3096} INFO - Sync 1 DAGs
[2026-01-07T22:46:42.407+0000] {logging_mixin.py:188} INFO - [2026-01-07T22:46:42.407+0000] {dag.py:3954} INFO - Setting next_dagrun for pg_to_clickhouse_payload_parsing to 2026-01-07 22:46:40+00:00, run_after=2026-01-07 22:46:50+00:00
[2026-01-07T22:46:42.445+0000] {processor.py:183} INFO - Processing /opt/airflow/dags/etl_postgres_to_clickhouse.py took 0.407 seconds
[2026-01-07T22:48:39.712+0000] {processor.py:161} INFO - Started process (PID=189) to work on /opt/airflow/dags/etl_postgres_to_clickhouse.py
[2026-01-07T22:48:39.716+0000] {processor.py:830} INFO - Processing file /opt/airflow/dags/etl_postgres_to_clickhouse.py for tasks to queue
[2026-01-07T22:48:39.720+0000] {logging_mixin.py:188} INFO - [2026-01-07T22:48:39.719+0000] {dagbag.py:545} INFO - Filling up the DagBag from /opt/airflow/dags/etl_postgres_to_clickhouse.py
[2026-01-07T22:48:40.468+0000] {processor.py:840} INFO - DAG(s) 'pg_to_clickhouse_payload_parsing' retrieved from /opt/airflow/dags/etl_postgres_to_clickhouse.py
[2026-01-07T22:48:41.119+0000] {logging_mixin.py:188} INFO - [2026-01-07T22:48:41.118+0000] {override.py:1829} INFO - Created Permission View: can delete on DAG:pg_to_clickhouse_payload_parsing
[2026-01-07T22:48:41.173+0000] {logging_mixin.py:188} INFO - [2026-01-07T22:48:41.173+0000] {override.py:1829} INFO - Created Permission View: can edit on DAG:pg_to_clickhouse_payload_parsing
[2026-01-07T22:48:41.197+0000] {logging_mixin.py:188} INFO - [2026-01-07T22:48:41.196+0000] {override.py:1829} INFO - Created Permission View: can read on DAG:pg_to_clickhouse_payload_parsing
[2026-01-07T22:48:41.198+0000] {logging_mixin.py:188} INFO - [2026-01-07T22:48:41.198+0000] {dag.py:3096} INFO - Sync 1 DAGs
[2026-01-07T22:48:41.240+0000] {logging_mixin.py:188} INFO - [2026-01-07T22:48:41.239+0000] {dag.py:3118} INFO - Creating ORM DAG for pg_to_clickhouse_payload_parsing
[2026-01-07T22:48:41.272+0000] {logging_mixin.py:188} INFO - [2026-01-07T22:48:41.272+0000] {dag.py:3954} INFO - Setting next_dagrun for pg_to_clickhouse_payload_parsing to 2026-01-07 22:48:30+00:00, run_after=2026-01-07 22:48:40+00:00
[2026-01-07T22:48:41.366+0000] {processor.py:183} INFO - Processing /opt/airflow/dags/etl_postgres_to_clickhouse.py took 1.666 seconds
[2026-01-07T22:49:11.755+0000] {processor.py:161} INFO - Started process (PID=237) to work on /opt/airflow/dags/etl_postgres_to_clickhouse.py
[2026-01-07T22:49:11.757+0000] {processor.py:830} INFO - Processing file /opt/airflow/dags/etl_postgres_to_clickhouse.py for tasks to queue
[2026-01-07T22:49:11.761+0000] {logging_mixin.py:188} INFO - [2026-01-07T22:49:11.760+0000] {dagbag.py:545} INFO - Filling up the DagBag from /opt/airflow/dags/etl_postgres_to_clickhouse.py
[2026-01-07T22:49:12.210+0000] {processor.py:840} INFO - DAG(s) 'pg_to_clickhouse_payload_parsing' retrieved from /opt/airflow/dags/etl_postgres_to_clickhouse.py
[2026-01-07T22:49:12.259+0000] {logging_mixin.py:188} INFO - [2026-01-07T22:49:12.259+0000] {dag.py:3096} INFO - Sync 1 DAGs
[2026-01-07T22:49:12.312+0000] {logging_mixin.py:188} INFO - [2026-01-07T22:49:12.312+0000] {dag.py:3954} INFO - Setting next_dagrun for pg_to_clickhouse_payload_parsing to 2026-01-07 22:49:10+00:00, run_after=2026-01-07 22:49:20+00:00
[2026-01-07T22:49:12.350+0000] {processor.py:183} INFO - Processing /opt/airflow/dags/etl_postgres_to_clickhouse.py took 0.608 seconds
[2026-01-07T22:49:42.606+0000] {processor.py:161} INFO - Started process (PID=267) to work on /opt/airflow/dags/etl_postgres_to_clickhouse.py
[2026-01-07T22:49:42.607+0000] {processor.py:830} INFO - Processing file /opt/airflow/dags/etl_postgres_to_clickhouse.py for tasks to queue
[2026-01-07T22:49:42.609+0000] {logging_mixin.py:188} INFO - [2026-01-07T22:49:42.609+0000] {dagbag.py:545} INFO - Filling up the DagBag from /opt/airflow/dags/etl_postgres_to_clickhouse.py
[2026-01-07T22:49:42.904+0000] {processor.py:840} INFO - DAG(s) 'pg_to_clickhouse_payload_parsing' retrieved from /opt/airflow/dags/etl_postgres_to_clickhouse.py
[2026-01-07T22:49:42.958+0000] {logging_mixin.py:188} INFO - [2026-01-07T22:49:42.958+0000] {dag.py:3096} INFO - Sync 1 DAGs
[2026-01-07T22:49:42.997+0000] {logging_mixin.py:188} INFO - [2026-01-07T22:49:42.997+0000] {dag.py:3954} INFO - Setting next_dagrun for pg_to_clickhouse_payload_parsing to 2026-01-07 22:49:40+00:00, run_after=2026-01-07 22:49:50+00:00
[2026-01-07T22:49:43.030+0000] {processor.py:183} INFO - Processing /opt/airflow/dags/etl_postgres_to_clickhouse.py took 0.432 seconds
[2026-01-07T22:50:13.944+0000] {processor.py:161} INFO - Started process (PID=291) to work on /opt/airflow/dags/etl_postgres_to_clickhouse.py
[2026-01-07T22:50:13.972+0000] {processor.py:830} INFO - Processing file /opt/airflow/dags/etl_postgres_to_clickhouse.py for tasks to queue
[2026-01-07T22:50:13.990+0000] {logging_mixin.py:188} INFO - [2026-01-07T22:50:13.990+0000] {dagbag.py:545} INFO - Filling up the DagBag from /opt/airflow/dags/etl_postgres_to_clickhouse.py
[2026-01-07T22:50:14.822+0000] {processor.py:840} INFO - DAG(s) 'pg_to_clickhouse_payload_parsing' retrieved from /opt/airflow/dags/etl_postgres_to_clickhouse.py
[2026-01-07T22:50:14.890+0000] {logging_mixin.py:188} INFO - [2026-01-07T22:50:14.889+0000] {dag.py:3096} INFO - Sync 1 DAGs
[2026-01-07T22:50:14.943+0000] {logging_mixin.py:188} INFO - [2026-01-07T22:50:14.942+0000] {dag.py:3954} INFO - Setting next_dagrun for pg_to_clickhouse_payload_parsing to 2026-01-07 22:50:10+00:00, run_after=2026-01-07 22:50:20+00:00
[2026-01-07T22:50:14.996+0000] {processor.py:183} INFO - Processing /opt/airflow/dags/etl_postgres_to_clickhouse.py took 1.104 seconds
[2026-01-07T22:50:45.298+0000] {processor.py:161} INFO - Started process (PID=317) to work on /opt/airflow/dags/etl_postgres_to_clickhouse.py
[2026-01-07T22:50:45.300+0000] {processor.py:830} INFO - Processing file /opt/airflow/dags/etl_postgres_to_clickhouse.py for tasks to queue
[2026-01-07T22:50:45.302+0000] {logging_mixin.py:188} INFO - [2026-01-07T22:50:45.302+0000] {dagbag.py:545} INFO - Filling up the DagBag from /opt/airflow/dags/etl_postgres_to_clickhouse.py
[2026-01-07T22:50:45.600+0000] {processor.py:840} INFO - DAG(s) 'pg_to_clickhouse_payload_parsing' retrieved from /opt/airflow/dags/etl_postgres_to_clickhouse.py
[2026-01-07T22:50:45.645+0000] {logging_mixin.py:188} INFO - [2026-01-07T22:50:45.644+0000] {dag.py:3096} INFO - Sync 1 DAGs
[2026-01-07T22:50:45.684+0000] {logging_mixin.py:188} INFO - [2026-01-07T22:50:45.684+0000] {dag.py:3954} INFO - Setting next_dagrun for pg_to_clickhouse_payload_parsing to 2026-01-07 22:50:40+00:00, run_after=2026-01-07 22:50:50+00:00
[2026-01-07T22:50:45.742+0000] {processor.py:183} INFO - Processing /opt/airflow/dags/etl_postgres_to_clickhouse.py took 0.450 seconds
[2026-01-07T22:51:16.093+0000] {processor.py:161} INFO - Started process (PID=342) to work on /opt/airflow/dags/etl_postgres_to_clickhouse.py
[2026-01-07T22:51:16.094+0000] {processor.py:830} INFO - Processing file /opt/airflow/dags/etl_postgres_to_clickhouse.py for tasks to queue
[2026-01-07T22:51:16.097+0000] {logging_mixin.py:188} INFO - [2026-01-07T22:51:16.096+0000] {dagbag.py:545} INFO - Filling up the DagBag from /opt/airflow/dags/etl_postgres_to_clickhouse.py
[2026-01-07T22:51:16.448+0000] {processor.py:840} INFO - DAG(s) 'pg_to_clickhouse_payload_parsing' retrieved from /opt/airflow/dags/etl_postgres_to_clickhouse.py
[2026-01-07T22:51:16.501+0000] {logging_mixin.py:188} INFO - [2026-01-07T22:51:16.500+0000] {dag.py:3096} INFO - Sync 1 DAGs
[2026-01-07T22:51:16.538+0000] {logging_mixin.py:188} INFO - [2026-01-07T22:51:16.538+0000] {dag.py:3954} INFO - Setting next_dagrun for pg_to_clickhouse_payload_parsing to 2026-01-07 22:51:10+00:00, run_after=2026-01-07 22:51:20+00:00
[2026-01-07T22:51:16.567+0000] {processor.py:183} INFO - Processing /opt/airflow/dags/etl_postgres_to_clickhouse.py took 0.482 seconds
[2026-01-07T22:51:46.802+0000] {processor.py:161} INFO - Started process (PID=367) to work on /opt/airflow/dags/etl_postgres_to_clickhouse.py
[2026-01-07T22:51:46.804+0000] {processor.py:830} INFO - Processing file /opt/airflow/dags/etl_postgres_to_clickhouse.py for tasks to queue
[2026-01-07T22:51:46.808+0000] {logging_mixin.py:188} INFO - [2026-01-07T22:51:46.807+0000] {dagbag.py:545} INFO - Filling up the DagBag from /opt/airflow/dags/etl_postgres_to_clickhouse.py
[2026-01-07T22:51:47.073+0000] {processor.py:840} INFO - DAG(s) 'pg_to_clickhouse_payload_parsing' retrieved from /opt/airflow/dags/etl_postgres_to_clickhouse.py
[2026-01-07T22:51:47.105+0000] {logging_mixin.py:188} INFO - [2026-01-07T22:51:47.104+0000] {dag.py:3096} INFO - Sync 1 DAGs
[2026-01-07T22:51:47.130+0000] {logging_mixin.py:188} INFO - [2026-01-07T22:51:47.129+0000] {dag.py:3954} INFO - Setting next_dagrun for pg_to_clickhouse_payload_parsing to 2026-01-07 22:51:40+00:00, run_after=2026-01-07 22:51:50+00:00
[2026-01-07T22:51:47.160+0000] {processor.py:183} INFO - Processing /opt/airflow/dags/etl_postgres_to_clickhouse.py took 0.367 seconds
[2026-01-07T22:52:17.405+0000] {processor.py:161} INFO - Started process (PID=392) to work on /opt/airflow/dags/etl_postgres_to_clickhouse.py
[2026-01-07T22:52:17.407+0000] {processor.py:830} INFO - Processing file /opt/airflow/dags/etl_postgres_to_clickhouse.py for tasks to queue
[2026-01-07T22:52:17.410+0000] {logging_mixin.py:188} INFO - [2026-01-07T22:52:17.409+0000] {dagbag.py:545} INFO - Filling up the DagBag from /opt/airflow/dags/etl_postgres_to_clickhouse.py
[2026-01-07T22:52:17.681+0000] {processor.py:840} INFO - DAG(s) 'pg_to_clickhouse_payload_parsing' retrieved from /opt/airflow/dags/etl_postgres_to_clickhouse.py
[2026-01-07T22:52:17.735+0000] {logging_mixin.py:188} INFO - [2026-01-07T22:52:17.734+0000] {dag.py:3096} INFO - Sync 1 DAGs
[2026-01-07T22:52:17.772+0000] {logging_mixin.py:188} INFO - [2026-01-07T22:52:17.772+0000] {dag.py:3954} INFO - Setting next_dagrun for pg_to_clickhouse_payload_parsing to 2026-01-07 22:52:10+00:00, run_after=2026-01-07 22:52:20+00:00
[2026-01-07T22:52:17.806+0000] {processor.py:183} INFO - Processing /opt/airflow/dags/etl_postgres_to_clickhouse.py took 0.407 seconds
[2026-01-07T22:52:48.155+0000] {processor.py:161} INFO - Started process (PID=424) to work on /opt/airflow/dags/etl_postgres_to_clickhouse.py
[2026-01-07T22:52:48.159+0000] {processor.py:830} INFO - Processing file /opt/airflow/dags/etl_postgres_to_clickhouse.py for tasks to queue
[2026-01-07T22:52:48.164+0000] {logging_mixin.py:188} INFO - [2026-01-07T22:52:48.163+0000] {dagbag.py:545} INFO - Filling up the DagBag from /opt/airflow/dags/etl_postgres_to_clickhouse.py
[2026-01-07T22:52:48.685+0000] {processor.py:840} INFO - DAG(s) 'pg_to_clickhouse_payload_parsing' retrieved from /opt/airflow/dags/etl_postgres_to_clickhouse.py
[2026-01-07T22:52:48.762+0000] {logging_mixin.py:188} INFO - [2026-01-07T22:52:48.761+0000] {dag.py:3096} INFO - Sync 1 DAGs
[2026-01-07T22:52:48.818+0000] {logging_mixin.py:188} INFO - [2026-01-07T22:52:48.818+0000] {dag.py:3954} INFO - Setting next_dagrun for pg_to_clickhouse_payload_parsing to 2026-01-07 22:52:40+00:00, run_after=2026-01-07 22:52:50+00:00
[2026-01-07T22:52:48.868+0000] {processor.py:183} INFO - Processing /opt/airflow/dags/etl_postgres_to_clickhouse.py took 0.725 seconds
[2026-01-07T22:53:19.048+0000] {processor.py:161} INFO - Started process (PID=449) to work on /opt/airflow/dags/etl_postgres_to_clickhouse.py
[2026-01-07T22:53:19.050+0000] {processor.py:830} INFO - Processing file /opt/airflow/dags/etl_postgres_to_clickhouse.py for tasks to queue
[2026-01-07T22:53:19.053+0000] {logging_mixin.py:188} INFO - [2026-01-07T22:53:19.052+0000] {dagbag.py:545} INFO - Filling up the DagBag from /opt/airflow/dags/etl_postgres_to_clickhouse.py
[2026-01-07T22:53:19.344+0000] {processor.py:840} INFO - DAG(s) 'pg_to_clickhouse_payload_parsing' retrieved from /opt/airflow/dags/etl_postgres_to_clickhouse.py
[2026-01-07T22:53:19.410+0000] {logging_mixin.py:188} INFO - [2026-01-07T22:53:19.409+0000] {dag.py:3096} INFO - Sync 1 DAGs
[2026-01-07T22:53:19.480+0000] {logging_mixin.py:188} INFO - [2026-01-07T22:53:19.480+0000] {dag.py:3954} INFO - Setting next_dagrun for pg_to_clickhouse_payload_parsing to 2026-01-07 22:53:10+00:00, run_after=2026-01-07 22:53:20+00:00
[2026-01-07T22:53:19.510+0000] {processor.py:183} INFO - Processing /opt/airflow/dags/etl_postgres_to_clickhouse.py took 0.471 seconds
[2026-01-07T22:53:49.827+0000] {processor.py:161} INFO - Started process (PID=474) to work on /opt/airflow/dags/etl_postgres_to_clickhouse.py
[2026-01-07T22:53:49.829+0000] {processor.py:830} INFO - Processing file /opt/airflow/dags/etl_postgres_to_clickhouse.py for tasks to queue
[2026-01-07T22:53:49.831+0000] {logging_mixin.py:188} INFO - [2026-01-07T22:53:49.831+0000] {dagbag.py:545} INFO - Filling up the DagBag from /opt/airflow/dags/etl_postgres_to_clickhouse.py
[2026-01-07T22:53:50.061+0000] {processor.py:840} INFO - DAG(s) 'pg_to_clickhouse_payload_parsing' retrieved from /opt/airflow/dags/etl_postgres_to_clickhouse.py
[2026-01-07T22:53:50.096+0000] {logging_mixin.py:188} INFO - [2026-01-07T22:53:50.096+0000] {dag.py:3096} INFO - Sync 1 DAGs
[2026-01-07T22:53:50.122+0000] {logging_mixin.py:188} INFO - [2026-01-07T22:53:50.121+0000] {dag.py:3954} INFO - Setting next_dagrun for pg_to_clickhouse_payload_parsing to 2026-01-07 22:53:40+00:00, run_after=2026-01-07 22:53:50+00:00
[2026-01-07T22:53:50.146+0000] {processor.py:183} INFO - Processing /opt/airflow/dags/etl_postgres_to_clickhouse.py took 0.326 seconds
[2026-01-07T22:54:20.394+0000] {processor.py:161} INFO - Started process (PID=499) to work on /opt/airflow/dags/etl_postgres_to_clickhouse.py
[2026-01-07T22:54:20.395+0000] {processor.py:830} INFO - Processing file /opt/airflow/dags/etl_postgres_to_clickhouse.py for tasks to queue
[2026-01-07T22:54:20.398+0000] {logging_mixin.py:188} INFO - [2026-01-07T22:54:20.397+0000] {dagbag.py:545} INFO - Filling up the DagBag from /opt/airflow/dags/etl_postgres_to_clickhouse.py
[2026-01-07T22:54:20.671+0000] {processor.py:840} INFO - DAG(s) 'pg_to_clickhouse_payload_parsing' retrieved from /opt/airflow/dags/etl_postgres_to_clickhouse.py
[2026-01-07T22:54:20.718+0000] {logging_mixin.py:188} INFO - [2026-01-07T22:54:20.717+0000] {dag.py:3096} INFO - Sync 1 DAGs
[2026-01-07T22:54:20.751+0000] {logging_mixin.py:188} INFO - [2026-01-07T22:54:20.751+0000] {dag.py:3954} INFO - Setting next_dagrun for pg_to_clickhouse_payload_parsing to 2026-01-07 22:54:20+00:00, run_after=2026-01-07 22:54:30+00:00
[2026-01-07T22:54:20.787+0000] {processor.py:183} INFO - Processing /opt/airflow/dags/etl_postgres_to_clickhouse.py took 0.401 seconds
[2026-01-07T22:54:51.048+0000] {processor.py:161} INFO - Started process (PID=525) to work on /opt/airflow/dags/etl_postgres_to_clickhouse.py
[2026-01-07T22:54:51.050+0000] {processor.py:830} INFO - Processing file /opt/airflow/dags/etl_postgres_to_clickhouse.py for tasks to queue
[2026-01-07T22:54:51.059+0000] {logging_mixin.py:188} INFO - [2026-01-07T22:54:51.058+0000] {dagbag.py:545} INFO - Filling up the DagBag from /opt/airflow/dags/etl_postgres_to_clickhouse.py
[2026-01-07T22:54:51.391+0000] {processor.py:840} INFO - DAG(s) 'pg_to_clickhouse_payload_parsing' retrieved from /opt/airflow/dags/etl_postgres_to_clickhouse.py
[2026-01-07T22:54:51.434+0000] {logging_mixin.py:188} INFO - [2026-01-07T22:54:51.433+0000] {dag.py:3096} INFO - Sync 1 DAGs
[2026-01-07T22:54:51.471+0000] {logging_mixin.py:188} INFO - [2026-01-07T22:54:51.471+0000] {dag.py:3954} INFO - Setting next_dagrun for pg_to_clickhouse_payload_parsing to 2026-01-07 22:54:50+00:00, run_after=2026-01-07 22:55:00+00:00
[2026-01-07T22:54:51.507+0000] {processor.py:183} INFO - Processing /opt/airflow/dags/etl_postgres_to_clickhouse.py took 0.469 seconds
[2026-01-07T22:55:21.796+0000] {processor.py:161} INFO - Started process (PID=551) to work on /opt/airflow/dags/etl_postgres_to_clickhouse.py
[2026-01-07T22:55:21.798+0000] {processor.py:830} INFO - Processing file /opt/airflow/dags/etl_postgres_to_clickhouse.py for tasks to queue
[2026-01-07T22:55:21.802+0000] {logging_mixin.py:188} INFO - [2026-01-07T22:55:21.801+0000] {dagbag.py:545} INFO - Filling up the DagBag from /opt/airflow/dags/etl_postgres_to_clickhouse.py
[2026-01-07T22:55:22.060+0000] {processor.py:840} INFO - DAG(s) 'pg_to_clickhouse_payload_parsing' retrieved from /opt/airflow/dags/etl_postgres_to_clickhouse.py
[2026-01-07T22:55:22.095+0000] {logging_mixin.py:188} INFO - [2026-01-07T22:55:22.095+0000] {dag.py:3096} INFO - Sync 1 DAGs
[2026-01-07T22:55:22.122+0000] {logging_mixin.py:188} INFO - [2026-01-07T22:55:22.122+0000] {dag.py:3954} INFO - Setting next_dagrun for pg_to_clickhouse_payload_parsing to 2026-01-07 22:55:20+00:00, run_after=2026-01-07 22:55:30+00:00
[2026-01-07T22:55:22.147+0000] {processor.py:183} INFO - Processing /opt/airflow/dags/etl_postgres_to_clickhouse.py took 0.363 seconds
[2026-01-07T22:55:52.384+0000] {processor.py:161} INFO - Started process (PID=583) to work on /opt/airflow/dags/etl_postgres_to_clickhouse.py
[2026-01-07T22:55:52.385+0000] {processor.py:830} INFO - Processing file /opt/airflow/dags/etl_postgres_to_clickhouse.py for tasks to queue
[2026-01-07T22:55:52.388+0000] {logging_mixin.py:188} INFO - [2026-01-07T22:55:52.387+0000] {dagbag.py:545} INFO - Filling up the DagBag from /opt/airflow/dags/etl_postgres_to_clickhouse.py
[2026-01-07T22:55:52.715+0000] {processor.py:840} INFO - DAG(s) 'pg_to_clickhouse_payload_parsing' retrieved from /opt/airflow/dags/etl_postgres_to_clickhouse.py
[2026-01-07T22:55:52.775+0000] {logging_mixin.py:188} INFO - [2026-01-07T22:55:52.774+0000] {dag.py:3096} INFO - Sync 1 DAGs
[2026-01-07T22:55:52.812+0000] {logging_mixin.py:188} INFO - [2026-01-07T22:55:52.812+0000] {dag.py:3954} INFO - Setting next_dagrun for pg_to_clickhouse_payload_parsing to 2026-01-07 22:55:50+00:00, run_after=2026-01-07 22:56:00+00:00
[2026-01-07T22:55:52.844+0000] {processor.py:183} INFO - Processing /opt/airflow/dags/etl_postgres_to_clickhouse.py took 0.469 seconds
[2026-01-07T22:56:23.123+0000] {processor.py:161} INFO - Started process (PID=608) to work on /opt/airflow/dags/etl_postgres_to_clickhouse.py
[2026-01-07T22:56:23.125+0000] {processor.py:830} INFO - Processing file /opt/airflow/dags/etl_postgres_to_clickhouse.py for tasks to queue
[2026-01-07T22:56:23.128+0000] {logging_mixin.py:188} INFO - [2026-01-07T22:56:23.128+0000] {dagbag.py:545} INFO - Filling up the DagBag from /opt/airflow/dags/etl_postgres_to_clickhouse.py
[2026-01-07T22:56:23.506+0000] {processor.py:840} INFO - DAG(s) 'pg_to_clickhouse_payload_parsing' retrieved from /opt/airflow/dags/etl_postgres_to_clickhouse.py
[2026-01-07T22:56:23.582+0000] {logging_mixin.py:188} INFO - [2026-01-07T22:56:23.582+0000] {dag.py:3096} INFO - Sync 1 DAGs
[2026-01-07T22:56:23.624+0000] {logging_mixin.py:188} INFO - [2026-01-07T22:56:23.623+0000] {dag.py:3954} INFO - Setting next_dagrun for pg_to_clickhouse_payload_parsing to 2026-01-07 22:56:20+00:00, run_after=2026-01-07 22:56:30+00:00
[2026-01-07T22:56:23.658+0000] {processor.py:183} INFO - Processing /opt/airflow/dags/etl_postgres_to_clickhouse.py took 0.544 seconds
[2026-01-07T22:56:53.838+0000] {processor.py:161} INFO - Started process (PID=633) to work on /opt/airflow/dags/etl_postgres_to_clickhouse.py
[2026-01-07T22:56:53.841+0000] {processor.py:830} INFO - Processing file /opt/airflow/dags/etl_postgres_to_clickhouse.py for tasks to queue
[2026-01-07T22:56:53.911+0000] {logging_mixin.py:188} INFO - [2026-01-07T22:56:53.910+0000] {dagbag.py:545} INFO - Filling up the DagBag from /opt/airflow/dags/etl_postgres_to_clickhouse.py
[2026-01-07T22:56:54.393+0000] {processor.py:840} INFO - DAG(s) 'pg_to_clickhouse_payload_parsing' retrieved from /opt/airflow/dags/etl_postgres_to_clickhouse.py
[2026-01-07T22:56:54.448+0000] {logging_mixin.py:188} INFO - [2026-01-07T22:56:54.447+0000] {dag.py:3096} INFO - Sync 1 DAGs
[2026-01-07T22:56:54.482+0000] {logging_mixin.py:188} INFO - [2026-01-07T22:56:54.482+0000] {dag.py:3954} INFO - Setting next_dagrun for pg_to_clickhouse_payload_parsing to 2026-01-07 22:56:50+00:00, run_after=2026-01-07 22:57:00+00:00
[2026-01-07T22:56:54.512+0000] {processor.py:183} INFO - Processing /opt/airflow/dags/etl_postgres_to_clickhouse.py took 0.690 seconds
[2026-01-07T22:57:24.728+0000] {processor.py:161} INFO - Started process (PID=658) to work on /opt/airflow/dags/etl_postgres_to_clickhouse.py
[2026-01-07T22:57:24.729+0000] {processor.py:830} INFO - Processing file /opt/airflow/dags/etl_postgres_to_clickhouse.py for tasks to queue
[2026-01-07T22:57:24.732+0000] {logging_mixin.py:188} INFO - [2026-01-07T22:57:24.731+0000] {dagbag.py:545} INFO - Filling up the DagBag from /opt/airflow/dags/etl_postgres_to_clickhouse.py
[2026-01-07T22:57:24.962+0000] {processor.py:840} INFO - DAG(s) 'pg_to_clickhouse_payload_parsing' retrieved from /opt/airflow/dags/etl_postgres_to_clickhouse.py
[2026-01-07T22:57:24.996+0000] {logging_mixin.py:188} INFO - [2026-01-07T22:57:24.996+0000] {dag.py:3096} INFO - Sync 1 DAGs
[2026-01-07T22:57:25.026+0000] {logging_mixin.py:188} INFO - [2026-01-07T22:57:25.026+0000] {dag.py:3954} INFO - Setting next_dagrun for pg_to_clickhouse_payload_parsing to 2026-01-07 22:57:20+00:00, run_after=2026-01-07 22:57:30+00:00
[2026-01-07T22:57:25.053+0000] {processor.py:183} INFO - Processing /opt/airflow/dags/etl_postgres_to_clickhouse.py took 0.331 seconds
[2026-01-07T22:57:55.301+0000] {processor.py:161} INFO - Started process (PID=683) to work on /opt/airflow/dags/etl_postgres_to_clickhouse.py
[2026-01-07T22:57:55.305+0000] {processor.py:830} INFO - Processing file /opt/airflow/dags/etl_postgres_to_clickhouse.py for tasks to queue
[2026-01-07T22:57:55.308+0000] {logging_mixin.py:188} INFO - [2026-01-07T22:57:55.308+0000] {dagbag.py:545} INFO - Filling up the DagBag from /opt/airflow/dags/etl_postgres_to_clickhouse.py
[2026-01-07T22:57:55.640+0000] {processor.py:840} INFO - DAG(s) 'pg_to_clickhouse_payload_parsing' retrieved from /opt/airflow/dags/etl_postgres_to_clickhouse.py
[2026-01-07T22:57:55.683+0000] {logging_mixin.py:188} INFO - [2026-01-07T22:57:55.682+0000] {dag.py:3096} INFO - Sync 1 DAGs
[2026-01-07T22:57:55.716+0000] {logging_mixin.py:188} INFO - [2026-01-07T22:57:55.716+0000] {dag.py:3954} INFO - Setting next_dagrun for pg_to_clickhouse_payload_parsing to 2026-01-07 22:57:50+00:00, run_after=2026-01-07 22:58:00+00:00
[2026-01-07T22:57:55.743+0000] {processor.py:183} INFO - Processing /opt/airflow/dags/etl_postgres_to_clickhouse.py took 0.451 seconds
[2026-01-07T22:58:26.036+0000] {processor.py:161} INFO - Started process (PID=714) to work on /opt/airflow/dags/etl_postgres_to_clickhouse.py
[2026-01-07T22:58:26.038+0000] {processor.py:830} INFO - Processing file /opt/airflow/dags/etl_postgres_to_clickhouse.py for tasks to queue
[2026-01-07T22:58:26.042+0000] {logging_mixin.py:188} INFO - [2026-01-07T22:58:26.041+0000] {dagbag.py:545} INFO - Filling up the DagBag from /opt/airflow/dags/etl_postgres_to_clickhouse.py
[2026-01-07T22:58:26.430+0000] {processor.py:840} INFO - DAG(s) 'pg_to_clickhouse_payload_parsing' retrieved from /opt/airflow/dags/etl_postgres_to_clickhouse.py
[2026-01-07T22:58:26.488+0000] {logging_mixin.py:188} INFO - [2026-01-07T22:58:26.488+0000] {dag.py:3096} INFO - Sync 1 DAGs
[2026-01-07T22:58:26.536+0000] {logging_mixin.py:188} INFO - [2026-01-07T22:58:26.536+0000] {dag.py:3954} INFO - Setting next_dagrun for pg_to_clickhouse_payload_parsing to 2026-01-07 22:58:20+00:00, run_after=2026-01-07 22:58:30+00:00
[2026-01-07T22:58:26.576+0000] {processor.py:183} INFO - Processing /opt/airflow/dags/etl_postgres_to_clickhouse.py took 0.551 seconds
[2026-01-07T22:58:56.846+0000] {processor.py:161} INFO - Started process (PID=738) to work on /opt/airflow/dags/etl_postgres_to_clickhouse.py
[2026-01-07T22:58:56.848+0000] {processor.py:830} INFO - Processing file /opt/airflow/dags/etl_postgres_to_clickhouse.py for tasks to queue
[2026-01-07T22:58:56.852+0000] {logging_mixin.py:188} INFO - [2026-01-07T22:58:56.851+0000] {dagbag.py:545} INFO - Filling up the DagBag from /opt/airflow/dags/etl_postgres_to_clickhouse.py
[2026-01-07T22:58:57.442+0000] {processor.py:840} INFO - DAG(s) 'pg_to_clickhouse_payload_parsing' retrieved from /opt/airflow/dags/etl_postgres_to_clickhouse.py
[2026-01-07T22:58:57.524+0000] {logging_mixin.py:188} INFO - [2026-01-07T22:58:57.523+0000] {dag.py:3096} INFO - Sync 1 DAGs
[2026-01-07T22:58:57.592+0000] {logging_mixin.py:188} INFO - [2026-01-07T22:58:57.592+0000] {dag.py:3954} INFO - Setting next_dagrun for pg_to_clickhouse_payload_parsing to 2026-01-07 22:58:50+00:00, run_after=2026-01-07 22:59:00+00:00
[2026-01-07T22:58:57.646+0000] {processor.py:183} INFO - Processing /opt/airflow/dags/etl_postgres_to_clickhouse.py took 0.810 seconds
[2026-01-07T22:59:27.942+0000] {processor.py:161} INFO - Started process (PID=763) to work on /opt/airflow/dags/etl_postgres_to_clickhouse.py
[2026-01-07T22:59:27.943+0000] {processor.py:830} INFO - Processing file /opt/airflow/dags/etl_postgres_to_clickhouse.py for tasks to queue
[2026-01-07T22:59:27.945+0000] {logging_mixin.py:188} INFO - [2026-01-07T22:59:27.945+0000] {dagbag.py:545} INFO - Filling up the DagBag from /opt/airflow/dags/etl_postgres_to_clickhouse.py
[2026-01-07T22:59:28.166+0000] {processor.py:840} INFO - DAG(s) 'pg_to_clickhouse_payload_parsing' retrieved from /opt/airflow/dags/etl_postgres_to_clickhouse.py
[2026-01-07T22:59:28.201+0000] {logging_mixin.py:188} INFO - [2026-01-07T22:59:28.201+0000] {dag.py:3096} INFO - Sync 1 DAGs
[2026-01-07T22:59:28.230+0000] {logging_mixin.py:188} INFO - [2026-01-07T22:59:28.230+0000] {dag.py:3954} INFO - Setting next_dagrun for pg_to_clickhouse_payload_parsing to 2026-01-07 22:59:20+00:00, run_after=2026-01-07 22:59:30+00:00
[2026-01-07T22:59:28.258+0000] {processor.py:183} INFO - Processing /opt/airflow/dags/etl_postgres_to_clickhouse.py took 0.325 seconds
[2026-01-07T22:59:58.518+0000] {processor.py:161} INFO - Started process (PID=788) to work on /opt/airflow/dags/etl_postgres_to_clickhouse.py
[2026-01-07T22:59:58.519+0000] {processor.py:830} INFO - Processing file /opt/airflow/dags/etl_postgres_to_clickhouse.py for tasks to queue
[2026-01-07T22:59:58.522+0000] {logging_mixin.py:188} INFO - [2026-01-07T22:59:58.521+0000] {dagbag.py:545} INFO - Filling up the DagBag from /opt/airflow/dags/etl_postgres_to_clickhouse.py
[2026-01-07T22:59:58.794+0000] {processor.py:840} INFO - DAG(s) 'pg_to_clickhouse_payload_parsing' retrieved from /opt/airflow/dags/etl_postgres_to_clickhouse.py
[2026-01-07T22:59:58.828+0000] {logging_mixin.py:188} INFO - [2026-01-07T22:59:58.827+0000] {dag.py:3096} INFO - Sync 1 DAGs
[2026-01-07T22:59:58.855+0000] {logging_mixin.py:188} INFO - [2026-01-07T22:59:58.854+0000] {dag.py:3954} INFO - Setting next_dagrun for pg_to_clickhouse_payload_parsing to 2026-01-07 22:59:50+00:00, run_after=2026-01-07 23:00:00+00:00
[2026-01-07T22:59:58.878+0000] {processor.py:183} INFO - Processing /opt/airflow/dags/etl_postgres_to_clickhouse.py took 0.367 seconds
[2026-01-07T23:00:29.138+0000] {processor.py:161} INFO - Started process (PID=813) to work on /opt/airflow/dags/etl_postgres_to_clickhouse.py
[2026-01-07T23:00:29.139+0000] {processor.py:830} INFO - Processing file /opt/airflow/dags/etl_postgres_to_clickhouse.py for tasks to queue
[2026-01-07T23:00:29.142+0000] {logging_mixin.py:188} INFO - [2026-01-07T23:00:29.142+0000] {dagbag.py:545} INFO - Filling up the DagBag from /opt/airflow/dags/etl_postgres_to_clickhouse.py
[2026-01-07T23:00:29.384+0000] {processor.py:840} INFO - DAG(s) 'pg_to_clickhouse_payload_parsing' retrieved from /opt/airflow/dags/etl_postgres_to_clickhouse.py
[2026-01-07T23:00:29.424+0000] {logging_mixin.py:188} INFO - [2026-01-07T23:00:29.424+0000] {dag.py:3096} INFO - Sync 1 DAGs
[2026-01-07T23:00:29.457+0000] {logging_mixin.py:188} INFO - [2026-01-07T23:00:29.457+0000] {dag.py:3954} INFO - Setting next_dagrun for pg_to_clickhouse_payload_parsing to 2026-01-07 23:00:20+00:00, run_after=2026-01-07 23:00:30+00:00
[2026-01-07T23:00:29.486+0000] {processor.py:183} INFO - Processing /opt/airflow/dags/etl_postgres_to_clickhouse.py took 0.356 seconds
[2026-01-07T23:00:59.778+0000] {processor.py:161} INFO - Started process (PID=838) to work on /opt/airflow/dags/etl_postgres_to_clickhouse.py
[2026-01-07T23:00:59.781+0000] {processor.py:830} INFO - Processing file /opt/airflow/dags/etl_postgres_to_clickhouse.py for tasks to queue
[2026-01-07T23:00:59.783+0000] {logging_mixin.py:188} INFO - [2026-01-07T23:00:59.783+0000] {dagbag.py:545} INFO - Filling up the DagBag from /opt/airflow/dags/etl_postgres_to_clickhouse.py
[2026-01-07T23:01:00.063+0000] {processor.py:840} INFO - DAG(s) 'pg_to_clickhouse_payload_parsing' retrieved from /opt/airflow/dags/etl_postgres_to_clickhouse.py
[2026-01-07T23:01:00.102+0000] {logging_mixin.py:188} INFO - [2026-01-07T23:01:00.101+0000] {dag.py:3096} INFO - Sync 1 DAGs
[2026-01-07T23:01:00.130+0000] {logging_mixin.py:188} INFO - [2026-01-07T23:01:00.130+0000] {dag.py:3954} INFO - Setting next_dagrun for pg_to_clickhouse_payload_parsing to 2026-01-07 23:00:50+00:00, run_after=2026-01-07 23:01:00+00:00
[2026-01-07T23:01:00.166+0000] {processor.py:183} INFO - Processing /opt/airflow/dags/etl_postgres_to_clickhouse.py took 0.400 seconds
[2026-01-07T23:01:30.442+0000] {processor.py:161} INFO - Started process (PID=870) to work on /opt/airflow/dags/etl_postgres_to_clickhouse.py
[2026-01-07T23:01:30.443+0000] {processor.py:830} INFO - Processing file /opt/airflow/dags/etl_postgres_to_clickhouse.py for tasks to queue
[2026-01-07T23:01:30.445+0000] {logging_mixin.py:188} INFO - [2026-01-07T23:01:30.445+0000] {dagbag.py:545} INFO - Filling up the DagBag from /opt/airflow/dags/etl_postgres_to_clickhouse.py
[2026-01-07T23:01:30.690+0000] {processor.py:840} INFO - DAG(s) 'pg_to_clickhouse_payload_parsing' retrieved from /opt/airflow/dags/etl_postgres_to_clickhouse.py
[2026-01-07T23:01:30.737+0000] {logging_mixin.py:188} INFO - [2026-01-07T23:01:30.737+0000] {dag.py:3096} INFO - Sync 1 DAGs
[2026-01-07T23:01:30.779+0000] {logging_mixin.py:188} INFO - [2026-01-07T23:01:30.778+0000] {dag.py:3954} INFO - Setting next_dagrun for pg_to_clickhouse_payload_parsing to 2026-01-07 23:01:30+00:00, run_after=2026-01-07 23:01:40+00:00
[2026-01-07T23:01:30.807+0000] {processor.py:183} INFO - Processing /opt/airflow/dags/etl_postgres_to_clickhouse.py took 0.374 seconds
[2026-01-07T23:02:01.051+0000] {processor.py:161} INFO - Started process (PID=896) to work on /opt/airflow/dags/etl_postgres_to_clickhouse.py
[2026-01-07T23:02:01.052+0000] {processor.py:830} INFO - Processing file /opt/airflow/dags/etl_postgres_to_clickhouse.py for tasks to queue
[2026-01-07T23:02:01.057+0000] {logging_mixin.py:188} INFO - [2026-01-07T23:02:01.056+0000] {dagbag.py:545} INFO - Filling up the DagBag from /opt/airflow/dags/etl_postgres_to_clickhouse.py
[2026-01-07T23:02:01.414+0000] {processor.py:840} INFO - DAG(s) 'pg_to_clickhouse_payload_parsing' retrieved from /opt/airflow/dags/etl_postgres_to_clickhouse.py
[2026-01-07T23:02:01.454+0000] {logging_mixin.py:188} INFO - [2026-01-07T23:02:01.453+0000] {dag.py:3096} INFO - Sync 1 DAGs
[2026-01-07T23:02:01.490+0000] {logging_mixin.py:188} INFO - [2026-01-07T23:02:01.490+0000] {dag.py:3954} INFO - Setting next_dagrun for pg_to_clickhouse_payload_parsing to 2026-01-07 23:02:00+00:00, run_after=2026-01-07 23:02:10+00:00
[2026-01-07T23:02:01.520+0000] {processor.py:183} INFO - Processing /opt/airflow/dags/etl_postgres_to_clickhouse.py took 0.476 seconds
[2026-01-07T23:02:31.739+0000] {processor.py:161} INFO - Started process (PID=921) to work on /opt/airflow/dags/etl_postgres_to_clickhouse.py
[2026-01-07T23:02:31.741+0000] {processor.py:830} INFO - Processing file /opt/airflow/dags/etl_postgres_to_clickhouse.py for tasks to queue
[2026-01-07T23:02:31.744+0000] {logging_mixin.py:188} INFO - [2026-01-07T23:02:31.744+0000] {dagbag.py:545} INFO - Filling up the DagBag from /opt/airflow/dags/etl_postgres_to_clickhouse.py
[2026-01-07T23:02:32.045+0000] {processor.py:840} INFO - DAG(s) 'pg_to_clickhouse_payload_parsing' retrieved from /opt/airflow/dags/etl_postgres_to_clickhouse.py
[2026-01-07T23:02:32.086+0000] {logging_mixin.py:188} INFO - [2026-01-07T23:02:32.086+0000] {dag.py:3096} INFO - Sync 1 DAGs
[2026-01-07T23:02:32.115+0000] {logging_mixin.py:188} INFO - [2026-01-07T23:02:32.114+0000] {dag.py:3954} INFO - Setting next_dagrun for pg_to_clickhouse_payload_parsing to 2026-01-07 23:02:30+00:00, run_after=2026-01-07 23:02:40+00:00
[2026-01-07T23:02:32.177+0000] {processor.py:183} INFO - Processing /opt/airflow/dags/etl_postgres_to_clickhouse.py took 0.445 seconds
[2026-01-07T23:03:02.399+0000] {processor.py:161} INFO - Started process (PID=948) to work on /opt/airflow/dags/etl_postgres_to_clickhouse.py
[2026-01-07T23:03:02.400+0000] {processor.py:830} INFO - Processing file /opt/airflow/dags/etl_postgres_to_clickhouse.py for tasks to queue
[2026-01-07T23:03:02.404+0000] {logging_mixin.py:188} INFO - [2026-01-07T23:03:02.403+0000] {dagbag.py:545} INFO - Filling up the DagBag from /opt/airflow/dags/etl_postgres_to_clickhouse.py
[2026-01-07T23:03:02.680+0000] {processor.py:840} INFO - DAG(s) 'pg_to_clickhouse_payload_parsing' retrieved from /opt/airflow/dags/etl_postgres_to_clickhouse.py
[2026-01-07T23:03:02.714+0000] {logging_mixin.py:188} INFO - [2026-01-07T23:03:02.714+0000] {dag.py:3096} INFO - Sync 1 DAGs
[2026-01-07T23:03:02.741+0000] {logging_mixin.py:188} INFO - [2026-01-07T23:03:02.741+0000] {dag.py:3954} INFO - Setting next_dagrun for pg_to_clickhouse_payload_parsing to 2026-01-07 23:03:00+00:00, run_after=2026-01-07 23:03:10+00:00
[2026-01-07T23:03:02.765+0000] {processor.py:183} INFO - Processing /opt/airflow/dags/etl_postgres_to_clickhouse.py took 0.374 seconds
[2026-01-07T23:03:33.005+0000] {processor.py:161} INFO - Started process (PID=980) to work on /opt/airflow/dags/etl_postgres_to_clickhouse.py
[2026-01-07T23:03:33.006+0000] {processor.py:830} INFO - Processing file /opt/airflow/dags/etl_postgres_to_clickhouse.py for tasks to queue
[2026-01-07T23:03:33.008+0000] {logging_mixin.py:188} INFO - [2026-01-07T23:03:33.008+0000] {dagbag.py:545} INFO - Filling up the DagBag from /opt/airflow/dags/etl_postgres_to_clickhouse.py
[2026-01-07T23:03:33.365+0000] {processor.py:840} INFO - DAG(s) 'pg_to_clickhouse_payload_parsing' retrieved from /opt/airflow/dags/etl_postgres_to_clickhouse.py
[2026-01-07T23:03:33.417+0000] {logging_mixin.py:188} INFO - [2026-01-07T23:03:33.416+0000] {dag.py:3096} INFO - Sync 1 DAGs
[2026-01-07T23:03:33.456+0000] {logging_mixin.py:188} INFO - [2026-01-07T23:03:33.456+0000] {dag.py:3954} INFO - Setting next_dagrun for pg_to_clickhouse_payload_parsing to 2026-01-07 23:03:30+00:00, run_after=2026-01-07 23:03:40+00:00
[2026-01-07T23:03:33.497+0000] {processor.py:183} INFO - Processing /opt/airflow/dags/etl_postgres_to_clickhouse.py took 0.499 seconds
[2026-01-07T23:05:08.847+0000] {processor.py:161} INFO - Started process (PID=190) to work on /opt/airflow/dags/etl_postgres_to_clickhouse.py
[2026-01-07T23:05:08.849+0000] {processor.py:830} INFO - Processing file /opt/airflow/dags/etl_postgres_to_clickhouse.py for tasks to queue
[2026-01-07T23:05:08.853+0000] {logging_mixin.py:188} INFO - [2026-01-07T23:05:08.852+0000] {dagbag.py:545} INFO - Filling up the DagBag from /opt/airflow/dags/etl_postgres_to_clickhouse.py
[2026-01-07T23:05:09.267+0000] {processor.py:840} INFO - DAG(s) 'pg_to_clickhouse_payload_parsing' retrieved from /opt/airflow/dags/etl_postgres_to_clickhouse.py
[2026-01-07T23:05:09.603+0000] {logging_mixin.py:188} INFO - [2026-01-07T23:05:09.602+0000] {override.py:1829} INFO - Created Permission View: can read on DAG:pg_to_clickhouse_payload_parsing
[2026-01-07T23:05:09.624+0000] {logging_mixin.py:188} INFO - [2026-01-07T23:05:09.624+0000] {override.py:1829} INFO - Created Permission View: can delete on DAG:pg_to_clickhouse_payload_parsing
[2026-01-07T23:05:09.640+0000] {logging_mixin.py:188} INFO - [2026-01-07T23:05:09.640+0000] {override.py:1829} INFO - Created Permission View: can edit on DAG:pg_to_clickhouse_payload_parsing
[2026-01-07T23:05:09.641+0000] {logging_mixin.py:188} INFO - [2026-01-07T23:05:09.641+0000] {dag.py:3096} INFO - Sync 1 DAGs
[2026-01-07T23:05:09.663+0000] {logging_mixin.py:188} INFO - [2026-01-07T23:05:09.663+0000] {dag.py:3118} INFO - Creating ORM DAG for pg_to_clickhouse_payload_parsing
[2026-01-07T23:05:09.691+0000] {logging_mixin.py:188} INFO - [2026-01-07T23:05:09.690+0000] {dag.py:3954} INFO - Setting next_dagrun for pg_to_clickhouse_payload_parsing to 2026-01-07 23:04:50+00:00, run_after=2026-01-07 23:05:00+00:00
[2026-01-07T23:05:09.732+0000] {processor.py:183} INFO - Processing /opt/airflow/dags/etl_postgres_to_clickhouse.py took 0.898 seconds
[2026-01-07T23:05:40.060+0000] {processor.py:161} INFO - Started process (PID=227) to work on /opt/airflow/dags/etl_postgres_to_clickhouse.py
[2026-01-07T23:05:40.061+0000] {processor.py:830} INFO - Processing file /opt/airflow/dags/etl_postgres_to_clickhouse.py for tasks to queue
[2026-01-07T23:05:40.066+0000] {logging_mixin.py:188} INFO - [2026-01-07T23:05:40.065+0000] {dagbag.py:545} INFO - Filling up the DagBag from /opt/airflow/dags/etl_postgres_to_clickhouse.py
[2026-01-07T23:05:40.441+0000] {processor.py:840} INFO - DAG(s) 'pg_to_clickhouse_payload_parsing' retrieved from /opt/airflow/dags/etl_postgres_to_clickhouse.py
[2026-01-07T23:05:40.503+0000] {logging_mixin.py:188} INFO - [2026-01-07T23:05:40.503+0000] {dag.py:3096} INFO - Sync 1 DAGs
[2026-01-07T23:05:40.549+0000] {logging_mixin.py:188} INFO - [2026-01-07T23:05:40.548+0000] {dag.py:3954} INFO - Setting next_dagrun for pg_to_clickhouse_payload_parsing to 2026-01-07 23:05:40+00:00, run_after=2026-01-07 23:05:50+00:00
[2026-01-07T23:05:40.598+0000] {processor.py:183} INFO - Processing /opt/airflow/dags/etl_postgres_to_clickhouse.py took 0.546 seconds
[2026-01-07T23:06:10.882+0000] {processor.py:161} INFO - Started process (PID=269) to work on /opt/airflow/dags/etl_postgres_to_clickhouse.py
[2026-01-07T23:06:10.884+0000] {processor.py:830} INFO - Processing file /opt/airflow/dags/etl_postgres_to_clickhouse.py for tasks to queue
[2026-01-07T23:06:10.889+0000] {logging_mixin.py:188} INFO - [2026-01-07T23:06:10.889+0000] {dagbag.py:545} INFO - Filling up the DagBag from /opt/airflow/dags/etl_postgres_to_clickhouse.py
[2026-01-07T23:06:11.340+0000] {processor.py:840} INFO - DAG(s) 'pg_to_clickhouse_payload_parsing' retrieved from /opt/airflow/dags/etl_postgres_to_clickhouse.py
[2026-01-07T23:06:11.391+0000] {logging_mixin.py:188} INFO - [2026-01-07T23:06:11.390+0000] {dag.py:3096} INFO - Sync 1 DAGs
[2026-01-07T23:06:11.424+0000] {logging_mixin.py:188} INFO - [2026-01-07T23:06:11.423+0000] {dag.py:3954} INFO - Setting next_dagrun for pg_to_clickhouse_payload_parsing to 2026-01-07 23:06:10+00:00, run_after=2026-01-07 23:06:20+00:00
[2026-01-07T23:06:11.451+0000] {processor.py:183} INFO - Processing /opt/airflow/dags/etl_postgres_to_clickhouse.py took 0.582 seconds
[2026-01-07T23:07:18.173+0000] {processor.py:161} INFO - Started process (PID=189) to work on /opt/airflow/dags/etl_postgres_to_clickhouse.py
[2026-01-07T23:07:18.176+0000] {processor.py:830} INFO - Processing file /opt/airflow/dags/etl_postgres_to_clickhouse.py for tasks to queue
[2026-01-07T23:07:18.182+0000] {logging_mixin.py:188} INFO - [2026-01-07T23:07:18.181+0000] {dagbag.py:545} INFO - Filling up the DagBag from /opt/airflow/dags/etl_postgres_to_clickhouse.py
[2026-01-07T23:07:18.631+0000] {processor.py:840} INFO - DAG(s) 'pg_to_clickhouse_payload_parsing' retrieved from /opt/airflow/dags/etl_postgres_to_clickhouse.py
[2026-01-07T23:07:18.706+0000] {logging_mixin.py:188} INFO - [2026-01-07T23:07:18.705+0000] {dag.py:3096} INFO - Sync 1 DAGs
[2026-01-07T23:07:18.752+0000] {logging_mixin.py:188} INFO - [2026-01-07T23:07:18.751+0000] {dag.py:3954} INFO - Setting next_dagrun for pg_to_clickhouse_payload_parsing to 2026-01-07 23:07:10+00:00, run_after=2026-01-07 23:07:20+00:00
[2026-01-07T23:07:18.795+0000] {processor.py:183} INFO - Processing /opt/airflow/dags/etl_postgres_to_clickhouse.py took 0.636 seconds
[2026-01-07T23:07:49.097+0000] {processor.py:161} INFO - Started process (PID=238) to work on /opt/airflow/dags/etl_postgres_to_clickhouse.py
[2026-01-07T23:07:49.098+0000] {processor.py:830} INFO - Processing file /opt/airflow/dags/etl_postgres_to_clickhouse.py for tasks to queue
[2026-01-07T23:07:49.101+0000] {logging_mixin.py:188} INFO - [2026-01-07T23:07:49.100+0000] {dagbag.py:545} INFO - Filling up the DagBag from /opt/airflow/dags/etl_postgres_to_clickhouse.py
[2026-01-07T23:07:49.534+0000] {processor.py:840} INFO - DAG(s) 'pg_to_clickhouse_payload_parsing' retrieved from /opt/airflow/dags/etl_postgres_to_clickhouse.py
[2026-01-07T23:07:49.734+0000] {logging_mixin.py:188} INFO - [2026-01-07T23:07:49.734+0000] {dag.py:3096} INFO - Sync 1 DAGs
[2026-01-07T23:07:49.769+0000] {logging_mixin.py:188} INFO - [2026-01-07T23:07:49.768+0000] {dag.py:3954} INFO - Setting next_dagrun for pg_to_clickhouse_payload_parsing to 2026-01-07 23:07:40+00:00, run_after=2026-01-07 23:07:50+00:00
[2026-01-07T23:07:49.809+0000] {processor.py:183} INFO - Processing /opt/airflow/dags/etl_postgres_to_clickhouse.py took 0.723 seconds
[2026-01-07T23:08:37.723+0000] {processor.py:161} INFO - Started process (PID=189) to work on /opt/airflow/dags/etl_postgres_to_clickhouse.py
[2026-01-07T23:08:37.724+0000] {processor.py:830} INFO - Processing file /opt/airflow/dags/etl_postgres_to_clickhouse.py for tasks to queue
[2026-01-07T23:08:37.727+0000] {logging_mixin.py:188} INFO - [2026-01-07T23:08:37.727+0000] {dagbag.py:545} INFO - Filling up the DagBag from /opt/airflow/dags/etl_postgres_to_clickhouse.py
[2026-01-07T23:08:38.081+0000] {processor.py:840} INFO - DAG(s) 'pg_to_clickhouse_payload_parsing' retrieved from /opt/airflow/dags/etl_postgres_to_clickhouse.py
[2026-01-07T23:08:38.128+0000] {logging_mixin.py:188} INFO - [2026-01-07T23:08:38.128+0000] {dag.py:3096} INFO - Sync 1 DAGs
[2026-01-07T23:08:38.183+0000] {logging_mixin.py:188} INFO - [2026-01-07T23:08:38.183+0000] {dag.py:3954} INFO - Setting next_dagrun for pg_to_clickhouse_payload_parsing to 2026-01-07 23:08:30+00:00, run_after=2026-01-07 23:08:40+00:00
[2026-01-07T23:08:38.226+0000] {processor.py:183} INFO - Processing /opt/airflow/dags/etl_postgres_to_clickhouse.py took 0.509 seconds
[2026-01-07T23:09:08.553+0000] {processor.py:161} INFO - Started process (PID=240) to work on /opt/airflow/dags/etl_postgres_to_clickhouse.py
[2026-01-07T23:09:08.556+0000] {processor.py:830} INFO - Processing file /opt/airflow/dags/etl_postgres_to_clickhouse.py for tasks to queue
[2026-01-07T23:09:08.559+0000] {logging_mixin.py:188} INFO - [2026-01-07T23:09:08.559+0000] {dagbag.py:545} INFO - Filling up the DagBag from /opt/airflow/dags/etl_postgres_to_clickhouse.py
[2026-01-07T23:09:08.931+0000] {processor.py:840} INFO - DAG(s) 'pg_to_clickhouse_payload_parsing' retrieved from /opt/airflow/dags/etl_postgres_to_clickhouse.py
[2026-01-07T23:09:09.145+0000] {logging_mixin.py:188} INFO - [2026-01-07T23:09:09.144+0000] {dag.py:3096} INFO - Sync 1 DAGs
[2026-01-07T23:09:09.182+0000] {logging_mixin.py:188} INFO - [2026-01-07T23:09:09.182+0000] {dag.py:3954} INFO - Setting next_dagrun for pg_to_clickhouse_payload_parsing to 2026-01-07 23:09:00+00:00, run_after=2026-01-07 23:09:10+00:00
[2026-01-07T23:09:09.207+0000] {processor.py:183} INFO - Processing /opt/airflow/dags/etl_postgres_to_clickhouse.py took 0.665 seconds
[2026-01-07T23:09:59.234+0000] {processor.py:161} INFO - Started process (PID=188) to work on /opt/airflow/dags/etl_postgres_to_clickhouse.py
[2026-01-07T23:09:59.240+0000] {processor.py:830} INFO - Processing file /opt/airflow/dags/etl_postgres_to_clickhouse.py for tasks to queue
[2026-01-07T23:09:59.244+0000] {logging_mixin.py:188} INFO - [2026-01-07T23:09:59.243+0000] {dagbag.py:545} INFO - Filling up the DagBag from /opt/airflow/dags/etl_postgres_to_clickhouse.py
[2026-01-07T23:09:59.796+0000] {processor.py:840} INFO - DAG(s) 'pg_to_clickhouse_payload_parsing' retrieved from /opt/airflow/dags/etl_postgres_to_clickhouse.py
[2026-01-07T23:09:59.874+0000] {logging_mixin.py:188} INFO - [2026-01-07T23:09:59.873+0000] {dag.py:3096} INFO - Sync 1 DAGs
[2026-01-07T23:09:59.944+0000] {logging_mixin.py:188} INFO - [2026-01-07T23:09:59.944+0000] {dag.py:3954} INFO - Setting next_dagrun for pg_to_clickhouse_payload_parsing to 2026-01-07 23:09:50+00:00, run_after=2026-01-07 23:10:00+00:00
[2026-01-07T23:10:00.003+0000] {processor.py:183} INFO - Processing /opt/airflow/dags/etl_postgres_to_clickhouse.py took 0.781 seconds
[2026-01-07T23:10:30.384+0000] {processor.py:161} INFO - Started process (PID=239) to work on /opt/airflow/dags/etl_postgres_to_clickhouse.py
[2026-01-07T23:10:30.386+0000] {processor.py:830} INFO - Processing file /opt/airflow/dags/etl_postgres_to_clickhouse.py for tasks to queue
[2026-01-07T23:10:30.389+0000] {logging_mixin.py:188} INFO - [2026-01-07T23:10:30.389+0000] {dagbag.py:545} INFO - Filling up the DagBag from /opt/airflow/dags/etl_postgres_to_clickhouse.py
[2026-01-07T23:10:30.728+0000] {processor.py:840} INFO - DAG(s) 'pg_to_clickhouse_payload_parsing' retrieved from /opt/airflow/dags/etl_postgres_to_clickhouse.py
[2026-01-07T23:10:30.903+0000] {logging_mixin.py:188} INFO - [2026-01-07T23:10:30.903+0000] {dag.py:3096} INFO - Sync 1 DAGs
[2026-01-07T23:10:30.936+0000] {logging_mixin.py:188} INFO - [2026-01-07T23:10:30.935+0000] {dag.py:3954} INFO - Setting next_dagrun for pg_to_clickhouse_payload_parsing to 2026-01-07 23:10:30+00:00, run_after=2026-01-07 23:10:40+00:00
[2026-01-07T23:10:30.969+0000] {processor.py:183} INFO - Processing /opt/airflow/dags/etl_postgres_to_clickhouse.py took 0.600 seconds
[2026-01-07T23:11:01.234+0000] {processor.py:161} INFO - Started process (PID=265) to work on /opt/airflow/dags/etl_postgres_to_clickhouse.py
[2026-01-07T23:11:01.237+0000] {processor.py:830} INFO - Processing file /opt/airflow/dags/etl_postgres_to_clickhouse.py for tasks to queue
[2026-01-07T23:11:01.240+0000] {logging_mixin.py:188} INFO - [2026-01-07T23:11:01.240+0000] {dagbag.py:545} INFO - Filling up the DagBag from /opt/airflow/dags/etl_postgres_to_clickhouse.py
[2026-01-07T23:11:01.584+0000] {processor.py:840} INFO - DAG(s) 'pg_to_clickhouse_payload_parsing' retrieved from /opt/airflow/dags/etl_postgres_to_clickhouse.py
[2026-01-07T23:11:01.626+0000] {logging_mixin.py:188} INFO - [2026-01-07T23:11:01.625+0000] {dag.py:3096} INFO - Sync 1 DAGs
[2026-01-07T23:11:01.659+0000] {logging_mixin.py:188} INFO - [2026-01-07T23:11:01.659+0000] {dag.py:3954} INFO - Setting next_dagrun for pg_to_clickhouse_payload_parsing to 2026-01-07 23:11:00+00:00, run_after=2026-01-07 23:11:10+00:00
[2026-01-07T23:11:01.685+0000] {processor.py:183} INFO - Processing /opt/airflow/dags/etl_postgres_to_clickhouse.py took 0.464 seconds
[2026-01-07T23:11:31.895+0000] {processor.py:161} INFO - Started process (PID=291) to work on /opt/airflow/dags/etl_postgres_to_clickhouse.py
[2026-01-07T23:11:31.897+0000] {processor.py:830} INFO - Processing file /opt/airflow/dags/etl_postgres_to_clickhouse.py for tasks to queue
[2026-01-07T23:11:31.900+0000] {logging_mixin.py:188} INFO - [2026-01-07T23:11:31.899+0000] {dagbag.py:545} INFO - Filling up the DagBag from /opt/airflow/dags/etl_postgres_to_clickhouse.py
[2026-01-07T23:11:32.209+0000] {processor.py:840} INFO - DAG(s) 'pg_to_clickhouse_payload_parsing' retrieved from /opt/airflow/dags/etl_postgres_to_clickhouse.py
[2026-01-07T23:11:32.252+0000] {logging_mixin.py:188} INFO - [2026-01-07T23:11:32.252+0000] {dag.py:3096} INFO - Sync 1 DAGs
[2026-01-07T23:11:32.296+0000] {logging_mixin.py:188} INFO - [2026-01-07T23:11:32.295+0000] {dag.py:3954} INFO - Setting next_dagrun for pg_to_clickhouse_payload_parsing to 2026-01-07 23:11:30+00:00, run_after=2026-01-07 23:11:40+00:00
[2026-01-07T23:11:32.324+0000] {processor.py:183} INFO - Processing /opt/airflow/dags/etl_postgres_to_clickhouse.py took 0.438 seconds
[2026-01-07T23:12:02.587+0000] {processor.py:161} INFO - Started process (PID=323) to work on /opt/airflow/dags/etl_postgres_to_clickhouse.py
[2026-01-07T23:12:02.589+0000] {processor.py:830} INFO - Processing file /opt/airflow/dags/etl_postgres_to_clickhouse.py for tasks to queue
[2026-01-07T23:12:02.592+0000] {logging_mixin.py:188} INFO - [2026-01-07T23:12:02.592+0000] {dagbag.py:545} INFO - Filling up the DagBag from /opt/airflow/dags/etl_postgres_to_clickhouse.py
[2026-01-07T23:12:03.039+0000] {processor.py:840} INFO - DAG(s) 'pg_to_clickhouse_payload_parsing' retrieved from /opt/airflow/dags/etl_postgres_to_clickhouse.py
[2026-01-07T23:12:03.092+0000] {logging_mixin.py:188} INFO - [2026-01-07T23:12:03.091+0000] {dag.py:3096} INFO - Sync 1 DAGs
[2026-01-07T23:12:03.131+0000] {logging_mixin.py:188} INFO - [2026-01-07T23:12:03.131+0000] {dag.py:3954} INFO - Setting next_dagrun for pg_to_clickhouse_payload_parsing to 2026-01-07 23:12:00+00:00, run_after=2026-01-07 23:12:10+00:00
[2026-01-07T23:12:03.166+0000] {processor.py:183} INFO - Processing /opt/airflow/dags/etl_postgres_to_clickhouse.py took 0.592 seconds
[2026-01-07T23:12:33.407+0000] {processor.py:161} INFO - Started process (PID=349) to work on /opt/airflow/dags/etl_postgres_to_clickhouse.py
[2026-01-07T23:12:33.409+0000] {processor.py:830} INFO - Processing file /opt/airflow/dags/etl_postgres_to_clickhouse.py for tasks to queue
[2026-01-07T23:12:33.412+0000] {logging_mixin.py:188} INFO - [2026-01-07T23:12:33.411+0000] {dagbag.py:545} INFO - Filling up the DagBag from /opt/airflow/dags/etl_postgres_to_clickhouse.py
[2026-01-07T23:12:33.789+0000] {processor.py:840} INFO - DAG(s) 'pg_to_clickhouse_payload_parsing' retrieved from /opt/airflow/dags/etl_postgres_to_clickhouse.py
[2026-01-07T23:12:33.860+0000] {logging_mixin.py:188} INFO - [2026-01-07T23:12:33.860+0000] {dag.py:3096} INFO - Sync 1 DAGs
[2026-01-07T23:12:33.907+0000] {logging_mixin.py:188} INFO - [2026-01-07T23:12:33.906+0000] {dag.py:3954} INFO - Setting next_dagrun for pg_to_clickhouse_payload_parsing to 2026-01-07 23:12:30+00:00, run_after=2026-01-07 23:12:40+00:00
[2026-01-07T23:12:33.955+0000] {processor.py:183} INFO - Processing /opt/airflow/dags/etl_postgres_to_clickhouse.py took 0.570 seconds
[2026-01-07T23:13:04.232+0000] {processor.py:161} INFO - Started process (PID=374) to work on /opt/airflow/dags/etl_postgres_to_clickhouse.py
[2026-01-07T23:13:04.234+0000] {processor.py:830} INFO - Processing file /opt/airflow/dags/etl_postgres_to_clickhouse.py for tasks to queue
[2026-01-07T23:13:04.237+0000] {logging_mixin.py:188} INFO - [2026-01-07T23:13:04.236+0000] {dagbag.py:545} INFO - Filling up the DagBag from /opt/airflow/dags/etl_postgres_to_clickhouse.py
[2026-01-07T23:13:04.647+0000] {processor.py:840} INFO - DAG(s) 'pg_to_clickhouse_payload_parsing' retrieved from /opt/airflow/dags/etl_postgres_to_clickhouse.py
[2026-01-07T23:13:04.698+0000] {logging_mixin.py:188} INFO - [2026-01-07T23:13:04.698+0000] {dag.py:3096} INFO - Sync 1 DAGs
[2026-01-07T23:13:04.736+0000] {logging_mixin.py:188} INFO - [2026-01-07T23:13:04.736+0000] {dag.py:3954} INFO - Setting next_dagrun for pg_to_clickhouse_payload_parsing to 2026-01-07 23:13:00+00:00, run_after=2026-01-07 23:13:10+00:00
[2026-01-07T23:13:04.767+0000] {processor.py:183} INFO - Processing /opt/airflow/dags/etl_postgres_to_clickhouse.py took 0.546 seconds
[2026-01-07T23:13:34.864+0000] {processor.py:161} INFO - Started process (PID=399) to work on /opt/airflow/dags/etl_postgres_to_clickhouse.py
[2026-01-07T23:13:34.866+0000] {processor.py:830} INFO - Processing file /opt/airflow/dags/etl_postgres_to_clickhouse.py for tasks to queue
[2026-01-07T23:13:34.868+0000] {logging_mixin.py:188} INFO - [2026-01-07T23:13:34.867+0000] {dagbag.py:545} INFO - Filling up the DagBag from /opt/airflow/dags/etl_postgres_to_clickhouse.py
[2026-01-07T23:13:35.156+0000] {processor.py:840} INFO - DAG(s) 'pg_to_clickhouse_payload_parsing' retrieved from /opt/airflow/dags/etl_postgres_to_clickhouse.py
[2026-01-07T23:13:35.196+0000] {logging_mixin.py:188} INFO - [2026-01-07T23:13:35.196+0000] {dag.py:3096} INFO - Sync 1 DAGs
[2026-01-07T23:13:35.228+0000] {logging_mixin.py:188} INFO - [2026-01-07T23:13:35.228+0000] {dag.py:3954} INFO - Setting next_dagrun for pg_to_clickhouse_payload_parsing to 2026-01-07 23:13:30+00:00, run_after=2026-01-07 23:13:40+00:00
[2026-01-07T23:13:35.250+0000] {processor.py:183} INFO - Processing /opt/airflow/dags/etl_postgres_to_clickhouse.py took 0.395 seconds
[2026-01-07T23:14:05.501+0000] {processor.py:161} INFO - Started process (PID=424) to work on /opt/airflow/dags/etl_postgres_to_clickhouse.py
[2026-01-07T23:14:05.503+0000] {processor.py:830} INFO - Processing file /opt/airflow/dags/etl_postgres_to_clickhouse.py for tasks to queue
[2026-01-07T23:14:05.507+0000] {logging_mixin.py:188} INFO - [2026-01-07T23:14:05.507+0000] {dagbag.py:545} INFO - Filling up the DagBag from /opt/airflow/dags/etl_postgres_to_clickhouse.py
[2026-01-07T23:14:05.788+0000] {processor.py:840} INFO - DAG(s) 'pg_to_clickhouse_payload_parsing' retrieved from /opt/airflow/dags/etl_postgres_to_clickhouse.py
[2026-01-07T23:14:05.823+0000] {logging_mixin.py:188} INFO - [2026-01-07T23:14:05.823+0000] {dag.py:3096} INFO - Sync 1 DAGs
[2026-01-07T23:14:05.854+0000] {logging_mixin.py:188} INFO - [2026-01-07T23:14:05.854+0000] {dag.py:3954} INFO - Setting next_dagrun for pg_to_clickhouse_payload_parsing to 2026-01-07 23:14:00+00:00, run_after=2026-01-07 23:14:10+00:00
[2026-01-07T23:14:05.886+0000] {processor.py:183} INFO - Processing /opt/airflow/dags/etl_postgres_to_clickhouse.py took 0.395 seconds
[2026-01-07T23:14:36.114+0000] {processor.py:161} INFO - Started process (PID=450) to work on /opt/airflow/dags/etl_postgres_to_clickhouse.py
[2026-01-07T23:14:36.116+0000] {processor.py:830} INFO - Processing file /opt/airflow/dags/etl_postgres_to_clickhouse.py for tasks to queue
[2026-01-07T23:14:36.118+0000] {logging_mixin.py:188} INFO - [2026-01-07T23:14:36.118+0000] {dagbag.py:545} INFO - Filling up the DagBag from /opt/airflow/dags/etl_postgres_to_clickhouse.py
[2026-01-07T23:14:36.339+0000] {processor.py:840} INFO - DAG(s) 'pg_to_clickhouse_payload_parsing' retrieved from /opt/airflow/dags/etl_postgres_to_clickhouse.py
[2026-01-07T23:14:36.370+0000] {logging_mixin.py:188} INFO - [2026-01-07T23:14:36.370+0000] {dag.py:3096} INFO - Sync 1 DAGs
[2026-01-07T23:14:36.395+0000] {logging_mixin.py:188} INFO - [2026-01-07T23:14:36.395+0000] {dag.py:3954} INFO - Setting next_dagrun for pg_to_clickhouse_payload_parsing to 2026-01-07 23:14:30+00:00, run_after=2026-01-07 23:14:40+00:00
[2026-01-07T23:14:36.416+0000] {processor.py:183} INFO - Processing /opt/airflow/dags/etl_postgres_to_clickhouse.py took 0.309 seconds
[2026-01-07T23:15:06.641+0000] {processor.py:161} INFO - Started process (PID=481) to work on /opt/airflow/dags/etl_postgres_to_clickhouse.py
[2026-01-07T23:15:06.642+0000] {processor.py:830} INFO - Processing file /opt/airflow/dags/etl_postgres_to_clickhouse.py for tasks to queue
[2026-01-07T23:15:06.644+0000] {logging_mixin.py:188} INFO - [2026-01-07T23:15:06.644+0000] {dagbag.py:545} INFO - Filling up the DagBag from /opt/airflow/dags/etl_postgres_to_clickhouse.py
[2026-01-07T23:15:06.858+0000] {processor.py:840} INFO - DAG(s) 'pg_to_clickhouse_payload_parsing' retrieved from /opt/airflow/dags/etl_postgres_to_clickhouse.py
[2026-01-07T23:15:06.897+0000] {logging_mixin.py:188} INFO - [2026-01-07T23:15:06.897+0000] {dag.py:3096} INFO - Sync 1 DAGs
[2026-01-07T23:15:06.919+0000] {logging_mixin.py:188} INFO - [2026-01-07T23:15:06.918+0000] {dag.py:3954} INFO - Setting next_dagrun for pg_to_clickhouse_payload_parsing to 2026-01-07 23:15:00+00:00, run_after=2026-01-07 23:15:10+00:00
[2026-01-07T23:15:06.941+0000] {processor.py:183} INFO - Processing /opt/airflow/dags/etl_postgres_to_clickhouse.py took 0.309 seconds
[2026-01-07T23:15:37.208+0000] {processor.py:161} INFO - Started process (PID=506) to work on /opt/airflow/dags/etl_postgres_to_clickhouse.py
[2026-01-07T23:15:37.213+0000] {processor.py:830} INFO - Processing file /opt/airflow/dags/etl_postgres_to_clickhouse.py for tasks to queue
[2026-01-07T23:15:37.216+0000] {logging_mixin.py:188} INFO - [2026-01-07T23:15:37.215+0000] {dagbag.py:545} INFO - Filling up the DagBag from /opt/airflow/dags/etl_postgres_to_clickhouse.py
[2026-01-07T23:15:37.498+0000] {processor.py:840} INFO - DAG(s) 'pg_to_clickhouse_payload_parsing' retrieved from /opt/airflow/dags/etl_postgres_to_clickhouse.py
[2026-01-07T23:15:37.537+0000] {logging_mixin.py:188} INFO - [2026-01-07T23:15:37.537+0000] {dag.py:3096} INFO - Sync 1 DAGs
[2026-01-07T23:15:37.566+0000] {logging_mixin.py:188} INFO - [2026-01-07T23:15:37.566+0000] {dag.py:3954} INFO - Setting next_dagrun for pg_to_clickhouse_payload_parsing to 2026-01-07 23:15:30+00:00, run_after=2026-01-07 23:15:40+00:00
[2026-01-07T23:15:37.596+0000] {processor.py:183} INFO - Processing /opt/airflow/dags/etl_postgres_to_clickhouse.py took 0.394 seconds
[2026-01-07T23:16:07.817+0000] {processor.py:161} INFO - Started process (PID=531) to work on /opt/airflow/dags/etl_postgres_to_clickhouse.py
[2026-01-07T23:16:07.818+0000] {processor.py:830} INFO - Processing file /opt/airflow/dags/etl_postgres_to_clickhouse.py for tasks to queue
[2026-01-07T23:16:07.821+0000] {logging_mixin.py:188} INFO - [2026-01-07T23:16:07.820+0000] {dagbag.py:545} INFO - Filling up the DagBag from /opt/airflow/dags/etl_postgres_to_clickhouse.py
[2026-01-07T23:16:08.071+0000] {processor.py:840} INFO - DAG(s) 'pg_to_clickhouse_payload_parsing' retrieved from /opt/airflow/dags/etl_postgres_to_clickhouse.py
[2026-01-07T23:16:08.107+0000] {logging_mixin.py:188} INFO - [2026-01-07T23:16:08.107+0000] {dag.py:3096} INFO - Sync 1 DAGs
[2026-01-07T23:16:08.131+0000] {logging_mixin.py:188} INFO - [2026-01-07T23:16:08.131+0000] {dag.py:3954} INFO - Setting next_dagrun for pg_to_clickhouse_payload_parsing to 2026-01-07 23:16:00+00:00, run_after=2026-01-07 23:16:10+00:00
[2026-01-07T23:16:08.177+0000] {processor.py:183} INFO - Processing /opt/airflow/dags/etl_postgres_to_clickhouse.py took 0.368 seconds
[2026-01-07T23:16:38.459+0000] {processor.py:161} INFO - Started process (PID=556) to work on /opt/airflow/dags/etl_postgres_to_clickhouse.py
[2026-01-07T23:16:38.461+0000] {processor.py:830} INFO - Processing file /opt/airflow/dags/etl_postgres_to_clickhouse.py for tasks to queue
[2026-01-07T23:16:38.463+0000] {logging_mixin.py:188} INFO - [2026-01-07T23:16:38.463+0000] {dagbag.py:545} INFO - Filling up the DagBag from /opt/airflow/dags/etl_postgres_to_clickhouse.py
[2026-01-07T23:16:38.714+0000] {processor.py:840} INFO - DAG(s) 'pg_to_clickhouse_payload_parsing' retrieved from /opt/airflow/dags/etl_postgres_to_clickhouse.py
[2026-01-07T23:16:38.762+0000] {logging_mixin.py:188} INFO - [2026-01-07T23:16:38.761+0000] {dag.py:3096} INFO - Sync 1 DAGs
[2026-01-07T23:16:38.793+0000] {logging_mixin.py:188} INFO - [2026-01-07T23:16:38.793+0000] {dag.py:3954} INFO - Setting next_dagrun for pg_to_clickhouse_payload_parsing to 2026-01-07 23:16:30+00:00, run_after=2026-01-07 23:16:40+00:00
[2026-01-07T23:16:38.943+0000] {processor.py:183} INFO - Processing /opt/airflow/dags/etl_postgres_to_clickhouse.py took 0.491 seconds
[2026-01-07T23:17:09.266+0000] {processor.py:161} INFO - Started process (PID=588) to work on /opt/airflow/dags/etl_postgres_to_clickhouse.py
[2026-01-07T23:17:09.275+0000] {processor.py:830} INFO - Processing file /opt/airflow/dags/etl_postgres_to_clickhouse.py for tasks to queue
[2026-01-07T23:17:09.279+0000] {logging_mixin.py:188} INFO - [2026-01-07T23:17:09.279+0000] {dagbag.py:545} INFO - Filling up the DagBag from /opt/airflow/dags/etl_postgres_to_clickhouse.py
[2026-01-07T23:17:09.661+0000] {processor.py:840} INFO - DAG(s) 'pg_to_clickhouse_payload_parsing' retrieved from /opt/airflow/dags/etl_postgres_to_clickhouse.py
[2026-01-07T23:17:09.715+0000] {logging_mixin.py:188} INFO - [2026-01-07T23:17:09.714+0000] {dag.py:3096} INFO - Sync 1 DAGs
[2026-01-07T23:17:09.754+0000] {logging_mixin.py:188} INFO - [2026-01-07T23:17:09.753+0000] {dag.py:3954} INFO - Setting next_dagrun for pg_to_clickhouse_payload_parsing to 2026-01-07 23:17:00+00:00, run_after=2026-01-07 23:17:10+00:00
[2026-01-07T23:17:09.782+0000] {processor.py:183} INFO - Processing /opt/airflow/dags/etl_postgres_to_clickhouse.py took 0.528 seconds
[2026-01-07T23:17:40.006+0000] {processor.py:161} INFO - Started process (PID=613) to work on /opt/airflow/dags/etl_postgres_to_clickhouse.py
[2026-01-07T23:17:40.007+0000] {processor.py:830} INFO - Processing file /opt/airflow/dags/etl_postgres_to_clickhouse.py for tasks to queue
[2026-01-07T23:17:40.010+0000] {logging_mixin.py:188} INFO - [2026-01-07T23:17:40.010+0000] {dagbag.py:545} INFO - Filling up the DagBag from /opt/airflow/dags/etl_postgres_to_clickhouse.py
[2026-01-07T23:17:40.321+0000] {processor.py:840} INFO - DAG(s) 'pg_to_clickhouse_payload_parsing' retrieved from /opt/airflow/dags/etl_postgres_to_clickhouse.py
[2026-01-07T23:17:40.358+0000] {logging_mixin.py:188} INFO - [2026-01-07T23:17:40.358+0000] {dag.py:3096} INFO - Sync 1 DAGs
[2026-01-07T23:17:40.387+0000] {logging_mixin.py:188} INFO - [2026-01-07T23:17:40.387+0000] {dag.py:3954} INFO - Setting next_dagrun for pg_to_clickhouse_payload_parsing to 2026-01-07 23:17:30+00:00, run_after=2026-01-07 23:17:40+00:00
[2026-01-07T23:17:40.411+0000] {processor.py:183} INFO - Processing /opt/airflow/dags/etl_postgres_to_clickhouse.py took 0.414 seconds
[2026-01-07T23:18:10.712+0000] {processor.py:161} INFO - Started process (PID=640) to work on /opt/airflow/dags/etl_postgres_to_clickhouse.py
[2026-01-07T23:18:10.713+0000] {processor.py:830} INFO - Processing file /opt/airflow/dags/etl_postgres_to_clickhouse.py for tasks to queue
[2026-01-07T23:18:10.716+0000] {logging_mixin.py:188} INFO - [2026-01-07T23:18:10.716+0000] {dagbag.py:545} INFO - Filling up the DagBag from /opt/airflow/dags/etl_postgres_to_clickhouse.py
[2026-01-07T23:18:11.149+0000] {processor.py:840} INFO - DAG(s) 'pg_to_clickhouse_payload_parsing' retrieved from /opt/airflow/dags/etl_postgres_to_clickhouse.py
[2026-01-07T23:18:11.201+0000] {logging_mixin.py:188} INFO - [2026-01-07T23:18:11.201+0000] {dag.py:3096} INFO - Sync 1 DAGs
[2026-01-07T23:18:11.247+0000] {logging_mixin.py:188} INFO - [2026-01-07T23:18:11.247+0000] {dag.py:3954} INFO - Setting next_dagrun for pg_to_clickhouse_payload_parsing to 2026-01-07 23:18:10+00:00, run_after=2026-01-07 23:18:20+00:00
[2026-01-07T23:18:11.310+0000] {processor.py:183} INFO - Processing /opt/airflow/dags/etl_postgres_to_clickhouse.py took 0.608 seconds
[2026-01-07T23:18:41.449+0000] {processor.py:161} INFO - Started process (PID=663) to work on /opt/airflow/dags/etl_postgres_to_clickhouse.py
[2026-01-07T23:18:41.450+0000] {processor.py:830} INFO - Processing file /opt/airflow/dags/etl_postgres_to_clickhouse.py for tasks to queue
[2026-01-07T23:18:41.452+0000] {logging_mixin.py:188} INFO - [2026-01-07T23:18:41.452+0000] {dagbag.py:545} INFO - Filling up the DagBag from /opt/airflow/dags/etl_postgres_to_clickhouse.py
[2026-01-07T23:18:41.640+0000] {processor.py:840} INFO - DAG(s) 'pg_to_clickhouse_payload_parsing' retrieved from /opt/airflow/dags/etl_postgres_to_clickhouse.py
[2026-01-07T23:18:41.670+0000] {logging_mixin.py:188} INFO - [2026-01-07T23:18:41.670+0000] {dag.py:3096} INFO - Sync 1 DAGs
[2026-01-07T23:18:42.511+0000] {logging_mixin.py:188} INFO - [2026-01-07T23:18:42.511+0000] {dag.py:3954} INFO - Setting next_dagrun for pg_to_clickhouse_payload_parsing to 2026-01-07 23:18:40+00:00, run_after=2026-01-07 23:18:50+00:00
[2026-01-07T23:18:42.880+0000] {processor.py:183} INFO - Processing /opt/airflow/dags/etl_postgres_to_clickhouse.py took 1.428 seconds
[2026-01-07T23:19:12.984+0000] {processor.py:161} INFO - Started process (PID=691) to work on /opt/airflow/dags/etl_postgres_to_clickhouse.py
[2026-01-07T23:19:12.986+0000] {processor.py:830} INFO - Processing file /opt/airflow/dags/etl_postgres_to_clickhouse.py for tasks to queue
[2026-01-07T23:19:12.989+0000] {logging_mixin.py:188} INFO - [2026-01-07T23:19:12.988+0000] {dagbag.py:545} INFO - Filling up the DagBag from /opt/airflow/dags/etl_postgres_to_clickhouse.py
[2026-01-07T23:19:13.319+0000] {processor.py:840} INFO - DAG(s) 'pg_to_clickhouse_payload_parsing' retrieved from /opt/airflow/dags/etl_postgres_to_clickhouse.py
[2026-01-07T23:19:13.376+0000] {logging_mixin.py:188} INFO - [2026-01-07T23:19:13.375+0000] {dag.py:3096} INFO - Sync 1 DAGs
[2026-01-07T23:19:13.415+0000] {logging_mixin.py:188} INFO - [2026-01-07T23:19:13.414+0000] {dag.py:3954} INFO - Setting next_dagrun for pg_to_clickhouse_payload_parsing to 2026-01-07 23:19:10+00:00, run_after=2026-01-07 23:19:20+00:00
[2026-01-07T23:19:13.447+0000] {processor.py:183} INFO - Processing /opt/airflow/dags/etl_postgres_to_clickhouse.py took 0.472 seconds
[2026-01-07T23:19:43.809+0000] {processor.py:161} INFO - Started process (PID=716) to work on /opt/airflow/dags/etl_postgres_to_clickhouse.py
[2026-01-07T23:19:43.811+0000] {processor.py:830} INFO - Processing file /opt/airflow/dags/etl_postgres_to_clickhouse.py for tasks to queue
[2026-01-07T23:19:43.814+0000] {logging_mixin.py:188} INFO - [2026-01-07T23:19:43.814+0000] {dagbag.py:545} INFO - Filling up the DagBag from /opt/airflow/dags/etl_postgres_to_clickhouse.py
[2026-01-07T23:19:44.125+0000] {processor.py:840} INFO - DAG(s) 'pg_to_clickhouse_payload_parsing' retrieved from /opt/airflow/dags/etl_postgres_to_clickhouse.py
[2026-01-07T23:19:44.165+0000] {logging_mixin.py:188} INFO - [2026-01-07T23:19:44.164+0000] {dag.py:3096} INFO - Sync 1 DAGs
[2026-01-07T23:19:44.192+0000] {logging_mixin.py:188} INFO - [2026-01-07T23:19:44.192+0000] {dag.py:3954} INFO - Setting next_dagrun for pg_to_clickhouse_payload_parsing to 2026-01-07 23:19:40+00:00, run_after=2026-01-07 23:19:50+00:00
[2026-01-07T23:19:44.215+0000] {processor.py:183} INFO - Processing /opt/airflow/dags/etl_postgres_to_clickhouse.py took 0.423 seconds
[2026-01-07T23:20:14.670+0000] {processor.py:161} INFO - Started process (PID=741) to work on /opt/airflow/dags/etl_postgres_to_clickhouse.py
[2026-01-07T23:20:14.671+0000] {processor.py:830} INFO - Processing file /opt/airflow/dags/etl_postgres_to_clickhouse.py for tasks to queue
[2026-01-07T23:20:14.675+0000] {logging_mixin.py:188} INFO - [2026-01-07T23:20:14.674+0000] {dagbag.py:545} INFO - Filling up the DagBag from /opt/airflow/dags/etl_postgres_to_clickhouse.py
[2026-01-07T23:20:15.037+0000] {processor.py:840} INFO - DAG(s) 'pg_to_clickhouse_payload_parsing' retrieved from /opt/airflow/dags/etl_postgres_to_clickhouse.py
[2026-01-07T23:20:15.078+0000] {logging_mixin.py:188} INFO - [2026-01-07T23:20:15.078+0000] {dag.py:3096} INFO - Sync 1 DAGs
[2026-01-07T23:20:15.106+0000] {logging_mixin.py:188} INFO - [2026-01-07T23:20:15.106+0000] {dag.py:3954} INFO - Setting next_dagrun for pg_to_clickhouse_payload_parsing to 2026-01-07 23:20:10+00:00, run_after=2026-01-07 23:20:20+00:00
[2026-01-07T23:20:15.131+0000] {processor.py:183} INFO - Processing /opt/airflow/dags/etl_postgres_to_clickhouse.py took 0.469 seconds
[2026-01-07T23:20:45.345+0000] {processor.py:161} INFO - Started process (PID=765) to work on /opt/airflow/dags/etl_postgres_to_clickhouse.py
[2026-01-07T23:20:45.350+0000] {processor.py:830} INFO - Processing file /opt/airflow/dags/etl_postgres_to_clickhouse.py for tasks to queue
[2026-01-07T23:20:45.355+0000] {logging_mixin.py:188} INFO - [2026-01-07T23:20:45.354+0000] {dagbag.py:545} INFO - Filling up the DagBag from /opt/airflow/dags/etl_postgres_to_clickhouse.py
[2026-01-07T23:20:45.956+0000] {processor.py:840} INFO - DAG(s) 'pg_to_clickhouse_payload_parsing' retrieved from /opt/airflow/dags/etl_postgres_to_clickhouse.py
[2026-01-07T23:20:46.007+0000] {logging_mixin.py:188} INFO - [2026-01-07T23:20:46.007+0000] {dag.py:3096} INFO - Sync 1 DAGs
[2026-01-07T23:20:46.058+0000] {logging_mixin.py:188} INFO - [2026-01-07T23:20:46.058+0000] {dag.py:3954} INFO - Setting next_dagrun for pg_to_clickhouse_payload_parsing to 2026-01-07 23:20:40+00:00, run_after=2026-01-07 23:20:50+00:00
[2026-01-07T23:20:46.095+0000] {processor.py:183} INFO - Processing /opt/airflow/dags/etl_postgres_to_clickhouse.py took 0.768 seconds
[2026-01-07T23:21:16.530+0000] {processor.py:161} INFO - Started process (PID=791) to work on /opt/airflow/dags/etl_postgres_to_clickhouse.py
[2026-01-07T23:21:16.531+0000] {processor.py:830} INFO - Processing file /opt/airflow/dags/etl_postgres_to_clickhouse.py for tasks to queue
[2026-01-07T23:21:16.534+0000] {logging_mixin.py:188} INFO - [2026-01-07T23:21:16.534+0000] {dagbag.py:545} INFO - Filling up the DagBag from /opt/airflow/dags/etl_postgres_to_clickhouse.py
[2026-01-07T23:21:16.873+0000] {processor.py:840} INFO - DAG(s) 'pg_to_clickhouse_payload_parsing' retrieved from /opt/airflow/dags/etl_postgres_to_clickhouse.py
[2026-01-07T23:21:16.914+0000] {logging_mixin.py:188} INFO - [2026-01-07T23:21:16.914+0000] {dag.py:3096} INFO - Sync 1 DAGs
[2026-01-07T23:21:16.945+0000] {logging_mixin.py:188} INFO - [2026-01-07T23:21:16.945+0000] {dag.py:3954} INFO - Setting next_dagrun for pg_to_clickhouse_payload_parsing to 2026-01-07 23:21:10+00:00, run_after=2026-01-07 23:21:20+00:00
[2026-01-07T23:21:17.020+0000] {processor.py:183} INFO - Processing /opt/airflow/dags/etl_postgres_to_clickhouse.py took 0.504 seconds
[2026-01-07T23:21:47.291+0000] {processor.py:161} INFO - Started process (PID=816) to work on /opt/airflow/dags/etl_postgres_to_clickhouse.py
[2026-01-07T23:21:47.293+0000] {processor.py:830} INFO - Processing file /opt/airflow/dags/etl_postgres_to_clickhouse.py for tasks to queue
[2026-01-07T23:21:47.298+0000] {logging_mixin.py:188} INFO - [2026-01-07T23:21:47.297+0000] {dagbag.py:545} INFO - Filling up the DagBag from /opt/airflow/dags/etl_postgres_to_clickhouse.py
[2026-01-07T23:21:47.707+0000] {processor.py:840} INFO - DAG(s) 'pg_to_clickhouse_payload_parsing' retrieved from /opt/airflow/dags/etl_postgres_to_clickhouse.py
[2026-01-07T23:21:47.766+0000] {logging_mixin.py:188} INFO - [2026-01-07T23:21:47.765+0000] {dag.py:3096} INFO - Sync 1 DAGs
[2026-01-07T23:21:47.808+0000] {logging_mixin.py:188} INFO - [2026-01-07T23:21:47.807+0000] {dag.py:3954} INFO - Setting next_dagrun for pg_to_clickhouse_payload_parsing to 2026-01-07 23:21:40+00:00, run_after=2026-01-07 23:21:50+00:00
[2026-01-07T23:21:47.843+0000] {processor.py:183} INFO - Processing /opt/airflow/dags/etl_postgres_to_clickhouse.py took 0.563 seconds
[2026-01-07T23:22:18.218+0000] {processor.py:161} INFO - Started process (PID=849) to work on /opt/airflow/dags/etl_postgres_to_clickhouse.py
[2026-01-07T23:22:18.222+0000] {processor.py:830} INFO - Processing file /opt/airflow/dags/etl_postgres_to_clickhouse.py for tasks to queue
[2026-01-07T23:22:18.228+0000] {logging_mixin.py:188} INFO - [2026-01-07T23:22:18.227+0000] {dagbag.py:545} INFO - Filling up the DagBag from /opt/airflow/dags/etl_postgres_to_clickhouse.py
[2026-01-07T23:22:18.905+0000] {processor.py:840} INFO - DAG(s) 'pg_to_clickhouse_payload_parsing' retrieved from /opt/airflow/dags/etl_postgres_to_clickhouse.py
[2026-01-07T23:22:18.983+0000] {logging_mixin.py:188} INFO - [2026-01-07T23:22:18.983+0000] {dag.py:3096} INFO - Sync 1 DAGs
[2026-01-07T23:22:19.057+0000] {logging_mixin.py:188} INFO - [2026-01-07T23:22:19.056+0000] {dag.py:3954} INFO - Setting next_dagrun for pg_to_clickhouse_payload_parsing to 2026-01-07 23:22:10+00:00, run_after=2026-01-07 23:22:20+00:00
[2026-01-07T23:22:19.134+0000] {processor.py:183} INFO - Processing /opt/airflow/dags/etl_postgres_to_clickhouse.py took 0.941 seconds
[2026-01-07T23:22:49.470+0000] {processor.py:161} INFO - Started process (PID=867) to work on /opt/airflow/dags/etl_postgres_to_clickhouse.py
[2026-01-07T23:22:49.472+0000] {processor.py:830} INFO - Processing file /opt/airflow/dags/etl_postgres_to_clickhouse.py for tasks to queue
[2026-01-07T23:22:49.476+0000] {logging_mixin.py:188} INFO - [2026-01-07T23:22:49.475+0000] {dagbag.py:545} INFO - Filling up the DagBag from /opt/airflow/dags/etl_postgres_to_clickhouse.py
[2026-01-07T23:22:49.792+0000] {processor.py:840} INFO - DAG(s) 'pg_to_clickhouse_payload_parsing' retrieved from /opt/airflow/dags/etl_postgres_to_clickhouse.py
[2026-01-07T23:22:49.845+0000] {logging_mixin.py:188} INFO - [2026-01-07T23:22:49.845+0000] {dag.py:3096} INFO - Sync 1 DAGs
[2026-01-07T23:22:49.890+0000] {logging_mixin.py:188} INFO - [2026-01-07T23:22:49.889+0000] {dag.py:3954} INFO - Setting next_dagrun for pg_to_clickhouse_payload_parsing to 2026-01-07 23:22:40+00:00, run_after=2026-01-07 23:22:50+00:00
[2026-01-07T23:22:49.923+0000] {processor.py:183} INFO - Processing /opt/airflow/dags/etl_postgres_to_clickhouse.py took 0.469 seconds
[2026-01-07T23:23:20.216+0000] {processor.py:161} INFO - Started process (PID=892) to work on /opt/airflow/dags/etl_postgres_to_clickhouse.py
[2026-01-07T23:23:20.218+0000] {processor.py:830} INFO - Processing file /opt/airflow/dags/etl_postgres_to_clickhouse.py for tasks to queue
[2026-01-07T23:23:20.220+0000] {logging_mixin.py:188} INFO - [2026-01-07T23:23:20.220+0000] {dagbag.py:545} INFO - Filling up the DagBag from /opt/airflow/dags/etl_postgres_to_clickhouse.py
[2026-01-07T23:23:20.529+0000] {processor.py:840} INFO - DAG(s) 'pg_to_clickhouse_payload_parsing' retrieved from /opt/airflow/dags/etl_postgres_to_clickhouse.py
[2026-01-07T23:23:20.575+0000] {logging_mixin.py:188} INFO - [2026-01-07T23:23:20.574+0000] {dag.py:3096} INFO - Sync 1 DAGs
[2026-01-07T23:23:20.613+0000] {logging_mixin.py:188} INFO - [2026-01-07T23:23:20.612+0000] {dag.py:3954} INFO - Setting next_dagrun for pg_to_clickhouse_payload_parsing to 2026-01-07 23:23:10+00:00, run_after=2026-01-07 23:23:20+00:00
[2026-01-07T23:23:20.651+0000] {processor.py:183} INFO - Processing /opt/airflow/dags/etl_postgres_to_clickhouse.py took 0.442 seconds
[2026-01-07T23:23:51.183+0000] {processor.py:161} INFO - Started process (PID=917) to work on /opt/airflow/dags/etl_postgres_to_clickhouse.py
[2026-01-07T23:23:51.194+0000] {processor.py:830} INFO - Processing file /opt/airflow/dags/etl_postgres_to_clickhouse.py for tasks to queue
[2026-01-07T23:23:51.215+0000] {logging_mixin.py:188} INFO - [2026-01-07T23:23:51.213+0000] {dagbag.py:545} INFO - Filling up the DagBag from /opt/airflow/dags/etl_postgres_to_clickhouse.py
[2026-01-07T23:23:51.845+0000] {processor.py:840} INFO - DAG(s) 'pg_to_clickhouse_payload_parsing' retrieved from /opt/airflow/dags/etl_postgres_to_clickhouse.py
[2026-01-07T23:23:51.947+0000] {logging_mixin.py:188} INFO - [2026-01-07T23:23:51.947+0000] {dag.py:3096} INFO - Sync 1 DAGs
[2026-01-07T23:23:52.013+0000] {logging_mixin.py:188} INFO - [2026-01-07T23:23:52.012+0000] {dag.py:3954} INFO - Setting next_dagrun for pg_to_clickhouse_payload_parsing to 2026-01-07 23:23:50+00:00, run_after=2026-01-07 23:24:00+00:00
[2026-01-07T23:23:52.058+0000] {processor.py:183} INFO - Processing /opt/airflow/dags/etl_postgres_to_clickhouse.py took 0.891 seconds
[2026-01-07T23:24:22.367+0000] {processor.py:161} INFO - Started process (PID=943) to work on /opt/airflow/dags/etl_postgres_to_clickhouse.py
[2026-01-07T23:24:22.368+0000] {processor.py:830} INFO - Processing file /opt/airflow/dags/etl_postgres_to_clickhouse.py for tasks to queue
[2026-01-07T23:24:22.373+0000] {logging_mixin.py:188} INFO - [2026-01-07T23:24:22.372+0000] {dagbag.py:545} INFO - Filling up the DagBag from /opt/airflow/dags/etl_postgres_to_clickhouse.py
[2026-01-07T23:24:22.665+0000] {processor.py:840} INFO - DAG(s) 'pg_to_clickhouse_payload_parsing' retrieved from /opt/airflow/dags/etl_postgres_to_clickhouse.py
[2026-01-07T23:24:22.706+0000] {logging_mixin.py:188} INFO - [2026-01-07T23:24:22.706+0000] {dag.py:3096} INFO - Sync 1 DAGs
[2026-01-07T23:24:22.743+0000] {logging_mixin.py:188} INFO - [2026-01-07T23:24:22.743+0000] {dag.py:3954} INFO - Setting next_dagrun for pg_to_clickhouse_payload_parsing to 2026-01-07 23:24:20+00:00, run_after=2026-01-07 23:24:30+00:00
[2026-01-07T23:24:22.778+0000] {processor.py:183} INFO - Processing /opt/airflow/dags/etl_postgres_to_clickhouse.py took 0.420 seconds
[2026-01-07T23:24:53.030+0000] {processor.py:161} INFO - Started process (PID=975) to work on /opt/airflow/dags/etl_postgres_to_clickhouse.py
[2026-01-07T23:24:53.031+0000] {processor.py:830} INFO - Processing file /opt/airflow/dags/etl_postgres_to_clickhouse.py for tasks to queue
[2026-01-07T23:24:53.034+0000] {logging_mixin.py:188} INFO - [2026-01-07T23:24:53.033+0000] {dagbag.py:545} INFO - Filling up the DagBag from /opt/airflow/dags/etl_postgres_to_clickhouse.py
[2026-01-07T23:24:53.369+0000] {processor.py:840} INFO - DAG(s) 'pg_to_clickhouse_payload_parsing' retrieved from /opt/airflow/dags/etl_postgres_to_clickhouse.py
[2026-01-07T23:24:53.412+0000] {logging_mixin.py:188} INFO - [2026-01-07T23:24:53.412+0000] {dag.py:3096} INFO - Sync 1 DAGs
[2026-01-07T23:24:53.448+0000] {logging_mixin.py:188} INFO - [2026-01-07T23:24:53.447+0000] {dag.py:3954} INFO - Setting next_dagrun for pg_to_clickhouse_payload_parsing to 2026-01-07 23:24:50+00:00, run_after=2026-01-07 23:25:00+00:00
[2026-01-07T23:24:53.522+0000] {processor.py:183} INFO - Processing /opt/airflow/dags/etl_postgres_to_clickhouse.py took 0.502 seconds
[2026-01-07T23:25:23.860+0000] {processor.py:161} INFO - Started process (PID=1000) to work on /opt/airflow/dags/etl_postgres_to_clickhouse.py
[2026-01-07T23:25:23.862+0000] {processor.py:830} INFO - Processing file /opt/airflow/dags/etl_postgres_to_clickhouse.py for tasks to queue
[2026-01-07T23:25:23.869+0000] {logging_mixin.py:188} INFO - [2026-01-07T23:25:23.869+0000] {dagbag.py:545} INFO - Filling up the DagBag from /opt/airflow/dags/etl_postgres_to_clickhouse.py
[2026-01-07T23:25:24.304+0000] {processor.py:840} INFO - DAG(s) 'pg_to_clickhouse_payload_parsing' retrieved from /opt/airflow/dags/etl_postgres_to_clickhouse.py
[2026-01-07T23:25:24.346+0000] {logging_mixin.py:188} INFO - [2026-01-07T23:25:24.346+0000] {dag.py:3096} INFO - Sync 1 DAGs
[2026-01-07T23:25:24.380+0000] {logging_mixin.py:188} INFO - [2026-01-07T23:25:24.379+0000] {dag.py:3954} INFO - Setting next_dagrun for pg_to_clickhouse_payload_parsing to 2026-01-07 23:25:20+00:00, run_after=2026-01-07 23:25:30+00:00
[2026-01-07T23:25:24.412+0000] {processor.py:183} INFO - Processing /opt/airflow/dags/etl_postgres_to_clickhouse.py took 0.563 seconds
[2026-01-07T23:25:54.735+0000] {processor.py:161} INFO - Started process (PID=1025) to work on /opt/airflow/dags/etl_postgres_to_clickhouse.py
[2026-01-07T23:25:54.737+0000] {processor.py:830} INFO - Processing file /opt/airflow/dags/etl_postgres_to_clickhouse.py for tasks to queue
[2026-01-07T23:25:54.741+0000] {logging_mixin.py:188} INFO - [2026-01-07T23:25:54.740+0000] {dagbag.py:545} INFO - Filling up the DagBag from /opt/airflow/dags/etl_postgres_to_clickhouse.py
[2026-01-07T23:25:55.132+0000] {processor.py:840} INFO - DAG(s) 'pg_to_clickhouse_payload_parsing' retrieved from /opt/airflow/dags/etl_postgres_to_clickhouse.py
[2026-01-07T23:25:55.184+0000] {logging_mixin.py:188} INFO - [2026-01-07T23:25:55.183+0000] {dag.py:3096} INFO - Sync 1 DAGs
[2026-01-07T23:25:55.216+0000] {logging_mixin.py:188} INFO - [2026-01-07T23:25:55.216+0000] {dag.py:3954} INFO - Setting next_dagrun for pg_to_clickhouse_payload_parsing to 2026-01-07 23:25:50+00:00, run_after=2026-01-07 23:26:00+00:00
[2026-01-07T23:25:55.261+0000] {processor.py:183} INFO - Processing /opt/airflow/dags/etl_postgres_to_clickhouse.py took 0.543 seconds
[2026-01-07T23:26:25.626+0000] {processor.py:161} INFO - Started process (PID=1050) to work on /opt/airflow/dags/etl_postgres_to_clickhouse.py
[2026-01-07T23:26:25.627+0000] {processor.py:830} INFO - Processing file /opt/airflow/dags/etl_postgres_to_clickhouse.py for tasks to queue
[2026-01-07T23:26:25.629+0000] {logging_mixin.py:188} INFO - [2026-01-07T23:26:25.629+0000] {dagbag.py:545} INFO - Filling up the DagBag from /opt/airflow/dags/etl_postgres_to_clickhouse.py
[2026-01-07T23:26:25.886+0000] {processor.py:840} INFO - DAG(s) 'pg_to_clickhouse_payload_parsing' retrieved from /opt/airflow/dags/etl_postgres_to_clickhouse.py
[2026-01-07T23:26:25.932+0000] {logging_mixin.py:188} INFO - [2026-01-07T23:26:25.932+0000] {dag.py:3096} INFO - Sync 1 DAGs
[2026-01-07T23:26:25.967+0000] {logging_mixin.py:188} INFO - [2026-01-07T23:26:25.966+0000] {dag.py:3954} INFO - Setting next_dagrun for pg_to_clickhouse_payload_parsing to 2026-01-07 23:26:20+00:00, run_after=2026-01-07 23:26:30+00:00
[2026-01-07T23:26:25.994+0000] {processor.py:183} INFO - Processing /opt/airflow/dags/etl_postgres_to_clickhouse.py took 0.376 seconds
[2026-01-07T23:26:56.174+0000] {processor.py:161} INFO - Started process (PID=1075) to work on /opt/airflow/dags/etl_postgres_to_clickhouse.py
[2026-01-07T23:26:56.176+0000] {processor.py:830} INFO - Processing file /opt/airflow/dags/etl_postgres_to_clickhouse.py for tasks to queue
[2026-01-07T23:26:56.178+0000] {logging_mixin.py:188} INFO - [2026-01-07T23:26:56.178+0000] {dagbag.py:545} INFO - Filling up the DagBag from /opt/airflow/dags/etl_postgres_to_clickhouse.py
[2026-01-07T23:26:56.467+0000] {processor.py:840} INFO - DAG(s) 'pg_to_clickhouse_payload_parsing' retrieved from /opt/airflow/dags/etl_postgres_to_clickhouse.py
[2026-01-07T23:26:56.505+0000] {logging_mixin.py:188} INFO - [2026-01-07T23:26:56.505+0000] {dag.py:3096} INFO - Sync 1 DAGs
[2026-01-07T23:26:56.548+0000] {logging_mixin.py:188} INFO - [2026-01-07T23:26:56.547+0000] {dag.py:3954} INFO - Setting next_dagrun for pg_to_clickhouse_payload_parsing to 2026-01-07 23:26:50+00:00, run_after=2026-01-07 23:27:00+00:00
[2026-01-07T23:26:56.580+0000] {processor.py:183} INFO - Processing /opt/airflow/dags/etl_postgres_to_clickhouse.py took 0.414 seconds
[2026-01-07T23:27:26.891+0000] {processor.py:161} INFO - Started process (PID=1100) to work on /opt/airflow/dags/etl_postgres_to_clickhouse.py
[2026-01-07T23:27:26.893+0000] {processor.py:830} INFO - Processing file /opt/airflow/dags/etl_postgres_to_clickhouse.py for tasks to queue
[2026-01-07T23:27:26.898+0000] {logging_mixin.py:188} INFO - [2026-01-07T23:27:26.897+0000] {dagbag.py:545} INFO - Filling up the DagBag from /opt/airflow/dags/etl_postgres_to_clickhouse.py
[2026-01-07T23:27:27.295+0000] {processor.py:840} INFO - DAG(s) 'pg_to_clickhouse_payload_parsing' retrieved from /opt/airflow/dags/etl_postgres_to_clickhouse.py
[2026-01-07T23:27:27.342+0000] {logging_mixin.py:188} INFO - [2026-01-07T23:27:27.342+0000] {dag.py:3096} INFO - Sync 1 DAGs
[2026-01-07T23:27:27.379+0000] {logging_mixin.py:188} INFO - [2026-01-07T23:27:27.378+0000] {dag.py:3954} INFO - Setting next_dagrun for pg_to_clickhouse_payload_parsing to 2026-01-07 23:27:20+00:00, run_after=2026-01-07 23:27:30+00:00
[2026-01-07T23:27:27.411+0000] {processor.py:183} INFO - Processing /opt/airflow/dags/etl_postgres_to_clickhouse.py took 0.537 seconds
[2026-01-07T23:27:57.676+0000] {processor.py:161} INFO - Started process (PID=1125) to work on /opt/airflow/dags/etl_postgres_to_clickhouse.py
[2026-01-07T23:27:57.678+0000] {processor.py:830} INFO - Processing file /opt/airflow/dags/etl_postgres_to_clickhouse.py for tasks to queue
[2026-01-07T23:27:57.681+0000] {logging_mixin.py:188} INFO - [2026-01-07T23:27:57.681+0000] {dagbag.py:545} INFO - Filling up the DagBag from /opt/airflow/dags/etl_postgres_to_clickhouse.py
[2026-01-07T23:27:58.063+0000] {processor.py:840} INFO - DAG(s) 'pg_to_clickhouse_payload_parsing' retrieved from /opt/airflow/dags/etl_postgres_to_clickhouse.py
[2026-01-07T23:27:58.114+0000] {logging_mixin.py:188} INFO - [2026-01-07T23:27:58.114+0000] {dag.py:3096} INFO - Sync 1 DAGs
[2026-01-07T23:27:58.149+0000] {logging_mixin.py:188} INFO - [2026-01-07T23:27:58.149+0000] {dag.py:3954} INFO - Setting next_dagrun for pg_to_clickhouse_payload_parsing to 2026-01-07 23:27:50+00:00, run_after=2026-01-07 23:28:00+00:00
[2026-01-07T23:27:58.179+0000] {processor.py:183} INFO - Processing /opt/airflow/dags/etl_postgres_to_clickhouse.py took 0.514 seconds
[2026-01-07T23:28:28.503+0000] {processor.py:161} INFO - Started process (PID=1150) to work on /opt/airflow/dags/etl_postgres_to_clickhouse.py
[2026-01-07T23:28:28.505+0000] {processor.py:830} INFO - Processing file /opt/airflow/dags/etl_postgres_to_clickhouse.py for tasks to queue
[2026-01-07T23:28:28.509+0000] {logging_mixin.py:188} INFO - [2026-01-07T23:28:28.508+0000] {dagbag.py:545} INFO - Filling up the DagBag from /opt/airflow/dags/etl_postgres_to_clickhouse.py
[2026-01-07T23:28:29.048+0000] {processor.py:840} INFO - DAG(s) 'pg_to_clickhouse_payload_parsing' retrieved from /opt/airflow/dags/etl_postgres_to_clickhouse.py
[2026-01-07T23:28:29.106+0000] {logging_mixin.py:188} INFO - [2026-01-07T23:28:29.106+0000] {dag.py:3096} INFO - Sync 1 DAGs
[2026-01-07T23:28:29.154+0000] {logging_mixin.py:188} INFO - [2026-01-07T23:28:29.153+0000] {dag.py:3954} INFO - Setting next_dagrun for pg_to_clickhouse_payload_parsing to 2026-01-07 23:28:20+00:00, run_after=2026-01-07 23:28:30+00:00
[2026-01-07T23:28:29.195+0000] {processor.py:183} INFO - Processing /opt/airflow/dags/etl_postgres_to_clickhouse.py took 0.707 seconds
[2026-01-07T23:28:59.480+0000] {processor.py:161} INFO - Started process (PID=1175) to work on /opt/airflow/dags/etl_postgres_to_clickhouse.py
[2026-01-07T23:28:59.482+0000] {processor.py:830} INFO - Processing file /opt/airflow/dags/etl_postgres_to_clickhouse.py for tasks to queue
[2026-01-07T23:28:59.484+0000] {logging_mixin.py:188} INFO - [2026-01-07T23:28:59.484+0000] {dagbag.py:545} INFO - Filling up the DagBag from /opt/airflow/dags/etl_postgres_to_clickhouse.py
[2026-01-07T23:28:59.735+0000] {processor.py:840} INFO - DAG(s) 'pg_to_clickhouse_payload_parsing' retrieved from /opt/airflow/dags/etl_postgres_to_clickhouse.py
[2026-01-07T23:28:59.769+0000] {logging_mixin.py:188} INFO - [2026-01-07T23:28:59.769+0000] {dag.py:3096} INFO - Sync 1 DAGs
[2026-01-07T23:28:59.798+0000] {logging_mixin.py:188} INFO - [2026-01-07T23:28:59.798+0000] {dag.py:3954} INFO - Setting next_dagrun for pg_to_clickhouse_payload_parsing to 2026-01-07 23:28:50+00:00, run_after=2026-01-07 23:29:00+00:00
[2026-01-07T23:28:59.823+0000] {processor.py:183} INFO - Processing /opt/airflow/dags/etl_postgres_to_clickhouse.py took 0.353 seconds
[2026-01-07T23:29:30.102+0000] {processor.py:161} INFO - Started process (PID=1199) to work on /opt/airflow/dags/etl_postgres_to_clickhouse.py
[2026-01-07T23:29:30.104+0000] {processor.py:830} INFO - Processing file /opt/airflow/dags/etl_postgres_to_clickhouse.py for tasks to queue
[2026-01-07T23:29:30.107+0000] {logging_mixin.py:188} INFO - [2026-01-07T23:29:30.107+0000] {dagbag.py:545} INFO - Filling up the DagBag from /opt/airflow/dags/etl_postgres_to_clickhouse.py
[2026-01-07T23:29:30.358+0000] {processor.py:840} INFO - DAG(s) 'pg_to_clickhouse_payload_parsing' retrieved from /opt/airflow/dags/etl_postgres_to_clickhouse.py
[2026-01-07T23:29:30.407+0000] {logging_mixin.py:188} INFO - [2026-01-07T23:29:30.407+0000] {dag.py:3096} INFO - Sync 1 DAGs
[2026-01-07T23:29:30.443+0000] {logging_mixin.py:188} INFO - [2026-01-07T23:29:30.443+0000] {dag.py:3954} INFO - Setting next_dagrun for pg_to_clickhouse_payload_parsing to 2026-01-07 23:29:30+00:00, run_after=2026-01-07 23:29:40+00:00
[2026-01-07T23:29:30.477+0000] {processor.py:183} INFO - Processing /opt/airflow/dags/etl_postgres_to_clickhouse.py took 0.383 seconds
[2026-01-07T23:30:00.815+0000] {processor.py:161} INFO - Started process (PID=1224) to work on /opt/airflow/dags/etl_postgres_to_clickhouse.py
[2026-01-07T23:30:00.817+0000] {processor.py:830} INFO - Processing file /opt/airflow/dags/etl_postgres_to_clickhouse.py for tasks to queue
[2026-01-07T23:30:00.820+0000] {logging_mixin.py:188} INFO - [2026-01-07T23:30:00.819+0000] {dagbag.py:545} INFO - Filling up the DagBag from /opt/airflow/dags/etl_postgres_to_clickhouse.py
[2026-01-07T23:30:01.396+0000] {processor.py:840} INFO - DAG(s) 'pg_to_clickhouse_payload_parsing' retrieved from /opt/airflow/dags/etl_postgres_to_clickhouse.py
[2026-01-07T23:30:01.463+0000] {logging_mixin.py:188} INFO - [2026-01-07T23:30:01.462+0000] {dag.py:3096} INFO - Sync 1 DAGs
[2026-01-07T23:30:01.525+0000] {logging_mixin.py:188} INFO - [2026-01-07T23:30:01.524+0000] {dag.py:3954} INFO - Setting next_dagrun for pg_to_clickhouse_payload_parsing to 2026-01-07 23:30:00+00:00, run_after=2026-01-07 23:30:10+00:00
[2026-01-07T23:30:01.596+0000] {processor.py:183} INFO - Processing /opt/airflow/dags/etl_postgres_to_clickhouse.py took 0.793 seconds
[2026-01-07T23:30:31.955+0000] {processor.py:161} INFO - Started process (PID=1251) to work on /opt/airflow/dags/etl_postgres_to_clickhouse.py
[2026-01-07T23:30:31.958+0000] {processor.py:830} INFO - Processing file /opt/airflow/dags/etl_postgres_to_clickhouse.py for tasks to queue
[2026-01-07T23:30:31.967+0000] {logging_mixin.py:188} INFO - [2026-01-07T23:30:31.966+0000] {dagbag.py:545} INFO - Filling up the DagBag from /opt/airflow/dags/etl_postgres_to_clickhouse.py
[2026-01-07T23:30:32.412+0000] {processor.py:840} INFO - DAG(s) 'pg_to_clickhouse_payload_parsing' retrieved from /opt/airflow/dags/etl_postgres_to_clickhouse.py
[2026-01-07T23:30:32.469+0000] {logging_mixin.py:188} INFO - [2026-01-07T23:30:32.469+0000] {dag.py:3096} INFO - Sync 1 DAGs
[2026-01-07T23:30:32.514+0000] {logging_mixin.py:188} INFO - [2026-01-07T23:30:32.514+0000] {dag.py:3954} INFO - Setting next_dagrun for pg_to_clickhouse_payload_parsing to 2026-01-07 23:30:30+00:00, run_after=2026-01-07 23:30:40+00:00
[2026-01-07T23:30:32.552+0000] {processor.py:183} INFO - Processing /opt/airflow/dags/etl_postgres_to_clickhouse.py took 0.611 seconds
[2026-01-07T23:31:02.909+0000] {processor.py:161} INFO - Started process (PID=1276) to work on /opt/airflow/dags/etl_postgres_to_clickhouse.py
[2026-01-07T23:31:02.910+0000] {processor.py:830} INFO - Processing file /opt/airflow/dags/etl_postgres_to_clickhouse.py for tasks to queue
[2026-01-07T23:31:02.913+0000] {logging_mixin.py:188} INFO - [2026-01-07T23:31:02.912+0000] {dagbag.py:545} INFO - Filling up the DagBag from /opt/airflow/dags/etl_postgres_to_clickhouse.py
[2026-01-07T23:31:03.246+0000] {processor.py:840} INFO - DAG(s) 'pg_to_clickhouse_payload_parsing' retrieved from /opt/airflow/dags/etl_postgres_to_clickhouse.py
[2026-01-07T23:31:03.290+0000] {logging_mixin.py:188} INFO - [2026-01-07T23:31:03.290+0000] {dag.py:3096} INFO - Sync 1 DAGs
[2026-01-07T23:31:03.325+0000] {logging_mixin.py:188} INFO - [2026-01-07T23:31:03.325+0000] {dag.py:3954} INFO - Setting next_dagrun for pg_to_clickhouse_payload_parsing to 2026-01-07 23:31:00+00:00, run_after=2026-01-07 23:31:10+00:00
[2026-01-07T23:31:03.348+0000] {processor.py:183} INFO - Processing /opt/airflow/dags/etl_postgres_to_clickhouse.py took 0.450 seconds
[2026-01-07T23:31:33.677+0000] {processor.py:161} INFO - Started process (PID=1302) to work on /opt/airflow/dags/etl_postgres_to_clickhouse.py
[2026-01-07T23:31:33.679+0000] {processor.py:830} INFO - Processing file /opt/airflow/dags/etl_postgres_to_clickhouse.py for tasks to queue
[2026-01-07T23:31:33.683+0000] {logging_mixin.py:188} INFO - [2026-01-07T23:31:33.683+0000] {dagbag.py:545} INFO - Filling up the DagBag from /opt/airflow/dags/etl_postgres_to_clickhouse.py
[2026-01-07T23:31:34.084+0000] {processor.py:840} INFO - DAG(s) 'pg_to_clickhouse_payload_parsing' retrieved from /opt/airflow/dags/etl_postgres_to_clickhouse.py
[2026-01-07T23:31:34.156+0000] {logging_mixin.py:188} INFO - [2026-01-07T23:31:34.156+0000] {dag.py:3096} INFO - Sync 1 DAGs
[2026-01-07T23:31:34.210+0000] {logging_mixin.py:188} INFO - [2026-01-07T23:31:34.210+0000] {dag.py:3954} INFO - Setting next_dagrun for pg_to_clickhouse_payload_parsing to 2026-01-07 23:31:30+00:00, run_after=2026-01-07 23:31:40+00:00
[2026-01-07T23:31:34.248+0000] {processor.py:183} INFO - Processing /opt/airflow/dags/etl_postgres_to_clickhouse.py took 0.585 seconds
