[2026-01-06T13:02:19.897+0000] {processor.py:161} INFO - Started process (PID=192) to work on /opt/airflow/dags/etl_postgres_to_clickhouse.py
[2026-01-06T13:02:19.900+0000] {processor.py:830} INFO - Processing file /opt/airflow/dags/etl_postgres_to_clickhouse.py for tasks to queue
[2026-01-06T13:02:19.904+0000] {logging_mixin.py:188} INFO - [2026-01-06T13:02:19.903+0000] {dagbag.py:545} INFO - Filling up the DagBag from /opt/airflow/dags/etl_postgres_to_clickhouse.py
[2026-01-06T13:02:20.466+0000] {processor.py:840} INFO - DAG(s) 'pg_to_clickhouse_sliding_window' retrieved from /opt/airflow/dags/etl_postgres_to_clickhouse.py
[2026-01-06T13:02:20.535+0000] {logging_mixin.py:188} INFO - [2026-01-06T13:02:20.535+0000] {dag.py:3096} INFO - Sync 1 DAGs
[2026-01-06T13:02:20.583+0000] {logging_mixin.py:188} INFO - [2026-01-06T13:02:20.583+0000] {dag.py:3954} INFO - Setting next_dagrun for pg_to_clickhouse_sliding_window to 2026-01-06 13:02:20+00:00, run_after=2026-01-06 13:02:30+00:00
[2026-01-06T13:02:20.626+0000] {processor.py:183} INFO - Processing /opt/airflow/dags/etl_postgres_to_clickhouse.py took 0.740 seconds
[2026-01-06T13:02:51.020+0000] {processor.py:161} INFO - Started process (PID=237) to work on /opt/airflow/dags/etl_postgres_to_clickhouse.py
[2026-01-06T13:02:51.034+0000] {processor.py:830} INFO - Processing file /opt/airflow/dags/etl_postgres_to_clickhouse.py for tasks to queue
[2026-01-06T13:02:51.064+0000] {logging_mixin.py:188} INFO - [2026-01-06T13:02:51.058+0000] {dagbag.py:545} INFO - Filling up the DagBag from /opt/airflow/dags/etl_postgres_to_clickhouse.py
[2026-01-06T13:02:53.209+0000] {processor.py:840} INFO - DAG(s) 'pg_to_clickhouse_sliding_window' retrieved from /opt/airflow/dags/etl_postgres_to_clickhouse.py
[2026-01-06T13:02:54.712+0000] {logging_mixin.py:188} INFO - [2026-01-06T13:02:54.710+0000] {dag.py:3096} INFO - Sync 1 DAGs
[2026-01-06T13:02:55.566+0000] {logging_mixin.py:188} INFO - [2026-01-06T13:02:55.565+0000] {dag.py:3954} INFO - Setting next_dagrun for pg_to_clickhouse_sliding_window to 2026-01-06 13:02:50+00:00, run_after=2026-01-06 13:03:00+00:00
[2026-01-06T13:02:56.483+0000] {processor.py:183} INFO - Processing /opt/airflow/dags/etl_postgres_to_clickhouse.py took 5.559 seconds
[2026-01-06T13:03:36.925+0000] {processor.py:161} INFO - Started process (PID=255) to work on /opt/airflow/dags/etl_postgres_to_clickhouse.py
[2026-01-06T13:03:37.045+0000] {processor.py:830} INFO - Processing file /opt/airflow/dags/etl_postgres_to_clickhouse.py for tasks to queue
[2026-01-06T13:03:37.391+0000] {logging_mixin.py:188} INFO - [2026-01-06T13:03:37.371+0000] {dagbag.py:545} INFO - Filling up the DagBag from /opt/airflow/dags/etl_postgres_to_clickhouse.py
[2026-01-06T13:03:51.238+0000] {processor.py:840} INFO - DAG(s) 'pg_to_clickhouse_sliding_window' retrieved from /opt/airflow/dags/etl_postgres_to_clickhouse.py
[2026-01-06T13:03:52.004+0000] {logging_mixin.py:188} INFO - [2026-01-06T13:03:52.004+0000] {dag.py:3096} INFO - Sync 1 DAGs
[2026-01-06T13:03:52.971+0000] {logging_mixin.py:188} INFO - [2026-01-06T13:03:52.971+0000] {dag.py:3954} INFO - Setting next_dagrun for pg_to_clickhouse_sliding_window to 2026-01-06 13:03:50+00:00, run_after=2026-01-06 13:04:00+00:00
[2026-01-06T13:03:53.096+0000] {processor.py:183} INFO - Processing /opt/airflow/dags/etl_postgres_to_clickhouse.py took 19.602 seconds
[2026-01-06T13:04:24.065+0000] {processor.py:161} INFO - Started process (PID=289) to work on /opt/airflow/dags/etl_postgres_to_clickhouse.py
[2026-01-06T13:04:24.075+0000] {processor.py:830} INFO - Processing file /opt/airflow/dags/etl_postgres_to_clickhouse.py for tasks to queue
[2026-01-06T13:04:24.127+0000] {logging_mixin.py:188} INFO - [2026-01-06T13:04:24.124+0000] {dagbag.py:545} INFO - Filling up the DagBag from /opt/airflow/dags/etl_postgres_to_clickhouse.py
[2026-01-06T13:04:27.331+0000] {processor.py:840} INFO - DAG(s) 'pg_to_clickhouse_sliding_window' retrieved from /opt/airflow/dags/etl_postgres_to_clickhouse.py
[2026-01-06T13:04:29.517+0000] {logging_mixin.py:188} INFO - [2026-01-06T13:04:29.517+0000] {dag.py:3096} INFO - Sync 1 DAGs
[2026-01-06T13:04:30.617+0000] {logging_mixin.py:188} INFO - [2026-01-06T13:04:30.610+0000] {dag.py:3954} INFO - Setting next_dagrun for pg_to_clickhouse_sliding_window to 2026-01-06 13:04:20+00:00, run_after=2026-01-06 13:04:30+00:00
[2026-01-06T13:04:31.259+0000] {processor.py:183} INFO - Processing /opt/airflow/dags/etl_postgres_to_clickhouse.py took 8.714 seconds
[2026-01-06T13:05:08.768+0000] {processor.py:161} INFO - Started process (PID=307) to work on /opt/airflow/dags/etl_postgres_to_clickhouse.py
[2026-01-06T13:05:09.056+0000] {processor.py:830} INFO - Processing file /opt/airflow/dags/etl_postgres_to_clickhouse.py for tasks to queue
[2026-01-06T13:05:10.299+0000] {logging_mixin.py:188} INFO - [2026-01-06T13:05:10.016+0000] {dagbag.py:545} INFO - Filling up the DagBag from /opt/airflow/dags/etl_postgres_to_clickhouse.py
[2026-01-06T13:10:37.251+0000] {logging_mixin.py:188} INFO - [2026-01-06T13:06:01.150+0000] {timeout.py:68} ERROR - Process timed out, PID: 307
[2026-01-06T13:14:33.962+0000] {processor.py:161} INFO - Started process (PID=190) to work on /opt/airflow/dags/etl_postgres_to_clickhouse.py
[2026-01-06T13:14:33.964+0000] {processor.py:830} INFO - Processing file /opt/airflow/dags/etl_postgres_to_clickhouse.py for tasks to queue
[2026-01-06T13:14:33.979+0000] {logging_mixin.py:188} INFO - [2026-01-06T13:14:33.978+0000] {dagbag.py:545} INFO - Filling up the DagBag from /opt/airflow/dags/etl_postgres_to_clickhouse.py
[2026-01-06T13:14:35.174+0000] {processor.py:840} INFO - DAG(s) 'pg_to_clickhouse_sliding_window' retrieved from /opt/airflow/dags/etl_postgres_to_clickhouse.py
[2026-01-06T13:14:35.989+0000] {logging_mixin.py:188} INFO - [2026-01-06T13:14:35.987+0000] {override.py:1829} INFO - Created Permission View: can delete on DAG:pg_to_clickhouse_sliding_window
[2026-01-06T13:14:36.047+0000] {logging_mixin.py:188} INFO - [2026-01-06T13:14:36.047+0000] {override.py:1829} INFO - Created Permission View: can edit on DAG:pg_to_clickhouse_sliding_window
[2026-01-06T13:14:36.082+0000] {logging_mixin.py:188} INFO - [2026-01-06T13:14:36.082+0000] {override.py:1829} INFO - Created Permission View: can read on DAG:pg_to_clickhouse_sliding_window
[2026-01-06T13:14:36.084+0000] {logging_mixin.py:188} INFO - [2026-01-06T13:14:36.083+0000] {dag.py:3096} INFO - Sync 1 DAGs
[2026-01-06T13:14:36.168+0000] {logging_mixin.py:188} INFO - [2026-01-06T13:14:36.167+0000] {dag.py:3118} INFO - Creating ORM DAG for pg_to_clickhouse_sliding_window
[2026-01-06T13:14:36.218+0000] {logging_mixin.py:188} INFO - [2026-01-06T13:14:36.215+0000] {dag.py:3954} INFO - Setting next_dagrun for pg_to_clickhouse_sliding_window to 2026-01-06 13:14:20+00:00, run_after=2026-01-06 13:14:30+00:00
[2026-01-06T13:14:36.382+0000] {processor.py:183} INFO - Processing /opt/airflow/dags/etl_postgres_to_clickhouse.py took 2.438 seconds
[2026-01-06T13:15:50.159+0000] {processor.py:161} INFO - Started process (PID=198) to work on /opt/airflow/dags/etl_postgres_to_clickhouse.py
[2026-01-06T13:15:50.161+0000] {processor.py:830} INFO - Processing file /opt/airflow/dags/etl_postgres_to_clickhouse.py for tasks to queue
[2026-01-06T13:15:50.173+0000] {logging_mixin.py:188} INFO - [2026-01-06T13:15:50.168+0000] {dagbag.py:545} INFO - Filling up the DagBag from /opt/airflow/dags/etl_postgres_to_clickhouse.py
[2026-01-06T13:15:50.870+0000] {processor.py:840} INFO - DAG(s) 'pg_to_clickhouse_sliding_window' retrieved from /opt/airflow/dags/etl_postgres_to_clickhouse.py
[2026-01-06T13:15:51.379+0000] {logging_mixin.py:188} INFO - [2026-01-06T13:15:51.378+0000] {override.py:1829} INFO - Created Permission View: can read on DAG:pg_to_clickhouse_sliding_window
[2026-01-06T13:15:51.412+0000] {logging_mixin.py:188} INFO - [2026-01-06T13:15:51.411+0000] {override.py:1829} INFO - Created Permission View: can delete on DAG:pg_to_clickhouse_sliding_window
[2026-01-06T13:15:51.430+0000] {logging_mixin.py:188} INFO - [2026-01-06T13:15:51.430+0000] {override.py:1829} INFO - Created Permission View: can edit on DAG:pg_to_clickhouse_sliding_window
[2026-01-06T13:15:51.432+0000] {logging_mixin.py:188} INFO - [2026-01-06T13:15:51.432+0000] {dag.py:3096} INFO - Sync 1 DAGs
[2026-01-06T13:15:51.468+0000] {logging_mixin.py:188} INFO - [2026-01-06T13:15:51.468+0000] {dag.py:3118} INFO - Creating ORM DAG for pg_to_clickhouse_sliding_window
[2026-01-06T13:15:51.499+0000] {logging_mixin.py:188} INFO - [2026-01-06T13:15:51.498+0000] {dag.py:3954} INFO - Setting next_dagrun for pg_to_clickhouse_sliding_window to 2026-01-06 13:15:40+00:00, run_after=2026-01-06 13:15:50+00:00
[2026-01-06T13:15:51.547+0000] {processor.py:183} INFO - Processing /opt/airflow/dags/etl_postgres_to_clickhouse.py took 1.412 seconds
[2026-01-06T13:16:22.048+0000] {processor.py:161} INFO - Started process (PID=234) to work on /opt/airflow/dags/etl_postgres_to_clickhouse.py
[2026-01-06T13:16:22.052+0000] {processor.py:830} INFO - Processing file /opt/airflow/dags/etl_postgres_to_clickhouse.py for tasks to queue
[2026-01-06T13:16:22.059+0000] {logging_mixin.py:188} INFO - [2026-01-06T13:16:22.058+0000] {dagbag.py:545} INFO - Filling up the DagBag from /opt/airflow/dags/etl_postgres_to_clickhouse.py
[2026-01-06T13:16:22.777+0000] {processor.py:840} INFO - DAG(s) 'pg_to_clickhouse_sliding_window' retrieved from /opt/airflow/dags/etl_postgres_to_clickhouse.py
[2026-01-06T13:16:22.841+0000] {logging_mixin.py:188} INFO - [2026-01-06T13:16:22.840+0000] {dag.py:3096} INFO - Sync 1 DAGs
[2026-01-06T13:16:22.899+0000] {logging_mixin.py:188} INFO - [2026-01-06T13:16:22.898+0000] {dag.py:3954} INFO - Setting next_dagrun for pg_to_clickhouse_sliding_window to 2026-01-06 13:16:20+00:00, run_after=2026-01-06 13:16:30+00:00
[2026-01-06T13:16:22.942+0000] {processor.py:183} INFO - Processing /opt/airflow/dags/etl_postgres_to_clickhouse.py took 0.911 seconds
[2026-01-06T13:16:53.320+0000] {processor.py:161} INFO - Started process (PID=271) to work on /opt/airflow/dags/etl_postgres_to_clickhouse.py
[2026-01-06T13:16:53.323+0000] {processor.py:830} INFO - Processing file /opt/airflow/dags/etl_postgres_to_clickhouse.py for tasks to queue
[2026-01-06T13:16:53.337+0000] {logging_mixin.py:188} INFO - [2026-01-06T13:16:53.336+0000] {dagbag.py:545} INFO - Filling up the DagBag from /opt/airflow/dags/etl_postgres_to_clickhouse.py
[2026-01-06T13:16:54.235+0000] {processor.py:840} INFO - DAG(s) 'pg_to_clickhouse_sliding_window' retrieved from /opt/airflow/dags/etl_postgres_to_clickhouse.py
[2026-01-06T13:16:54.317+0000] {logging_mixin.py:188} INFO - [2026-01-06T13:16:54.316+0000] {dag.py:3096} INFO - Sync 1 DAGs
[2026-01-06T13:16:54.445+0000] {logging_mixin.py:188} INFO - [2026-01-06T13:16:54.445+0000] {dag.py:3954} INFO - Setting next_dagrun for pg_to_clickhouse_sliding_window to 2026-01-06 13:16:50+00:00, run_after=2026-01-06 13:17:00+00:00
[2026-01-06T13:16:54.521+0000] {processor.py:183} INFO - Processing /opt/airflow/dags/etl_postgres_to_clickhouse.py took 1.223 seconds
[2026-01-06T13:17:24.932+0000] {processor.py:161} INFO - Started process (PID=296) to work on /opt/airflow/dags/etl_postgres_to_clickhouse.py
[2026-01-06T13:17:24.933+0000] {processor.py:830} INFO - Processing file /opt/airflow/dags/etl_postgres_to_clickhouse.py for tasks to queue
[2026-01-06T13:17:24.937+0000] {logging_mixin.py:188} INFO - [2026-01-06T13:17:24.936+0000] {dagbag.py:545} INFO - Filling up the DagBag from /opt/airflow/dags/etl_postgres_to_clickhouse.py
[2026-01-06T13:17:25.342+0000] {processor.py:840} INFO - DAG(s) 'pg_to_clickhouse_sliding_window' retrieved from /opt/airflow/dags/etl_postgres_to_clickhouse.py
[2026-01-06T13:17:25.387+0000] {logging_mixin.py:188} INFO - [2026-01-06T13:17:25.386+0000] {dag.py:3096} INFO - Sync 1 DAGs
[2026-01-06T13:17:25.426+0000] {logging_mixin.py:188} INFO - [2026-01-06T13:17:25.426+0000] {dag.py:3954} INFO - Setting next_dagrun for pg_to_clickhouse_sliding_window to 2026-01-06 13:17:20+00:00, run_after=2026-01-06 13:17:30+00:00
[2026-01-06T13:17:25.455+0000] {processor.py:183} INFO - Processing /opt/airflow/dags/etl_postgres_to_clickhouse.py took 0.536 seconds
[2026-01-06T13:17:56.138+0000] {processor.py:161} INFO - Started process (PID=322) to work on /opt/airflow/dags/etl_postgres_to_clickhouse.py
[2026-01-06T13:17:56.139+0000] {processor.py:830} INFO - Processing file /opt/airflow/dags/etl_postgres_to_clickhouse.py for tasks to queue
[2026-01-06T13:17:56.142+0000] {logging_mixin.py:188} INFO - [2026-01-06T13:17:56.142+0000] {dagbag.py:545} INFO - Filling up the DagBag from /opt/airflow/dags/etl_postgres_to_clickhouse.py
[2026-01-06T13:17:56.464+0000] {processor.py:840} INFO - DAG(s) 'pg_to_clickhouse_sliding_window' retrieved from /opt/airflow/dags/etl_postgres_to_clickhouse.py
[2026-01-06T13:17:56.514+0000] {logging_mixin.py:188} INFO - [2026-01-06T13:17:56.513+0000] {dag.py:3096} INFO - Sync 1 DAGs
[2026-01-06T13:17:56.546+0000] {logging_mixin.py:188} INFO - [2026-01-06T13:17:56.546+0000] {dag.py:3954} INFO - Setting next_dagrun for pg_to_clickhouse_sliding_window to 2026-01-06 13:17:50+00:00, run_after=2026-01-06 13:18:00+00:00
[2026-01-06T13:17:56.578+0000] {processor.py:183} INFO - Processing /opt/airflow/dags/etl_postgres_to_clickhouse.py took 0.450 seconds
[2026-01-06T13:18:27.110+0000] {processor.py:161} INFO - Started process (PID=347) to work on /opt/airflow/dags/etl_postgres_to_clickhouse.py
[2026-01-06T13:18:27.112+0000] {processor.py:830} INFO - Processing file /opt/airflow/dags/etl_postgres_to_clickhouse.py for tasks to queue
[2026-01-06T13:18:27.121+0000] {logging_mixin.py:188} INFO - [2026-01-06T13:18:27.120+0000] {dagbag.py:545} INFO - Filling up the DagBag from /opt/airflow/dags/etl_postgres_to_clickhouse.py
[2026-01-06T13:18:27.603+0000] {processor.py:840} INFO - DAG(s) 'pg_to_clickhouse_sliding_window' retrieved from /opt/airflow/dags/etl_postgres_to_clickhouse.py
[2026-01-06T13:18:27.664+0000] {logging_mixin.py:188} INFO - [2026-01-06T13:18:27.663+0000] {dag.py:3096} INFO - Sync 1 DAGs
[2026-01-06T13:18:27.712+0000] {logging_mixin.py:188} INFO - [2026-01-06T13:18:27.712+0000] {dag.py:3954} INFO - Setting next_dagrun for pg_to_clickhouse_sliding_window to 2026-01-06 13:18:20+00:00, run_after=2026-01-06 13:18:30+00:00
[2026-01-06T13:18:27.756+0000] {processor.py:183} INFO - Processing /opt/airflow/dags/etl_postgres_to_clickhouse.py took 0.661 seconds
[2026-01-06T13:18:58.232+0000] {processor.py:161} INFO - Started process (PID=372) to work on /opt/airflow/dags/etl_postgres_to_clickhouse.py
[2026-01-06T13:18:58.236+0000] {processor.py:830} INFO - Processing file /opt/airflow/dags/etl_postgres_to_clickhouse.py for tasks to queue
[2026-01-06T13:18:58.241+0000] {logging_mixin.py:188} INFO - [2026-01-06T13:18:58.240+0000] {dagbag.py:545} INFO - Filling up the DagBag from /opt/airflow/dags/etl_postgres_to_clickhouse.py
[2026-01-06T13:18:58.690+0000] {processor.py:840} INFO - DAG(s) 'pg_to_clickhouse_sliding_window' retrieved from /opt/airflow/dags/etl_postgres_to_clickhouse.py
[2026-01-06T13:18:58.748+0000] {logging_mixin.py:188} INFO - [2026-01-06T13:18:58.747+0000] {dag.py:3096} INFO - Sync 1 DAGs
[2026-01-06T13:18:58.789+0000] {logging_mixin.py:188} INFO - [2026-01-06T13:18:58.789+0000] {dag.py:3954} INFO - Setting next_dagrun for pg_to_clickhouse_sliding_window to 2026-01-06 13:18:50+00:00, run_after=2026-01-06 13:19:00+00:00
[2026-01-06T13:18:58.825+0000] {processor.py:183} INFO - Processing /opt/airflow/dags/etl_postgres_to_clickhouse.py took 0.614 seconds
[2026-01-06T13:19:28.924+0000] {processor.py:161} INFO - Started process (PID=404) to work on /opt/airflow/dags/etl_postgres_to_clickhouse.py
[2026-01-06T13:19:28.929+0000] {processor.py:830} INFO - Processing file /opt/airflow/dags/etl_postgres_to_clickhouse.py for tasks to queue
[2026-01-06T13:19:28.933+0000] {logging_mixin.py:188} INFO - [2026-01-06T13:19:28.933+0000] {dagbag.py:545} INFO - Filling up the DagBag from /opt/airflow/dags/etl_postgres_to_clickhouse.py
[2026-01-06T13:19:29.399+0000] {processor.py:840} INFO - DAG(s) 'pg_to_clickhouse_sliding_window' retrieved from /opt/airflow/dags/etl_postgres_to_clickhouse.py
[2026-01-06T13:19:29.456+0000] {logging_mixin.py:188} INFO - [2026-01-06T13:19:29.456+0000] {dag.py:3096} INFO - Sync 1 DAGs
[2026-01-06T13:19:29.526+0000] {logging_mixin.py:188} INFO - [2026-01-06T13:19:29.525+0000] {dag.py:3954} INFO - Setting next_dagrun for pg_to_clickhouse_sliding_window to 2026-01-06 13:19:20+00:00, run_after=2026-01-06 13:19:30+00:00
[2026-01-06T13:19:29.716+0000] {processor.py:183} INFO - Processing /opt/airflow/dags/etl_postgres_to_clickhouse.py took 0.805 seconds
[2026-01-06T13:19:59.967+0000] {processor.py:161} INFO - Started process (PID=429) to work on /opt/airflow/dags/etl_postgres_to_clickhouse.py
[2026-01-06T13:19:59.968+0000] {processor.py:830} INFO - Processing file /opt/airflow/dags/etl_postgres_to_clickhouse.py for tasks to queue
[2026-01-06T13:19:59.972+0000] {logging_mixin.py:188} INFO - [2026-01-06T13:19:59.971+0000] {dagbag.py:545} INFO - Filling up the DagBag from /opt/airflow/dags/etl_postgres_to_clickhouse.py
[2026-01-06T13:20:00.544+0000] {processor.py:840} INFO - DAG(s) 'pg_to_clickhouse_sliding_window' retrieved from /opt/airflow/dags/etl_postgres_to_clickhouse.py
[2026-01-06T13:20:00.633+0000] {logging_mixin.py:188} INFO - [2026-01-06T13:20:00.633+0000] {dag.py:3096} INFO - Sync 1 DAGs
[2026-01-06T13:20:00.705+0000] {logging_mixin.py:188} INFO - [2026-01-06T13:20:00.705+0000] {dag.py:3954} INFO - Setting next_dagrun for pg_to_clickhouse_sliding_window to 2026-01-06 13:20:00+00:00, run_after=2026-01-06 13:20:10+00:00
[2026-01-06T13:20:00.820+0000] {processor.py:183} INFO - Processing /opt/airflow/dags/etl_postgres_to_clickhouse.py took 0.867 seconds
[2026-01-06T13:20:31.007+0000] {processor.py:161} INFO - Started process (PID=455) to work on /opt/airflow/dags/etl_postgres_to_clickhouse.py
[2026-01-06T13:20:31.008+0000] {processor.py:830} INFO - Processing file /opt/airflow/dags/etl_postgres_to_clickhouse.py for tasks to queue
[2026-01-06T13:20:31.011+0000] {logging_mixin.py:188} INFO - [2026-01-06T13:20:31.011+0000] {dagbag.py:545} INFO - Filling up the DagBag from /opt/airflow/dags/etl_postgres_to_clickhouse.py
[2026-01-06T13:20:31.332+0000] {processor.py:840} INFO - DAG(s) 'pg_to_clickhouse_sliding_window' retrieved from /opt/airflow/dags/etl_postgres_to_clickhouse.py
[2026-01-06T13:20:31.374+0000] {logging_mixin.py:188} INFO - [2026-01-06T13:20:31.373+0000] {dag.py:3096} INFO - Sync 1 DAGs
[2026-01-06T13:20:31.406+0000] {logging_mixin.py:188} INFO - [2026-01-06T13:20:31.405+0000] {dag.py:3954} INFO - Setting next_dagrun for pg_to_clickhouse_sliding_window to 2026-01-06 13:20:20+00:00, run_after=2026-01-06 13:20:30+00:00
[2026-01-06T13:20:31.432+0000] {processor.py:183} INFO - Processing /opt/airflow/dags/etl_postgres_to_clickhouse.py took 0.435 seconds
[2026-01-06T13:21:01.962+0000] {processor.py:161} INFO - Started process (PID=481) to work on /opt/airflow/dags/etl_postgres_to_clickhouse.py
[2026-01-06T13:21:01.964+0000] {processor.py:830} INFO - Processing file /opt/airflow/dags/etl_postgres_to_clickhouse.py for tasks to queue
[2026-01-06T13:21:01.966+0000] {logging_mixin.py:188} INFO - [2026-01-06T13:21:01.966+0000] {dagbag.py:545} INFO - Filling up the DagBag from /opt/airflow/dags/etl_postgres_to_clickhouse.py
[2026-01-06T13:21:00.597+0000] {processor.py:840} INFO - DAG(s) 'pg_to_clickhouse_sliding_window' retrieved from /opt/airflow/dags/etl_postgres_to_clickhouse.py
[2026-01-06T13:21:00.651+0000] {logging_mixin.py:188} INFO - [2026-01-06T13:21:00.650+0000] {dag.py:3096} INFO - Sync 1 DAGs
[2026-01-06T13:21:00.690+0000] {logging_mixin.py:188} INFO - [2026-01-06T13:21:00.690+0000] {dag.py:3954} INFO - Setting next_dagrun for pg_to_clickhouse_sliding_window to 2026-01-06 13:21:00+00:00, run_after=2026-01-06 13:21:10+00:00
[2026-01-06T13:21:00.721+0000] {processor.py:183} INFO - Processing /opt/airflow/dags/etl_postgres_to_clickhouse.py took 0.480 seconds
[2026-01-06T13:21:31.297+0000] {processor.py:161} INFO - Started process (PID=513) to work on /opt/airflow/dags/etl_postgres_to_clickhouse.py
[2026-01-06T13:21:31.299+0000] {processor.py:830} INFO - Processing file /opt/airflow/dags/etl_postgres_to_clickhouse.py for tasks to queue
[2026-01-06T13:21:31.302+0000] {logging_mixin.py:188} INFO - [2026-01-06T13:21:31.301+0000] {dagbag.py:545} INFO - Filling up the DagBag from /opt/airflow/dags/etl_postgres_to_clickhouse.py
[2026-01-06T13:21:31.638+0000] {processor.py:840} INFO - DAG(s) 'pg_to_clickhouse_sliding_window' retrieved from /opt/airflow/dags/etl_postgres_to_clickhouse.py
[2026-01-06T13:21:31.679+0000] {logging_mixin.py:188} INFO - [2026-01-06T13:21:31.679+0000] {dag.py:3096} INFO - Sync 1 DAGs
[2026-01-06T13:21:31.718+0000] {logging_mixin.py:188} INFO - [2026-01-06T13:21:31.717+0000] {dag.py:3954} INFO - Setting next_dagrun for pg_to_clickhouse_sliding_window to 2026-01-06 13:21:30+00:00, run_after=2026-01-06 13:21:40+00:00
[2026-01-06T13:21:32.020+0000] {processor.py:183} INFO - Processing /opt/airflow/dags/etl_postgres_to_clickhouse.py took 0.734 seconds
[2026-01-06T13:22:02.278+0000] {processor.py:161} INFO - Started process (PID=540) to work on /opt/airflow/dags/etl_postgres_to_clickhouse.py
[2026-01-06T13:22:02.279+0000] {processor.py:830} INFO - Processing file /opt/airflow/dags/etl_postgres_to_clickhouse.py for tasks to queue
[2026-01-06T13:22:02.282+0000] {logging_mixin.py:188} INFO - [2026-01-06T13:22:02.281+0000] {dagbag.py:545} INFO - Filling up the DagBag from /opt/airflow/dags/etl_postgres_to_clickhouse.py
[2026-01-06T13:22:02.779+0000] {processor.py:840} INFO - DAG(s) 'pg_to_clickhouse_sliding_window' retrieved from /opt/airflow/dags/etl_postgres_to_clickhouse.py
[2026-01-06T13:22:02.844+0000] {logging_mixin.py:188} INFO - [2026-01-06T13:22:02.843+0000] {dag.py:3096} INFO - Sync 1 DAGs
[2026-01-06T13:22:02.908+0000] {logging_mixin.py:188} INFO - [2026-01-06T13:22:02.908+0000] {dag.py:3954} INFO - Setting next_dagrun for pg_to_clickhouse_sliding_window to 2026-01-06 13:22:00+00:00, run_after=2026-01-06 13:22:10+00:00
[2026-01-06T13:22:02.950+0000] {processor.py:183} INFO - Processing /opt/airflow/dags/etl_postgres_to_clickhouse.py took 0.683 seconds
[2026-01-06T13:22:33.318+0000] {processor.py:161} INFO - Started process (PID=566) to work on /opt/airflow/dags/etl_postgres_to_clickhouse.py
[2026-01-06T13:22:33.320+0000] {processor.py:830} INFO - Processing file /opt/airflow/dags/etl_postgres_to_clickhouse.py for tasks to queue
[2026-01-06T13:22:33.324+0000] {logging_mixin.py:188} INFO - [2026-01-06T13:22:33.323+0000] {dagbag.py:545} INFO - Filling up the DagBag from /opt/airflow/dags/etl_postgres_to_clickhouse.py
[2026-01-06T13:22:33.828+0000] {processor.py:840} INFO - DAG(s) 'pg_to_clickhouse_sliding_window' retrieved from /opt/airflow/dags/etl_postgres_to_clickhouse.py
[2026-01-06T13:22:33.889+0000] {logging_mixin.py:188} INFO - [2026-01-06T13:22:33.888+0000] {dag.py:3096} INFO - Sync 1 DAGs
[2026-01-06T13:22:33.951+0000] {logging_mixin.py:188} INFO - [2026-01-06T13:22:33.950+0000] {dag.py:3954} INFO - Setting next_dagrun for pg_to_clickhouse_sliding_window to 2026-01-06 13:22:30+00:00, run_after=2026-01-06 13:22:40+00:00
[2026-01-06T13:22:33.996+0000] {processor.py:183} INFO - Processing /opt/airflow/dags/etl_postgres_to_clickhouse.py took 0.695 seconds
[2026-01-06T13:23:04.125+0000] {processor.py:161} INFO - Started process (PID=592) to work on /opt/airflow/dags/etl_postgres_to_clickhouse.py
[2026-01-06T13:23:04.127+0000] {processor.py:830} INFO - Processing file /opt/airflow/dags/etl_postgres_to_clickhouse.py for tasks to queue
[2026-01-06T13:23:04.131+0000] {logging_mixin.py:188} INFO - [2026-01-06T13:23:04.130+0000] {dagbag.py:545} INFO - Filling up the DagBag from /opt/airflow/dags/etl_postgres_to_clickhouse.py
[2026-01-06T13:23:04.615+0000] {processor.py:840} INFO - DAG(s) 'pg_to_clickhouse_sliding_window' retrieved from /opt/airflow/dags/etl_postgres_to_clickhouse.py
[2026-01-06T13:23:04.667+0000] {logging_mixin.py:188} INFO - [2026-01-06T13:23:04.667+0000] {dag.py:3096} INFO - Sync 1 DAGs
[2026-01-06T13:23:04.705+0000] {logging_mixin.py:188} INFO - [2026-01-06T13:23:04.705+0000] {dag.py:3954} INFO - Setting next_dagrun for pg_to_clickhouse_sliding_window to 2026-01-06 13:23:00+00:00, run_after=2026-01-06 13:23:10+00:00
[2026-01-06T13:23:04.746+0000] {processor.py:183} INFO - Processing /opt/airflow/dags/etl_postgres_to_clickhouse.py took 0.634 seconds
[2026-01-06T13:23:35.025+0000] {processor.py:161} INFO - Started process (PID=618) to work on /opt/airflow/dags/etl_postgres_to_clickhouse.py
[2026-01-06T13:23:35.026+0000] {processor.py:830} INFO - Processing file /opt/airflow/dags/etl_postgres_to_clickhouse.py for tasks to queue
[2026-01-06T13:23:35.030+0000] {logging_mixin.py:188} INFO - [2026-01-06T13:23:35.029+0000] {dagbag.py:545} INFO - Filling up the DagBag from /opt/airflow/dags/etl_postgres_to_clickhouse.py
[2026-01-06T13:23:35.469+0000] {processor.py:840} INFO - DAG(s) 'pg_to_clickhouse_sliding_window' retrieved from /opt/airflow/dags/etl_postgres_to_clickhouse.py
[2026-01-06T13:23:35.520+0000] {logging_mixin.py:188} INFO - [2026-01-06T13:23:35.519+0000] {dag.py:3096} INFO - Sync 1 DAGs
[2026-01-06T13:23:35.560+0000] {logging_mixin.py:188} INFO - [2026-01-06T13:23:35.560+0000] {dag.py:3954} INFO - Setting next_dagrun for pg_to_clickhouse_sliding_window to 2026-01-06 13:23:30+00:00, run_after=2026-01-06 13:23:40+00:00
[2026-01-06T13:23:35.596+0000] {processor.py:183} INFO - Processing /opt/airflow/dags/etl_postgres_to_clickhouse.py took 0.581 seconds
[2026-01-06T13:24:05.863+0000] {processor.py:161} INFO - Started process (PID=651) to work on /opt/airflow/dags/etl_postgres_to_clickhouse.py
[2026-01-06T13:24:05.865+0000] {processor.py:830} INFO - Processing file /opt/airflow/dags/etl_postgres_to_clickhouse.py for tasks to queue
[2026-01-06T13:24:05.869+0000] {logging_mixin.py:188} INFO - [2026-01-06T13:24:05.868+0000] {dagbag.py:545} INFO - Filling up the DagBag from /opt/airflow/dags/etl_postgres_to_clickhouse.py
[2026-01-06T13:24:06.337+0000] {processor.py:840} INFO - DAG(s) 'pg_to_clickhouse_sliding_window' retrieved from /opt/airflow/dags/etl_postgres_to_clickhouse.py
[2026-01-06T13:24:06.387+0000] {logging_mixin.py:188} INFO - [2026-01-06T13:24:06.387+0000] {dag.py:3096} INFO - Sync 1 DAGs
[2026-01-06T13:24:06.431+0000] {logging_mixin.py:188} INFO - [2026-01-06T13:24:06.431+0000] {dag.py:3954} INFO - Setting next_dagrun for pg_to_clickhouse_sliding_window to 2026-01-06 13:24:00+00:00, run_after=2026-01-06 13:24:10+00:00
[2026-01-06T13:24:06.468+0000] {processor.py:183} INFO - Processing /opt/airflow/dags/etl_postgres_to_clickhouse.py took 0.620 seconds
[2026-01-06T13:24:36.749+0000] {processor.py:161} INFO - Started process (PID=676) to work on /opt/airflow/dags/etl_postgres_to_clickhouse.py
[2026-01-06T13:24:36.756+0000] {processor.py:830} INFO - Processing file /opt/airflow/dags/etl_postgres_to_clickhouse.py for tasks to queue
[2026-01-06T13:24:36.761+0000] {logging_mixin.py:188} INFO - [2026-01-06T13:24:36.760+0000] {dagbag.py:545} INFO - Filling up the DagBag from /opt/airflow/dags/etl_postgres_to_clickhouse.py
[2026-01-06T13:24:37.336+0000] {processor.py:840} INFO - DAG(s) 'pg_to_clickhouse_sliding_window' retrieved from /opt/airflow/dags/etl_postgres_to_clickhouse.py
[2026-01-06T13:24:37.412+0000] {logging_mixin.py:188} INFO - [2026-01-06T13:24:37.412+0000] {dag.py:3096} INFO - Sync 1 DAGs
[2026-01-06T13:24:37.493+0000] {logging_mixin.py:188} INFO - [2026-01-06T13:24:37.493+0000] {dag.py:3954} INFO - Setting next_dagrun for pg_to_clickhouse_sliding_window to 2026-01-06 13:24:30+00:00, run_after=2026-01-06 13:24:40+00:00
[2026-01-06T13:24:37.579+0000] {processor.py:183} INFO - Processing /opt/airflow/dags/etl_postgres_to_clickhouse.py took 0.842 seconds
[2026-01-06T13:25:08.069+0000] {processor.py:161} INFO - Started process (PID=702) to work on /opt/airflow/dags/etl_postgres_to_clickhouse.py
[2026-01-06T13:25:08.070+0000] {processor.py:830} INFO - Processing file /opt/airflow/dags/etl_postgres_to_clickhouse.py for tasks to queue
[2026-01-06T13:25:08.073+0000] {logging_mixin.py:188} INFO - [2026-01-06T13:25:08.072+0000] {dagbag.py:545} INFO - Filling up the DagBag from /opt/airflow/dags/etl_postgres_to_clickhouse.py
[2026-01-06T13:25:08.305+0000] {processor.py:840} INFO - DAG(s) 'pg_to_clickhouse_sliding_window' retrieved from /opt/airflow/dags/etl_postgres_to_clickhouse.py
[2026-01-06T13:25:08.354+0000] {logging_mixin.py:188} INFO - [2026-01-06T13:25:08.354+0000] {dag.py:3096} INFO - Sync 1 DAGs
[2026-01-06T13:25:08.392+0000] {logging_mixin.py:188} INFO - [2026-01-06T13:25:08.391+0000] {dag.py:3954} INFO - Setting next_dagrun for pg_to_clickhouse_sliding_window to 2026-01-06 13:25:00+00:00, run_after=2026-01-06 13:25:10+00:00
[2026-01-06T13:25:08.552+0000] {processor.py:183} INFO - Processing /opt/airflow/dags/etl_postgres_to_clickhouse.py took 0.490 seconds
[2026-01-06T13:25:39.042+0000] {processor.py:161} INFO - Started process (PID=727) to work on /opt/airflow/dags/etl_postgres_to_clickhouse.py
[2026-01-06T13:25:39.043+0000] {processor.py:830} INFO - Processing file /opt/airflow/dags/etl_postgres_to_clickhouse.py for tasks to queue
[2026-01-06T13:25:39.045+0000] {logging_mixin.py:188} INFO - [2026-01-06T13:25:39.045+0000] {dagbag.py:545} INFO - Filling up the DagBag from /opt/airflow/dags/etl_postgres_to_clickhouse.py
[2026-01-06T13:25:39.432+0000] {processor.py:840} INFO - DAG(s) 'pg_to_clickhouse_sliding_window' retrieved from /opt/airflow/dags/etl_postgres_to_clickhouse.py
[2026-01-06T13:25:39.485+0000] {logging_mixin.py:188} INFO - [2026-01-06T13:25:39.485+0000] {dag.py:3096} INFO - Sync 1 DAGs
[2026-01-06T13:25:39.528+0000] {logging_mixin.py:188} INFO - [2026-01-06T13:25:39.527+0000] {dag.py:3954} INFO - Setting next_dagrun for pg_to_clickhouse_sliding_window to 2026-01-06 13:25:30+00:00, run_after=2026-01-06 13:25:40+00:00
[2026-01-06T13:25:39.565+0000] {processor.py:183} INFO - Processing /opt/airflow/dags/etl_postgres_to_clickhouse.py took 0.533 seconds
[2026-01-06T13:26:09.972+0000] {processor.py:161} INFO - Started process (PID=752) to work on /opt/airflow/dags/etl_postgres_to_clickhouse.py
[2026-01-06T13:26:09.974+0000] {processor.py:830} INFO - Processing file /opt/airflow/dags/etl_postgres_to_clickhouse.py for tasks to queue
[2026-01-06T13:26:09.978+0000] {logging_mixin.py:188} INFO - [2026-01-06T13:26:09.977+0000] {dagbag.py:545} INFO - Filling up the DagBag from /opt/airflow/dags/etl_postgres_to_clickhouse.py
[2026-01-06T13:26:10.372+0000] {processor.py:840} INFO - DAG(s) 'pg_to_clickhouse_sliding_window' retrieved from /opt/airflow/dags/etl_postgres_to_clickhouse.py
[2026-01-06T13:26:10.418+0000] {logging_mixin.py:188} INFO - [2026-01-06T13:26:10.418+0000] {dag.py:3096} INFO - Sync 1 DAGs
[2026-01-06T13:26:10.451+0000] {logging_mixin.py:188} INFO - [2026-01-06T13:26:10.450+0000] {dag.py:3954} INFO - Setting next_dagrun for pg_to_clickhouse_sliding_window to 2026-01-06 13:26:00+00:00, run_after=2026-01-06 13:26:10+00:00
[2026-01-06T13:26:10.483+0000] {processor.py:183} INFO - Processing /opt/airflow/dags/etl_postgres_to_clickhouse.py took 0.523 seconds
[2026-01-06T13:26:40.838+0000] {processor.py:161} INFO - Started process (PID=786) to work on /opt/airflow/dags/etl_postgres_to_clickhouse.py
[2026-01-06T13:26:40.840+0000] {processor.py:830} INFO - Processing file /opt/airflow/dags/etl_postgres_to_clickhouse.py for tasks to queue
[2026-01-06T13:26:40.843+0000] {logging_mixin.py:188} INFO - [2026-01-06T13:26:40.842+0000] {dagbag.py:545} INFO - Filling up the DagBag from /opt/airflow/dags/etl_postgres_to_clickhouse.py
[2026-01-06T13:26:41.226+0000] {processor.py:840} INFO - DAG(s) 'pg_to_clickhouse_sliding_window' retrieved from /opt/airflow/dags/etl_postgres_to_clickhouse.py
[2026-01-06T13:26:41.278+0000] {logging_mixin.py:188} INFO - [2026-01-06T13:26:41.278+0000] {dag.py:3096} INFO - Sync 1 DAGs
[2026-01-06T13:26:41.325+0000] {logging_mixin.py:188} INFO - [2026-01-06T13:26:41.324+0000] {dag.py:3954} INFO - Setting next_dagrun for pg_to_clickhouse_sliding_window to 2026-01-06 13:26:40+00:00, run_after=2026-01-06 13:26:50+00:00
[2026-01-06T13:26:41.356+0000] {processor.py:183} INFO - Processing /opt/airflow/dags/etl_postgres_to_clickhouse.py took 0.529 seconds
[2026-01-06T13:27:11.577+0000] {processor.py:161} INFO - Started process (PID=811) to work on /opt/airflow/dags/etl_postgres_to_clickhouse.py
[2026-01-06T13:27:11.579+0000] {processor.py:830} INFO - Processing file /opt/airflow/dags/etl_postgres_to_clickhouse.py for tasks to queue
[2026-01-06T13:27:11.585+0000] {logging_mixin.py:188} INFO - [2026-01-06T13:27:11.584+0000] {dagbag.py:545} INFO - Filling up the DagBag from /opt/airflow/dags/etl_postgres_to_clickhouse.py
[2026-01-06T13:27:12.021+0000] {processor.py:840} INFO - DAG(s) 'pg_to_clickhouse_sliding_window' retrieved from /opt/airflow/dags/etl_postgres_to_clickhouse.py
[2026-01-06T13:27:12.091+0000] {logging_mixin.py:188} INFO - [2026-01-06T13:27:12.091+0000] {dag.py:3096} INFO - Sync 1 DAGs
[2026-01-06T13:27:12.134+0000] {logging_mixin.py:188} INFO - [2026-01-06T13:27:12.134+0000] {dag.py:3954} INFO - Setting next_dagrun for pg_to_clickhouse_sliding_window to 2026-01-06 13:27:10+00:00, run_after=2026-01-06 13:27:20+00:00
[2026-01-06T13:27:12.171+0000] {processor.py:183} INFO - Processing /opt/airflow/dags/etl_postgres_to_clickhouse.py took 0.601 seconds
[2026-01-06T13:27:42.824+0000] {processor.py:161} INFO - Started process (PID=835) to work on /opt/airflow/dags/etl_postgres_to_clickhouse.py
[2026-01-06T13:27:42.827+0000] {processor.py:830} INFO - Processing file /opt/airflow/dags/etl_postgres_to_clickhouse.py for tasks to queue
[2026-01-06T13:27:42.831+0000] {logging_mixin.py:188} INFO - [2026-01-06T13:27:42.830+0000] {dagbag.py:545} INFO - Filling up the DagBag from /opt/airflow/dags/etl_postgres_to_clickhouse.py
[2026-01-06T13:27:43.355+0000] {processor.py:840} INFO - DAG(s) 'pg_to_clickhouse_sliding_window' retrieved from /opt/airflow/dags/etl_postgres_to_clickhouse.py
[2026-01-06T13:27:43.415+0000] {logging_mixin.py:188} INFO - [2026-01-06T13:27:43.414+0000] {dag.py:3096} INFO - Sync 1 DAGs
[2026-01-06T13:27:43.455+0000] {logging_mixin.py:188} INFO - [2026-01-06T13:27:43.454+0000] {dag.py:3954} INFO - Setting next_dagrun for pg_to_clickhouse_sliding_window to 2026-01-06 13:27:40+00:00, run_after=2026-01-06 13:27:50+00:00
[2026-01-06T13:27:43.495+0000] {processor.py:183} INFO - Processing /opt/airflow/dags/etl_postgres_to_clickhouse.py took 0.681 seconds
[2026-01-06T13:28:13.900+0000] {processor.py:161} INFO - Started process (PID=860) to work on /opt/airflow/dags/etl_postgres_to_clickhouse.py
[2026-01-06T13:28:13.901+0000] {processor.py:830} INFO - Processing file /opt/airflow/dags/etl_postgres_to_clickhouse.py for tasks to queue
[2026-01-06T13:28:13.904+0000] {logging_mixin.py:188} INFO - [2026-01-06T13:28:13.904+0000] {dagbag.py:545} INFO - Filling up the DagBag from /opt/airflow/dags/etl_postgres_to_clickhouse.py
[2026-01-06T13:28:14.241+0000] {processor.py:840} INFO - DAG(s) 'pg_to_clickhouse_sliding_window' retrieved from /opt/airflow/dags/etl_postgres_to_clickhouse.py
[2026-01-06T13:28:14.304+0000] {logging_mixin.py:188} INFO - [2026-01-06T13:28:14.303+0000] {dag.py:3096} INFO - Sync 1 DAGs
[2026-01-06T13:28:14.344+0000] {logging_mixin.py:188} INFO - [2026-01-06T13:28:14.343+0000] {dag.py:3954} INFO - Setting next_dagrun for pg_to_clickhouse_sliding_window to 2026-01-06 13:28:10+00:00, run_after=2026-01-06 13:28:20+00:00
[2026-01-06T13:28:14.378+0000] {processor.py:183} INFO - Processing /opt/airflow/dags/etl_postgres_to_clickhouse.py took 0.489 seconds
[2026-01-06T13:28:44.985+0000] {processor.py:161} INFO - Started process (PID=885) to work on /opt/airflow/dags/etl_postgres_to_clickhouse.py
[2026-01-06T13:28:44.988+0000] {processor.py:830} INFO - Processing file /opt/airflow/dags/etl_postgres_to_clickhouse.py for tasks to queue
[2026-01-06T13:28:44.991+0000] {logging_mixin.py:188} INFO - [2026-01-06T13:28:44.991+0000] {dagbag.py:545} INFO - Filling up the DagBag from /opt/airflow/dags/etl_postgres_to_clickhouse.py
[2026-01-06T13:28:45.464+0000] {processor.py:840} INFO - DAG(s) 'pg_to_clickhouse_sliding_window' retrieved from /opt/airflow/dags/etl_postgres_to_clickhouse.py
[2026-01-06T13:28:45.523+0000] {logging_mixin.py:188} INFO - [2026-01-06T13:28:45.522+0000] {dag.py:3096} INFO - Sync 1 DAGs
[2026-01-06T13:28:45.566+0000] {logging_mixin.py:188} INFO - [2026-01-06T13:28:45.565+0000] {dag.py:3954} INFO - Setting next_dagrun for pg_to_clickhouse_sliding_window to 2026-01-06 13:28:40+00:00, run_after=2026-01-06 13:28:50+00:00
[2026-01-06T13:28:45.602+0000] {processor.py:183} INFO - Processing /opt/airflow/dags/etl_postgres_to_clickhouse.py took 0.632 seconds
[2026-01-06T13:29:15.779+0000] {processor.py:161} INFO - Started process (PID=917) to work on /opt/airflow/dags/etl_postgres_to_clickhouse.py
[2026-01-06T13:29:15.781+0000] {processor.py:830} INFO - Processing file /opt/airflow/dags/etl_postgres_to_clickhouse.py for tasks to queue
[2026-01-06T13:29:15.787+0000] {logging_mixin.py:188} INFO - [2026-01-06T13:29:15.786+0000] {dagbag.py:545} INFO - Filling up the DagBag from /opt/airflow/dags/etl_postgres_to_clickhouse.py
[2026-01-06T13:29:16.233+0000] {processor.py:840} INFO - DAG(s) 'pg_to_clickhouse_sliding_window' retrieved from /opt/airflow/dags/etl_postgres_to_clickhouse.py
[2026-01-06T13:29:16.300+0000] {logging_mixin.py:188} INFO - [2026-01-06T13:29:16.300+0000] {dag.py:3096} INFO - Sync 1 DAGs
[2026-01-06T13:29:16.352+0000] {logging_mixin.py:188} INFO - [2026-01-06T13:29:16.352+0000] {dag.py:3954} INFO - Setting next_dagrun for pg_to_clickhouse_sliding_window to 2026-01-06 13:29:10+00:00, run_after=2026-01-06 13:29:20+00:00
[2026-01-06T13:29:16.398+0000] {processor.py:183} INFO - Processing /opt/airflow/dags/etl_postgres_to_clickhouse.py took 0.631 seconds
[2026-01-06T13:29:46.867+0000] {processor.py:161} INFO - Started process (PID=942) to work on /opt/airflow/dags/etl_postgres_to_clickhouse.py
[2026-01-06T13:29:46.869+0000] {processor.py:830} INFO - Processing file /opt/airflow/dags/etl_postgres_to_clickhouse.py for tasks to queue
[2026-01-06T13:29:46.872+0000] {logging_mixin.py:188} INFO - [2026-01-06T13:29:46.872+0000] {dagbag.py:545} INFO - Filling up the DagBag from /opt/airflow/dags/etl_postgres_to_clickhouse.py
[2026-01-06T13:29:47.245+0000] {processor.py:840} INFO - DAG(s) 'pg_to_clickhouse_sliding_window' retrieved from /opt/airflow/dags/etl_postgres_to_clickhouse.py
[2026-01-06T13:29:47.284+0000] {logging_mixin.py:188} INFO - [2026-01-06T13:29:47.284+0000] {dag.py:3096} INFO - Sync 1 DAGs
[2026-01-06T13:29:47.321+0000] {logging_mixin.py:188} INFO - [2026-01-06T13:29:47.320+0000] {dag.py:3954} INFO - Setting next_dagrun for pg_to_clickhouse_sliding_window to 2026-01-06 13:29:40+00:00, run_after=2026-01-06 13:29:50+00:00
[2026-01-06T13:29:47.778+0000] {processor.py:183} INFO - Processing /opt/airflow/dags/etl_postgres_to_clickhouse.py took 0.922 seconds
[2026-01-06T13:30:18.149+0000] {processor.py:161} INFO - Started process (PID=967) to work on /opt/airflow/dags/etl_postgres_to_clickhouse.py
[2026-01-06T13:30:18.155+0000] {processor.py:830} INFO - Processing file /opt/airflow/dags/etl_postgres_to_clickhouse.py for tasks to queue
[2026-01-06T13:30:18.159+0000] {logging_mixin.py:188} INFO - [2026-01-06T13:30:18.158+0000] {dagbag.py:545} INFO - Filling up the DagBag from /opt/airflow/dags/etl_postgres_to_clickhouse.py
[2026-01-06T13:30:18.533+0000] {processor.py:840} INFO - DAG(s) 'pg_to_clickhouse_sliding_window' retrieved from /opt/airflow/dags/etl_postgres_to_clickhouse.py
[2026-01-06T13:30:18.589+0000] {logging_mixin.py:188} INFO - [2026-01-06T13:30:18.589+0000] {dag.py:3096} INFO - Sync 1 DAGs
[2026-01-06T13:30:18.633+0000] {logging_mixin.py:188} INFO - [2026-01-06T13:30:18.632+0000] {dag.py:3954} INFO - Setting next_dagrun for pg_to_clickhouse_sliding_window to 2026-01-06 13:30:10+00:00, run_after=2026-01-06 13:30:20+00:00
[2026-01-06T13:30:18.667+0000] {processor.py:183} INFO - Processing /opt/airflow/dags/etl_postgres_to_clickhouse.py took 0.534 seconds
[2026-01-06T13:30:49.217+0000] {processor.py:161} INFO - Started process (PID=992) to work on /opt/airflow/dags/etl_postgres_to_clickhouse.py
[2026-01-06T13:30:49.219+0000] {processor.py:830} INFO - Processing file /opt/airflow/dags/etl_postgres_to_clickhouse.py for tasks to queue
[2026-01-06T13:30:49.222+0000] {logging_mixin.py:188} INFO - [2026-01-06T13:30:49.221+0000] {dagbag.py:545} INFO - Filling up the DagBag from /opt/airflow/dags/etl_postgres_to_clickhouse.py
[2026-01-06T13:30:49.626+0000] {processor.py:840} INFO - DAG(s) 'pg_to_clickhouse_sliding_window' retrieved from /opt/airflow/dags/etl_postgres_to_clickhouse.py
[2026-01-06T13:30:49.688+0000] {logging_mixin.py:188} INFO - [2026-01-06T13:30:49.687+0000] {dag.py:3096} INFO - Sync 1 DAGs
[2026-01-06T13:30:49.752+0000] {logging_mixin.py:188} INFO - [2026-01-06T13:30:49.751+0000] {dag.py:3954} INFO - Setting next_dagrun for pg_to_clickhouse_sliding_window to 2026-01-06 13:30:40+00:00, run_after=2026-01-06 13:30:50+00:00
[2026-01-06T13:30:49.829+0000] {processor.py:183} INFO - Processing /opt/airflow/dags/etl_postgres_to_clickhouse.py took 0.625 seconds
[2026-01-06T13:31:20.295+0000] {processor.py:161} INFO - Started process (PID=1017) to work on /opt/airflow/dags/etl_postgres_to_clickhouse.py
[2026-01-06T13:31:20.297+0000] {processor.py:830} INFO - Processing file /opt/airflow/dags/etl_postgres_to_clickhouse.py for tasks to queue
[2026-01-06T13:31:20.300+0000] {logging_mixin.py:188} INFO - [2026-01-06T13:31:20.299+0000] {dagbag.py:545} INFO - Filling up the DagBag from /opt/airflow/dags/etl_postgres_to_clickhouse.py
[2026-01-06T13:31:20.690+0000] {processor.py:840} INFO - DAG(s) 'pg_to_clickhouse_sliding_window' retrieved from /opt/airflow/dags/etl_postgres_to_clickhouse.py
[2026-01-06T13:31:20.733+0000] {logging_mixin.py:188} INFO - [2026-01-06T13:31:20.732+0000] {dag.py:3096} INFO - Sync 1 DAGs
[2026-01-06T13:31:20.769+0000] {logging_mixin.py:188} INFO - [2026-01-06T13:31:20.768+0000] {dag.py:3954} INFO - Setting next_dagrun for pg_to_clickhouse_sliding_window to 2026-01-06 13:31:10+00:00, run_after=2026-01-06 13:31:20+00:00
[2026-01-06T13:31:20.796+0000] {processor.py:183} INFO - Processing /opt/airflow/dags/etl_postgres_to_clickhouse.py took 0.514 seconds
[2026-01-06T13:31:51.025+0000] {processor.py:161} INFO - Started process (PID=1051) to work on /opt/airflow/dags/etl_postgres_to_clickhouse.py
[2026-01-06T13:31:51.026+0000] {processor.py:830} INFO - Processing file /opt/airflow/dags/etl_postgres_to_clickhouse.py for tasks to queue
[2026-01-06T13:31:51.029+0000] {logging_mixin.py:188} INFO - [2026-01-06T13:31:51.028+0000] {dagbag.py:545} INFO - Filling up the DagBag from /opt/airflow/dags/etl_postgres_to_clickhouse.py
[2026-01-06T13:31:51.381+0000] {processor.py:840} INFO - DAG(s) 'pg_to_clickhouse_sliding_window' retrieved from /opt/airflow/dags/etl_postgres_to_clickhouse.py
[2026-01-06T13:31:51.430+0000] {logging_mixin.py:188} INFO - [2026-01-06T13:31:51.430+0000] {dag.py:3096} INFO - Sync 1 DAGs
[2026-01-06T13:31:51.469+0000] {logging_mixin.py:188} INFO - [2026-01-06T13:31:51.469+0000] {dag.py:3954} INFO - Setting next_dagrun for pg_to_clickhouse_sliding_window to 2026-01-06 13:31:50+00:00, run_after=2026-01-06 13:32:00+00:00
[2026-01-06T13:31:51.878+0000] {processor.py:183} INFO - Processing /opt/airflow/dags/etl_postgres_to_clickhouse.py took 0.863 seconds
[2026-01-06T13:32:22.343+0000] {processor.py:161} INFO - Started process (PID=1076) to work on /opt/airflow/dags/etl_postgres_to_clickhouse.py
[2026-01-06T13:32:22.346+0000] {processor.py:830} INFO - Processing file /opt/airflow/dags/etl_postgres_to_clickhouse.py for tasks to queue
[2026-01-06T13:32:22.352+0000] {logging_mixin.py:188} INFO - [2026-01-06T13:32:22.351+0000] {dagbag.py:545} INFO - Filling up the DagBag from /opt/airflow/dags/etl_postgres_to_clickhouse.py
[2026-01-06T13:32:22.919+0000] {processor.py:840} INFO - DAG(s) 'pg_to_clickhouse_sliding_window' retrieved from /opt/airflow/dags/etl_postgres_to_clickhouse.py
[2026-01-06T13:32:23.025+0000] {logging_mixin.py:188} INFO - [2026-01-06T13:32:23.024+0000] {dag.py:3096} INFO - Sync 1 DAGs
[2026-01-06T13:32:23.069+0000] {logging_mixin.py:188} INFO - [2026-01-06T13:32:23.069+0000] {dag.py:3954} INFO - Setting next_dagrun for pg_to_clickhouse_sliding_window to 2026-01-06 13:32:20+00:00, run_after=2026-01-06 13:32:30+00:00
[2026-01-06T13:32:23.169+0000] {processor.py:183} INFO - Processing /opt/airflow/dags/etl_postgres_to_clickhouse.py took 0.841 seconds
[2026-01-06T13:32:53.579+0000] {processor.py:161} INFO - Started process (PID=1102) to work on /opt/airflow/dags/etl_postgres_to_clickhouse.py
[2026-01-06T13:32:53.581+0000] {processor.py:830} INFO - Processing file /opt/airflow/dags/etl_postgres_to_clickhouse.py for tasks to queue
[2026-01-06T13:32:53.586+0000] {logging_mixin.py:188} INFO - [2026-01-06T13:32:53.585+0000] {dagbag.py:545} INFO - Filling up the DagBag from /opt/airflow/dags/etl_postgres_to_clickhouse.py
[2026-01-06T13:32:54.019+0000] {processor.py:840} INFO - DAG(s) 'pg_to_clickhouse_sliding_window' retrieved from /opt/airflow/dags/etl_postgres_to_clickhouse.py
[2026-01-06T13:32:54.087+0000] {logging_mixin.py:188} INFO - [2026-01-06T13:32:54.087+0000] {dag.py:3096} INFO - Sync 1 DAGs
[2026-01-06T13:32:54.125+0000] {logging_mixin.py:188} INFO - [2026-01-06T13:32:54.125+0000] {dag.py:3954} INFO - Setting next_dagrun for pg_to_clickhouse_sliding_window to 2026-01-06 13:32:50+00:00, run_after=2026-01-06 13:33:00+00:00
[2026-01-06T13:32:54.180+0000] {processor.py:183} INFO - Processing /opt/airflow/dags/etl_postgres_to_clickhouse.py took 0.626 seconds
[2026-01-06T13:33:24.407+0000] {processor.py:161} INFO - Started process (PID=1128) to work on /opt/airflow/dags/etl_postgres_to_clickhouse.py
[2026-01-06T13:33:24.409+0000] {processor.py:830} INFO - Processing file /opt/airflow/dags/etl_postgres_to_clickhouse.py for tasks to queue
[2026-01-06T13:33:24.412+0000] {logging_mixin.py:188} INFO - [2026-01-06T13:33:24.411+0000] {dagbag.py:545} INFO - Filling up the DagBag from /opt/airflow/dags/etl_postgres_to_clickhouse.py
[2026-01-06T13:33:24.735+0000] {processor.py:840} INFO - DAG(s) 'pg_to_clickhouse_sliding_window' retrieved from /opt/airflow/dags/etl_postgres_to_clickhouse.py
[2026-01-06T13:33:24.777+0000] {logging_mixin.py:188} INFO - [2026-01-06T13:33:24.777+0000] {dag.py:3096} INFO - Sync 1 DAGs
[2026-01-06T13:33:24.817+0000] {logging_mixin.py:188} INFO - [2026-01-06T13:33:24.817+0000] {dag.py:3954} INFO - Setting next_dagrun for pg_to_clickhouse_sliding_window to 2026-01-06 13:33:20+00:00, run_after=2026-01-06 13:33:30+00:00
[2026-01-06T13:33:24.852+0000] {processor.py:183} INFO - Processing /opt/airflow/dags/etl_postgres_to_clickhouse.py took 0.455 seconds
[2026-01-06T13:33:55.196+0000] {processor.py:161} INFO - Started process (PID=1153) to work on /opt/airflow/dags/etl_postgres_to_clickhouse.py
[2026-01-06T13:33:55.198+0000] {processor.py:830} INFO - Processing file /opt/airflow/dags/etl_postgres_to_clickhouse.py for tasks to queue
[2026-01-06T13:33:55.204+0000] {logging_mixin.py:188} INFO - [2026-01-06T13:33:55.203+0000] {dagbag.py:545} INFO - Filling up the DagBag from /opt/airflow/dags/etl_postgres_to_clickhouse.py
[2026-01-06T13:33:55.568+0000] {processor.py:840} INFO - DAG(s) 'pg_to_clickhouse_sliding_window' retrieved from /opt/airflow/dags/etl_postgres_to_clickhouse.py
[2026-01-06T13:33:55.625+0000] {logging_mixin.py:188} INFO - [2026-01-06T13:33:55.625+0000] {dag.py:3096} INFO - Sync 1 DAGs
[2026-01-06T13:33:55.663+0000] {logging_mixin.py:188} INFO - [2026-01-06T13:33:55.662+0000] {dag.py:3954} INFO - Setting next_dagrun for pg_to_clickhouse_sliding_window to 2026-01-06 13:33:50+00:00, run_after=2026-01-06 13:34:00+00:00
[2026-01-06T13:33:55.698+0000] {processor.py:183} INFO - Processing /opt/airflow/dags/etl_postgres_to_clickhouse.py took 0.512 seconds
[2026-01-06T13:34:26.205+0000] {processor.py:161} INFO - Started process (PID=1185) to work on /opt/airflow/dags/etl_postgres_to_clickhouse.py
[2026-01-06T13:34:26.209+0000] {processor.py:830} INFO - Processing file /opt/airflow/dags/etl_postgres_to_clickhouse.py for tasks to queue
[2026-01-06T13:34:26.215+0000] {logging_mixin.py:188} INFO - [2026-01-06T13:34:26.213+0000] {dagbag.py:545} INFO - Filling up the DagBag from /opt/airflow/dags/etl_postgres_to_clickhouse.py
[2026-01-06T13:34:26.842+0000] {processor.py:840} INFO - DAG(s) 'pg_to_clickhouse_sliding_window' retrieved from /opt/airflow/dags/etl_postgres_to_clickhouse.py
[2026-01-06T13:34:26.898+0000] {logging_mixin.py:188} INFO - [2026-01-06T13:34:26.898+0000] {dag.py:3096} INFO - Sync 1 DAGs
[2026-01-06T13:34:26.944+0000] {logging_mixin.py:188} INFO - [2026-01-06T13:34:26.944+0000] {dag.py:3954} INFO - Setting next_dagrun for pg_to_clickhouse_sliding_window to 2026-01-06 13:34:20+00:00, run_after=2026-01-06 13:34:30+00:00
[2026-01-06T13:34:26.987+0000] {processor.py:183} INFO - Processing /opt/airflow/dags/etl_postgres_to_clickhouse.py took 0.796 seconds
[2026-01-06T13:34:57.857+0000] {processor.py:161} INFO - Started process (PID=1210) to work on /opt/airflow/dags/etl_postgres_to_clickhouse.py
[2026-01-06T13:34:57.859+0000] {processor.py:830} INFO - Processing file /opt/airflow/dags/etl_postgres_to_clickhouse.py for tasks to queue
[2026-01-06T13:34:57.863+0000] {logging_mixin.py:188} INFO - [2026-01-06T13:34:57.862+0000] {dagbag.py:545} INFO - Filling up the DagBag from /opt/airflow/dags/etl_postgres_to_clickhouse.py
[2026-01-06T13:34:58.328+0000] {processor.py:840} INFO - DAG(s) 'pg_to_clickhouse_sliding_window' retrieved from /opt/airflow/dags/etl_postgres_to_clickhouse.py
[2026-01-06T13:34:58.399+0000] {logging_mixin.py:188} INFO - [2026-01-06T13:34:58.399+0000] {dag.py:3096} INFO - Sync 1 DAGs
[2026-01-06T13:34:58.448+0000] {logging_mixin.py:188} INFO - [2026-01-06T13:34:58.448+0000] {dag.py:3954} INFO - Setting next_dagrun for pg_to_clickhouse_sliding_window to 2026-01-06 13:34:50+00:00, run_after=2026-01-06 13:35:00+00:00
[2026-01-06T13:34:58.488+0000] {processor.py:183} INFO - Processing /opt/airflow/dags/etl_postgres_to_clickhouse.py took 0.645 seconds
[2026-01-06T13:35:29.073+0000] {processor.py:161} INFO - Started process (PID=1234) to work on /opt/airflow/dags/etl_postgres_to_clickhouse.py
[2026-01-06T13:35:29.076+0000] {processor.py:830} INFO - Processing file /opt/airflow/dags/etl_postgres_to_clickhouse.py for tasks to queue
[2026-01-06T13:35:29.081+0000] {logging_mixin.py:188} INFO - [2026-01-06T13:35:29.080+0000] {dagbag.py:545} INFO - Filling up the DagBag from /opt/airflow/dags/etl_postgres_to_clickhouse.py
[2026-01-06T13:35:29.606+0000] {processor.py:840} INFO - DAG(s) 'pg_to_clickhouse_sliding_window' retrieved from /opt/airflow/dags/etl_postgres_to_clickhouse.py
[2026-01-06T13:35:29.695+0000] {logging_mixin.py:188} INFO - [2026-01-06T13:35:29.694+0000] {dag.py:3096} INFO - Sync 1 DAGs
[2026-01-06T13:35:29.781+0000] {logging_mixin.py:188} INFO - [2026-01-06T13:35:29.781+0000] {dag.py:3954} INFO - Setting next_dagrun for pg_to_clickhouse_sliding_window to 2026-01-06 13:35:20+00:00, run_after=2026-01-06 13:35:30+00:00
[2026-01-06T13:35:29.824+0000] {processor.py:183} INFO - Processing /opt/airflow/dags/etl_postgres_to_clickhouse.py took 0.771 seconds
[2026-01-06T13:36:00.262+0000] {processor.py:161} INFO - Started process (PID=1260) to work on /opt/airflow/dags/etl_postgres_to_clickhouse.py
[2026-01-06T13:36:00.263+0000] {processor.py:830} INFO - Processing file /opt/airflow/dags/etl_postgres_to_clickhouse.py for tasks to queue
[2026-01-06T13:36:00.266+0000] {logging_mixin.py:188} INFO - [2026-01-06T13:36:00.266+0000] {dagbag.py:545} INFO - Filling up the DagBag from /opt/airflow/dags/etl_postgres_to_clickhouse.py
[2026-01-06T13:36:00.583+0000] {processor.py:840} INFO - DAG(s) 'pg_to_clickhouse_sliding_window' retrieved from /opt/airflow/dags/etl_postgres_to_clickhouse.py
[2026-01-06T13:36:00.646+0000] {logging_mixin.py:188} INFO - [2026-01-06T13:36:00.646+0000] {dag.py:3096} INFO - Sync 1 DAGs
[2026-01-06T13:36:00.712+0000] {logging_mixin.py:188} INFO - [2026-01-06T13:36:00.712+0000] {dag.py:3954} INFO - Setting next_dagrun for pg_to_clickhouse_sliding_window to 2026-01-06 13:36:00+00:00, run_after=2026-01-06 13:36:10+00:00
[2026-01-06T13:36:00.814+0000] {processor.py:183} INFO - Processing /opt/airflow/dags/etl_postgres_to_clickhouse.py took 0.562 seconds
[2026-01-06T13:36:31.226+0000] {processor.py:161} INFO - Started process (PID=1287) to work on /opt/airflow/dags/etl_postgres_to_clickhouse.py
[2026-01-06T13:36:31.227+0000] {processor.py:830} INFO - Processing file /opt/airflow/dags/etl_postgres_to_clickhouse.py for tasks to queue
[2026-01-06T13:36:31.231+0000] {logging_mixin.py:188} INFO - [2026-01-06T13:36:31.230+0000] {dagbag.py:545} INFO - Filling up the DagBag from /opt/airflow/dags/etl_postgres_to_clickhouse.py
[2026-01-06T13:36:31.596+0000] {processor.py:840} INFO - DAG(s) 'pg_to_clickhouse_sliding_window' retrieved from /opt/airflow/dags/etl_postgres_to_clickhouse.py
[2026-01-06T13:36:31.642+0000] {logging_mixin.py:188} INFO - [2026-01-06T13:36:31.642+0000] {dag.py:3096} INFO - Sync 1 DAGs
[2026-01-06T13:36:31.677+0000] {logging_mixin.py:188} INFO - [2026-01-06T13:36:31.676+0000] {dag.py:3954} INFO - Setting next_dagrun for pg_to_clickhouse_sliding_window to 2026-01-06 13:36:30+00:00, run_after=2026-01-06 13:36:40+00:00
[2026-01-06T13:36:31.707+0000] {processor.py:183} INFO - Processing /opt/airflow/dags/etl_postgres_to_clickhouse.py took 0.493 seconds
[2026-01-06T13:37:02.237+0000] {processor.py:161} INFO - Started process (PID=1318) to work on /opt/airflow/dags/etl_postgres_to_clickhouse.py
[2026-01-06T13:37:02.238+0000] {processor.py:830} INFO - Processing file /opt/airflow/dags/etl_postgres_to_clickhouse.py for tasks to queue
[2026-01-06T13:37:02.240+0000] {logging_mixin.py:188} INFO - [2026-01-06T13:37:02.240+0000] {dagbag.py:545} INFO - Filling up the DagBag from /opt/airflow/dags/etl_postgres_to_clickhouse.py
[2026-01-06T13:37:02.509+0000] {processor.py:840} INFO - DAG(s) 'pg_to_clickhouse_sliding_window' retrieved from /opt/airflow/dags/etl_postgres_to_clickhouse.py
[2026-01-06T13:37:02.549+0000] {logging_mixin.py:188} INFO - [2026-01-06T13:37:02.548+0000] {dag.py:3096} INFO - Sync 1 DAGs
[2026-01-06T13:37:02.582+0000] {logging_mixin.py:188} INFO - [2026-01-06T13:37:02.581+0000] {dag.py:3954} INFO - Setting next_dagrun for pg_to_clickhouse_sliding_window to 2026-01-06 13:37:00+00:00, run_after=2026-01-06 13:37:10+00:00
[2026-01-06T13:37:02.788+0000] {processor.py:183} INFO - Processing /opt/airflow/dags/etl_postgres_to_clickhouse.py took 0.559 seconds
[2026-01-06T13:37:32.905+0000] {processor.py:161} INFO - Started process (PID=1343) to work on /opt/airflow/dags/etl_postgres_to_clickhouse.py
[2026-01-06T13:37:32.907+0000] {processor.py:830} INFO - Processing file /opt/airflow/dags/etl_postgres_to_clickhouse.py for tasks to queue
[2026-01-06T13:37:32.911+0000] {logging_mixin.py:188} INFO - [2026-01-06T13:37:32.910+0000] {dagbag.py:545} INFO - Filling up the DagBag from /opt/airflow/dags/etl_postgres_to_clickhouse.py
[2026-01-06T13:37:33.503+0000] {processor.py:840} INFO - DAG(s) 'pg_to_clickhouse_sliding_window' retrieved from /opt/airflow/dags/etl_postgres_to_clickhouse.py
[2026-01-06T13:37:33.627+0000] {logging_mixin.py:188} INFO - [2026-01-06T13:37:33.625+0000] {dag.py:3096} INFO - Sync 1 DAGs
[2026-01-06T13:37:33.704+0000] {logging_mixin.py:188} INFO - [2026-01-06T13:37:33.704+0000] {dag.py:3954} INFO - Setting next_dagrun for pg_to_clickhouse_sliding_window to 2026-01-06 13:37:30+00:00, run_after=2026-01-06 13:37:40+00:00
[2026-01-06T13:37:33.770+0000] {processor.py:183} INFO - Processing /opt/airflow/dags/etl_postgres_to_clickhouse.py took 0.880 seconds
[2026-01-06T13:38:04.219+0000] {processor.py:161} INFO - Started process (PID=1369) to work on /opt/airflow/dags/etl_postgres_to_clickhouse.py
[2026-01-06T13:38:04.221+0000] {processor.py:830} INFO - Processing file /opt/airflow/dags/etl_postgres_to_clickhouse.py for tasks to queue
[2026-01-06T13:38:04.224+0000] {logging_mixin.py:188} INFO - [2026-01-06T13:38:04.224+0000] {dagbag.py:545} INFO - Filling up the DagBag from /opt/airflow/dags/etl_postgres_to_clickhouse.py
[2026-01-06T13:38:04.665+0000] {processor.py:840} INFO - DAG(s) 'pg_to_clickhouse_sliding_window' retrieved from /opt/airflow/dags/etl_postgres_to_clickhouse.py
[2026-01-06T13:38:04.711+0000] {logging_mixin.py:188} INFO - [2026-01-06T13:38:04.711+0000] {dag.py:3096} INFO - Sync 1 DAGs
[2026-01-06T13:38:04.755+0000] {logging_mixin.py:188} INFO - [2026-01-06T13:38:04.754+0000] {dag.py:3954} INFO - Setting next_dagrun for pg_to_clickhouse_sliding_window to 2026-01-06 13:38:00+00:00, run_after=2026-01-06 13:38:10+00:00
[2026-01-06T13:38:04.791+0000] {processor.py:183} INFO - Processing /opt/airflow/dags/etl_postgres_to_clickhouse.py took 0.585 seconds
[2026-01-06T13:38:35.074+0000] {processor.py:161} INFO - Started process (PID=1394) to work on /opt/airflow/dags/etl_postgres_to_clickhouse.py
[2026-01-06T13:38:35.076+0000] {processor.py:830} INFO - Processing file /opt/airflow/dags/etl_postgres_to_clickhouse.py for tasks to queue
[2026-01-06T13:38:35.079+0000] {logging_mixin.py:188} INFO - [2026-01-06T13:38:35.078+0000] {dagbag.py:545} INFO - Filling up the DagBag from /opt/airflow/dags/etl_postgres_to_clickhouse.py
[2026-01-06T13:38:35.482+0000] {processor.py:840} INFO - DAG(s) 'pg_to_clickhouse_sliding_window' retrieved from /opt/airflow/dags/etl_postgres_to_clickhouse.py
[2026-01-06T13:38:35.538+0000] {logging_mixin.py:188} INFO - [2026-01-06T13:38:35.537+0000] {dag.py:3096} INFO - Sync 1 DAGs
[2026-01-06T13:38:35.582+0000] {logging_mixin.py:188} INFO - [2026-01-06T13:38:35.582+0000] {dag.py:3954} INFO - Setting next_dagrun for pg_to_clickhouse_sliding_window to 2026-01-06 13:38:30+00:00, run_after=2026-01-06 13:38:40+00:00
[2026-01-06T13:38:35.617+0000] {processor.py:183} INFO - Processing /opt/airflow/dags/etl_postgres_to_clickhouse.py took 0.556 seconds
[2026-01-06T13:39:06.030+0000] {processor.py:161} INFO - Started process (PID=1419) to work on /opt/airflow/dags/etl_postgres_to_clickhouse.py
[2026-01-06T13:39:06.033+0000] {processor.py:830} INFO - Processing file /opt/airflow/dags/etl_postgres_to_clickhouse.py for tasks to queue
[2026-01-06T13:39:06.036+0000] {logging_mixin.py:188} INFO - [2026-01-06T13:39:06.035+0000] {dagbag.py:545} INFO - Filling up the DagBag from /opt/airflow/dags/etl_postgres_to_clickhouse.py
[2026-01-06T13:39:06.565+0000] {processor.py:840} INFO - DAG(s) 'pg_to_clickhouse_sliding_window' retrieved from /opt/airflow/dags/etl_postgres_to_clickhouse.py
[2026-01-06T13:39:06.633+0000] {logging_mixin.py:188} INFO - [2026-01-06T13:39:06.633+0000] {dag.py:3096} INFO - Sync 1 DAGs
[2026-01-06T13:39:06.681+0000] {logging_mixin.py:188} INFO - [2026-01-06T13:39:06.681+0000] {dag.py:3954} INFO - Setting next_dagrun for pg_to_clickhouse_sliding_window to 2026-01-06 13:39:00+00:00, run_after=2026-01-06 13:39:10+00:00
[2026-01-06T13:39:06.717+0000] {processor.py:183} INFO - Processing /opt/airflow/dags/etl_postgres_to_clickhouse.py took 0.703 seconds
[2026-01-06T13:39:37.035+0000] {processor.py:161} INFO - Started process (PID=1444) to work on /opt/airflow/dags/etl_postgres_to_clickhouse.py
[2026-01-06T13:39:37.037+0000] {processor.py:830} INFO - Processing file /opt/airflow/dags/etl_postgres_to_clickhouse.py for tasks to queue
[2026-01-06T13:39:37.041+0000] {logging_mixin.py:188} INFO - [2026-01-06T13:39:37.040+0000] {dagbag.py:545} INFO - Filling up the DagBag from /opt/airflow/dags/etl_postgres_to_clickhouse.py
[2026-01-06T13:39:37.466+0000] {processor.py:840} INFO - DAG(s) 'pg_to_clickhouse_sliding_window' retrieved from /opt/airflow/dags/etl_postgres_to_clickhouse.py
[2026-01-06T13:39:37.519+0000] {logging_mixin.py:188} INFO - [2026-01-06T13:39:37.519+0000] {dag.py:3096} INFO - Sync 1 DAGs
[2026-01-06T13:39:37.565+0000] {logging_mixin.py:188} INFO - [2026-01-06T13:39:37.564+0000] {dag.py:3954} INFO - Setting next_dagrun for pg_to_clickhouse_sliding_window to 2026-01-06 13:39:30+00:00, run_after=2026-01-06 13:39:40+00:00
[2026-01-06T13:39:37.606+0000] {processor.py:183} INFO - Processing /opt/airflow/dags/etl_postgres_to_clickhouse.py took 0.582 seconds
[2026-01-06T13:40:08.001+0000] {processor.py:161} INFO - Started process (PID=1469) to work on /opt/airflow/dags/etl_postgres_to_clickhouse.py
[2026-01-06T13:40:08.003+0000] {processor.py:830} INFO - Processing file /opt/airflow/dags/etl_postgres_to_clickhouse.py for tasks to queue
[2026-01-06T13:40:08.006+0000] {logging_mixin.py:188} INFO - [2026-01-06T13:40:08.005+0000] {dagbag.py:545} INFO - Filling up the DagBag from /opt/airflow/dags/etl_postgres_to_clickhouse.py
[2026-01-06T13:40:08.365+0000] {processor.py:840} INFO - DAG(s) 'pg_to_clickhouse_sliding_window' retrieved from /opt/airflow/dags/etl_postgres_to_clickhouse.py
[2026-01-06T13:40:08.428+0000] {logging_mixin.py:188} INFO - [2026-01-06T13:40:08.427+0000] {dag.py:3096} INFO - Sync 1 DAGs
[2026-01-06T13:40:08.474+0000] {logging_mixin.py:188} INFO - [2026-01-06T13:40:08.474+0000] {dag.py:3954} INFO - Setting next_dagrun for pg_to_clickhouse_sliding_window to 2026-01-06 13:40:00+00:00, run_after=2026-01-06 13:40:10+00:00
[2026-01-06T13:40:08.507+0000] {processor.py:183} INFO - Processing /opt/airflow/dags/etl_postgres_to_clickhouse.py took 0.516 seconds
[2026-01-06T13:40:39.026+0000] {processor.py:161} INFO - Started process (PID=1493) to work on /opt/airflow/dags/etl_postgres_to_clickhouse.py
[2026-01-06T13:40:39.028+0000] {processor.py:830} INFO - Processing file /opt/airflow/dags/etl_postgres_to_clickhouse.py for tasks to queue
[2026-01-06T13:40:39.033+0000] {logging_mixin.py:188} INFO - [2026-01-06T13:40:39.032+0000] {dagbag.py:545} INFO - Filling up the DagBag from /opt/airflow/dags/etl_postgres_to_clickhouse.py
[2026-01-06T13:40:39.430+0000] {processor.py:840} INFO - DAG(s) 'pg_to_clickhouse_sliding_window' retrieved from /opt/airflow/dags/etl_postgres_to_clickhouse.py
[2026-01-06T13:40:39.592+0000] {logging_mixin.py:188} INFO - [2026-01-06T13:40:39.592+0000] {dag.py:3096} INFO - Sync 1 DAGs
[2026-01-06T13:40:39.754+0000] {logging_mixin.py:188} INFO - [2026-01-06T13:40:39.754+0000] {dag.py:3954} INFO - Setting next_dagrun for pg_to_clickhouse_sliding_window to 2026-01-06 13:40:30+00:00, run_after=2026-01-06 13:40:40+00:00
[2026-01-06T13:40:39.863+0000] {processor.py:183} INFO - Processing /opt/airflow/dags/etl_postgres_to_clickhouse.py took 0.845 seconds
[2026-01-06T13:41:10.365+0000] {processor.py:161} INFO - Started process (PID=1518) to work on /opt/airflow/dags/etl_postgres_to_clickhouse.py
[2026-01-06T13:41:10.367+0000] {processor.py:830} INFO - Processing file /opt/airflow/dags/etl_postgres_to_clickhouse.py for tasks to queue
[2026-01-06T13:41:10.371+0000] {logging_mixin.py:188} INFO - [2026-01-06T13:41:10.370+0000] {dagbag.py:545} INFO - Filling up the DagBag from /opt/airflow/dags/etl_postgres_to_clickhouse.py
[2026-01-06T13:41:10.767+0000] {processor.py:840} INFO - DAG(s) 'pg_to_clickhouse_sliding_window' retrieved from /opt/airflow/dags/etl_postgres_to_clickhouse.py
[2026-01-06T13:41:10.832+0000] {logging_mixin.py:188} INFO - [2026-01-06T13:41:10.832+0000] {dag.py:3096} INFO - Sync 1 DAGs
[2026-01-06T13:41:10.874+0000] {logging_mixin.py:188} INFO - [2026-01-06T13:41:10.874+0000] {dag.py:3954} INFO - Setting next_dagrun for pg_to_clickhouse_sliding_window to 2026-01-06 13:41:00+00:00, run_after=2026-01-06 13:41:10+00:00
[2026-01-06T13:41:10.908+0000] {processor.py:183} INFO - Processing /opt/airflow/dags/etl_postgres_to_clickhouse.py took 0.555 seconds
[2026-01-06T13:42:18.158+0000] {processor.py:161} INFO - Started process (PID=191) to work on /opt/airflow/dags/etl_postgres_to_clickhouse.py
[2026-01-06T13:42:18.160+0000] {processor.py:830} INFO - Processing file /opt/airflow/dags/etl_postgres_to_clickhouse.py for tasks to queue
[2026-01-06T13:42:18.165+0000] {logging_mixin.py:188} INFO - [2026-01-06T13:42:18.165+0000] {dagbag.py:545} INFO - Filling up the DagBag from /opt/airflow/dags/etl_postgres_to_clickhouse.py
[2026-01-06T13:42:18.655+0000] {processor.py:840} INFO - DAG(s) 'pg_to_clickhouse_sliding_window' retrieved from /opt/airflow/dags/etl_postgres_to_clickhouse.py
[2026-01-06T13:42:18.973+0000] {logging_mixin.py:188} INFO - [2026-01-06T13:42:18.972+0000] {override.py:1829} INFO - Created Permission View: can delete on DAG:pg_to_clickhouse_sliding_window
[2026-01-06T13:42:18.993+0000] {logging_mixin.py:188} INFO - [2026-01-06T13:42:18.993+0000] {override.py:1829} INFO - Created Permission View: can edit on DAG:pg_to_clickhouse_sliding_window
[2026-01-06T13:42:19.010+0000] {logging_mixin.py:188} INFO - [2026-01-06T13:42:19.009+0000] {override.py:1829} INFO - Created Permission View: can read on DAG:pg_to_clickhouse_sliding_window
[2026-01-06T13:42:19.012+0000] {logging_mixin.py:188} INFO - [2026-01-06T13:42:19.011+0000] {dag.py:3096} INFO - Sync 1 DAGs
[2026-01-06T13:42:19.034+0000] {logging_mixin.py:188} INFO - [2026-01-06T13:42:19.033+0000] {dag.py:3118} INFO - Creating ORM DAG for pg_to_clickhouse_sliding_window
[2026-01-06T13:42:19.052+0000] {logging_mixin.py:188} INFO - [2026-01-06T13:42:19.052+0000] {dag.py:3954} INFO - Setting next_dagrun for pg_to_clickhouse_sliding_window to 2026-01-06 13:42:00+00:00, run_after=2026-01-06 13:42:10+00:00
[2026-01-06T13:42:19.121+0000] {processor.py:183} INFO - Processing /opt/airflow/dags/etl_postgres_to_clickhouse.py took 0.975 seconds
[2026-01-06T13:42:49.664+0000] {processor.py:161} INFO - Started process (PID=226) to work on /opt/airflow/dags/etl_postgres_to_clickhouse.py
[2026-01-06T13:42:49.665+0000] {processor.py:830} INFO - Processing file /opt/airflow/dags/etl_postgres_to_clickhouse.py for tasks to queue
[2026-01-06T13:42:49.671+0000] {logging_mixin.py:188} INFO - [2026-01-06T13:42:49.671+0000] {dagbag.py:545} INFO - Filling up the DagBag from /opt/airflow/dags/etl_postgres_to_clickhouse.py
[2026-01-06T13:42:50.040+0000] {processor.py:840} INFO - DAG(s) 'pg_to_clickhouse_sliding_window' retrieved from /opt/airflow/dags/etl_postgres_to_clickhouse.py
[2026-01-06T13:42:50.093+0000] {logging_mixin.py:188} INFO - [2026-01-06T13:42:50.092+0000] {dag.py:3096} INFO - Sync 1 DAGs
[2026-01-06T13:42:50.142+0000] {logging_mixin.py:188} INFO - [2026-01-06T13:42:50.141+0000] {dag.py:3954} INFO - Setting next_dagrun for pg_to_clickhouse_sliding_window to 2026-01-06 13:42:40+00:00, run_after=2026-01-06 13:42:50+00:00
[2026-01-06T13:42:50.202+0000] {processor.py:183} INFO - Processing /opt/airflow/dags/etl_postgres_to_clickhouse.py took 0.547 seconds
[2026-01-06T13:43:20.521+0000] {processor.py:161} INFO - Started process (PID=269) to work on /opt/airflow/dags/etl_postgres_to_clickhouse.py
[2026-01-06T13:43:20.524+0000] {processor.py:830} INFO - Processing file /opt/airflow/dags/etl_postgres_to_clickhouse.py for tasks to queue
[2026-01-06T13:43:20.527+0000] {logging_mixin.py:188} INFO - [2026-01-06T13:43:20.527+0000] {dagbag.py:545} INFO - Filling up the DagBag from /opt/airflow/dags/etl_postgres_to_clickhouse.py
[2026-01-06T13:43:20.907+0000] {processor.py:840} INFO - DAG(s) 'pg_to_clickhouse_sliding_window' retrieved from /opt/airflow/dags/etl_postgres_to_clickhouse.py
[2026-01-06T13:43:20.960+0000] {logging_mixin.py:188} INFO - [2026-01-06T13:43:20.960+0000] {dag.py:3096} INFO - Sync 1 DAGs
[2026-01-06T13:43:21.009+0000] {logging_mixin.py:188} INFO - [2026-01-06T13:43:21.009+0000] {dag.py:3954} INFO - Setting next_dagrun for pg_to_clickhouse_sliding_window to 2026-01-06 13:43:20+00:00, run_after=2026-01-06 13:43:30+00:00
[2026-01-06T13:43:21.055+0000] {processor.py:183} INFO - Processing /opt/airflow/dags/etl_postgres_to_clickhouse.py took 0.546 seconds
[2026-01-06T13:43:51.158+0000] {processor.py:161} INFO - Started process (PID=298) to work on /opt/airflow/dags/etl_postgres_to_clickhouse.py
[2026-01-06T13:43:51.160+0000] {processor.py:830} INFO - Processing file /opt/airflow/dags/etl_postgres_to_clickhouse.py for tasks to queue
[2026-01-06T13:43:51.164+0000] {logging_mixin.py:188} INFO - [2026-01-06T13:43:51.164+0000] {dagbag.py:545} INFO - Filling up the DagBag from /opt/airflow/dags/etl_postgres_to_clickhouse.py
[2026-01-06T13:43:51.603+0000] {processor.py:840} INFO - DAG(s) 'pg_to_clickhouse_sliding_window' retrieved from /opt/airflow/dags/etl_postgres_to_clickhouse.py
[2026-01-06T13:43:51.659+0000] {logging_mixin.py:188} INFO - [2026-01-06T13:43:51.659+0000] {dag.py:3096} INFO - Sync 1 DAGs
[2026-01-06T13:43:51.705+0000] {logging_mixin.py:188} INFO - [2026-01-06T13:43:51.704+0000] {dag.py:3954} INFO - Setting next_dagrun for pg_to_clickhouse_sliding_window to 2026-01-06 13:43:50+00:00, run_after=2026-01-06 13:44:00+00:00
[2026-01-06T13:43:51.740+0000] {processor.py:183} INFO - Processing /opt/airflow/dags/etl_postgres_to_clickhouse.py took 0.596 seconds
[2026-01-06T13:44:21.985+0000] {processor.py:161} INFO - Started process (PID=330) to work on /opt/airflow/dags/etl_postgres_to_clickhouse.py
[2026-01-06T13:44:21.987+0000] {processor.py:830} INFO - Processing file /opt/airflow/dags/etl_postgres_to_clickhouse.py for tasks to queue
[2026-01-06T13:44:21.991+0000] {logging_mixin.py:188} INFO - [2026-01-06T13:44:21.990+0000] {dagbag.py:545} INFO - Filling up the DagBag from /opt/airflow/dags/etl_postgres_to_clickhouse.py
[2026-01-06T13:44:22.339+0000] {processor.py:840} INFO - DAG(s) 'pg_to_clickhouse_sliding_window' retrieved from /opt/airflow/dags/etl_postgres_to_clickhouse.py
[2026-01-06T13:44:22.383+0000] {logging_mixin.py:188} INFO - [2026-01-06T13:44:22.383+0000] {dag.py:3096} INFO - Sync 1 DAGs
[2026-01-06T13:44:22.414+0000] {logging_mixin.py:188} INFO - [2026-01-06T13:44:22.414+0000] {dag.py:3954} INFO - Setting next_dagrun for pg_to_clickhouse_sliding_window to 2026-01-06 13:44:20+00:00, run_after=2026-01-06 13:44:30+00:00
[2026-01-06T13:44:22.493+0000] {processor.py:183} INFO - Processing /opt/airflow/dags/etl_postgres_to_clickhouse.py took 0.520 seconds
[2026-01-06T13:44:52.874+0000] {processor.py:161} INFO - Started process (PID=361) to work on /opt/airflow/dags/etl_postgres_to_clickhouse.py
[2026-01-06T13:44:52.876+0000] {processor.py:830} INFO - Processing file /opt/airflow/dags/etl_postgres_to_clickhouse.py for tasks to queue
[2026-01-06T13:44:52.881+0000] {logging_mixin.py:188} INFO - [2026-01-06T13:44:52.879+0000] {dagbag.py:545} INFO - Filling up the DagBag from /opt/airflow/dags/etl_postgres_to_clickhouse.py
[2026-01-06T13:44:53.404+0000] {processor.py:840} INFO - DAG(s) 'pg_to_clickhouse_sliding_window' retrieved from /opt/airflow/dags/etl_postgres_to_clickhouse.py
[2026-01-06T13:44:53.451+0000] {logging_mixin.py:188} INFO - [2026-01-06T13:44:53.450+0000] {dag.py:3096} INFO - Sync 1 DAGs
[2026-01-06T13:44:53.499+0000] {logging_mixin.py:188} INFO - [2026-01-06T13:44:53.498+0000] {dag.py:3954} INFO - Setting next_dagrun for pg_to_clickhouse_sliding_window to 2026-01-06 13:44:50+00:00, run_after=2026-01-06 13:45:00+00:00
[2026-01-06T13:44:53.538+0000] {processor.py:183} INFO - Processing /opt/airflow/dags/etl_postgres_to_clickhouse.py took 0.679 seconds
[2026-01-06T13:45:23.886+0000] {processor.py:161} INFO - Started process (PID=398) to work on /opt/airflow/dags/etl_postgres_to_clickhouse.py
[2026-01-06T13:45:23.888+0000] {processor.py:830} INFO - Processing file /opt/airflow/dags/etl_postgres_to_clickhouse.py for tasks to queue
[2026-01-06T13:45:23.894+0000] {logging_mixin.py:188} INFO - [2026-01-06T13:45:23.893+0000] {dagbag.py:545} INFO - Filling up the DagBag from /opt/airflow/dags/etl_postgres_to_clickhouse.py
[2026-01-06T13:45:24.268+0000] {processor.py:840} INFO - DAG(s) 'pg_to_clickhouse_sliding_window' retrieved from /opt/airflow/dags/etl_postgres_to_clickhouse.py
[2026-01-06T13:45:24.311+0000] {logging_mixin.py:188} INFO - [2026-01-06T13:45:24.311+0000] {dag.py:3096} INFO - Sync 1 DAGs
[2026-01-06T13:45:24.341+0000] {logging_mixin.py:188} INFO - [2026-01-06T13:45:24.341+0000] {dag.py:3954} INFO - Setting next_dagrun for pg_to_clickhouse_sliding_window to 2026-01-06 13:45:20+00:00, run_after=2026-01-06 13:45:30+00:00
[2026-01-06T13:45:24.377+0000] {processor.py:183} INFO - Processing /opt/airflow/dags/etl_postgres_to_clickhouse.py took 0.502 seconds
[2026-01-06T13:46:16.062+0000] {processor.py:161} INFO - Started process (PID=189) to work on /opt/airflow/dags/etl_postgres_to_clickhouse.py
[2026-01-06T13:46:16.063+0000] {processor.py:830} INFO - Processing file /opt/airflow/dags/etl_postgres_to_clickhouse.py for tasks to queue
[2026-01-06T13:46:16.067+0000] {logging_mixin.py:188} INFO - [2026-01-06T13:46:16.067+0000] {dagbag.py:545} INFO - Filling up the DagBag from /opt/airflow/dags/etl_postgres_to_clickhouse.py
[2026-01-06T13:46:16.464+0000] {processor.py:840} INFO - DAG(s) 'pg_to_clickhouse_sliding_window' retrieved from /opt/airflow/dags/etl_postgres_to_clickhouse.py
[2026-01-06T13:46:16.712+0000] {logging_mixin.py:188} INFO - [2026-01-06T13:46:16.711+0000] {override.py:1829} INFO - Created Permission View: can delete on DAG:pg_to_clickhouse_sliding_window
[2026-01-06T13:46:16.734+0000] {logging_mixin.py:188} INFO - [2026-01-06T13:46:16.733+0000] {override.py:1829} INFO - Created Permission View: can read on DAG:pg_to_clickhouse_sliding_window
[2026-01-06T13:46:16.754+0000] {logging_mixin.py:188} INFO - [2026-01-06T13:46:16.753+0000] {override.py:1829} INFO - Created Permission View: can edit on DAG:pg_to_clickhouse_sliding_window
[2026-01-06T13:46:16.755+0000] {logging_mixin.py:188} INFO - [2026-01-06T13:46:16.754+0000] {dag.py:3096} INFO - Sync 1 DAGs
[2026-01-06T13:46:16.774+0000] {logging_mixin.py:188} INFO - [2026-01-06T13:46:16.773+0000] {dag.py:3118} INFO - Creating ORM DAG for pg_to_clickhouse_sliding_window
[2026-01-06T13:46:16.795+0000] {logging_mixin.py:188} INFO - [2026-01-06T13:46:16.794+0000] {dag.py:3954} INFO - Setting next_dagrun for pg_to_clickhouse_sliding_window to 2026-01-06 13:46:00+00:00, run_after=2026-01-06 13:46:10+00:00
[2026-01-06T13:46:16.830+0000] {processor.py:183} INFO - Processing /opt/airflow/dags/etl_postgres_to_clickhouse.py took 0.777 seconds
[2026-01-06T13:46:47.233+0000] {processor.py:161} INFO - Started process (PID=230) to work on /opt/airflow/dags/etl_postgres_to_clickhouse.py
[2026-01-06T13:46:47.234+0000] {processor.py:830} INFO - Processing file /opt/airflow/dags/etl_postgres_to_clickhouse.py for tasks to queue
[2026-01-06T13:46:47.238+0000] {logging_mixin.py:188} INFO - [2026-01-06T13:46:47.237+0000] {dagbag.py:545} INFO - Filling up the DagBag from /opt/airflow/dags/etl_postgres_to_clickhouse.py
[2026-01-06T13:46:45.541+0000] {processor.py:840} INFO - DAG(s) 'pg_to_clickhouse_sliding_window' retrieved from /opt/airflow/dags/etl_postgres_to_clickhouse.py
[2026-01-06T13:46:45.562+0000] {logging_mixin.py:188} INFO - [2026-01-06T13:46:45.561+0000] {dag.py:3096} INFO - Sync 1 DAGs
[2026-01-06T13:46:45.594+0000] {logging_mixin.py:188} INFO - [2026-01-06T13:46:45.594+0000] {dag.py:3954} INFO - Setting next_dagrun for pg_to_clickhouse_sliding_window to 2026-01-06 13:46:40+00:00, run_after=2026-01-06 13:46:50+00:00
[2026-01-06T13:46:45.626+0000] {processor.py:183} INFO - Processing /opt/airflow/dags/etl_postgres_to_clickhouse.py took 0.433 seconds
[2026-01-06T13:47:15.738+0000] {processor.py:161} INFO - Started process (PID=270) to work on /opt/airflow/dags/etl_postgres_to_clickhouse.py
[2026-01-06T13:47:15.740+0000] {processor.py:830} INFO - Processing file /opt/airflow/dags/etl_postgres_to_clickhouse.py for tasks to queue
[2026-01-06T13:47:15.743+0000] {logging_mixin.py:188} INFO - [2026-01-06T13:47:15.743+0000] {dagbag.py:545} INFO - Filling up the DagBag from /opt/airflow/dags/etl_postgres_to_clickhouse.py
[2026-01-06T13:47:16.094+0000] {processor.py:840} INFO - DAG(s) 'pg_to_clickhouse_sliding_window' retrieved from /opt/airflow/dags/etl_postgres_to_clickhouse.py
[2026-01-06T13:47:16.142+0000] {logging_mixin.py:188} INFO - [2026-01-06T13:47:16.142+0000] {dag.py:3096} INFO - Sync 1 DAGs
[2026-01-06T13:47:16.176+0000] {logging_mixin.py:188} INFO - [2026-01-06T13:47:16.176+0000] {dag.py:3954} INFO - Setting next_dagrun for pg_to_clickhouse_sliding_window to 2026-01-06 13:47:10+00:00, run_after=2026-01-06 13:47:20+00:00
[2026-01-06T13:47:16.248+0000] {processor.py:183} INFO - Processing /opt/airflow/dags/etl_postgres_to_clickhouse.py took 0.519 seconds
[2026-01-06T13:47:46.469+0000] {processor.py:161} INFO - Started process (PID=308) to work on /opt/airflow/dags/etl_postgres_to_clickhouse.py
[2026-01-06T13:47:46.472+0000] {processor.py:830} INFO - Processing file /opt/airflow/dags/etl_postgres_to_clickhouse.py for tasks to queue
[2026-01-06T13:47:46.475+0000] {logging_mixin.py:188} INFO - [2026-01-06T13:47:46.475+0000] {dagbag.py:545} INFO - Filling up the DagBag from /opt/airflow/dags/etl_postgres_to_clickhouse.py
[2026-01-06T13:47:46.763+0000] {processor.py:840} INFO - DAG(s) 'pg_to_clickhouse_sliding_window' retrieved from /opt/airflow/dags/etl_postgres_to_clickhouse.py
[2026-01-06T13:47:46.800+0000] {logging_mixin.py:188} INFO - [2026-01-06T13:47:46.799+0000] {dag.py:3096} INFO - Sync 1 DAGs
[2026-01-06T13:47:46.825+0000] {logging_mixin.py:188} INFO - [2026-01-06T13:47:46.824+0000] {dag.py:3954} INFO - Setting next_dagrun for pg_to_clickhouse_sliding_window to 2026-01-06 13:47:40+00:00, run_after=2026-01-06 13:47:50+00:00
[2026-01-06T13:47:46.846+0000] {processor.py:183} INFO - Processing /opt/airflow/dags/etl_postgres_to_clickhouse.py took 0.387 seconds
[2026-01-06T13:48:17.211+0000] {processor.py:161} INFO - Started process (PID=341) to work on /opt/airflow/dags/etl_postgres_to_clickhouse.py
[2026-01-06T13:48:17.212+0000] {processor.py:830} INFO - Processing file /opt/airflow/dags/etl_postgres_to_clickhouse.py for tasks to queue
[2026-01-06T13:48:17.215+0000] {logging_mixin.py:188} INFO - [2026-01-06T13:48:17.214+0000] {dagbag.py:545} INFO - Filling up the DagBag from /opt/airflow/dags/etl_postgres_to_clickhouse.py
[2026-01-06T13:48:17.539+0000] {processor.py:840} INFO - DAG(s) 'pg_to_clickhouse_sliding_window' retrieved from /opt/airflow/dags/etl_postgres_to_clickhouse.py
[2026-01-06T13:48:17.596+0000] {logging_mixin.py:188} INFO - [2026-01-06T13:48:17.595+0000] {dag.py:3096} INFO - Sync 1 DAGs
[2026-01-06T13:48:17.635+0000] {logging_mixin.py:188} INFO - [2026-01-06T13:48:17.634+0000] {dag.py:3954} INFO - Setting next_dagrun for pg_to_clickhouse_sliding_window to 2026-01-06 13:48:10+00:00, run_after=2026-01-06 13:48:20+00:00
[2026-01-06T13:48:17.667+0000] {processor.py:183} INFO - Processing /opt/airflow/dags/etl_postgres_to_clickhouse.py took 0.465 seconds
[2026-01-06T13:48:47.927+0000] {processor.py:161} INFO - Started process (PID=372) to work on /opt/airflow/dags/etl_postgres_to_clickhouse.py
[2026-01-06T13:48:47.929+0000] {processor.py:830} INFO - Processing file /opt/airflow/dags/etl_postgres_to_clickhouse.py for tasks to queue
[2026-01-06T13:48:47.932+0000] {logging_mixin.py:188} INFO - [2026-01-06T13:48:47.931+0000] {dagbag.py:545} INFO - Filling up the DagBag from /opt/airflow/dags/etl_postgres_to_clickhouse.py
[2026-01-06T13:48:48.305+0000] {processor.py:840} INFO - DAG(s) 'pg_to_clickhouse_sliding_window' retrieved from /opt/airflow/dags/etl_postgres_to_clickhouse.py
[2026-01-06T13:48:48.360+0000] {logging_mixin.py:188} INFO - [2026-01-06T13:48:48.359+0000] {dag.py:3096} INFO - Sync 1 DAGs
[2026-01-06T13:48:48.402+0000] {logging_mixin.py:188} INFO - [2026-01-06T13:48:48.402+0000] {dag.py:3954} INFO - Setting next_dagrun for pg_to_clickhouse_sliding_window to 2026-01-06 13:48:40+00:00, run_after=2026-01-06 13:48:50+00:00
[2026-01-06T13:48:48.442+0000] {processor.py:183} INFO - Processing /opt/airflow/dags/etl_postgres_to_clickhouse.py took 0.525 seconds
[2026-01-06T13:49:18.703+0000] {processor.py:161} INFO - Started process (PID=410) to work on /opt/airflow/dags/etl_postgres_to_clickhouse.py
[2026-01-06T13:49:18.704+0000] {processor.py:830} INFO - Processing file /opt/airflow/dags/etl_postgres_to_clickhouse.py for tasks to queue
[2026-01-06T13:49:18.707+0000] {logging_mixin.py:188} INFO - [2026-01-06T13:49:18.706+0000] {dagbag.py:545} INFO - Filling up the DagBag from /opt/airflow/dags/etl_postgres_to_clickhouse.py
[2026-01-06T13:49:19.031+0000] {processor.py:840} INFO - DAG(s) 'pg_to_clickhouse_sliding_window' retrieved from /opt/airflow/dags/etl_postgres_to_clickhouse.py
[2026-01-06T13:49:19.069+0000] {logging_mixin.py:188} INFO - [2026-01-06T13:49:19.069+0000] {dag.py:3096} INFO - Sync 1 DAGs
[2026-01-06T13:49:19.114+0000] {logging_mixin.py:188} INFO - [2026-01-06T13:49:19.113+0000] {dag.py:3954} INFO - Setting next_dagrun for pg_to_clickhouse_sliding_window to 2026-01-06 13:49:10+00:00, run_after=2026-01-06 13:49:20+00:00
[2026-01-06T13:49:19.143+0000] {processor.py:183} INFO - Processing /opt/airflow/dags/etl_postgres_to_clickhouse.py took 0.450 seconds
[2026-01-06T13:49:49.358+0000] {processor.py:161} INFO - Started process (PID=441) to work on /opt/airflow/dags/etl_postgres_to_clickhouse.py
[2026-01-06T13:49:49.359+0000] {processor.py:830} INFO - Processing file /opt/airflow/dags/etl_postgres_to_clickhouse.py for tasks to queue
[2026-01-06T13:49:49.362+0000] {logging_mixin.py:188} INFO - [2026-01-06T13:49:49.361+0000] {dagbag.py:545} INFO - Filling up the DagBag from /opt/airflow/dags/etl_postgres_to_clickhouse.py
[2026-01-06T13:49:49.602+0000] {processor.py:840} INFO - DAG(s) 'pg_to_clickhouse_sliding_window' retrieved from /opt/airflow/dags/etl_postgres_to_clickhouse.py
[2026-01-06T13:49:49.645+0000] {logging_mixin.py:188} INFO - [2026-01-06T13:49:49.645+0000] {dag.py:3096} INFO - Sync 1 DAGs
[2026-01-06T13:49:49.676+0000] {logging_mixin.py:188} INFO - [2026-01-06T13:49:49.676+0000] {dag.py:3954} INFO - Setting next_dagrun for pg_to_clickhouse_sliding_window to 2026-01-06 13:49:40+00:00, run_after=2026-01-06 13:49:50+00:00
[2026-01-06T13:49:49.699+0000] {processor.py:183} INFO - Processing /opt/airflow/dags/etl_postgres_to_clickhouse.py took 0.349 seconds
[2026-01-06T13:50:20.036+0000] {processor.py:161} INFO - Started process (PID=472) to work on /opt/airflow/dags/etl_postgres_to_clickhouse.py
[2026-01-06T13:50:20.038+0000] {processor.py:830} INFO - Processing file /opt/airflow/dags/etl_postgres_to_clickhouse.py for tasks to queue
[2026-01-06T13:50:20.041+0000] {logging_mixin.py:188} INFO - [2026-01-06T13:50:20.040+0000] {dagbag.py:545} INFO - Filling up the DagBag from /opt/airflow/dags/etl_postgres_to_clickhouse.py
[2026-01-06T13:50:20.394+0000] {processor.py:840} INFO - DAG(s) 'pg_to_clickhouse_sliding_window' retrieved from /opt/airflow/dags/etl_postgres_to_clickhouse.py
[2026-01-06T13:50:20.454+0000] {logging_mixin.py:188} INFO - [2026-01-06T13:50:20.454+0000] {dag.py:3096} INFO - Sync 1 DAGs
[2026-01-06T13:50:20.499+0000] {logging_mixin.py:188} INFO - [2026-01-06T13:50:20.499+0000] {dag.py:3954} INFO - Setting next_dagrun for pg_to_clickhouse_sliding_window to 2026-01-06 13:50:20+00:00, run_after=2026-01-06 13:50:30+00:00
[2026-01-06T13:50:20.549+0000] {processor.py:183} INFO - Processing /opt/airflow/dags/etl_postgres_to_clickhouse.py took 0.522 seconds
[2026-01-06T13:50:50.885+0000] {processor.py:161} INFO - Started process (PID=512) to work on /opt/airflow/dags/etl_postgres_to_clickhouse.py
[2026-01-06T13:50:50.890+0000] {processor.py:830} INFO - Processing file /opt/airflow/dags/etl_postgres_to_clickhouse.py for tasks to queue
[2026-01-06T13:50:50.896+0000] {logging_mixin.py:188} INFO - [2026-01-06T13:50:50.895+0000] {dagbag.py:545} INFO - Filling up the DagBag from /opt/airflow/dags/etl_postgres_to_clickhouse.py
[2026-01-06T13:50:51.346+0000] {processor.py:840} INFO - DAG(s) 'pg_to_clickhouse_sliding_window' retrieved from /opt/airflow/dags/etl_postgres_to_clickhouse.py
[2026-01-06T13:50:51.395+0000] {logging_mixin.py:188} INFO - [2026-01-06T13:50:51.394+0000] {dag.py:3096} INFO - Sync 1 DAGs
[2026-01-06T13:50:51.433+0000] {logging_mixin.py:188} INFO - [2026-01-06T13:50:51.433+0000] {dag.py:3954} INFO - Setting next_dagrun for pg_to_clickhouse_sliding_window to 2026-01-06 13:50:50+00:00, run_after=2026-01-06 13:51:00+00:00
[2026-01-06T13:50:51.461+0000] {processor.py:183} INFO - Processing /opt/airflow/dags/etl_postgres_to_clickhouse.py took 0.598 seconds
[2026-01-06T13:51:42.055+0000] {processor.py:161} INFO - Started process (PID=191) to work on /opt/airflow/dags/etl_postgres_to_clickhouse.py
[2026-01-06T13:51:42.056+0000] {processor.py:830} INFO - Processing file /opt/airflow/dags/etl_postgres_to_clickhouse.py for tasks to queue
[2026-01-06T13:51:42.060+0000] {logging_mixin.py:188} INFO - [2026-01-06T13:51:42.059+0000] {dagbag.py:545} INFO - Filling up the DagBag from /opt/airflow/dags/etl_postgres_to_clickhouse.py
[2026-01-06T13:51:42.400+0000] {processor.py:840} INFO - DAG(s) 'pg_to_clickhouse_sliding_window' retrieved from /opt/airflow/dags/etl_postgres_to_clickhouse.py
[2026-01-06T13:51:42.656+0000] {logging_mixin.py:188} INFO - [2026-01-06T13:51:42.654+0000] {override.py:1829} INFO - Created Permission View: can edit on DAG:pg_to_clickhouse_sliding_window
[2026-01-06T13:51:42.684+0000] {logging_mixin.py:188} INFO - [2026-01-06T13:51:42.684+0000] {override.py:1829} INFO - Created Permission View: can read on DAG:pg_to_clickhouse_sliding_window
[2026-01-06T13:51:42.698+0000] {logging_mixin.py:188} INFO - [2026-01-06T13:51:42.698+0000] {override.py:1829} INFO - Created Permission View: can delete on DAG:pg_to_clickhouse_sliding_window
[2026-01-06T13:51:42.699+0000] {logging_mixin.py:188} INFO - [2026-01-06T13:51:42.699+0000] {dag.py:3096} INFO - Sync 1 DAGs
[2026-01-06T13:51:42.712+0000] {logging_mixin.py:188} INFO - [2026-01-06T13:51:42.712+0000] {dag.py:3118} INFO - Creating ORM DAG for pg_to_clickhouse_sliding_window
[2026-01-06T13:51:42.729+0000] {logging_mixin.py:188} INFO - [2026-01-06T13:51:42.728+0000] {dag.py:3954} INFO - Setting next_dagrun for pg_to_clickhouse_sliding_window to 2026-01-06 13:51:30+00:00, run_after=2026-01-06 13:51:40+00:00
[2026-01-06T13:51:42.761+0000] {processor.py:183} INFO - Processing /opt/airflow/dags/etl_postgres_to_clickhouse.py took 0.715 seconds
[2026-01-06T13:52:13.148+0000] {processor.py:161} INFO - Started process (PID=232) to work on /opt/airflow/dags/etl_postgres_to_clickhouse.py
[2026-01-06T13:52:13.150+0000] {processor.py:830} INFO - Processing file /opt/airflow/dags/etl_postgres_to_clickhouse.py for tasks to queue
[2026-01-06T13:52:13.154+0000] {logging_mixin.py:188} INFO - [2026-01-06T13:52:13.153+0000] {dagbag.py:545} INFO - Filling up the DagBag from /opt/airflow/dags/etl_postgres_to_clickhouse.py
[2026-01-06T13:52:13.524+0000] {processor.py:840} INFO - DAG(s) 'pg_to_clickhouse_sliding_window' retrieved from /opt/airflow/dags/etl_postgres_to_clickhouse.py
[2026-01-06T13:52:13.573+0000] {logging_mixin.py:188} INFO - [2026-01-06T13:52:13.573+0000] {dag.py:3096} INFO - Sync 1 DAGs
[2026-01-06T13:52:13.611+0000] {logging_mixin.py:188} INFO - [2026-01-06T13:52:13.610+0000] {dag.py:3954} INFO - Setting next_dagrun for pg_to_clickhouse_sliding_window to 2026-01-06 13:52:10+00:00, run_after=2026-01-06 13:52:20+00:00
[2026-01-06T13:52:13.641+0000] {processor.py:183} INFO - Processing /opt/airflow/dags/etl_postgres_to_clickhouse.py took 0.505 seconds
[2026-01-06T13:52:43.930+0000] {processor.py:161} INFO - Started process (PID=279) to work on /opt/airflow/dags/etl_postgres_to_clickhouse.py
[2026-01-06T13:52:43.932+0000] {processor.py:830} INFO - Processing file /opt/airflow/dags/etl_postgres_to_clickhouse.py for tasks to queue
[2026-01-06T13:52:43.939+0000] {logging_mixin.py:188} INFO - [2026-01-06T13:52:43.938+0000] {dagbag.py:545} INFO - Filling up the DagBag from /opt/airflow/dags/etl_postgres_to_clickhouse.py
[2026-01-06T13:52:44.556+0000] {processor.py:840} INFO - DAG(s) 'pg_to_clickhouse_sliding_window' retrieved from /opt/airflow/dags/etl_postgres_to_clickhouse.py
[2026-01-06T13:52:44.628+0000] {logging_mixin.py:188} INFO - [2026-01-06T13:52:44.627+0000] {dag.py:3096} INFO - Sync 1 DAGs
[2026-01-06T13:52:44.679+0000] {logging_mixin.py:188} INFO - [2026-01-06T13:52:44.679+0000] {dag.py:3954} INFO - Setting next_dagrun for pg_to_clickhouse_sliding_window to 2026-01-06 13:52:40+00:00, run_after=2026-01-06 13:52:50+00:00
[2026-01-06T13:52:44.735+0000] {processor.py:183} INFO - Processing /opt/airflow/dags/etl_postgres_to_clickhouse.py took 0.827 seconds
[2026-01-06T13:53:14.984+0000] {processor.py:161} INFO - Started process (PID=303) to work on /opt/airflow/dags/etl_postgres_to_clickhouse.py
[2026-01-06T13:53:14.985+0000] {processor.py:830} INFO - Processing file /opt/airflow/dags/etl_postgres_to_clickhouse.py for tasks to queue
[2026-01-06T13:53:14.988+0000] {logging_mixin.py:188} INFO - [2026-01-06T13:53:14.987+0000] {dagbag.py:545} INFO - Filling up the DagBag from /opt/airflow/dags/etl_postgres_to_clickhouse.py
[2026-01-06T13:53:15.353+0000] {processor.py:840} INFO - DAG(s) 'pg_to_clickhouse_sliding_window' retrieved from /opt/airflow/dags/etl_postgres_to_clickhouse.py
[2026-01-06T13:53:15.404+0000] {logging_mixin.py:188} INFO - [2026-01-06T13:53:15.404+0000] {dag.py:3096} INFO - Sync 1 DAGs
[2026-01-06T13:53:15.441+0000] {logging_mixin.py:188} INFO - [2026-01-06T13:53:15.441+0000] {dag.py:3954} INFO - Setting next_dagrun for pg_to_clickhouse_sliding_window to 2026-01-06 13:53:10+00:00, run_after=2026-01-06 13:53:20+00:00
[2026-01-06T13:53:15.476+0000] {processor.py:183} INFO - Processing /opt/airflow/dags/etl_postgres_to_clickhouse.py took 0.502 seconds
[2026-01-06T13:53:45.763+0000] {processor.py:161} INFO - Started process (PID=329) to work on /opt/airflow/dags/etl_postgres_to_clickhouse.py
[2026-01-06T13:53:45.764+0000] {processor.py:830} INFO - Processing file /opt/airflow/dags/etl_postgres_to_clickhouse.py for tasks to queue
[2026-01-06T13:53:45.768+0000] {logging_mixin.py:188} INFO - [2026-01-06T13:53:45.767+0000] {dagbag.py:545} INFO - Filling up the DagBag from /opt/airflow/dags/etl_postgres_to_clickhouse.py
[2026-01-06T13:53:46.070+0000] {processor.py:840} INFO - DAG(s) 'pg_to_clickhouse_sliding_window' retrieved from /opt/airflow/dags/etl_postgres_to_clickhouse.py
[2026-01-06T13:53:46.118+0000] {logging_mixin.py:188} INFO - [2026-01-06T13:53:46.117+0000] {dag.py:3096} INFO - Sync 1 DAGs
[2026-01-06T13:53:46.153+0000] {logging_mixin.py:188} INFO - [2026-01-06T13:53:46.153+0000] {dag.py:3954} INFO - Setting next_dagrun for pg_to_clickhouse_sliding_window to 2026-01-06 13:53:40+00:00, run_after=2026-01-06 13:53:50+00:00
[2026-01-06T13:53:46.180+0000] {processor.py:183} INFO - Processing /opt/airflow/dags/etl_postgres_to_clickhouse.py took 0.424 seconds
[2026-01-06T13:54:16.476+0000] {processor.py:161} INFO - Started process (PID=361) to work on /opt/airflow/dags/etl_postgres_to_clickhouse.py
[2026-01-06T13:54:16.477+0000] {processor.py:830} INFO - Processing file /opt/airflow/dags/etl_postgres_to_clickhouse.py for tasks to queue
[2026-01-06T13:54:16.480+0000] {logging_mixin.py:188} INFO - [2026-01-06T13:54:16.479+0000] {dagbag.py:545} INFO - Filling up the DagBag from /opt/airflow/dags/etl_postgres_to_clickhouse.py
[2026-01-06T13:54:16.830+0000] {processor.py:840} INFO - DAG(s) 'pg_to_clickhouse_sliding_window' retrieved from /opt/airflow/dags/etl_postgres_to_clickhouse.py
[2026-01-06T13:54:16.880+0000] {logging_mixin.py:188} INFO - [2026-01-06T13:54:16.879+0000] {dag.py:3096} INFO - Sync 1 DAGs
[2026-01-06T13:54:16.919+0000] {logging_mixin.py:188} INFO - [2026-01-06T13:54:16.919+0000] {dag.py:3954} INFO - Setting next_dagrun for pg_to_clickhouse_sliding_window to 2026-01-06 13:54:10+00:00, run_after=2026-01-06 13:54:20+00:00
[2026-01-06T13:54:16.959+0000] {processor.py:183} INFO - Processing /opt/airflow/dags/etl_postgres_to_clickhouse.py took 0.490 seconds
[2026-01-06T13:54:47.290+0000] {processor.py:161} INFO - Started process (PID=386) to work on /opt/airflow/dags/etl_postgres_to_clickhouse.py
[2026-01-06T13:54:47.292+0000] {processor.py:830} INFO - Processing file /opt/airflow/dags/etl_postgres_to_clickhouse.py for tasks to queue
[2026-01-06T13:54:47.294+0000] {logging_mixin.py:188} INFO - [2026-01-06T13:54:47.294+0000] {dagbag.py:545} INFO - Filling up the DagBag from /opt/airflow/dags/etl_postgres_to_clickhouse.py
[2026-01-06T13:54:47.563+0000] {processor.py:840} INFO - DAG(s) 'pg_to_clickhouse_sliding_window' retrieved from /opt/airflow/dags/etl_postgres_to_clickhouse.py
[2026-01-06T13:54:47.600+0000] {logging_mixin.py:188} INFO - [2026-01-06T13:54:47.600+0000] {dag.py:3096} INFO - Sync 1 DAGs
[2026-01-06T13:54:47.630+0000] {logging_mixin.py:188} INFO - [2026-01-06T13:54:47.630+0000] {dag.py:3954} INFO - Setting next_dagrun for pg_to_clickhouse_sliding_window to 2026-01-06 13:54:40+00:00, run_after=2026-01-06 13:54:50+00:00
[2026-01-06T13:54:47.663+0000] {processor.py:183} INFO - Processing /opt/airflow/dags/etl_postgres_to_clickhouse.py took 0.383 seconds
[2026-01-06T13:55:17.924+0000] {processor.py:161} INFO - Started process (PID=413) to work on /opt/airflow/dags/etl_postgres_to_clickhouse.py
[2026-01-06T13:55:17.926+0000] {processor.py:830} INFO - Processing file /opt/airflow/dags/etl_postgres_to_clickhouse.py for tasks to queue
[2026-01-06T13:55:17.928+0000] {logging_mixin.py:188} INFO - [2026-01-06T13:55:17.928+0000] {dagbag.py:545} INFO - Filling up the DagBag from /opt/airflow/dags/etl_postgres_to_clickhouse.py
[2026-01-06T13:55:18.224+0000] {processor.py:840} INFO - DAG(s) 'pg_to_clickhouse_sliding_window' retrieved from /opt/airflow/dags/etl_postgres_to_clickhouse.py
[2026-01-06T13:55:18.260+0000] {logging_mixin.py:188} INFO - [2026-01-06T13:55:18.259+0000] {dag.py:3096} INFO - Sync 1 DAGs
[2026-01-06T13:55:18.285+0000] {logging_mixin.py:188} INFO - [2026-01-06T13:55:18.285+0000] {dag.py:3954} INFO - Setting next_dagrun for pg_to_clickhouse_sliding_window to 2026-01-06 13:55:10+00:00, run_after=2026-01-06 13:55:20+00:00
[2026-01-06T13:55:18.311+0000] {processor.py:183} INFO - Processing /opt/airflow/dags/etl_postgres_to_clickhouse.py took 0.394 seconds
[2026-01-06T13:55:48.681+0000] {processor.py:161} INFO - Started process (PID=445) to work on /opt/airflow/dags/etl_postgres_to_clickhouse.py
[2026-01-06T13:55:48.683+0000] {processor.py:830} INFO - Processing file /opt/airflow/dags/etl_postgres_to_clickhouse.py for tasks to queue
[2026-01-06T13:55:48.686+0000] {logging_mixin.py:188} INFO - [2026-01-06T13:55:48.685+0000] {dagbag.py:545} INFO - Filling up the DagBag from /opt/airflow/dags/etl_postgres_to_clickhouse.py
[2026-01-06T13:55:49.138+0000] {processor.py:840} INFO - DAG(s) 'pg_to_clickhouse_sliding_window' retrieved from /opt/airflow/dags/etl_postgres_to_clickhouse.py
[2026-01-06T13:55:49.213+0000] {logging_mixin.py:188} INFO - [2026-01-06T13:55:49.212+0000] {dag.py:3096} INFO - Sync 1 DAGs
[2026-01-06T13:55:49.268+0000] {logging_mixin.py:188} INFO - [2026-01-06T13:55:49.266+0000] {dag.py:3954} INFO - Setting next_dagrun for pg_to_clickhouse_sliding_window to 2026-01-06 13:55:40+00:00, run_after=2026-01-06 13:55:50+00:00
[2026-01-06T13:55:49.331+0000] {processor.py:183} INFO - Processing /opt/airflow/dags/etl_postgres_to_clickhouse.py took 0.658 seconds
[2026-01-06T13:56:19.595+0000] {processor.py:161} INFO - Started process (PID=471) to work on /opt/airflow/dags/etl_postgres_to_clickhouse.py
[2026-01-06T13:56:19.596+0000] {processor.py:830} INFO - Processing file /opt/airflow/dags/etl_postgres_to_clickhouse.py for tasks to queue
[2026-01-06T13:56:19.600+0000] {logging_mixin.py:188} INFO - [2026-01-06T13:56:19.599+0000] {dagbag.py:545} INFO - Filling up the DagBag from /opt/airflow/dags/etl_postgres_to_clickhouse.py
[2026-01-06T13:56:20.006+0000] {processor.py:840} INFO - DAG(s) 'pg_to_clickhouse_sliding_window' retrieved from /opt/airflow/dags/etl_postgres_to_clickhouse.py
[2026-01-06T13:56:20.052+0000] {logging_mixin.py:188} INFO - [2026-01-06T13:56:20.052+0000] {dag.py:3096} INFO - Sync 1 DAGs
[2026-01-06T13:56:20.092+0000] {logging_mixin.py:188} INFO - [2026-01-06T13:56:20.092+0000] {dag.py:3954} INFO - Setting next_dagrun for pg_to_clickhouse_sliding_window to 2026-01-06 13:56:10+00:00, run_after=2026-01-06 13:56:20+00:00
[2026-01-06T13:56:20.121+0000] {processor.py:183} INFO - Processing /opt/airflow/dags/etl_postgres_to_clickhouse.py took 0.542 seconds
[2026-01-06T13:56:50.537+0000] {processor.py:161} INFO - Started process (PID=497) to work on /opt/airflow/dags/etl_postgres_to_clickhouse.py
[2026-01-06T13:56:50.538+0000] {processor.py:830} INFO - Processing file /opt/airflow/dags/etl_postgres_to_clickhouse.py for tasks to queue
[2026-01-06T13:56:50.541+0000] {logging_mixin.py:188} INFO - [2026-01-06T13:56:50.541+0000] {dagbag.py:545} INFO - Filling up the DagBag from /opt/airflow/dags/etl_postgres_to_clickhouse.py
[2026-01-06T13:56:50.869+0000] {processor.py:840} INFO - DAG(s) 'pg_to_clickhouse_sliding_window' retrieved from /opt/airflow/dags/etl_postgres_to_clickhouse.py
[2026-01-06T13:56:50.922+0000] {logging_mixin.py:188} INFO - [2026-01-06T13:56:50.921+0000] {dag.py:3096} INFO - Sync 1 DAGs
[2026-01-06T13:56:50.957+0000] {logging_mixin.py:188} INFO - [2026-01-06T13:56:50.957+0000] {dag.py:3954} INFO - Setting next_dagrun for pg_to_clickhouse_sliding_window to 2026-01-06 13:56:50+00:00, run_after=2026-01-06 13:57:00+00:00
[2026-01-06T13:56:50.985+0000] {processor.py:183} INFO - Processing /opt/airflow/dags/etl_postgres_to_clickhouse.py took 0.459 seconds
[2026-01-06T13:57:21.107+0000] {processor.py:161} INFO - Started process (PID=524) to work on /opt/airflow/dags/etl_postgres_to_clickhouse.py
[2026-01-06T13:57:21.109+0000] {processor.py:830} INFO - Processing file /opt/airflow/dags/etl_postgres_to_clickhouse.py for tasks to queue
[2026-01-06T13:57:21.113+0000] {logging_mixin.py:188} INFO - [2026-01-06T13:57:21.112+0000] {dagbag.py:545} INFO - Filling up the DagBag from /opt/airflow/dags/etl_postgres_to_clickhouse.py
[2026-01-06T13:57:21.480+0000] {processor.py:840} INFO - DAG(s) 'pg_to_clickhouse_sliding_window' retrieved from /opt/airflow/dags/etl_postgres_to_clickhouse.py
[2026-01-06T13:57:21.528+0000] {logging_mixin.py:188} INFO - [2026-01-06T13:57:21.527+0000] {dag.py:3096} INFO - Sync 1 DAGs
[2026-01-06T13:57:21.569+0000] {logging_mixin.py:188} INFO - [2026-01-06T13:57:21.569+0000] {dag.py:3954} INFO - Setting next_dagrun for pg_to_clickhouse_sliding_window to 2026-01-06 13:57:20+00:00, run_after=2026-01-06 13:57:30+00:00
[2026-01-06T13:57:21.599+0000] {processor.py:183} INFO - Processing /opt/airflow/dags/etl_postgres_to_clickhouse.py took 0.502 seconds
[2026-01-06T13:57:51.936+0000] {processor.py:161} INFO - Started process (PID=556) to work on /opt/airflow/dags/etl_postgres_to_clickhouse.py
[2026-01-06T13:57:51.938+0000] {processor.py:830} INFO - Processing file /opt/airflow/dags/etl_postgres_to_clickhouse.py for tasks to queue
[2026-01-06T13:57:51.941+0000] {logging_mixin.py:188} INFO - [2026-01-06T13:57:51.941+0000] {dagbag.py:545} INFO - Filling up the DagBag from /opt/airflow/dags/etl_postgres_to_clickhouse.py
[2026-01-06T13:57:52.313+0000] {processor.py:840} INFO - DAG(s) 'pg_to_clickhouse_sliding_window' retrieved from /opt/airflow/dags/etl_postgres_to_clickhouse.py
[2026-01-06T13:57:52.373+0000] {logging_mixin.py:188} INFO - [2026-01-06T13:57:52.372+0000] {dag.py:3096} INFO - Sync 1 DAGs
[2026-01-06T13:57:52.409+0000] {logging_mixin.py:188} INFO - [2026-01-06T13:57:52.409+0000] {dag.py:3954} INFO - Setting next_dagrun for pg_to_clickhouse_sliding_window to 2026-01-06 13:57:50+00:00, run_after=2026-01-06 13:58:00+00:00
[2026-01-06T13:57:52.448+0000] {processor.py:183} INFO - Processing /opt/airflow/dags/etl_postgres_to_clickhouse.py took 0.522 seconds
[2026-01-06T13:58:22.736+0000] {processor.py:161} INFO - Started process (PID=581) to work on /opt/airflow/dags/etl_postgres_to_clickhouse.py
[2026-01-06T13:58:22.738+0000] {processor.py:830} INFO - Processing file /opt/airflow/dags/etl_postgres_to_clickhouse.py for tasks to queue
[2026-01-06T13:58:22.741+0000] {logging_mixin.py:188} INFO - [2026-01-06T13:58:22.741+0000] {dagbag.py:545} INFO - Filling up the DagBag from /opt/airflow/dags/etl_postgres_to_clickhouse.py
[2026-01-06T13:58:23.160+0000] {processor.py:840} INFO - DAG(s) 'pg_to_clickhouse_sliding_window' retrieved from /opt/airflow/dags/etl_postgres_to_clickhouse.py
[2026-01-06T13:58:23.230+0000] {logging_mixin.py:188} INFO - [2026-01-06T13:58:23.229+0000] {dag.py:3096} INFO - Sync 1 DAGs
[2026-01-06T13:58:23.267+0000] {logging_mixin.py:188} INFO - [2026-01-06T13:58:23.267+0000] {dag.py:3954} INFO - Setting next_dagrun for pg_to_clickhouse_sliding_window to 2026-01-06 13:58:20+00:00, run_after=2026-01-06 13:58:30+00:00
[2026-01-06T13:58:23.312+0000] {processor.py:183} INFO - Processing /opt/airflow/dags/etl_postgres_to_clickhouse.py took 0.588 seconds
[2026-01-06T13:58:53.479+0000] {processor.py:161} INFO - Started process (PID=605) to work on /opt/airflow/dags/etl_postgres_to_clickhouse.py
[2026-01-06T13:58:53.481+0000] {processor.py:830} INFO - Processing file /opt/airflow/dags/etl_postgres_to_clickhouse.py for tasks to queue
[2026-01-06T13:58:53.484+0000] {logging_mixin.py:188} INFO - [2026-01-06T13:58:53.483+0000] {dagbag.py:545} INFO - Filling up the DagBag from /opt/airflow/dags/etl_postgres_to_clickhouse.py
[2026-01-06T13:58:53.802+0000] {processor.py:840} INFO - DAG(s) 'pg_to_clickhouse_sliding_window' retrieved from /opt/airflow/dags/etl_postgres_to_clickhouse.py
[2026-01-06T13:58:53.849+0000] {logging_mixin.py:188} INFO - [2026-01-06T13:58:53.849+0000] {dag.py:3096} INFO - Sync 1 DAGs
[2026-01-06T13:58:53.884+0000] {logging_mixin.py:188} INFO - [2026-01-06T13:58:53.884+0000] {dag.py:3954} INFO - Setting next_dagrun for pg_to_clickhouse_sliding_window to 2026-01-06 13:58:50+00:00, run_after=2026-01-06 13:59:00+00:00
[2026-01-06T13:58:53.914+0000] {processor.py:183} INFO - Processing /opt/airflow/dags/etl_postgres_to_clickhouse.py took 0.443 seconds
[2026-01-06T13:59:24.214+0000] {processor.py:161} INFO - Started process (PID=638) to work on /opt/airflow/dags/etl_postgres_to_clickhouse.py
[2026-01-06T13:59:24.218+0000] {processor.py:830} INFO - Processing file /opt/airflow/dags/etl_postgres_to_clickhouse.py for tasks to queue
[2026-01-06T13:59:24.221+0000] {logging_mixin.py:188} INFO - [2026-01-06T13:59:24.220+0000] {dagbag.py:545} INFO - Filling up the DagBag from /opt/airflow/dags/etl_postgres_to_clickhouse.py
[2026-01-06T13:59:24.598+0000] {processor.py:840} INFO - DAG(s) 'pg_to_clickhouse_sliding_window' retrieved from /opt/airflow/dags/etl_postgres_to_clickhouse.py
[2026-01-06T13:59:24.652+0000] {logging_mixin.py:188} INFO - [2026-01-06T13:59:24.652+0000] {dag.py:3096} INFO - Sync 1 DAGs
[2026-01-06T13:59:24.692+0000] {logging_mixin.py:188} INFO - [2026-01-06T13:59:24.691+0000] {dag.py:3954} INFO - Setting next_dagrun for pg_to_clickhouse_sliding_window to 2026-01-06 13:59:20+00:00, run_after=2026-01-06 13:59:30+00:00
[2026-01-06T13:59:24.730+0000] {processor.py:183} INFO - Processing /opt/airflow/dags/etl_postgres_to_clickhouse.py took 0.528 seconds
[2026-01-06T13:59:55.041+0000] {processor.py:161} INFO - Started process (PID=662) to work on /opt/airflow/dags/etl_postgres_to_clickhouse.py
[2026-01-06T13:59:55.043+0000] {processor.py:830} INFO - Processing file /opt/airflow/dags/etl_postgres_to_clickhouse.py for tasks to queue
[2026-01-06T13:59:55.046+0000] {logging_mixin.py:188} INFO - [2026-01-06T13:59:55.046+0000] {dagbag.py:545} INFO - Filling up the DagBag from /opt/airflow/dags/etl_postgres_to_clickhouse.py
[2026-01-06T13:59:55.365+0000] {processor.py:840} INFO - DAG(s) 'pg_to_clickhouse_sliding_window' retrieved from /opt/airflow/dags/etl_postgres_to_clickhouse.py
[2026-01-06T13:59:55.411+0000] {logging_mixin.py:188} INFO - [2026-01-06T13:59:55.410+0000] {dag.py:3096} INFO - Sync 1 DAGs
[2026-01-06T13:59:55.443+0000] {logging_mixin.py:188} INFO - [2026-01-06T13:59:55.443+0000] {dag.py:3954} INFO - Setting next_dagrun for pg_to_clickhouse_sliding_window to 2026-01-06 13:59:50+00:00, run_after=2026-01-06 14:00:00+00:00
[2026-01-06T13:59:55.480+0000] {processor.py:183} INFO - Processing /opt/airflow/dags/etl_postgres_to_clickhouse.py took 0.451 seconds
[2026-01-06T14:00:25.859+0000] {processor.py:161} INFO - Started process (PID=687) to work on /opt/airflow/dags/etl_postgres_to_clickhouse.py
[2026-01-06T14:00:25.865+0000] {processor.py:830} INFO - Processing file /opt/airflow/dags/etl_postgres_to_clickhouse.py for tasks to queue
[2026-01-06T14:00:25.870+0000] {logging_mixin.py:188} INFO - [2026-01-06T14:00:25.869+0000] {dagbag.py:545} INFO - Filling up the DagBag from /opt/airflow/dags/etl_postgres_to_clickhouse.py
[2026-01-06T14:00:26.228+0000] {processor.py:840} INFO - DAG(s) 'pg_to_clickhouse_sliding_window' retrieved from /opt/airflow/dags/etl_postgres_to_clickhouse.py
[2026-01-06T14:00:26.270+0000] {logging_mixin.py:188} INFO - [2026-01-06T14:00:26.270+0000] {dag.py:3096} INFO - Sync 1 DAGs
[2026-01-06T14:00:26.303+0000] {logging_mixin.py:188} INFO - [2026-01-06T14:00:26.303+0000] {dag.py:3954} INFO - Setting next_dagrun for pg_to_clickhouse_sliding_window to 2026-01-06 14:00:20+00:00, run_after=2026-01-06 14:00:30+00:00
[2026-01-06T14:00:26.328+0000] {processor.py:183} INFO - Processing /opt/airflow/dags/etl_postgres_to_clickhouse.py took 0.482 seconds
[2026-01-06T14:00:56.568+0000] {processor.py:161} INFO - Started process (PID=711) to work on /opt/airflow/dags/etl_postgres_to_clickhouse.py
[2026-01-06T14:00:56.569+0000] {processor.py:830} INFO - Processing file /opt/airflow/dags/etl_postgres_to_clickhouse.py for tasks to queue
[2026-01-06T14:00:56.572+0000] {logging_mixin.py:188} INFO - [2026-01-06T14:00:56.572+0000] {dagbag.py:545} INFO - Filling up the DagBag from /opt/airflow/dags/etl_postgres_to_clickhouse.py
[2026-01-06T14:00:56.879+0000] {processor.py:840} INFO - DAG(s) 'pg_to_clickhouse_sliding_window' retrieved from /opt/airflow/dags/etl_postgres_to_clickhouse.py
[2026-01-06T14:00:56.928+0000] {logging_mixin.py:188} INFO - [2026-01-06T14:00:56.928+0000] {dag.py:3096} INFO - Sync 1 DAGs
[2026-01-06T14:00:56.962+0000] {logging_mixin.py:188} INFO - [2026-01-06T14:00:56.962+0000] {dag.py:3954} INFO - Setting next_dagrun for pg_to_clickhouse_sliding_window to 2026-01-06 14:00:50+00:00, run_after=2026-01-06 14:01:00+00:00
[2026-01-06T14:00:57.009+0000] {processor.py:183} INFO - Processing /opt/airflow/dags/etl_postgres_to_clickhouse.py took 0.451 seconds
[2026-01-06T14:01:28.025+0000] {processor.py:161} INFO - Started process (PID=741) to work on /opt/airflow/dags/etl_postgres_to_clickhouse.py
[2026-01-06T14:01:28.052+0000] {processor.py:830} INFO - Processing file /opt/airflow/dags/etl_postgres_to_clickhouse.py for tasks to queue
[2026-01-06T14:01:28.066+0000] {logging_mixin.py:188} INFO - [2026-01-06T14:01:28.057+0000] {dagbag.py:545} INFO - Filling up the DagBag from /opt/airflow/dags/etl_postgres_to_clickhouse.py
[2026-01-06T14:01:29.429+0000] {processor.py:840} INFO - DAG(s) 'pg_to_clickhouse_sliding_window' retrieved from /opt/airflow/dags/etl_postgres_to_clickhouse.py
[2026-01-06T14:01:29.704+0000] {logging_mixin.py:188} INFO - [2026-01-06T14:01:29.704+0000] {dag.py:3096} INFO - Sync 1 DAGs
[2026-01-06T14:01:29.881+0000] {logging_mixin.py:188} INFO - [2026-01-06T14:01:29.881+0000] {dag.py:3954} INFO - Setting next_dagrun for pg_to_clickhouse_sliding_window to 2026-01-06 14:01:20+00:00, run_after=2026-01-06 14:01:30+00:00
[2026-01-06T14:01:30.065+0000] {processor.py:183} INFO - Processing /opt/airflow/dags/etl_postgres_to_clickhouse.py took 2.112 seconds
[2026-01-06T14:02:00.382+0000] {processor.py:161} INFO - Started process (PID=773) to work on /opt/airflow/dags/etl_postgres_to_clickhouse.py
[2026-01-06T14:02:00.384+0000] {processor.py:830} INFO - Processing file /opt/airflow/dags/etl_postgres_to_clickhouse.py for tasks to queue
[2026-01-06T14:02:00.388+0000] {logging_mixin.py:188} INFO - [2026-01-06T14:02:00.387+0000] {dagbag.py:545} INFO - Filling up the DagBag from /opt/airflow/dags/etl_postgres_to_clickhouse.py
[2026-01-06T14:02:00.757+0000] {processor.py:840} INFO - DAG(s) 'pg_to_clickhouse_sliding_window' retrieved from /opt/airflow/dags/etl_postgres_to_clickhouse.py
[2026-01-06T14:02:00.819+0000] {logging_mixin.py:188} INFO - [2026-01-06T14:02:00.819+0000] {dag.py:3096} INFO - Sync 1 DAGs
[2026-01-06T14:02:00.866+0000] {logging_mixin.py:188} INFO - [2026-01-06T14:02:00.865+0000] {dag.py:3954} INFO - Setting next_dagrun for pg_to_clickhouse_sliding_window to 2026-01-06 14:01:50+00:00, run_after=2026-01-06 14:02:00+00:00
[2026-01-06T14:02:00.899+0000] {processor.py:183} INFO - Processing /opt/airflow/dags/etl_postgres_to_clickhouse.py took 0.526 seconds
[2026-01-06T14:02:31.332+0000] {processor.py:161} INFO - Started process (PID=799) to work on /opt/airflow/dags/etl_postgres_to_clickhouse.py
[2026-01-06T14:02:31.334+0000] {processor.py:830} INFO - Processing file /opt/airflow/dags/etl_postgres_to_clickhouse.py for tasks to queue
[2026-01-06T14:02:31.337+0000] {logging_mixin.py:188} INFO - [2026-01-06T14:02:31.336+0000] {dagbag.py:545} INFO - Filling up the DagBag from /opt/airflow/dags/etl_postgres_to_clickhouse.py
[2026-01-06T14:02:31.730+0000] {processor.py:840} INFO - DAG(s) 'pg_to_clickhouse_sliding_window' retrieved from /opt/airflow/dags/etl_postgres_to_clickhouse.py
[2026-01-06T14:02:31.816+0000] {logging_mixin.py:188} INFO - [2026-01-06T14:02:31.816+0000] {dag.py:3096} INFO - Sync 1 DAGs
[2026-01-06T14:02:31.858+0000] {logging_mixin.py:188} INFO - [2026-01-06T14:02:31.857+0000] {dag.py:3954} INFO - Setting next_dagrun for pg_to_clickhouse_sliding_window to 2026-01-06 14:02:30+00:00, run_after=2026-01-06 14:02:40+00:00
[2026-01-06T14:02:31.892+0000] {processor.py:183} INFO - Processing /opt/airflow/dags/etl_postgres_to_clickhouse.py took 0.571 seconds
[2026-01-06T14:03:02.005+0000] {processor.py:161} INFO - Started process (PID=825) to work on /opt/airflow/dags/etl_postgres_to_clickhouse.py
[2026-01-06T14:03:02.007+0000] {processor.py:830} INFO - Processing file /opt/airflow/dags/etl_postgres_to_clickhouse.py for tasks to queue
[2026-01-06T14:03:02.011+0000] {logging_mixin.py:188} INFO - [2026-01-06T14:03:02.010+0000] {dagbag.py:545} INFO - Filling up the DagBag from /opt/airflow/dags/etl_postgres_to_clickhouse.py
[2026-01-06T14:03:02.420+0000] {processor.py:840} INFO - DAG(s) 'pg_to_clickhouse_sliding_window' retrieved from /opt/airflow/dags/etl_postgres_to_clickhouse.py
[2026-01-06T14:03:02.477+0000] {logging_mixin.py:188} INFO - [2026-01-06T14:03:02.476+0000] {dag.py:3096} INFO - Sync 1 DAGs
[2026-01-06T14:03:02.523+0000] {logging_mixin.py:188} INFO - [2026-01-06T14:03:02.523+0000] {dag.py:3954} INFO - Setting next_dagrun for pg_to_clickhouse_sliding_window to 2026-01-06 14:03:00+00:00, run_after=2026-01-06 14:03:10+00:00
[2026-01-06T14:03:02.569+0000] {processor.py:183} INFO - Processing /opt/airflow/dags/etl_postgres_to_clickhouse.py took 0.575 seconds
[2026-01-06T14:03:32.967+0000] {processor.py:161} INFO - Started process (PID=850) to work on /opt/airflow/dags/etl_postgres_to_clickhouse.py
[2026-01-06T14:03:32.968+0000] {processor.py:830} INFO - Processing file /opt/airflow/dags/etl_postgres_to_clickhouse.py for tasks to queue
[2026-01-06T14:03:32.972+0000] {logging_mixin.py:188} INFO - [2026-01-06T14:03:32.972+0000] {dagbag.py:545} INFO - Filling up the DagBag from /opt/airflow/dags/etl_postgres_to_clickhouse.py
[2026-01-06T14:03:33.337+0000] {processor.py:840} INFO - DAG(s) 'pg_to_clickhouse_sliding_window' retrieved from /opt/airflow/dags/etl_postgres_to_clickhouse.py
[2026-01-06T14:03:33.378+0000] {logging_mixin.py:188} INFO - [2026-01-06T14:03:33.378+0000] {dag.py:3096} INFO - Sync 1 DAGs
[2026-01-06T14:03:33.417+0000] {logging_mixin.py:188} INFO - [2026-01-06T14:03:33.416+0000] {dag.py:3954} INFO - Setting next_dagrun for pg_to_clickhouse_sliding_window to 2026-01-06 14:03:30+00:00, run_after=2026-01-06 14:03:40+00:00
[2026-01-06T14:03:33.453+0000] {processor.py:183} INFO - Processing /opt/airflow/dags/etl_postgres_to_clickhouse.py took 0.496 seconds
[2026-01-06T14:04:03.707+0000] {processor.py:161} INFO - Started process (PID=875) to work on /opt/airflow/dags/etl_postgres_to_clickhouse.py
[2026-01-06T14:04:03.708+0000] {processor.py:830} INFO - Processing file /opt/airflow/dags/etl_postgres_to_clickhouse.py for tasks to queue
[2026-01-06T14:04:03.710+0000] {logging_mixin.py:188} INFO - [2026-01-06T14:04:03.710+0000] {dagbag.py:545} INFO - Filling up the DagBag from /opt/airflow/dags/etl_postgres_to_clickhouse.py
[2026-01-06T14:04:04.089+0000] {processor.py:840} INFO - DAG(s) 'pg_to_clickhouse_sliding_window' retrieved from /opt/airflow/dags/etl_postgres_to_clickhouse.py
[2026-01-06T14:04:04.160+0000] {logging_mixin.py:188} INFO - [2026-01-06T14:04:04.159+0000] {dag.py:3096} INFO - Sync 1 DAGs
[2026-01-06T14:04:04.212+0000] {logging_mixin.py:188} INFO - [2026-01-06T14:04:04.211+0000] {dag.py:3954} INFO - Setting next_dagrun for pg_to_clickhouse_sliding_window to 2026-01-06 14:04:00+00:00, run_after=2026-01-06 14:04:10+00:00
[2026-01-06T14:04:04.249+0000] {processor.py:183} INFO - Processing /opt/airflow/dags/etl_postgres_to_clickhouse.py took 0.550 seconds
[2026-01-06T14:04:34.639+0000] {processor.py:161} INFO - Started process (PID=908) to work on /opt/airflow/dags/etl_postgres_to_clickhouse.py
[2026-01-06T14:04:34.641+0000] {processor.py:830} INFO - Processing file /opt/airflow/dags/etl_postgres_to_clickhouse.py for tasks to queue
[2026-01-06T14:04:34.644+0000] {logging_mixin.py:188} INFO - [2026-01-06T14:04:34.643+0000] {dagbag.py:545} INFO - Filling up the DagBag from /opt/airflow/dags/etl_postgres_to_clickhouse.py
[2026-01-06T14:04:34.926+0000] {processor.py:840} INFO - DAG(s) 'pg_to_clickhouse_sliding_window' retrieved from /opt/airflow/dags/etl_postgres_to_clickhouse.py
[2026-01-06T14:04:34.978+0000] {logging_mixin.py:188} INFO - [2026-01-06T14:04:34.978+0000] {dag.py:3096} INFO - Sync 1 DAGs
[2026-01-06T14:04:35.007+0000] {logging_mixin.py:188} INFO - [2026-01-06T14:04:35.007+0000] {dag.py:3954} INFO - Setting next_dagrun for pg_to_clickhouse_sliding_window to 2026-01-06 14:04:30+00:00, run_after=2026-01-06 14:04:40+00:00
[2026-01-06T14:04:35.031+0000] {processor.py:183} INFO - Processing /opt/airflow/dags/etl_postgres_to_clickhouse.py took 0.403 seconds
[2026-01-06T14:05:05.317+0000] {processor.py:161} INFO - Started process (PID=933) to work on /opt/airflow/dags/etl_postgres_to_clickhouse.py
[2026-01-06T14:05:05.319+0000] {processor.py:830} INFO - Processing file /opt/airflow/dags/etl_postgres_to_clickhouse.py for tasks to queue
[2026-01-06T14:05:05.321+0000] {logging_mixin.py:188} INFO - [2026-01-06T14:05:05.321+0000] {dagbag.py:545} INFO - Filling up the DagBag from /opt/airflow/dags/etl_postgres_to_clickhouse.py
[2026-01-06T14:05:05.625+0000] {processor.py:840} INFO - DAG(s) 'pg_to_clickhouse_sliding_window' retrieved from /opt/airflow/dags/etl_postgres_to_clickhouse.py
[2026-01-06T14:05:05.668+0000] {logging_mixin.py:188} INFO - [2026-01-06T14:05:05.667+0000] {dag.py:3096} INFO - Sync 1 DAGs
[2026-01-06T14:05:05.705+0000] {logging_mixin.py:188} INFO - [2026-01-06T14:05:05.705+0000] {dag.py:3954} INFO - Setting next_dagrun for pg_to_clickhouse_sliding_window to 2026-01-06 14:05:00+00:00, run_after=2026-01-06 14:05:10+00:00
[2026-01-06T14:05:05.731+0000] {processor.py:183} INFO - Processing /opt/airflow/dags/etl_postgres_to_clickhouse.py took 0.423 seconds
[2026-01-06T14:05:36.032+0000] {processor.py:161} INFO - Started process (PID=958) to work on /opt/airflow/dags/etl_postgres_to_clickhouse.py
[2026-01-06T14:05:36.036+0000] {processor.py:830} INFO - Processing file /opt/airflow/dags/etl_postgres_to_clickhouse.py for tasks to queue
[2026-01-06T14:05:36.041+0000] {logging_mixin.py:188} INFO - [2026-01-06T14:05:36.041+0000] {dagbag.py:545} INFO - Filling up the DagBag from /opt/airflow/dags/etl_postgres_to_clickhouse.py
[2026-01-06T14:05:36.419+0000] {processor.py:840} INFO - DAG(s) 'pg_to_clickhouse_sliding_window' retrieved from /opt/airflow/dags/etl_postgres_to_clickhouse.py
[2026-01-06T14:05:36.462+0000] {logging_mixin.py:188} INFO - [2026-01-06T14:05:36.462+0000] {dag.py:3096} INFO - Sync 1 DAGs
[2026-01-06T14:05:36.498+0000] {logging_mixin.py:188} INFO - [2026-01-06T14:05:36.498+0000] {dag.py:3954} INFO - Setting next_dagrun for pg_to_clickhouse_sliding_window to 2026-01-06 14:05:30+00:00, run_after=2026-01-06 14:05:40+00:00
[2026-01-06T14:05:36.531+0000] {processor.py:183} INFO - Processing /opt/airflow/dags/etl_postgres_to_clickhouse.py took 0.517 seconds
[2026-01-06T14:06:06.930+0000] {processor.py:161} INFO - Started process (PID=990) to work on /opt/airflow/dags/etl_postgres_to_clickhouse.py
[2026-01-06T14:06:06.931+0000] {processor.py:830} INFO - Processing file /opt/airflow/dags/etl_postgres_to_clickhouse.py for tasks to queue
[2026-01-06T14:06:06.935+0000] {logging_mixin.py:188} INFO - [2026-01-06T14:06:06.935+0000] {dagbag.py:545} INFO - Filling up the DagBag from /opt/airflow/dags/etl_postgres_to_clickhouse.py
[2026-01-06T14:06:07.305+0000] {processor.py:840} INFO - DAG(s) 'pg_to_clickhouse_sliding_window' retrieved from /opt/airflow/dags/etl_postgres_to_clickhouse.py
[2026-01-06T14:06:07.355+0000] {logging_mixin.py:188} INFO - [2026-01-06T14:06:07.355+0000] {dag.py:3096} INFO - Sync 1 DAGs
[2026-01-06T14:06:07.401+0000] {logging_mixin.py:188} INFO - [2026-01-06T14:06:07.401+0000] {dag.py:3954} INFO - Setting next_dagrun for pg_to_clickhouse_sliding_window to 2026-01-06 14:06:00+00:00, run_after=2026-01-06 14:06:10+00:00
[2026-01-06T14:06:07.434+0000] {processor.py:183} INFO - Processing /opt/airflow/dags/etl_postgres_to_clickhouse.py took 0.515 seconds
[2026-01-06T14:06:37.660+0000] {processor.py:161} INFO - Started process (PID=1015) to work on /opt/airflow/dags/etl_postgres_to_clickhouse.py
[2026-01-06T14:06:37.662+0000] {processor.py:830} INFO - Processing file /opt/airflow/dags/etl_postgres_to_clickhouse.py for tasks to queue
[2026-01-06T14:06:37.666+0000] {logging_mixin.py:188} INFO - [2026-01-06T14:06:37.666+0000] {dagbag.py:545} INFO - Filling up the DagBag from /opt/airflow/dags/etl_postgres_to_clickhouse.py
[2026-01-06T14:06:38.144+0000] {processor.py:840} INFO - DAG(s) 'pg_to_clickhouse_sliding_window' retrieved from /opt/airflow/dags/etl_postgres_to_clickhouse.py
[2026-01-06T14:06:38.207+0000] {logging_mixin.py:188} INFO - [2026-01-06T14:06:38.207+0000] {dag.py:3096} INFO - Sync 1 DAGs
[2026-01-06T14:06:38.256+0000] {logging_mixin.py:188} INFO - [2026-01-06T14:06:38.255+0000] {dag.py:3954} INFO - Setting next_dagrun for pg_to_clickhouse_sliding_window to 2026-01-06 14:06:30+00:00, run_after=2026-01-06 14:06:40+00:00
[2026-01-06T14:06:38.292+0000] {processor.py:183} INFO - Processing /opt/airflow/dags/etl_postgres_to_clickhouse.py took 0.647 seconds
[2026-01-06T14:07:08.833+0000] {processor.py:161} INFO - Started process (PID=1041) to work on /opt/airflow/dags/etl_postgres_to_clickhouse.py
[2026-01-06T14:07:08.835+0000] {processor.py:830} INFO - Processing file /opt/airflow/dags/etl_postgres_to_clickhouse.py for tasks to queue
[2026-01-06T14:07:08.839+0000] {logging_mixin.py:188} INFO - [2026-01-06T14:07:08.838+0000] {dagbag.py:545} INFO - Filling up the DagBag from /opt/airflow/dags/etl_postgres_to_clickhouse.py
[2026-01-06T14:07:09.317+0000] {processor.py:840} INFO - DAG(s) 'pg_to_clickhouse_sliding_window' retrieved from /opt/airflow/dags/etl_postgres_to_clickhouse.py
[2026-01-06T14:07:09.389+0000] {logging_mixin.py:188} INFO - [2026-01-06T14:07:09.388+0000] {dag.py:3096} INFO - Sync 1 DAGs
[2026-01-06T14:07:09.440+0000] {logging_mixin.py:188} INFO - [2026-01-06T14:07:09.440+0000] {dag.py:3954} INFO - Setting next_dagrun for pg_to_clickhouse_sliding_window to 2026-01-06 14:07:00+00:00, run_after=2026-01-06 14:07:10+00:00
[2026-01-06T14:07:09.480+0000] {processor.py:183} INFO - Processing /opt/airflow/dags/etl_postgres_to_clickhouse.py took 0.658 seconds
[2026-01-06T14:07:39.815+0000] {processor.py:161} INFO - Started process (PID=1066) to work on /opt/airflow/dags/etl_postgres_to_clickhouse.py
[2026-01-06T14:07:39.818+0000] {processor.py:830} INFO - Processing file /opt/airflow/dags/etl_postgres_to_clickhouse.py for tasks to queue
[2026-01-06T14:07:39.821+0000] {logging_mixin.py:188} INFO - [2026-01-06T14:07:39.820+0000] {dagbag.py:545} INFO - Filling up the DagBag from /opt/airflow/dags/etl_postgres_to_clickhouse.py
[2026-01-06T14:07:40.187+0000] {processor.py:840} INFO - DAG(s) 'pg_to_clickhouse_sliding_window' retrieved from /opt/airflow/dags/etl_postgres_to_clickhouse.py
[2026-01-06T14:07:40.239+0000] {logging_mixin.py:188} INFO - [2026-01-06T14:07:40.238+0000] {dag.py:3096} INFO - Sync 1 DAGs
[2026-01-06T14:07:40.280+0000] {logging_mixin.py:188} INFO - [2026-01-06T14:07:40.280+0000] {dag.py:3954} INFO - Setting next_dagrun for pg_to_clickhouse_sliding_window to 2026-01-06 14:07:30+00:00, run_after=2026-01-06 14:07:40+00:00
[2026-01-06T14:07:40.322+0000] {processor.py:183} INFO - Processing /opt/airflow/dags/etl_postgres_to_clickhouse.py took 0.518 seconds
[2026-01-06T14:08:10.717+0000] {processor.py:161} INFO - Started process (PID=1091) to work on /opt/airflow/dags/etl_postgres_to_clickhouse.py
[2026-01-06T14:08:10.719+0000] {processor.py:830} INFO - Processing file /opt/airflow/dags/etl_postgres_to_clickhouse.py for tasks to queue
[2026-01-06T14:08:10.722+0000] {logging_mixin.py:188} INFO - [2026-01-06T14:08:10.722+0000] {dagbag.py:545} INFO - Filling up the DagBag from /opt/airflow/dags/etl_postgres_to_clickhouse.py
[2026-01-06T14:08:11.065+0000] {processor.py:840} INFO - DAG(s) 'pg_to_clickhouse_sliding_window' retrieved from /opt/airflow/dags/etl_postgres_to_clickhouse.py
[2026-01-06T14:08:11.130+0000] {logging_mixin.py:188} INFO - [2026-01-06T14:08:11.130+0000] {dag.py:3096} INFO - Sync 1 DAGs
[2026-01-06T14:08:11.191+0000] {logging_mixin.py:188} INFO - [2026-01-06T14:08:11.191+0000] {dag.py:3954} INFO - Setting next_dagrun for pg_to_clickhouse_sliding_window to 2026-01-06 14:08:10+00:00, run_after=2026-01-06 14:08:20+00:00
[2026-01-06T14:08:11.257+0000] {processor.py:183} INFO - Processing /opt/airflow/dags/etl_postgres_to_clickhouse.py took 0.551 seconds
[2026-01-06T14:08:41.446+0000] {processor.py:161} INFO - Started process (PID=1116) to work on /opt/airflow/dags/etl_postgres_to_clickhouse.py
[2026-01-06T14:08:41.447+0000] {processor.py:830} INFO - Processing file /opt/airflow/dags/etl_postgres_to_clickhouse.py for tasks to queue
[2026-01-06T14:08:41.451+0000] {logging_mixin.py:188} INFO - [2026-01-06T14:08:41.450+0000] {dagbag.py:545} INFO - Filling up the DagBag from /opt/airflow/dags/etl_postgres_to_clickhouse.py
[2026-01-06T14:08:41.716+0000] {processor.py:840} INFO - DAG(s) 'pg_to_clickhouse_sliding_window' retrieved from /opt/airflow/dags/etl_postgres_to_clickhouse.py
[2026-01-06T14:08:41.756+0000] {logging_mixin.py:188} INFO - [2026-01-06T14:08:41.755+0000] {dag.py:3096} INFO - Sync 1 DAGs
[2026-01-06T14:08:41.783+0000] {logging_mixin.py:188} INFO - [2026-01-06T14:08:41.783+0000] {dag.py:3954} INFO - Setting next_dagrun for pg_to_clickhouse_sliding_window to 2026-01-06 14:08:40+00:00, run_after=2026-01-06 14:08:50+00:00
[2026-01-06T14:08:42.462+0000] {processor.py:183} INFO - Processing /opt/airflow/dags/etl_postgres_to_clickhouse.py took 1.026 seconds
[2026-01-06T14:09:12.830+0000] {processor.py:161} INFO - Started process (PID=1141) to work on /opt/airflow/dags/etl_postgres_to_clickhouse.py
[2026-01-06T14:09:12.832+0000] {processor.py:830} INFO - Processing file /opt/airflow/dags/etl_postgres_to_clickhouse.py for tasks to queue
[2026-01-06T14:09:12.835+0000] {logging_mixin.py:188} INFO - [2026-01-06T14:09:12.835+0000] {dagbag.py:545} INFO - Filling up the DagBag from /opt/airflow/dags/etl_postgres_to_clickhouse.py
[2026-01-06T14:09:13.176+0000] {processor.py:840} INFO - DAG(s) 'pg_to_clickhouse_sliding_window' retrieved from /opt/airflow/dags/etl_postgres_to_clickhouse.py
[2026-01-06T14:09:11.253+0000] {logging_mixin.py:188} INFO - [2026-01-06T14:09:11.252+0000] {dag.py:3096} INFO - Sync 1 DAGs
[2026-01-06T14:09:11.302+0000] {logging_mixin.py:188} INFO - [2026-01-06T14:09:11.302+0000] {dag.py:3954} INFO - Setting next_dagrun for pg_to_clickhouse_sliding_window to 2026-01-06 14:09:10+00:00, run_after=2026-01-06 14:09:20+00:00
[2026-01-06T14:09:11.368+0000] {processor.py:183} INFO - Processing /opt/airflow/dags/etl_postgres_to_clickhouse.py took 0.531 seconds
[2026-01-06T14:09:41.761+0000] {processor.py:161} INFO - Started process (PID=1175) to work on /opt/airflow/dags/etl_postgres_to_clickhouse.py
[2026-01-06T14:09:41.763+0000] {processor.py:830} INFO - Processing file /opt/airflow/dags/etl_postgres_to_clickhouse.py for tasks to queue
[2026-01-06T14:09:41.767+0000] {logging_mixin.py:188} INFO - [2026-01-06T14:09:41.767+0000] {dagbag.py:545} INFO - Filling up the DagBag from /opt/airflow/dags/etl_postgres_to_clickhouse.py
[2026-01-06T14:09:42.121+0000] {processor.py:840} INFO - DAG(s) 'pg_to_clickhouse_sliding_window' retrieved from /opt/airflow/dags/etl_postgres_to_clickhouse.py
[2026-01-06T14:09:42.173+0000] {logging_mixin.py:188} INFO - [2026-01-06T14:09:42.172+0000] {dag.py:3096} INFO - Sync 1 DAGs
[2026-01-06T14:09:42.219+0000] {logging_mixin.py:188} INFO - [2026-01-06T14:09:42.218+0000] {dag.py:3954} INFO - Setting next_dagrun for pg_to_clickhouse_sliding_window to 2026-01-06 14:09:40+00:00, run_after=2026-01-06 14:09:50+00:00
[2026-01-06T14:09:42.253+0000] {processor.py:183} INFO - Processing /opt/airflow/dags/etl_postgres_to_clickhouse.py took 0.503 seconds
[2026-01-06T14:10:12.425+0000] {processor.py:161} INFO - Started process (PID=1200) to work on /opt/airflow/dags/etl_postgres_to_clickhouse.py
[2026-01-06T14:10:12.426+0000] {processor.py:830} INFO - Processing file /opt/airflow/dags/etl_postgres_to_clickhouse.py for tasks to queue
[2026-01-06T14:10:12.430+0000] {logging_mixin.py:188} INFO - [2026-01-06T14:10:12.429+0000] {dagbag.py:545} INFO - Filling up the DagBag from /opt/airflow/dags/etl_postgres_to_clickhouse.py
[2026-01-06T14:10:12.782+0000] {processor.py:840} INFO - DAG(s) 'pg_to_clickhouse_sliding_window' retrieved from /opt/airflow/dags/etl_postgres_to_clickhouse.py
[2026-01-06T14:10:12.841+0000] {logging_mixin.py:188} INFO - [2026-01-06T14:10:12.841+0000] {dag.py:3096} INFO - Sync 1 DAGs
[2026-01-06T14:10:12.885+0000] {logging_mixin.py:188} INFO - [2026-01-06T14:10:12.885+0000] {dag.py:3954} INFO - Setting next_dagrun for pg_to_clickhouse_sliding_window to 2026-01-06 14:10:10+00:00, run_after=2026-01-06 14:10:20+00:00
[2026-01-06T14:10:12.938+0000] {processor.py:183} INFO - Processing /opt/airflow/dags/etl_postgres_to_clickhouse.py took 0.523 seconds
[2026-01-06T14:10:43.414+0000] {processor.py:161} INFO - Started process (PID=1225) to work on /opt/airflow/dags/etl_postgres_to_clickhouse.py
[2026-01-06T14:10:43.417+0000] {processor.py:830} INFO - Processing file /opt/airflow/dags/etl_postgres_to_clickhouse.py for tasks to queue
[2026-01-06T14:10:43.421+0000] {logging_mixin.py:188} INFO - [2026-01-06T14:10:43.421+0000] {dagbag.py:545} INFO - Filling up the DagBag from /opt/airflow/dags/etl_postgres_to_clickhouse.py
[2026-01-06T14:10:43.870+0000] {processor.py:840} INFO - DAG(s) 'pg_to_clickhouse_sliding_window' retrieved from /opt/airflow/dags/etl_postgres_to_clickhouse.py
[2026-01-06T14:10:43.939+0000] {logging_mixin.py:188} INFO - [2026-01-06T14:10:43.939+0000] {dag.py:3096} INFO - Sync 1 DAGs
[2026-01-06T14:10:44.001+0000] {logging_mixin.py:188} INFO - [2026-01-06T14:10:44.000+0000] {dag.py:3954} INFO - Setting next_dagrun for pg_to_clickhouse_sliding_window to 2026-01-06 14:10:40+00:00, run_after=2026-01-06 14:10:50+00:00
[2026-01-06T14:10:44.052+0000] {processor.py:183} INFO - Processing /opt/airflow/dags/etl_postgres_to_clickhouse.py took 0.649 seconds
[2026-01-06T14:11:14.172+0000] {processor.py:161} INFO - Started process (PID=1250) to work on /opt/airflow/dags/etl_postgres_to_clickhouse.py
[2026-01-06T14:11:14.174+0000] {processor.py:830} INFO - Processing file /opt/airflow/dags/etl_postgres_to_clickhouse.py for tasks to queue
[2026-01-06T14:11:14.179+0000] {logging_mixin.py:188} INFO - [2026-01-06T14:11:14.178+0000] {dagbag.py:545} INFO - Filling up the DagBag from /opt/airflow/dags/etl_postgres_to_clickhouse.py
[2026-01-06T14:11:14.559+0000] {processor.py:840} INFO - DAG(s) 'pg_to_clickhouse_sliding_window' retrieved from /opt/airflow/dags/etl_postgres_to_clickhouse.py
[2026-01-06T14:11:14.661+0000] {logging_mixin.py:188} INFO - [2026-01-06T14:11:14.661+0000] {dag.py:3096} INFO - Sync 1 DAGs
[2026-01-06T14:11:14.713+0000] {logging_mixin.py:188} INFO - [2026-01-06T14:11:14.713+0000] {dag.py:3954} INFO - Setting next_dagrun for pg_to_clickhouse_sliding_window to 2026-01-06 14:11:10+00:00, run_after=2026-01-06 14:11:20+00:00
[2026-01-06T14:11:14.752+0000] {processor.py:183} INFO - Processing /opt/airflow/dags/etl_postgres_to_clickhouse.py took 0.595 seconds
[2026-01-06T14:11:45.200+0000] {processor.py:161} INFO - Started process (PID=1274) to work on /opt/airflow/dags/etl_postgres_to_clickhouse.py
[2026-01-06T14:11:45.201+0000] {processor.py:830} INFO - Processing file /opt/airflow/dags/etl_postgres_to_clickhouse.py for tasks to queue
[2026-01-06T14:11:45.205+0000] {logging_mixin.py:188} INFO - [2026-01-06T14:11:45.204+0000] {dagbag.py:545} INFO - Filling up the DagBag from /opt/airflow/dags/etl_postgres_to_clickhouse.py
[2026-01-06T14:11:45.569+0000] {processor.py:840} INFO - DAG(s) 'pg_to_clickhouse_sliding_window' retrieved from /opt/airflow/dags/etl_postgres_to_clickhouse.py
[2026-01-06T14:11:45.623+0000] {logging_mixin.py:188} INFO - [2026-01-06T14:11:45.622+0000] {dag.py:3096} INFO - Sync 1 DAGs
[2026-01-06T14:11:45.668+0000] {logging_mixin.py:188} INFO - [2026-01-06T14:11:45.668+0000] {dag.py:3954} INFO - Setting next_dagrun for pg_to_clickhouse_sliding_window to 2026-01-06 14:11:40+00:00, run_after=2026-01-06 14:11:50+00:00
[2026-01-06T14:11:45.709+0000] {processor.py:183} INFO - Processing /opt/airflow/dags/etl_postgres_to_clickhouse.py took 0.520 seconds
[2026-01-06T14:12:16.046+0000] {processor.py:161} INFO - Started process (PID=1307) to work on /opt/airflow/dags/etl_postgres_to_clickhouse.py
[2026-01-06T14:12:16.048+0000] {processor.py:830} INFO - Processing file /opt/airflow/dags/etl_postgres_to_clickhouse.py for tasks to queue
[2026-01-06T14:12:16.052+0000] {logging_mixin.py:188} INFO - [2026-01-06T14:12:16.052+0000] {dagbag.py:545} INFO - Filling up the DagBag from /opt/airflow/dags/etl_postgres_to_clickhouse.py
[2026-01-06T14:12:16.401+0000] {processor.py:840} INFO - DAG(s) 'pg_to_clickhouse_sliding_window' retrieved from /opt/airflow/dags/etl_postgres_to_clickhouse.py
[2026-01-06T14:12:16.452+0000] {logging_mixin.py:188} INFO - [2026-01-06T14:12:16.452+0000] {dag.py:3096} INFO - Sync 1 DAGs
[2026-01-06T14:12:16.497+0000] {logging_mixin.py:188} INFO - [2026-01-06T14:12:16.497+0000] {dag.py:3954} INFO - Setting next_dagrun for pg_to_clickhouse_sliding_window to 2026-01-06 14:12:10+00:00, run_after=2026-01-06 14:12:20+00:00
[2026-01-06T14:12:16.539+0000] {processor.py:183} INFO - Processing /opt/airflow/dags/etl_postgres_to_clickhouse.py took 0.501 seconds
[2026-01-06T14:12:46.889+0000] {processor.py:161} INFO - Started process (PID=1332) to work on /opt/airflow/dags/etl_postgres_to_clickhouse.py
[2026-01-06T14:12:46.891+0000] {processor.py:830} INFO - Processing file /opt/airflow/dags/etl_postgres_to_clickhouse.py for tasks to queue
[2026-01-06T14:12:46.895+0000] {logging_mixin.py:188} INFO - [2026-01-06T14:12:46.894+0000] {dagbag.py:545} INFO - Filling up the DagBag from /opt/airflow/dags/etl_postgres_to_clickhouse.py
[2026-01-06T14:12:47.287+0000] {processor.py:840} INFO - DAG(s) 'pg_to_clickhouse_sliding_window' retrieved from /opt/airflow/dags/etl_postgres_to_clickhouse.py
[2026-01-06T14:12:47.335+0000] {logging_mixin.py:188} INFO - [2026-01-06T14:12:47.335+0000] {dag.py:3096} INFO - Sync 1 DAGs
[2026-01-06T14:12:47.372+0000] {logging_mixin.py:188} INFO - [2026-01-06T14:12:47.372+0000] {dag.py:3954} INFO - Setting next_dagrun for pg_to_clickhouse_sliding_window to 2026-01-06 14:12:40+00:00, run_after=2026-01-06 14:12:50+00:00
[2026-01-06T14:12:47.402+0000] {processor.py:183} INFO - Processing /opt/airflow/dags/etl_postgres_to_clickhouse.py took 0.523 seconds
[2026-01-06T14:13:17.744+0000] {processor.py:161} INFO - Started process (PID=1357) to work on /opt/airflow/dags/etl_postgres_to_clickhouse.py
[2026-01-06T14:13:17.748+0000] {processor.py:830} INFO - Processing file /opt/airflow/dags/etl_postgres_to_clickhouse.py for tasks to queue
[2026-01-06T14:13:17.752+0000] {logging_mixin.py:188} INFO - [2026-01-06T14:13:17.751+0000] {dagbag.py:545} INFO - Filling up the DagBag from /opt/airflow/dags/etl_postgres_to_clickhouse.py
[2026-01-06T14:13:18.107+0000] {processor.py:840} INFO - DAG(s) 'pg_to_clickhouse_sliding_window' retrieved from /opt/airflow/dags/etl_postgres_to_clickhouse.py
[2026-01-06T14:13:18.150+0000] {logging_mixin.py:188} INFO - [2026-01-06T14:13:18.149+0000] {dag.py:3096} INFO - Sync 1 DAGs
[2026-01-06T14:13:18.185+0000] {logging_mixin.py:188} INFO - [2026-01-06T14:13:18.184+0000] {dag.py:3954} INFO - Setting next_dagrun for pg_to_clickhouse_sliding_window to 2026-01-06 14:13:10+00:00, run_after=2026-01-06 14:13:20+00:00
[2026-01-06T14:13:18.214+0000] {processor.py:183} INFO - Processing /opt/airflow/dags/etl_postgres_to_clickhouse.py took 0.481 seconds
[2026-01-06T14:13:48.628+0000] {processor.py:161} INFO - Started process (PID=1382) to work on /opt/airflow/dags/etl_postgres_to_clickhouse.py
[2026-01-06T14:13:48.629+0000] {processor.py:830} INFO - Processing file /opt/airflow/dags/etl_postgres_to_clickhouse.py for tasks to queue
[2026-01-06T14:13:48.633+0000] {logging_mixin.py:188} INFO - [2026-01-06T14:13:48.632+0000] {dagbag.py:545} INFO - Filling up the DagBag from /opt/airflow/dags/etl_postgres_to_clickhouse.py
[2026-01-06T14:13:49.002+0000] {processor.py:840} INFO - DAG(s) 'pg_to_clickhouse_sliding_window' retrieved from /opt/airflow/dags/etl_postgres_to_clickhouse.py
[2026-01-06T14:13:49.062+0000] {logging_mixin.py:188} INFO - [2026-01-06T14:13:49.061+0000] {dag.py:3096} INFO - Sync 1 DAGs
[2026-01-06T14:13:49.107+0000] {logging_mixin.py:188} INFO - [2026-01-06T14:13:49.106+0000] {dag.py:3954} INFO - Setting next_dagrun for pg_to_clickhouse_sliding_window to 2026-01-06 14:13:40+00:00, run_after=2026-01-06 14:13:50+00:00
[2026-01-06T14:13:49.144+0000] {processor.py:183} INFO - Processing /opt/airflow/dags/etl_postgres_to_clickhouse.py took 0.526 seconds
[2026-01-06T14:14:19.534+0000] {processor.py:161} INFO - Started process (PID=1406) to work on /opt/airflow/dags/etl_postgres_to_clickhouse.py
[2026-01-06T14:14:19.539+0000] {processor.py:830} INFO - Processing file /opt/airflow/dags/etl_postgres_to_clickhouse.py for tasks to queue
[2026-01-06T14:14:19.549+0000] {logging_mixin.py:188} INFO - [2026-01-06T14:14:19.548+0000] {dagbag.py:545} INFO - Filling up the DagBag from /opt/airflow/dags/etl_postgres_to_clickhouse.py
[2026-01-06T14:14:20.228+0000] {processor.py:840} INFO - DAG(s) 'pg_to_clickhouse_sliding_window' retrieved from /opt/airflow/dags/etl_postgres_to_clickhouse.py
[2026-01-06T14:14:20.333+0000] {logging_mixin.py:188} INFO - [2026-01-06T14:14:20.333+0000] {dag.py:3096} INFO - Sync 1 DAGs
[2026-01-06T14:14:20.389+0000] {logging_mixin.py:188} INFO - [2026-01-06T14:14:20.389+0000] {dag.py:3954} INFO - Setting next_dagrun for pg_to_clickhouse_sliding_window to 2026-01-06 14:14:10+00:00, run_after=2026-01-06 14:14:20+00:00
[2026-01-06T14:14:20.428+0000] {processor.py:183} INFO - Processing /opt/airflow/dags/etl_postgres_to_clickhouse.py took 0.917 seconds
[2026-01-06T14:14:51.530+0000] {processor.py:161} INFO - Started process (PID=1441) to work on /opt/airflow/dags/etl_postgres_to_clickhouse.py
[2026-01-06T14:14:51.532+0000] {processor.py:830} INFO - Processing file /opt/airflow/dags/etl_postgres_to_clickhouse.py for tasks to queue
[2026-01-06T14:14:51.539+0000] {logging_mixin.py:188} INFO - [2026-01-06T14:14:51.538+0000] {dagbag.py:545} INFO - Filling up the DagBag from /opt/airflow/dags/etl_postgres_to_clickhouse.py
[2026-01-06T14:14:52.071+0000] {processor.py:840} INFO - DAG(s) 'pg_to_clickhouse_sliding_window' retrieved from /opt/airflow/dags/etl_postgres_to_clickhouse.py
[2026-01-06T14:14:52.133+0000] {logging_mixin.py:188} INFO - [2026-01-06T14:14:52.133+0000] {dag.py:3096} INFO - Sync 1 DAGs
[2026-01-06T14:14:52.175+0000] {logging_mixin.py:188} INFO - [2026-01-06T14:14:52.175+0000] {dag.py:3954} INFO - Setting next_dagrun for pg_to_clickhouse_sliding_window to 2026-01-06 14:14:50+00:00, run_after=2026-01-06 14:15:00+00:00
[2026-01-06T14:14:52.217+0000] {processor.py:183} INFO - Processing /opt/airflow/dags/etl_postgres_to_clickhouse.py took 0.701 seconds
[2026-01-06T14:15:22.686+0000] {processor.py:161} INFO - Started process (PID=1466) to work on /opt/airflow/dags/etl_postgres_to_clickhouse.py
[2026-01-06T14:15:22.688+0000] {processor.py:830} INFO - Processing file /opt/airflow/dags/etl_postgres_to_clickhouse.py for tasks to queue
[2026-01-06T14:15:22.693+0000] {logging_mixin.py:188} INFO - [2026-01-06T14:15:22.693+0000] {dagbag.py:545} INFO - Filling up the DagBag from /opt/airflow/dags/etl_postgres_to_clickhouse.py
[2026-01-06T14:15:23.093+0000] {processor.py:840} INFO - DAG(s) 'pg_to_clickhouse_sliding_window' retrieved from /opt/airflow/dags/etl_postgres_to_clickhouse.py
[2026-01-06T14:15:23.165+0000] {logging_mixin.py:188} INFO - [2026-01-06T14:15:23.165+0000] {dag.py:3096} INFO - Sync 1 DAGs
[2026-01-06T14:15:23.208+0000] {logging_mixin.py:188} INFO - [2026-01-06T14:15:23.208+0000] {dag.py:3954} INFO - Setting next_dagrun for pg_to_clickhouse_sliding_window to 2026-01-06 14:15:20+00:00, run_after=2026-01-06 14:15:30+00:00
[2026-01-06T14:15:23.248+0000] {processor.py:183} INFO - Processing /opt/airflow/dags/etl_postgres_to_clickhouse.py took 0.574 seconds
[2026-01-06T14:15:53.601+0000] {processor.py:161} INFO - Started process (PID=1491) to work on /opt/airflow/dags/etl_postgres_to_clickhouse.py
[2026-01-06T14:15:53.605+0000] {processor.py:830} INFO - Processing file /opt/airflow/dags/etl_postgres_to_clickhouse.py for tasks to queue
[2026-01-06T14:15:53.608+0000] {logging_mixin.py:188} INFO - [2026-01-06T14:15:53.607+0000] {dagbag.py:545} INFO - Filling up the DagBag from /opt/airflow/dags/etl_postgres_to_clickhouse.py
[2026-01-06T14:15:54.026+0000] {processor.py:840} INFO - DAG(s) 'pg_to_clickhouse_sliding_window' retrieved from /opt/airflow/dags/etl_postgres_to_clickhouse.py
[2026-01-06T14:15:54.078+0000] {logging_mixin.py:188} INFO - [2026-01-06T14:15:54.077+0000] {dag.py:3096} INFO - Sync 1 DAGs
[2026-01-06T14:15:54.114+0000] {logging_mixin.py:188} INFO - [2026-01-06T14:15:54.113+0000] {dag.py:3954} INFO - Setting next_dagrun for pg_to_clickhouse_sliding_window to 2026-01-06 14:15:50+00:00, run_after=2026-01-06 14:16:00+00:00
[2026-01-06T14:15:54.150+0000] {processor.py:183} INFO - Processing /opt/airflow/dags/etl_postgres_to_clickhouse.py took 0.562 seconds
[2026-01-06T14:17:20.810+0000] {processor.py:161} INFO - Started process (PID=198) to work on /opt/airflow/dags/etl_postgres_to_clickhouse.py
[2026-01-06T14:17:20.812+0000] {processor.py:830} INFO - Processing file /opt/airflow/dags/etl_postgres_to_clickhouse.py for tasks to queue
[2026-01-06T14:17:20.817+0000] {logging_mixin.py:188} INFO - [2026-01-06T14:17:20.816+0000] {dagbag.py:545} INFO - Filling up the DagBag from /opt/airflow/dags/etl_postgres_to_clickhouse.py
[2026-01-06T14:17:21.218+0000] {processor.py:840} INFO - DAG(s) 'pg_to_clickhouse_sliding_window' retrieved from /opt/airflow/dags/etl_postgres_to_clickhouse.py
[2026-01-06T14:17:21.498+0000] {logging_mixin.py:188} INFO - [2026-01-06T14:17:21.497+0000] {override.py:1829} INFO - Created Permission View: can delete on DAG:pg_to_clickhouse_sliding_window
[2026-01-06T14:17:21.519+0000] {logging_mixin.py:188} INFO - [2026-01-06T14:17:21.519+0000] {override.py:1829} INFO - Created Permission View: can edit on DAG:pg_to_clickhouse_sliding_window
[2026-01-06T14:17:21.537+0000] {logging_mixin.py:188} INFO - [2026-01-06T14:17:21.536+0000] {override.py:1829} INFO - Created Permission View: can read on DAG:pg_to_clickhouse_sliding_window
[2026-01-06T14:17:21.538+0000] {logging_mixin.py:188} INFO - [2026-01-06T14:17:21.538+0000] {dag.py:3096} INFO - Sync 1 DAGs
[2026-01-06T14:17:21.557+0000] {logging_mixin.py:188} INFO - [2026-01-06T14:17:21.557+0000] {dag.py:3118} INFO - Creating ORM DAG for pg_to_clickhouse_sliding_window
[2026-01-06T14:17:21.574+0000] {logging_mixin.py:188} INFO - [2026-01-06T14:17:21.574+0000] {dag.py:3954} INFO - Setting next_dagrun for pg_to_clickhouse_sliding_window to 2026-01-06 14:17:10+00:00, run_after=2026-01-06 14:17:20+00:00
[2026-01-06T14:17:21.612+0000] {processor.py:183} INFO - Processing /opt/airflow/dags/etl_postgres_to_clickhouse.py took 0.814 seconds
[2026-01-06T14:17:51.992+0000] {processor.py:161} INFO - Started process (PID=246) to work on /opt/airflow/dags/etl_postgres_to_clickhouse.py
[2026-01-06T14:17:51.995+0000] {processor.py:830} INFO - Processing file /opt/airflow/dags/etl_postgres_to_clickhouse.py for tasks to queue
[2026-01-06T14:17:51.999+0000] {logging_mixin.py:188} INFO - [2026-01-06T14:17:51.999+0000] {dagbag.py:545} INFO - Filling up the DagBag from /opt/airflow/dags/etl_postgres_to_clickhouse.py
[2026-01-06T14:17:52.307+0000] {processor.py:840} INFO - DAG(s) 'pg_to_clickhouse_sliding_window' retrieved from /opt/airflow/dags/etl_postgres_to_clickhouse.py
[2026-01-06T14:17:52.384+0000] {logging_mixin.py:188} INFO - [2026-01-06T14:17:52.384+0000] {dag.py:3096} INFO - Sync 1 DAGs
[2026-01-06T14:17:52.481+0000] {logging_mixin.py:188} INFO - [2026-01-06T14:17:52.480+0000] {dag.py:3954} INFO - Setting next_dagrun for pg_to_clickhouse_sliding_window to 2026-01-06 14:17:50+00:00, run_after=2026-01-06 14:18:00+00:00
[2026-01-06T14:17:52.518+0000] {processor.py:183} INFO - Processing /opt/airflow/dags/etl_postgres_to_clickhouse.py took 0.536 seconds
[2026-01-06T14:18:22.945+0000] {processor.py:161} INFO - Started process (PID=275) to work on /opt/airflow/dags/etl_postgres_to_clickhouse.py
[2026-01-06T14:18:22.948+0000] {processor.py:830} INFO - Processing file /opt/airflow/dags/etl_postgres_to_clickhouse.py for tasks to queue
[2026-01-06T14:18:22.953+0000] {logging_mixin.py:188} INFO - [2026-01-06T14:18:22.952+0000] {dagbag.py:545} INFO - Filling up the DagBag from /opt/airflow/dags/etl_postgres_to_clickhouse.py
[2026-01-06T14:18:23.518+0000] {processor.py:840} INFO - DAG(s) 'pg_to_clickhouse_sliding_window' retrieved from /opt/airflow/dags/etl_postgres_to_clickhouse.py
[2026-01-06T14:18:23.578+0000] {logging_mixin.py:188} INFO - [2026-01-06T14:18:23.578+0000] {dag.py:3096} INFO - Sync 1 DAGs
[2026-01-06T14:18:23.630+0000] {logging_mixin.py:188} INFO - [2026-01-06T14:18:23.629+0000] {dag.py:3954} INFO - Setting next_dagrun for pg_to_clickhouse_sliding_window to 2026-01-06 14:18:20+00:00, run_after=2026-01-06 14:18:30+00:00
[2026-01-06T14:18:23.666+0000] {processor.py:183} INFO - Processing /opt/airflow/dags/etl_postgres_to_clickhouse.py took 0.741 seconds
[2026-01-06T14:18:53.828+0000] {processor.py:161} INFO - Started process (PID=300) to work on /opt/airflow/dags/etl_postgres_to_clickhouse.py
[2026-01-06T14:18:53.829+0000] {processor.py:830} INFO - Processing file /opt/airflow/dags/etl_postgres_to_clickhouse.py for tasks to queue
[2026-01-06T14:18:53.832+0000] {logging_mixin.py:188} INFO - [2026-01-06T14:18:53.832+0000] {dagbag.py:545} INFO - Filling up the DagBag from /opt/airflow/dags/etl_postgres_to_clickhouse.py
[2026-01-06T14:18:54.065+0000] {processor.py:840} INFO - DAG(s) 'pg_to_clickhouse_sliding_window' retrieved from /opt/airflow/dags/etl_postgres_to_clickhouse.py
[2026-01-06T14:18:54.102+0000] {logging_mixin.py:188} INFO - [2026-01-06T14:18:54.102+0000] {dag.py:3096} INFO - Sync 1 DAGs
[2026-01-06T14:18:54.132+0000] {logging_mixin.py:188} INFO - [2026-01-06T14:18:54.131+0000] {dag.py:3954} INFO - Setting next_dagrun for pg_to_clickhouse_sliding_window to 2026-01-06 14:18:50+00:00, run_after=2026-01-06 14:19:00+00:00
[2026-01-06T14:18:54.156+0000] {processor.py:183} INFO - Processing /opt/airflow/dags/etl_postgres_to_clickhouse.py took 0.339 seconds
[2026-01-06T14:19:24.304+0000] {processor.py:161} INFO - Started process (PID=332) to work on /opt/airflow/dags/etl_postgres_to_clickhouse.py
[2026-01-06T14:19:24.306+0000] {processor.py:830} INFO - Processing file /opt/airflow/dags/etl_postgres_to_clickhouse.py for tasks to queue
[2026-01-06T14:19:24.309+0000] {logging_mixin.py:188} INFO - [2026-01-06T14:19:24.308+0000] {dagbag.py:545} INFO - Filling up the DagBag from /opt/airflow/dags/etl_postgres_to_clickhouse.py
[2026-01-06T14:19:24.684+0000] {processor.py:840} INFO - DAG(s) 'pg_to_clickhouse_sliding_window' retrieved from /opt/airflow/dags/etl_postgres_to_clickhouse.py
[2026-01-06T14:19:24.721+0000] {logging_mixin.py:188} INFO - [2026-01-06T14:19:24.720+0000] {dag.py:3096} INFO - Sync 1 DAGs
[2026-01-06T14:19:24.750+0000] {logging_mixin.py:188} INFO - [2026-01-06T14:19:24.750+0000] {dag.py:3954} INFO - Setting next_dagrun for pg_to_clickhouse_sliding_window to 2026-01-06 14:19:20+00:00, run_after=2026-01-06 14:19:30+00:00
[2026-01-06T14:19:24.775+0000] {processor.py:183} INFO - Processing /opt/airflow/dags/etl_postgres_to_clickhouse.py took 0.481 seconds
[2026-01-06T14:19:55.061+0000] {processor.py:161} INFO - Started process (PID=357) to work on /opt/airflow/dags/etl_postgres_to_clickhouse.py
[2026-01-06T14:19:55.062+0000] {processor.py:830} INFO - Processing file /opt/airflow/dags/etl_postgres_to_clickhouse.py for tasks to queue
[2026-01-06T14:19:55.064+0000] {logging_mixin.py:188} INFO - [2026-01-06T14:19:55.064+0000] {dagbag.py:545} INFO - Filling up the DagBag from /opt/airflow/dags/etl_postgres_to_clickhouse.py
[2026-01-06T14:19:55.323+0000] {processor.py:840} INFO - DAG(s) 'pg_to_clickhouse_sliding_window' retrieved from /opt/airflow/dags/etl_postgres_to_clickhouse.py
[2026-01-06T14:19:55.356+0000] {logging_mixin.py:188} INFO - [2026-01-06T14:19:55.355+0000] {dag.py:3096} INFO - Sync 1 DAGs
[2026-01-06T14:19:55.382+0000] {logging_mixin.py:188} INFO - [2026-01-06T14:19:55.382+0000] {dag.py:3954} INFO - Setting next_dagrun for pg_to_clickhouse_sliding_window to 2026-01-06 14:19:50+00:00, run_after=2026-01-06 14:20:00+00:00
[2026-01-06T14:19:55.409+0000] {processor.py:183} INFO - Processing /opt/airflow/dags/etl_postgres_to_clickhouse.py took 0.358 seconds
[2026-01-06T14:21:12.701+0000] {processor.py:161} INFO - Started process (PID=190) to work on /opt/airflow/dags/etl_postgres_to_clickhouse.py
[2026-01-06T14:21:12.703+0000] {processor.py:830} INFO - Processing file /opt/airflow/dags/etl_postgres_to_clickhouse.py for tasks to queue
[2026-01-06T14:21:12.706+0000] {logging_mixin.py:188} INFO - [2026-01-06T14:21:12.706+0000] {dagbag.py:545} INFO - Filling up the DagBag from /opt/airflow/dags/etl_postgres_to_clickhouse.py
[2026-01-06T14:21:13.153+0000] {processor.py:840} INFO - DAG(s) 'pg_to_clickhouse_sliding_window' retrieved from /opt/airflow/dags/etl_postgres_to_clickhouse.py
[2026-01-06T14:21:13.526+0000] {logging_mixin.py:188} INFO - [2026-01-06T14:21:13.525+0000] {override.py:1829} INFO - Created Permission View: can read on DAG:pg_to_clickhouse_sliding_window
[2026-01-06T14:21:13.664+0000] {logging_mixin.py:188} INFO - [2026-01-06T14:21:13.664+0000] {override.py:1829} INFO - Created Permission View: can delete on DAG:pg_to_clickhouse_sliding_window
[2026-01-06T14:21:13.789+0000] {logging_mixin.py:188} INFO - [2026-01-06T14:21:13.789+0000] {override.py:1829} INFO - Created Permission View: can edit on DAG:pg_to_clickhouse_sliding_window
[2026-01-06T14:21:13.792+0000] {logging_mixin.py:188} INFO - [2026-01-06T14:21:13.792+0000] {dag.py:3096} INFO - Sync 1 DAGs
[2026-01-06T14:21:13.812+0000] {logging_mixin.py:188} INFO - [2026-01-06T14:21:13.811+0000] {dag.py:3118} INFO - Creating ORM DAG for pg_to_clickhouse_sliding_window
[2026-01-06T14:21:13.830+0000] {logging_mixin.py:188} INFO - [2026-01-06T14:21:13.830+0000] {dag.py:3954} INFO - Setting next_dagrun for pg_to_clickhouse_sliding_window to 2026-01-06 14:21:00+00:00, run_after=2026-01-06 14:21:10+00:00
[2026-01-06T14:21:13.874+0000] {processor.py:183} INFO - Processing /opt/airflow/dags/etl_postgres_to_clickhouse.py took 1.182 seconds
[2026-01-06T14:21:44.099+0000] {processor.py:161} INFO - Started process (PID=232) to work on /opt/airflow/dags/etl_postgres_to_clickhouse.py
[2026-01-06T14:21:44.102+0000] {processor.py:830} INFO - Processing file /opt/airflow/dags/etl_postgres_to_clickhouse.py for tasks to queue
[2026-01-06T14:21:44.106+0000] {logging_mixin.py:188} INFO - [2026-01-06T14:21:44.105+0000] {dagbag.py:545} INFO - Filling up the DagBag from /opt/airflow/dags/etl_postgres_to_clickhouse.py
[2026-01-06T14:21:44.463+0000] {processor.py:840} INFO - DAG(s) 'pg_to_clickhouse_sliding_window' retrieved from /opt/airflow/dags/etl_postgres_to_clickhouse.py
[2026-01-06T14:21:44.504+0000] {logging_mixin.py:188} INFO - [2026-01-06T14:21:44.503+0000] {dag.py:3096} INFO - Sync 1 DAGs
[2026-01-06T14:21:44.534+0000] {logging_mixin.py:188} INFO - [2026-01-06T14:21:44.534+0000] {dag.py:3954} INFO - Setting next_dagrun for pg_to_clickhouse_sliding_window to 2026-01-06 14:21:40+00:00, run_after=2026-01-06 14:21:50+00:00
[2026-01-06T14:21:44.564+0000] {processor.py:183} INFO - Processing /opt/airflow/dags/etl_postgres_to_clickhouse.py took 0.478 seconds
[2026-01-06T14:22:14.930+0000] {processor.py:161} INFO - Started process (PID=268) to work on /opt/airflow/dags/etl_postgres_to_clickhouse.py
[2026-01-06T14:22:14.931+0000] {processor.py:830} INFO - Processing file /opt/airflow/dags/etl_postgres_to_clickhouse.py for tasks to queue
[2026-01-06T14:22:14.935+0000] {logging_mixin.py:188} INFO - [2026-01-06T14:22:14.934+0000] {dagbag.py:545} INFO - Filling up the DagBag from /opt/airflow/dags/etl_postgres_to_clickhouse.py
[2026-01-06T14:22:15.323+0000] {processor.py:840} INFO - DAG(s) 'pg_to_clickhouse_sliding_window' retrieved from /opt/airflow/dags/etl_postgres_to_clickhouse.py
[2026-01-06T14:22:15.368+0000] {logging_mixin.py:188} INFO - [2026-01-06T14:22:15.368+0000] {dag.py:3096} INFO - Sync 1 DAGs
[2026-01-06T14:22:15.395+0000] {logging_mixin.py:188} INFO - [2026-01-06T14:22:15.395+0000] {dag.py:3954} INFO - Setting next_dagrun for pg_to_clickhouse_sliding_window to 2026-01-06 14:22:10+00:00, run_after=2026-01-06 14:22:20+00:00
[2026-01-06T14:22:15.423+0000] {processor.py:183} INFO - Processing /opt/airflow/dags/etl_postgres_to_clickhouse.py took 0.516 seconds
[2026-01-06T14:22:45.740+0000] {processor.py:161} INFO - Started process (PID=293) to work on /opt/airflow/dags/etl_postgres_to_clickhouse.py
[2026-01-06T14:22:45.742+0000] {processor.py:830} INFO - Processing file /opt/airflow/dags/etl_postgres_to_clickhouse.py for tasks to queue
[2026-01-06T14:22:45.746+0000] {logging_mixin.py:188} INFO - [2026-01-06T14:22:45.745+0000] {dagbag.py:545} INFO - Filling up the DagBag from /opt/airflow/dags/etl_postgres_to_clickhouse.py
[2026-01-06T14:22:46.051+0000] {processor.py:840} INFO - DAG(s) 'pg_to_clickhouse_sliding_window' retrieved from /opt/airflow/dags/etl_postgres_to_clickhouse.py
[2026-01-06T14:22:46.094+0000] {logging_mixin.py:188} INFO - [2026-01-06T14:22:46.093+0000] {dag.py:3096} INFO - Sync 1 DAGs
[2026-01-06T14:22:46.126+0000] {logging_mixin.py:188} INFO - [2026-01-06T14:22:46.126+0000] {dag.py:3954} INFO - Setting next_dagrun for pg_to_clickhouse_sliding_window to 2026-01-06 14:22:40+00:00, run_after=2026-01-06 14:22:50+00:00
[2026-01-06T14:22:46.151+0000] {processor.py:183} INFO - Processing /opt/airflow/dags/etl_postgres_to_clickhouse.py took 0.424 seconds
[2026-01-06T14:23:16.648+0000] {processor.py:161} INFO - Started process (PID=318) to work on /opt/airflow/dags/etl_postgres_to_clickhouse.py
[2026-01-06T14:23:16.650+0000] {processor.py:830} INFO - Processing file /opt/airflow/dags/etl_postgres_to_clickhouse.py for tasks to queue
[2026-01-06T14:23:16.652+0000] {logging_mixin.py:188} INFO - [2026-01-06T14:23:16.651+0000] {dagbag.py:545} INFO - Filling up the DagBag from /opt/airflow/dags/etl_postgres_to_clickhouse.py
[2026-01-06T14:23:16.915+0000] {processor.py:840} INFO - DAG(s) 'pg_to_clickhouse_sliding_window' retrieved from /opt/airflow/dags/etl_postgres_to_clickhouse.py
[2026-01-06T14:23:16.957+0000] {logging_mixin.py:188} INFO - [2026-01-06T14:23:16.957+0000] {dag.py:3096} INFO - Sync 1 DAGs
[2026-01-06T14:23:16.998+0000] {logging_mixin.py:188} INFO - [2026-01-06T14:23:16.998+0000] {dag.py:3954} INFO - Setting next_dagrun for pg_to_clickhouse_sliding_window to 2026-01-06 14:23:10+00:00, run_after=2026-01-06 14:23:20+00:00
[2026-01-06T14:23:17.029+0000] {processor.py:183} INFO - Processing /opt/airflow/dags/etl_postgres_to_clickhouse.py took 0.387 seconds
[2026-01-06T14:23:47.278+0000] {processor.py:161} INFO - Started process (PID=351) to work on /opt/airflow/dags/etl_postgres_to_clickhouse.py
[2026-01-06T14:23:47.280+0000] {processor.py:830} INFO - Processing file /opt/airflow/dags/etl_postgres_to_clickhouse.py for tasks to queue
[2026-01-06T14:23:47.283+0000] {logging_mixin.py:188} INFO - [2026-01-06T14:23:47.282+0000] {dagbag.py:545} INFO - Filling up the DagBag from /opt/airflow/dags/etl_postgres_to_clickhouse.py
[2026-01-06T14:23:47.592+0000] {processor.py:840} INFO - DAG(s) 'pg_to_clickhouse_sliding_window' retrieved from /opt/airflow/dags/etl_postgres_to_clickhouse.py
[2026-01-06T14:23:47.641+0000] {logging_mixin.py:188} INFO - [2026-01-06T14:23:47.640+0000] {dag.py:3096} INFO - Sync 1 DAGs
[2026-01-06T14:23:47.677+0000] {logging_mixin.py:188} INFO - [2026-01-06T14:23:47.677+0000] {dag.py:3954} INFO - Setting next_dagrun for pg_to_clickhouse_sliding_window to 2026-01-06 14:23:40+00:00, run_after=2026-01-06 14:23:50+00:00
[2026-01-06T14:23:47.706+0000] {processor.py:183} INFO - Processing /opt/airflow/dags/etl_postgres_to_clickhouse.py took 0.437 seconds
[2026-01-06T14:24:18.045+0000] {processor.py:161} INFO - Started process (PID=376) to work on /opt/airflow/dags/etl_postgres_to_clickhouse.py
[2026-01-06T14:24:18.047+0000] {processor.py:830} INFO - Processing file /opt/airflow/dags/etl_postgres_to_clickhouse.py for tasks to queue
[2026-01-06T14:24:18.049+0000] {logging_mixin.py:188} INFO - [2026-01-06T14:24:18.049+0000] {dagbag.py:545} INFO - Filling up the DagBag from /opt/airflow/dags/etl_postgres_to_clickhouse.py
[2026-01-06T14:24:18.341+0000] {processor.py:840} INFO - DAG(s) 'pg_to_clickhouse_sliding_window' retrieved from /opt/airflow/dags/etl_postgres_to_clickhouse.py
[2026-01-06T14:24:18.380+0000] {logging_mixin.py:188} INFO - [2026-01-06T14:24:18.380+0000] {dag.py:3096} INFO - Sync 1 DAGs
[2026-01-06T14:24:18.409+0000] {logging_mixin.py:188} INFO - [2026-01-06T14:24:18.409+0000] {dag.py:3954} INFO - Setting next_dagrun for pg_to_clickhouse_sliding_window to 2026-01-06 14:24:10+00:00, run_after=2026-01-06 14:24:20+00:00
[2026-01-06T14:24:18.435+0000] {processor.py:183} INFO - Processing /opt/airflow/dags/etl_postgres_to_clickhouse.py took 0.397 seconds
[2026-01-06T14:24:48.837+0000] {processor.py:161} INFO - Started process (PID=402) to work on /opt/airflow/dags/etl_postgres_to_clickhouse.py
[2026-01-06T14:24:48.838+0000] {processor.py:830} INFO - Processing file /opt/airflow/dags/etl_postgres_to_clickhouse.py for tasks to queue
[2026-01-06T14:24:48.841+0000] {logging_mixin.py:188} INFO - [2026-01-06T14:24:48.841+0000] {dagbag.py:545} INFO - Filling up the DagBag from /opt/airflow/dags/etl_postgres_to_clickhouse.py
[2026-01-06T14:24:49.111+0000] {processor.py:840} INFO - DAG(s) 'pg_to_clickhouse_sliding_window' retrieved from /opt/airflow/dags/etl_postgres_to_clickhouse.py
[2026-01-06T14:24:49.159+0000] {logging_mixin.py:188} INFO - [2026-01-06T14:24:49.159+0000] {dag.py:3096} INFO - Sync 1 DAGs
[2026-01-06T14:24:49.199+0000] {logging_mixin.py:188} INFO - [2026-01-06T14:24:49.198+0000] {dag.py:3954} INFO - Setting next_dagrun for pg_to_clickhouse_sliding_window to 2026-01-06 14:24:40+00:00, run_after=2026-01-06 14:24:50+00:00
[2026-01-06T14:24:49.230+0000] {processor.py:183} INFO - Processing /opt/airflow/dags/etl_postgres_to_clickhouse.py took 0.401 seconds
[2026-01-06T14:25:19.543+0000] {processor.py:161} INFO - Started process (PID=434) to work on /opt/airflow/dags/etl_postgres_to_clickhouse.py
[2026-01-06T14:25:19.545+0000] {processor.py:830} INFO - Processing file /opt/airflow/dags/etl_postgres_to_clickhouse.py for tasks to queue
[2026-01-06T14:25:19.549+0000] {logging_mixin.py:188} INFO - [2026-01-06T14:25:19.548+0000] {dagbag.py:545} INFO - Filling up the DagBag from /opt/airflow/dags/etl_postgres_to_clickhouse.py
[2026-01-06T14:25:19.943+0000] {processor.py:840} INFO - DAG(s) 'pg_to_clickhouse_sliding_window' retrieved from /opt/airflow/dags/etl_postgres_to_clickhouse.py
[2026-01-06T14:25:20.000+0000] {logging_mixin.py:188} INFO - [2026-01-06T14:25:20.000+0000] {dag.py:3096} INFO - Sync 1 DAGs
[2026-01-06T14:25:20.047+0000] {logging_mixin.py:188} INFO - [2026-01-06T14:25:20.047+0000] {dag.py:3954} INFO - Setting next_dagrun for pg_to_clickhouse_sliding_window to 2026-01-06 14:25:10+00:00, run_after=2026-01-06 14:25:20+00:00
[2026-01-06T14:25:20.089+0000] {processor.py:183} INFO - Processing /opt/airflow/dags/etl_postgres_to_clickhouse.py took 0.556 seconds
[2026-01-06T14:25:50.527+0000] {processor.py:161} INFO - Started process (PID=459) to work on /opt/airflow/dags/etl_postgres_to_clickhouse.py
[2026-01-06T14:25:50.529+0000] {processor.py:830} INFO - Processing file /opt/airflow/dags/etl_postgres_to_clickhouse.py for tasks to queue
[2026-01-06T14:25:50.533+0000] {logging_mixin.py:188} INFO - [2026-01-06T14:25:50.532+0000] {dagbag.py:545} INFO - Filling up the DagBag from /opt/airflow/dags/etl_postgres_to_clickhouse.py
[2026-01-06T14:25:51.012+0000] {processor.py:840} INFO - DAG(s) 'pg_to_clickhouse_sliding_window' retrieved from /opt/airflow/dags/etl_postgres_to_clickhouse.py
[2026-01-06T14:25:51.059+0000] {logging_mixin.py:188} INFO - [2026-01-06T14:25:51.058+0000] {dag.py:3096} INFO - Sync 1 DAGs
[2026-01-06T14:25:51.096+0000] {logging_mixin.py:188} INFO - [2026-01-06T14:25:51.096+0000] {dag.py:3954} INFO - Setting next_dagrun for pg_to_clickhouse_sliding_window to 2026-01-06 14:25:50+00:00, run_after=2026-01-06 14:26:00+00:00
[2026-01-06T14:25:51.123+0000] {processor.py:183} INFO - Processing /opt/airflow/dags/etl_postgres_to_clickhouse.py took 0.606 seconds
[2026-01-06T14:26:21.232+0000] {processor.py:161} INFO - Started process (PID=486) to work on /opt/airflow/dags/etl_postgres_to_clickhouse.py
[2026-01-06T14:26:21.234+0000] {processor.py:830} INFO - Processing file /opt/airflow/dags/etl_postgres_to_clickhouse.py for tasks to queue
[2026-01-06T14:26:21.236+0000] {logging_mixin.py:188} INFO - [2026-01-06T14:26:21.236+0000] {dagbag.py:545} INFO - Filling up the DagBag from /opt/airflow/dags/etl_postgres_to_clickhouse.py
[2026-01-06T14:26:21.573+0000] {processor.py:840} INFO - DAG(s) 'pg_to_clickhouse_sliding_window' retrieved from /opt/airflow/dags/etl_postgres_to_clickhouse.py
[2026-01-06T14:26:21.613+0000] {logging_mixin.py:188} INFO - [2026-01-06T14:26:21.613+0000] {dag.py:3096} INFO - Sync 1 DAGs
[2026-01-06T14:26:21.647+0000] {logging_mixin.py:188} INFO - [2026-01-06T14:26:21.647+0000] {dag.py:3954} INFO - Setting next_dagrun for pg_to_clickhouse_sliding_window to 2026-01-06 14:26:20+00:00, run_after=2026-01-06 14:26:30+00:00
[2026-01-06T14:26:21.675+0000] {processor.py:183} INFO - Processing /opt/airflow/dags/etl_postgres_to_clickhouse.py took 0.452 seconds
[2026-01-06T14:26:51.803+0000] {processor.py:161} INFO - Started process (PID=519) to work on /opt/airflow/dags/etl_postgres_to_clickhouse.py
[2026-01-06T14:26:51.805+0000] {processor.py:830} INFO - Processing file /opt/airflow/dags/etl_postgres_to_clickhouse.py for tasks to queue
[2026-01-06T14:26:51.808+0000] {logging_mixin.py:188} INFO - [2026-01-06T14:26:51.807+0000] {dagbag.py:545} INFO - Filling up the DagBag from /opt/airflow/dags/etl_postgres_to_clickhouse.py
[2026-01-06T14:26:52.259+0000] {processor.py:840} INFO - DAG(s) 'pg_to_clickhouse_sliding_window' retrieved from /opt/airflow/dags/etl_postgres_to_clickhouse.py
[2026-01-06T14:26:52.322+0000] {logging_mixin.py:188} INFO - [2026-01-06T14:26:52.321+0000] {dag.py:3096} INFO - Sync 1 DAGs
[2026-01-06T14:26:52.367+0000] {logging_mixin.py:188} INFO - [2026-01-06T14:26:52.366+0000] {dag.py:3954} INFO - Setting next_dagrun for pg_to_clickhouse_sliding_window to 2026-01-06 14:26:50+00:00, run_after=2026-01-06 14:27:00+00:00
[2026-01-06T14:26:52.402+0000] {processor.py:183} INFO - Processing /opt/airflow/dags/etl_postgres_to_clickhouse.py took 0.609 seconds
[2026-01-06T14:27:22.706+0000] {processor.py:161} INFO - Started process (PID=544) to work on /opt/airflow/dags/etl_postgres_to_clickhouse.py
[2026-01-06T14:27:22.708+0000] {processor.py:830} INFO - Processing file /opt/airflow/dags/etl_postgres_to_clickhouse.py for tasks to queue
[2026-01-06T14:27:22.711+0000] {logging_mixin.py:188} INFO - [2026-01-06T14:27:22.710+0000] {dagbag.py:545} INFO - Filling up the DagBag from /opt/airflow/dags/etl_postgres_to_clickhouse.py
[2026-01-06T14:27:23.101+0000] {processor.py:840} INFO - DAG(s) 'pg_to_clickhouse_sliding_window' retrieved from /opt/airflow/dags/etl_postgres_to_clickhouse.py
[2026-01-06T14:27:23.154+0000] {logging_mixin.py:188} INFO - [2026-01-06T14:27:23.154+0000] {dag.py:3096} INFO - Sync 1 DAGs
[2026-01-06T14:27:23.192+0000] {logging_mixin.py:188} INFO - [2026-01-06T14:27:23.191+0000] {dag.py:3954} INFO - Setting next_dagrun for pg_to_clickhouse_sliding_window to 2026-01-06 14:27:20+00:00, run_after=2026-01-06 14:27:30+00:00
[2026-01-06T14:27:23.226+0000] {processor.py:183} INFO - Processing /opt/airflow/dags/etl_postgres_to_clickhouse.py took 0.531 seconds
[2026-01-06T14:27:53.624+0000] {processor.py:161} INFO - Started process (PID=569) to work on /opt/airflow/dags/etl_postgres_to_clickhouse.py
[2026-01-06T14:27:53.626+0000] {processor.py:830} INFO - Processing file /opt/airflow/dags/etl_postgres_to_clickhouse.py for tasks to queue
[2026-01-06T14:27:53.628+0000] {logging_mixin.py:188} INFO - [2026-01-06T14:27:53.628+0000] {dagbag.py:545} INFO - Filling up the DagBag from /opt/airflow/dags/etl_postgres_to_clickhouse.py
[2026-01-06T14:27:53.983+0000] {processor.py:840} INFO - DAG(s) 'pg_to_clickhouse_sliding_window' retrieved from /opt/airflow/dags/etl_postgres_to_clickhouse.py
[2026-01-06T14:27:54.040+0000] {logging_mixin.py:188} INFO - [2026-01-06T14:27:54.039+0000] {dag.py:3096} INFO - Sync 1 DAGs
[2026-01-06T14:27:54.080+0000] {logging_mixin.py:188} INFO - [2026-01-06T14:27:54.080+0000] {dag.py:3954} INFO - Setting next_dagrun for pg_to_clickhouse_sliding_window to 2026-01-06 14:27:50+00:00, run_after=2026-01-06 14:28:00+00:00
[2026-01-06T14:27:54.118+0000] {processor.py:183} INFO - Processing /opt/airflow/dags/etl_postgres_to_clickhouse.py took 0.503 seconds
[2026-01-06T14:28:23.590+0000] {processor.py:161} INFO - Started process (PID=594) to work on /opt/airflow/dags/etl_postgres_to_clickhouse.py
[2026-01-06T14:28:23.591+0000] {processor.py:830} INFO - Processing file /opt/airflow/dags/etl_postgres_to_clickhouse.py for tasks to queue
[2026-01-06T14:28:23.593+0000] {logging_mixin.py:188} INFO - [2026-01-06T14:28:23.593+0000] {dagbag.py:545} INFO - Filling up the DagBag from /opt/airflow/dags/etl_postgres_to_clickhouse.py
[2026-01-06T14:28:23.927+0000] {processor.py:840} INFO - DAG(s) 'pg_to_clickhouse_sliding_window' retrieved from /opt/airflow/dags/etl_postgres_to_clickhouse.py
[2026-01-06T14:28:23.973+0000] {logging_mixin.py:188} INFO - [2026-01-06T14:28:23.973+0000] {dag.py:3096} INFO - Sync 1 DAGs
[2026-01-06T14:28:24.001+0000] {logging_mixin.py:188} INFO - [2026-01-06T14:28:24.001+0000] {dag.py:3954} INFO - Setting next_dagrun for pg_to_clickhouse_sliding_window to 2026-01-06 14:28:20+00:00, run_after=2026-01-06 14:28:30+00:00
[2026-01-06T14:28:24.028+0000] {processor.py:183} INFO - Processing /opt/airflow/dags/etl_postgres_to_clickhouse.py took 0.445 seconds
[2026-01-06T14:28:54.230+0000] {processor.py:161} INFO - Started process (PID=626) to work on /opt/airflow/dags/etl_postgres_to_clickhouse.py
[2026-01-06T14:28:54.232+0000] {processor.py:830} INFO - Processing file /opt/airflow/dags/etl_postgres_to_clickhouse.py for tasks to queue
[2026-01-06T14:28:54.235+0000] {logging_mixin.py:188} INFO - [2026-01-06T14:28:54.234+0000] {dagbag.py:545} INFO - Filling up the DagBag from /opt/airflow/dags/etl_postgres_to_clickhouse.py
[2026-01-06T14:28:54.595+0000] {processor.py:840} INFO - DAG(s) 'pg_to_clickhouse_sliding_window' retrieved from /opt/airflow/dags/etl_postgres_to_clickhouse.py
[2026-01-06T14:28:54.643+0000] {logging_mixin.py:188} INFO - [2026-01-06T14:28:54.642+0000] {dag.py:3096} INFO - Sync 1 DAGs
[2026-01-06T14:28:54.678+0000] {logging_mixin.py:188} INFO - [2026-01-06T14:28:54.677+0000] {dag.py:3954} INFO - Setting next_dagrun for pg_to_clickhouse_sliding_window to 2026-01-06 14:28:50+00:00, run_after=2026-01-06 14:29:00+00:00
[2026-01-06T14:28:54.708+0000] {processor.py:183} INFO - Processing /opt/airflow/dags/etl_postgres_to_clickhouse.py took 0.489 seconds
[2026-01-06T14:29:25.078+0000] {processor.py:161} INFO - Started process (PID=651) to work on /opt/airflow/dags/etl_postgres_to_clickhouse.py
[2026-01-06T14:29:25.079+0000] {processor.py:830} INFO - Processing file /opt/airflow/dags/etl_postgres_to_clickhouse.py for tasks to queue
[2026-01-06T14:29:25.083+0000] {logging_mixin.py:188} INFO - [2026-01-06T14:29:25.083+0000] {dagbag.py:545} INFO - Filling up the DagBag from /opt/airflow/dags/etl_postgres_to_clickhouse.py
[2026-01-06T14:29:25.473+0000] {processor.py:840} INFO - DAG(s) 'pg_to_clickhouse_sliding_window' retrieved from /opt/airflow/dags/etl_postgres_to_clickhouse.py
[2026-01-06T14:29:25.545+0000] {logging_mixin.py:188} INFO - [2026-01-06T14:29:25.545+0000] {dag.py:3096} INFO - Sync 1 DAGs
[2026-01-06T14:29:25.585+0000] {logging_mixin.py:188} INFO - [2026-01-06T14:29:25.585+0000] {dag.py:3954} INFO - Setting next_dagrun for pg_to_clickhouse_sliding_window to 2026-01-06 14:29:20+00:00, run_after=2026-01-06 14:29:30+00:00
[2026-01-06T14:29:25.634+0000] {processor.py:183} INFO - Processing /opt/airflow/dags/etl_postgres_to_clickhouse.py took 0.567 seconds
[2026-01-06T14:29:55.875+0000] {processor.py:161} INFO - Started process (PID=676) to work on /opt/airflow/dags/etl_postgres_to_clickhouse.py
[2026-01-06T14:29:55.877+0000] {processor.py:830} INFO - Processing file /opt/airflow/dags/etl_postgres_to_clickhouse.py for tasks to queue
[2026-01-06T14:29:55.882+0000] {logging_mixin.py:188} INFO - [2026-01-06T14:29:55.881+0000] {dagbag.py:545} INFO - Filling up the DagBag from /opt/airflow/dags/etl_postgres_to_clickhouse.py
[2026-01-06T14:29:56.267+0000] {processor.py:840} INFO - DAG(s) 'pg_to_clickhouse_sliding_window' retrieved from /opt/airflow/dags/etl_postgres_to_clickhouse.py
[2026-01-06T14:29:56.318+0000] {logging_mixin.py:188} INFO - [2026-01-06T14:29:56.318+0000] {dag.py:3096} INFO - Sync 1 DAGs
[2026-01-06T14:29:56.356+0000] {logging_mixin.py:188} INFO - [2026-01-06T14:29:56.356+0000] {dag.py:3954} INFO - Setting next_dagrun for pg_to_clickhouse_sliding_window to 2026-01-06 14:29:50+00:00, run_after=2026-01-06 14:30:00+00:00
[2026-01-06T14:29:56.393+0000] {processor.py:183} INFO - Processing /opt/airflow/dags/etl_postgres_to_clickhouse.py took 0.528 seconds
[2026-01-06T14:30:26.819+0000] {processor.py:161} INFO - Started process (PID=701) to work on /opt/airflow/dags/etl_postgres_to_clickhouse.py
[2026-01-06T14:30:26.820+0000] {processor.py:830} INFO - Processing file /opt/airflow/dags/etl_postgres_to_clickhouse.py for tasks to queue
[2026-01-06T14:30:26.824+0000] {logging_mixin.py:188} INFO - [2026-01-06T14:30:26.824+0000] {dagbag.py:545} INFO - Filling up the DagBag from /opt/airflow/dags/etl_postgres_to_clickhouse.py
[2026-01-06T14:30:27.144+0000] {processor.py:840} INFO - DAG(s) 'pg_to_clickhouse_sliding_window' retrieved from /opt/airflow/dags/etl_postgres_to_clickhouse.py
[2026-01-06T14:30:27.203+0000] {logging_mixin.py:188} INFO - [2026-01-06T14:30:27.202+0000] {dag.py:3096} INFO - Sync 1 DAGs
[2026-01-06T14:30:27.249+0000] {logging_mixin.py:188} INFO - [2026-01-06T14:30:27.249+0000] {dag.py:3954} INFO - Setting next_dagrun for pg_to_clickhouse_sliding_window to 2026-01-06 14:30:20+00:00, run_after=2026-01-06 14:30:30+00:00
[2026-01-06T14:30:27.300+0000] {processor.py:183} INFO - Processing /opt/airflow/dags/etl_postgres_to_clickhouse.py took 0.491 seconds
[2026-01-06T14:30:57.618+0000] {processor.py:161} INFO - Started process (PID=734) to work on /opt/airflow/dags/etl_postgres_to_clickhouse.py
[2026-01-06T14:30:57.620+0000] {processor.py:830} INFO - Processing file /opt/airflow/dags/etl_postgres_to_clickhouse.py for tasks to queue
[2026-01-06T14:30:57.624+0000] {logging_mixin.py:188} INFO - [2026-01-06T14:30:57.623+0000] {dagbag.py:545} INFO - Filling up the DagBag from /opt/airflow/dags/etl_postgres_to_clickhouse.py
[2026-01-06T14:30:57.948+0000] {processor.py:840} INFO - DAG(s) 'pg_to_clickhouse_sliding_window' retrieved from /opt/airflow/dags/etl_postgres_to_clickhouse.py
[2026-01-06T14:30:57.994+0000] {logging_mixin.py:188} INFO - [2026-01-06T14:30:57.994+0000] {dag.py:3096} INFO - Sync 1 DAGs
[2026-01-06T14:30:58.040+0000] {logging_mixin.py:188} INFO - [2026-01-06T14:30:58.040+0000] {dag.py:3954} INFO - Setting next_dagrun for pg_to_clickhouse_sliding_window to 2026-01-06 14:30:50+00:00, run_after=2026-01-06 14:31:00+00:00
[2026-01-06T14:30:58.073+0000] {processor.py:183} INFO - Processing /opt/airflow/dags/etl_postgres_to_clickhouse.py took 0.466 seconds
[2026-01-06T14:31:52.004+0000] {processor.py:161} INFO - Started process (PID=190) to work on /opt/airflow/dags/etl_postgres_to_clickhouse.py
[2026-01-06T14:31:52.006+0000] {processor.py:830} INFO - Processing file /opt/airflow/dags/etl_postgres_to_clickhouse.py for tasks to queue
[2026-01-06T14:31:52.008+0000] {logging_mixin.py:188} INFO - [2026-01-06T14:31:52.008+0000] {dagbag.py:545} INFO - Filling up the DagBag from /opt/airflow/dags/etl_postgres_to_clickhouse.py
[2026-01-06T14:31:52.486+0000] {processor.py:840} INFO - DAG(s) 'pg_to_clickhouse_sliding_window' retrieved from /opt/airflow/dags/etl_postgres_to_clickhouse.py
[2026-01-06T14:31:52.844+0000] {logging_mixin.py:188} INFO - [2026-01-06T14:31:52.843+0000] {override.py:1829} INFO - Created Permission View: can edit on DAG:pg_to_clickhouse_sliding_window
[2026-01-06T14:31:52.892+0000] {logging_mixin.py:188} INFO - [2026-01-06T14:31:52.891+0000] {override.py:1829} INFO - Created Permission View: can delete on DAG:pg_to_clickhouse_sliding_window
[2026-01-06T14:31:52.971+0000] {logging_mixin.py:188} INFO - [2026-01-06T14:31:52.971+0000] {override.py:1829} INFO - Created Permission View: can read on DAG:pg_to_clickhouse_sliding_window
[2026-01-06T14:31:52.972+0000] {logging_mixin.py:188} INFO - [2026-01-06T14:31:52.972+0000] {dag.py:3096} INFO - Sync 1 DAGs
[2026-01-06T14:31:52.990+0000] {logging_mixin.py:188} INFO - [2026-01-06T14:31:52.990+0000] {dag.py:3118} INFO - Creating ORM DAG for pg_to_clickhouse_sliding_window
[2026-01-06T14:31:53.003+0000] {logging_mixin.py:188} INFO - [2026-01-06T14:31:53.003+0000] {dag.py:3954} INFO - Setting next_dagrun for pg_to_clickhouse_sliding_window to 2026-01-06 14:31:40+00:00, run_after=2026-01-06 14:31:50+00:00
[2026-01-06T14:31:53.040+0000] {processor.py:183} INFO - Processing /opt/airflow/dags/etl_postgres_to_clickhouse.py took 1.045 seconds
[2026-01-06T14:32:23.425+0000] {processor.py:161} INFO - Started process (PID=237) to work on /opt/airflow/dags/etl_postgres_to_clickhouse.py
[2026-01-06T14:32:23.428+0000] {processor.py:830} INFO - Processing file /opt/airflow/dags/etl_postgres_to_clickhouse.py for tasks to queue
[2026-01-06T14:32:23.432+0000] {logging_mixin.py:188} INFO - [2026-01-06T14:32:23.431+0000] {dagbag.py:545} INFO - Filling up the DagBag from /opt/airflow/dags/etl_postgres_to_clickhouse.py
[2026-01-06T14:32:23.819+0000] {processor.py:840} INFO - DAG(s) 'pg_to_clickhouse_sliding_window' retrieved from /opt/airflow/dags/etl_postgres_to_clickhouse.py
[2026-01-06T14:32:23.868+0000] {logging_mixin.py:188} INFO - [2026-01-06T14:32:23.867+0000] {dag.py:3096} INFO - Sync 1 DAGs
[2026-01-06T14:32:23.907+0000] {logging_mixin.py:188} INFO - [2026-01-06T14:32:23.907+0000] {dag.py:3954} INFO - Setting next_dagrun for pg_to_clickhouse_sliding_window to 2026-01-06 14:32:20+00:00, run_after=2026-01-06 14:32:30+00:00
[2026-01-06T14:32:23.935+0000] {processor.py:183} INFO - Processing /opt/airflow/dags/etl_postgres_to_clickhouse.py took 0.520 seconds
[2026-01-06T14:32:54.211+0000] {processor.py:161} INFO - Started process (PID=262) to work on /opt/airflow/dags/etl_postgres_to_clickhouse.py
[2026-01-06T14:32:54.213+0000] {processor.py:830} INFO - Processing file /opt/airflow/dags/etl_postgres_to_clickhouse.py for tasks to queue
[2026-01-06T14:32:54.216+0000] {logging_mixin.py:188} INFO - [2026-01-06T14:32:54.215+0000] {dagbag.py:545} INFO - Filling up the DagBag from /opt/airflow/dags/etl_postgres_to_clickhouse.py
[2026-01-06T14:32:54.520+0000] {processor.py:840} INFO - DAG(s) 'pg_to_clickhouse_sliding_window' retrieved from /opt/airflow/dags/etl_postgres_to_clickhouse.py
[2026-01-06T14:32:54.574+0000] {logging_mixin.py:188} INFO - [2026-01-06T14:32:54.573+0000] {dag.py:3096} INFO - Sync 1 DAGs
[2026-01-06T14:32:54.625+0000] {logging_mixin.py:188} INFO - [2026-01-06T14:32:54.624+0000] {dag.py:3954} INFO - Setting next_dagrun for pg_to_clickhouse_sliding_window to 2026-01-06 14:32:50+00:00, run_after=2026-01-06 14:33:00+00:00
[2026-01-06T14:32:54.668+0000] {processor.py:183} INFO - Processing /opt/airflow/dags/etl_postgres_to_clickhouse.py took 0.465 seconds
[2026-01-06T14:33:25.026+0000] {processor.py:161} INFO - Started process (PID=294) to work on /opt/airflow/dags/etl_postgres_to_clickhouse.py
[2026-01-06T14:33:25.028+0000] {processor.py:830} INFO - Processing file /opt/airflow/dags/etl_postgres_to_clickhouse.py for tasks to queue
[2026-01-06T14:33:25.032+0000] {logging_mixin.py:188} INFO - [2026-01-06T14:33:25.031+0000] {dagbag.py:545} INFO - Filling up the DagBag from /opt/airflow/dags/etl_postgres_to_clickhouse.py
[2026-01-06T14:33:25.433+0000] {processor.py:840} INFO - DAG(s) 'pg_to_clickhouse_sliding_window' retrieved from /opt/airflow/dags/etl_postgres_to_clickhouse.py
[2026-01-06T14:33:25.492+0000] {logging_mixin.py:188} INFO - [2026-01-06T14:33:25.491+0000] {dag.py:3096} INFO - Sync 1 DAGs
[2026-01-06T14:33:25.557+0000] {logging_mixin.py:188} INFO - [2026-01-06T14:33:25.557+0000] {dag.py:3954} INFO - Setting next_dagrun for pg_to_clickhouse_sliding_window to 2026-01-06 14:33:20+00:00, run_after=2026-01-06 14:33:30+00:00
[2026-01-06T14:33:25.597+0000] {processor.py:183} INFO - Processing /opt/airflow/dags/etl_postgres_to_clickhouse.py took 0.583 seconds
[2026-01-06T14:33:55.901+0000] {processor.py:161} INFO - Started process (PID=319) to work on /opt/airflow/dags/etl_postgres_to_clickhouse.py
[2026-01-06T14:33:55.902+0000] {processor.py:830} INFO - Processing file /opt/airflow/dags/etl_postgres_to_clickhouse.py for tasks to queue
[2026-01-06T14:33:55.905+0000] {logging_mixin.py:188} INFO - [2026-01-06T14:33:55.905+0000] {dagbag.py:545} INFO - Filling up the DagBag from /opt/airflow/dags/etl_postgres_to_clickhouse.py
[2026-01-06T14:33:56.161+0000] {processor.py:840} INFO - DAG(s) 'pg_to_clickhouse_sliding_window' retrieved from /opt/airflow/dags/etl_postgres_to_clickhouse.py
[2026-01-06T14:33:56.199+0000] {logging_mixin.py:188} INFO - [2026-01-06T14:33:56.199+0000] {dag.py:3096} INFO - Sync 1 DAGs
[2026-01-06T14:33:56.227+0000] {logging_mixin.py:188} INFO - [2026-01-06T14:33:56.227+0000] {dag.py:3954} INFO - Setting next_dagrun for pg_to_clickhouse_sliding_window to 2026-01-06 14:33:50+00:00, run_after=2026-01-06 14:34:00+00:00
[2026-01-06T14:33:56.255+0000] {processor.py:183} INFO - Processing /opt/airflow/dags/etl_postgres_to_clickhouse.py took 0.361 seconds
[2026-01-06T14:34:26.646+0000] {processor.py:161} INFO - Started process (PID=344) to work on /opt/airflow/dags/etl_postgres_to_clickhouse.py
[2026-01-06T14:34:26.647+0000] {processor.py:830} INFO - Processing file /opt/airflow/dags/etl_postgres_to_clickhouse.py for tasks to queue
[2026-01-06T14:34:26.650+0000] {logging_mixin.py:188} INFO - [2026-01-06T14:34:26.649+0000] {dagbag.py:545} INFO - Filling up the DagBag from /opt/airflow/dags/etl_postgres_to_clickhouse.py
[2026-01-06T14:34:26.932+0000] {processor.py:840} INFO - DAG(s) 'pg_to_clickhouse_sliding_window' retrieved from /opt/airflow/dags/etl_postgres_to_clickhouse.py
[2026-01-06T14:34:26.968+0000] {logging_mixin.py:188} INFO - [2026-01-06T14:34:26.968+0000] {dag.py:3096} INFO - Sync 1 DAGs
[2026-01-06T14:34:26.998+0000] {logging_mixin.py:188} INFO - [2026-01-06T14:34:26.998+0000] {dag.py:3954} INFO - Setting next_dagrun for pg_to_clickhouse_sliding_window to 2026-01-06 14:34:20+00:00, run_after=2026-01-06 14:34:30+00:00
[2026-01-06T14:34:27.032+0000] {processor.py:183} INFO - Processing /opt/airflow/dags/etl_postgres_to_clickhouse.py took 0.399 seconds
[2026-01-06T14:34:57.324+0000] {processor.py:161} INFO - Started process (PID=375) to work on /opt/airflow/dags/etl_postgres_to_clickhouse.py
[2026-01-06T14:34:57.326+0000] {processor.py:830} INFO - Processing file /opt/airflow/dags/etl_postgres_to_clickhouse.py for tasks to queue
[2026-01-06T14:34:57.328+0000] {logging_mixin.py:188} INFO - [2026-01-06T14:34:57.328+0000] {dagbag.py:545} INFO - Filling up the DagBag from /opt/airflow/dags/etl_postgres_to_clickhouse.py
[2026-01-06T14:34:55.873+0000] {processor.py:840} INFO - DAG(s) 'pg_to_clickhouse_sliding_window' retrieved from /opt/airflow/dags/etl_postgres_to_clickhouse.py
[2026-01-06T14:34:55.919+0000] {logging_mixin.py:188} INFO - [2026-01-06T14:34:55.918+0000] {dag.py:3096} INFO - Sync 1 DAGs
[2026-01-06T14:34:55.961+0000] {logging_mixin.py:188} INFO - [2026-01-06T14:34:55.961+0000] {dag.py:3954} INFO - Setting next_dagrun for pg_to_clickhouse_sliding_window to 2026-01-06 14:34:50+00:00, run_after=2026-01-06 14:35:00+00:00
[2026-01-06T14:34:55.997+0000] {processor.py:183} INFO - Processing /opt/airflow/dags/etl_postgres_to_clickhouse.py took 0.571 seconds
[2026-01-06T14:35:26.256+0000] {processor.py:161} INFO - Started process (PID=400) to work on /opt/airflow/dags/etl_postgres_to_clickhouse.py
[2026-01-06T14:35:26.258+0000] {processor.py:830} INFO - Processing file /opt/airflow/dags/etl_postgres_to_clickhouse.py for tasks to queue
[2026-01-06T14:35:26.260+0000] {logging_mixin.py:188} INFO - [2026-01-06T14:35:26.259+0000] {dagbag.py:545} INFO - Filling up the DagBag from /opt/airflow/dags/etl_postgres_to_clickhouse.py
[2026-01-06T14:35:26.549+0000] {processor.py:840} INFO - DAG(s) 'pg_to_clickhouse_sliding_window' retrieved from /opt/airflow/dags/etl_postgres_to_clickhouse.py
[2026-01-06T14:35:26.590+0000] {logging_mixin.py:188} INFO - [2026-01-06T14:35:26.590+0000] {dag.py:3096} INFO - Sync 1 DAGs
[2026-01-06T14:35:26.630+0000] {logging_mixin.py:188} INFO - [2026-01-06T14:35:26.630+0000] {dag.py:3954} INFO - Setting next_dagrun for pg_to_clickhouse_sliding_window to 2026-01-06 14:35:20+00:00, run_after=2026-01-06 14:35:30+00:00
[2026-01-06T14:35:26.657+0000] {processor.py:183} INFO - Processing /opt/airflow/dags/etl_postgres_to_clickhouse.py took 0.409 seconds
[2026-01-06T14:35:57.001+0000] {processor.py:161} INFO - Started process (PID=432) to work on /opt/airflow/dags/etl_postgres_to_clickhouse.py
[2026-01-06T14:35:57.002+0000] {processor.py:830} INFO - Processing file /opt/airflow/dags/etl_postgres_to_clickhouse.py for tasks to queue
[2026-01-06T14:35:57.005+0000] {logging_mixin.py:188} INFO - [2026-01-06T14:35:57.005+0000] {dagbag.py:545} INFO - Filling up the DagBag from /opt/airflow/dags/etl_postgres_to_clickhouse.py
[2026-01-06T14:35:57.294+0000] {processor.py:840} INFO - DAG(s) 'pg_to_clickhouse_sliding_window' retrieved from /opt/airflow/dags/etl_postgres_to_clickhouse.py
[2026-01-06T14:35:57.335+0000] {logging_mixin.py:188} INFO - [2026-01-06T14:35:57.335+0000] {dag.py:3096} INFO - Sync 1 DAGs
[2026-01-06T14:35:57.364+0000] {logging_mixin.py:188} INFO - [2026-01-06T14:35:57.364+0000] {dag.py:3954} INFO - Setting next_dagrun for pg_to_clickhouse_sliding_window to 2026-01-06 14:35:50+00:00, run_after=2026-01-06 14:36:00+00:00
[2026-01-06T14:35:57.462+0000] {processor.py:183} INFO - Processing /opt/airflow/dags/etl_postgres_to_clickhouse.py took 0.469 seconds
[2026-01-06T14:36:27.779+0000] {processor.py:161} INFO - Started process (PID=457) to work on /opt/airflow/dags/etl_postgres_to_clickhouse.py
[2026-01-06T14:36:27.781+0000] {processor.py:830} INFO - Processing file /opt/airflow/dags/etl_postgres_to_clickhouse.py for tasks to queue
[2026-01-06T14:36:27.785+0000] {logging_mixin.py:188} INFO - [2026-01-06T14:36:27.784+0000] {dagbag.py:545} INFO - Filling up the DagBag from /opt/airflow/dags/etl_postgres_to_clickhouse.py
[2026-01-06T14:36:28.035+0000] {processor.py:840} INFO - DAG(s) 'pg_to_clickhouse_sliding_window' retrieved from /opt/airflow/dags/etl_postgres_to_clickhouse.py
[2026-01-06T14:36:28.070+0000] {logging_mixin.py:188} INFO - [2026-01-06T14:36:28.070+0000] {dag.py:3096} INFO - Sync 1 DAGs
[2026-01-06T14:36:28.096+0000] {logging_mixin.py:188} INFO - [2026-01-06T14:36:28.096+0000] {dag.py:3954} INFO - Setting next_dagrun for pg_to_clickhouse_sliding_window to 2026-01-06 14:36:20+00:00, run_after=2026-01-06 14:36:30+00:00
[2026-01-06T14:36:28.126+0000] {processor.py:183} INFO - Processing /opt/airflow/dags/etl_postgres_to_clickhouse.py took 0.363 seconds
[2026-01-06T14:36:58.233+0000] {processor.py:161} INFO - Started process (PID=482) to work on /opt/airflow/dags/etl_postgres_to_clickhouse.py
[2026-01-06T14:36:58.235+0000] {processor.py:830} INFO - Processing file /opt/airflow/dags/etl_postgres_to_clickhouse.py for tasks to queue
[2026-01-06T14:36:58.238+0000] {logging_mixin.py:188} INFO - [2026-01-06T14:36:58.237+0000] {dagbag.py:545} INFO - Filling up the DagBag from /opt/airflow/dags/etl_postgres_to_clickhouse.py
[2026-01-06T14:36:58.576+0000] {processor.py:840} INFO - DAG(s) 'pg_to_clickhouse_sliding_window' retrieved from /opt/airflow/dags/etl_postgres_to_clickhouse.py
[2026-01-06T14:36:58.611+0000] {logging_mixin.py:188} INFO - [2026-01-06T14:36:58.611+0000] {dag.py:3096} INFO - Sync 1 DAGs
[2026-01-06T14:36:58.638+0000] {logging_mixin.py:188} INFO - [2026-01-06T14:36:58.638+0000] {dag.py:3954} INFO - Setting next_dagrun for pg_to_clickhouse_sliding_window to 2026-01-06 14:36:50+00:00, run_after=2026-01-06 14:37:00+00:00
[2026-01-06T14:36:58.699+0000] {processor.py:183} INFO - Processing /opt/airflow/dags/etl_postgres_to_clickhouse.py took 0.475 seconds
[2026-01-06T14:37:28.787+0000] {processor.py:161} INFO - Started process (PID=506) to work on /opt/airflow/dags/etl_postgres_to_clickhouse.py
[2026-01-06T14:37:28.789+0000] {processor.py:830} INFO - Processing file /opt/airflow/dags/etl_postgres_to_clickhouse.py for tasks to queue
[2026-01-06T14:37:28.792+0000] {logging_mixin.py:188} INFO - [2026-01-06T14:37:28.791+0000] {dagbag.py:545} INFO - Filling up the DagBag from /opt/airflow/dags/etl_postgres_to_clickhouse.py
[2026-01-06T14:37:29.075+0000] {processor.py:840} INFO - DAG(s) 'pg_to_clickhouse_sliding_window' retrieved from /opt/airflow/dags/etl_postgres_to_clickhouse.py
[2026-01-06T14:37:29.118+0000] {logging_mixin.py:188} INFO - [2026-01-06T14:37:29.118+0000] {dag.py:3096} INFO - Sync 1 DAGs
[2026-01-06T14:37:29.152+0000] {logging_mixin.py:188} INFO - [2026-01-06T14:37:29.151+0000] {dag.py:3954} INFO - Setting next_dagrun for pg_to_clickhouse_sliding_window to 2026-01-06 14:37:20+00:00, run_after=2026-01-06 14:37:30+00:00
[2026-01-06T14:37:29.181+0000] {processor.py:183} INFO - Processing /opt/airflow/dags/etl_postgres_to_clickhouse.py took 0.403 seconds
[2026-01-06T14:37:59.336+0000] {processor.py:161} INFO - Started process (PID=532) to work on /opt/airflow/dags/etl_postgres_to_clickhouse.py
[2026-01-06T14:37:59.338+0000] {processor.py:830} INFO - Processing file /opt/airflow/dags/etl_postgres_to_clickhouse.py for tasks to queue
[2026-01-06T14:37:59.341+0000] {logging_mixin.py:188} INFO - [2026-01-06T14:37:59.341+0000] {dagbag.py:545} INFO - Filling up the DagBag from /opt/airflow/dags/etl_postgres_to_clickhouse.py
[2026-01-06T14:37:59.785+0000] {processor.py:840} INFO - DAG(s) 'pg_to_clickhouse_sliding_window' retrieved from /opt/airflow/dags/etl_postgres_to_clickhouse.py
[2026-01-06T14:37:59.844+0000] {logging_mixin.py:188} INFO - [2026-01-06T14:37:59.843+0000] {dag.py:3096} INFO - Sync 1 DAGs
[2026-01-06T14:37:59.881+0000] {logging_mixin.py:188} INFO - [2026-01-06T14:37:59.881+0000] {dag.py:3954} INFO - Setting next_dagrun for pg_to_clickhouse_sliding_window to 2026-01-06 14:37:50+00:00, run_after=2026-01-06 14:38:00+00:00
[2026-01-06T14:37:59.914+0000] {processor.py:183} INFO - Processing /opt/airflow/dags/etl_postgres_to_clickhouse.py took 0.586 seconds
[2026-01-06T14:38:30.317+0000] {processor.py:161} INFO - Started process (PID=564) to work on /opt/airflow/dags/etl_postgres_to_clickhouse.py
[2026-01-06T14:38:30.319+0000] {processor.py:830} INFO - Processing file /opt/airflow/dags/etl_postgres_to_clickhouse.py for tasks to queue
[2026-01-06T14:38:30.322+0000] {logging_mixin.py:188} INFO - [2026-01-06T14:38:30.322+0000] {dagbag.py:545} INFO - Filling up the DagBag from /opt/airflow/dags/etl_postgres_to_clickhouse.py
[2026-01-06T14:38:30.678+0000] {processor.py:840} INFO - DAG(s) 'pg_to_clickhouse_sliding_window' retrieved from /opt/airflow/dags/etl_postgres_to_clickhouse.py
[2026-01-06T14:38:30.729+0000] {logging_mixin.py:188} INFO - [2026-01-06T14:38:30.728+0000] {dag.py:3096} INFO - Sync 1 DAGs
[2026-01-06T14:38:30.770+0000] {logging_mixin.py:188} INFO - [2026-01-06T14:38:30.769+0000] {dag.py:3954} INFO - Setting next_dagrun for pg_to_clickhouse_sliding_window to 2026-01-06 14:38:20+00:00, run_after=2026-01-06 14:38:30+00:00
[2026-01-06T14:38:30.798+0000] {processor.py:183} INFO - Processing /opt/airflow/dags/etl_postgres_to_clickhouse.py took 0.491 seconds
[2026-01-06T14:39:01.158+0000] {processor.py:161} INFO - Started process (PID=589) to work on /opt/airflow/dags/etl_postgres_to_clickhouse.py
[2026-01-06T14:39:01.160+0000] {processor.py:830} INFO - Processing file /opt/airflow/dags/etl_postgres_to_clickhouse.py for tasks to queue
[2026-01-06T14:39:01.166+0000] {logging_mixin.py:188} INFO - [2026-01-06T14:39:01.165+0000] {dagbag.py:545} INFO - Filling up the DagBag from /opt/airflow/dags/etl_postgres_to_clickhouse.py
[2026-01-06T14:39:01.504+0000] {processor.py:840} INFO - DAG(s) 'pg_to_clickhouse_sliding_window' retrieved from /opt/airflow/dags/etl_postgres_to_clickhouse.py
[2026-01-06T14:39:01.546+0000] {logging_mixin.py:188} INFO - [2026-01-06T14:39:01.546+0000] {dag.py:3096} INFO - Sync 1 DAGs
[2026-01-06T14:39:01.579+0000] {logging_mixin.py:188} INFO - [2026-01-06T14:39:01.579+0000] {dag.py:3954} INFO - Setting next_dagrun for pg_to_clickhouse_sliding_window to 2026-01-06 14:39:00+00:00, run_after=2026-01-06 14:39:10+00:00
[2026-01-06T14:39:01.615+0000] {processor.py:183} INFO - Processing /opt/airflow/dags/etl_postgres_to_clickhouse.py took 0.467 seconds
[2026-01-06T14:39:31.922+0000] {processor.py:161} INFO - Started process (PID=614) to work on /opt/airflow/dags/etl_postgres_to_clickhouse.py
[2026-01-06T14:39:31.924+0000] {processor.py:830} INFO - Processing file /opt/airflow/dags/etl_postgres_to_clickhouse.py for tasks to queue
[2026-01-06T14:39:31.929+0000] {logging_mixin.py:188} INFO - [2026-01-06T14:39:31.928+0000] {dagbag.py:545} INFO - Filling up the DagBag from /opt/airflow/dags/etl_postgres_to_clickhouse.py
[2026-01-06T14:39:32.281+0000] {processor.py:840} INFO - DAG(s) 'pg_to_clickhouse_sliding_window' retrieved from /opt/airflow/dags/etl_postgres_to_clickhouse.py
[2026-01-06T14:39:32.329+0000] {logging_mixin.py:188} INFO - [2026-01-06T14:39:32.329+0000] {dag.py:3096} INFO - Sync 1 DAGs
[2026-01-06T14:39:32.364+0000] {logging_mixin.py:188} INFO - [2026-01-06T14:39:32.363+0000] {dag.py:3954} INFO - Setting next_dagrun for pg_to_clickhouse_sliding_window to 2026-01-06 14:39:30+00:00, run_after=2026-01-06 14:39:40+00:00
[2026-01-06T14:39:32.395+0000] {processor.py:183} INFO - Processing /opt/airflow/dags/etl_postgres_to_clickhouse.py took 0.482 seconds
[2026-01-06T14:40:02.801+0000] {processor.py:161} INFO - Started process (PID=648) to work on /opt/airflow/dags/etl_postgres_to_clickhouse.py
[2026-01-06T14:40:02.803+0000] {processor.py:830} INFO - Processing file /opt/airflow/dags/etl_postgres_to_clickhouse.py for tasks to queue
[2026-01-06T14:40:02.807+0000] {logging_mixin.py:188} INFO - [2026-01-06T14:40:02.806+0000] {dagbag.py:545} INFO - Filling up the DagBag from /opt/airflow/dags/etl_postgres_to_clickhouse.py
[2026-01-06T14:40:03.203+0000] {processor.py:840} INFO - DAG(s) 'pg_to_clickhouse_sliding_window' retrieved from /opt/airflow/dags/etl_postgres_to_clickhouse.py
[2026-01-06T14:40:03.255+0000] {logging_mixin.py:188} INFO - [2026-01-06T14:40:03.254+0000] {dag.py:3096} INFO - Sync 1 DAGs
[2026-01-06T14:40:03.296+0000] {logging_mixin.py:188} INFO - [2026-01-06T14:40:03.295+0000] {dag.py:3954} INFO - Setting next_dagrun for pg_to_clickhouse_sliding_window to 2026-01-06 14:40:00+00:00, run_after=2026-01-06 14:40:10+00:00
[2026-01-06T14:40:03.326+0000] {processor.py:183} INFO - Processing /opt/airflow/dags/etl_postgres_to_clickhouse.py took 0.537 seconds
[2026-01-06T14:40:33.524+0000] {processor.py:161} INFO - Started process (PID=673) to work on /opt/airflow/dags/etl_postgres_to_clickhouse.py
[2026-01-06T14:40:33.526+0000] {processor.py:830} INFO - Processing file /opt/airflow/dags/etl_postgres_to_clickhouse.py for tasks to queue
[2026-01-06T14:40:33.529+0000] {logging_mixin.py:188} INFO - [2026-01-06T14:40:33.529+0000] {dagbag.py:545} INFO - Filling up the DagBag from /opt/airflow/dags/etl_postgres_to_clickhouse.py
[2026-01-06T14:40:33.893+0000] {processor.py:840} INFO - DAG(s) 'pg_to_clickhouse_sliding_window' retrieved from /opt/airflow/dags/etl_postgres_to_clickhouse.py
[2026-01-06T14:40:33.940+0000] {logging_mixin.py:188} INFO - [2026-01-06T14:40:33.940+0000] {dag.py:3096} INFO - Sync 1 DAGs
[2026-01-06T14:40:33.978+0000] {logging_mixin.py:188} INFO - [2026-01-06T14:40:33.978+0000] {dag.py:3954} INFO - Setting next_dagrun for pg_to_clickhouse_sliding_window to 2026-01-06 14:40:30+00:00, run_after=2026-01-06 14:40:40+00:00
[2026-01-06T14:40:34.006+0000] {processor.py:183} INFO - Processing /opt/airflow/dags/etl_postgres_to_clickhouse.py took 0.490 seconds
[2026-01-06T14:41:04.476+0000] {processor.py:161} INFO - Started process (PID=698) to work on /opt/airflow/dags/etl_postgres_to_clickhouse.py
[2026-01-06T14:41:04.479+0000] {processor.py:830} INFO - Processing file /opt/airflow/dags/etl_postgres_to_clickhouse.py for tasks to queue
[2026-01-06T14:41:04.482+0000] {logging_mixin.py:188} INFO - [2026-01-06T14:41:04.482+0000] {dagbag.py:545} INFO - Filling up the DagBag from /opt/airflow/dags/etl_postgres_to_clickhouse.py
[2026-01-06T14:41:04.864+0000] {processor.py:840} INFO - DAG(s) 'pg_to_clickhouse_sliding_window' retrieved from /opt/airflow/dags/etl_postgres_to_clickhouse.py
[2026-01-06T14:41:04.916+0000] {logging_mixin.py:188} INFO - [2026-01-06T14:41:04.916+0000] {dag.py:3096} INFO - Sync 1 DAGs
[2026-01-06T14:41:04.964+0000] {logging_mixin.py:188} INFO - [2026-01-06T14:41:04.964+0000] {dag.py:3954} INFO - Setting next_dagrun for pg_to_clickhouse_sliding_window to 2026-01-06 14:41:00+00:00, run_after=2026-01-06 14:41:10+00:00
[2026-01-06T14:41:05.003+0000] {processor.py:183} INFO - Processing /opt/airflow/dags/etl_postgres_to_clickhouse.py took 0.539 seconds
[2026-01-06T14:41:35.314+0000] {processor.py:161} INFO - Started process (PID=729) to work on /opt/airflow/dags/etl_postgres_to_clickhouse.py
[2026-01-06T14:41:35.317+0000] {processor.py:830} INFO - Processing file /opt/airflow/dags/etl_postgres_to_clickhouse.py for tasks to queue
[2026-01-06T14:41:35.319+0000] {logging_mixin.py:188} INFO - [2026-01-06T14:41:35.319+0000] {dagbag.py:545} INFO - Filling up the DagBag from /opt/airflow/dags/etl_postgres_to_clickhouse.py
[2026-01-06T14:41:35.710+0000] {processor.py:840} INFO - DAG(s) 'pg_to_clickhouse_sliding_window' retrieved from /opt/airflow/dags/etl_postgres_to_clickhouse.py
[2026-01-06T14:41:35.756+0000] {logging_mixin.py:188} INFO - [2026-01-06T14:41:35.755+0000] {dag.py:3096} INFO - Sync 1 DAGs
[2026-01-06T14:41:35.800+0000] {logging_mixin.py:188} INFO - [2026-01-06T14:41:35.800+0000] {dag.py:3954} INFO - Setting next_dagrun for pg_to_clickhouse_sliding_window to 2026-01-06 14:41:30+00:00, run_after=2026-01-06 14:41:40+00:00
[2026-01-06T14:41:35.897+0000] {processor.py:183} INFO - Processing /opt/airflow/dags/etl_postgres_to_clickhouse.py took 0.593 seconds
[2026-01-06T14:42:06.248+0000] {processor.py:161} INFO - Started process (PID=754) to work on /opt/airflow/dags/etl_postgres_to_clickhouse.py
[2026-01-06T14:42:06.250+0000] {processor.py:830} INFO - Processing file /opt/airflow/dags/etl_postgres_to_clickhouse.py for tasks to queue
[2026-01-06T14:42:06.254+0000] {logging_mixin.py:188} INFO - [2026-01-06T14:42:06.253+0000] {dagbag.py:545} INFO - Filling up the DagBag from /opt/airflow/dags/etl_postgres_to_clickhouse.py
[2026-01-06T14:42:06.597+0000] {processor.py:840} INFO - DAG(s) 'pg_to_clickhouse_sliding_window' retrieved from /opt/airflow/dags/etl_postgres_to_clickhouse.py
[2026-01-06T14:42:06.666+0000] {logging_mixin.py:188} INFO - [2026-01-06T14:42:06.666+0000] {dag.py:3096} INFO - Sync 1 DAGs
[2026-01-06T14:42:06.707+0000] {logging_mixin.py:188} INFO - [2026-01-06T14:42:06.707+0000] {dag.py:3954} INFO - Setting next_dagrun for pg_to_clickhouse_sliding_window to 2026-01-06 14:42:00+00:00, run_after=2026-01-06 14:42:10+00:00
[2026-01-06T14:42:06.742+0000] {processor.py:183} INFO - Processing /opt/airflow/dags/etl_postgres_to_clickhouse.py took 0.506 seconds
[2026-01-06T14:42:37.036+0000] {processor.py:161} INFO - Started process (PID=778) to work on /opt/airflow/dags/etl_postgres_to_clickhouse.py
[2026-01-06T14:42:37.038+0000] {processor.py:830} INFO - Processing file /opt/airflow/dags/etl_postgres_to_clickhouse.py for tasks to queue
[2026-01-06T14:42:37.041+0000] {logging_mixin.py:188} INFO - [2026-01-06T14:42:37.040+0000] {dagbag.py:545} INFO - Filling up the DagBag from /opt/airflow/dags/etl_postgres_to_clickhouse.py
[2026-01-06T14:42:37.369+0000] {processor.py:840} INFO - DAG(s) 'pg_to_clickhouse_sliding_window' retrieved from /opt/airflow/dags/etl_postgres_to_clickhouse.py
[2026-01-06T14:42:37.428+0000] {logging_mixin.py:188} INFO - [2026-01-06T14:42:37.427+0000] {dag.py:3096} INFO - Sync 1 DAGs
[2026-01-06T14:42:37.485+0000] {logging_mixin.py:188} INFO - [2026-01-06T14:42:37.485+0000] {dag.py:3954} INFO - Setting next_dagrun for pg_to_clickhouse_sliding_window to 2026-01-06 14:42:30+00:00, run_after=2026-01-06 14:42:40+00:00
[2026-01-06T14:42:37.530+0000] {processor.py:183} INFO - Processing /opt/airflow/dags/etl_postgres_to_clickhouse.py took 0.503 seconds
[2026-01-06T14:43:07.852+0000] {processor.py:161} INFO - Started process (PID=803) to work on /opt/airflow/dags/etl_postgres_to_clickhouse.py
[2026-01-06T14:43:07.854+0000] {processor.py:830} INFO - Processing file /opt/airflow/dags/etl_postgres_to_clickhouse.py for tasks to queue
[2026-01-06T14:43:07.857+0000] {logging_mixin.py:188} INFO - [2026-01-06T14:43:07.856+0000] {dagbag.py:545} INFO - Filling up the DagBag from /opt/airflow/dags/etl_postgres_to_clickhouse.py
[2026-01-06T14:43:08.289+0000] {processor.py:840} INFO - DAG(s) 'pg_to_clickhouse_sliding_window' retrieved from /opt/airflow/dags/etl_postgres_to_clickhouse.py
[2026-01-06T14:43:08.351+0000] {logging_mixin.py:188} INFO - [2026-01-06T14:43:08.351+0000] {dag.py:3096} INFO - Sync 1 DAGs
[2026-01-06T14:43:08.416+0000] {logging_mixin.py:188} INFO - [2026-01-06T14:43:08.414+0000] {dag.py:3954} INFO - Setting next_dagrun for pg_to_clickhouse_sliding_window to 2026-01-06 14:43:00+00:00, run_after=2026-01-06 14:43:10+00:00
[2026-01-06T14:43:08.484+0000] {processor.py:183} INFO - Processing /opt/airflow/dags/etl_postgres_to_clickhouse.py took 0.642 seconds
[2026-01-06T14:44:16.402+0000] {processor.py:161} INFO - Started process (PID=190) to work on /opt/airflow/dags/etl_postgres_to_clickhouse.py
[2026-01-06T14:44:16.405+0000] {processor.py:830} INFO - Processing file /opt/airflow/dags/etl_postgres_to_clickhouse.py for tasks to queue
[2026-01-06T14:44:16.410+0000] {logging_mixin.py:188} INFO - [2026-01-06T14:44:16.409+0000] {dagbag.py:545} INFO - Filling up the DagBag from /opt/airflow/dags/etl_postgres_to_clickhouse.py
[2026-01-06T14:44:17.085+0000] {processor.py:840} INFO - DAG(s) 'pg_to_clickhouse_sliding_window' retrieved from /opt/airflow/dags/etl_postgres_to_clickhouse.py
[2026-01-06T14:44:17.636+0000] {logging_mixin.py:188} INFO - [2026-01-06T14:44:17.635+0000] {override.py:1829} INFO - Created Permission View: can read on DAG:pg_to_clickhouse_sliding_window
[2026-01-06T14:44:17.693+0000] {logging_mixin.py:188} INFO - [2026-01-06T14:44:17.692+0000] {override.py:1829} INFO - Created Permission View: can delete on DAG:pg_to_clickhouse_sliding_window
[2026-01-06T14:44:17.729+0000] {logging_mixin.py:188} INFO - [2026-01-06T14:44:17.728+0000] {override.py:1829} INFO - Created Permission View: can edit on DAG:pg_to_clickhouse_sliding_window
[2026-01-06T14:44:17.733+0000] {logging_mixin.py:188} INFO - [2026-01-06T14:44:17.732+0000] {dag.py:3096} INFO - Sync 1 DAGs
[2026-01-06T14:44:17.769+0000] {logging_mixin.py:188} INFO - [2026-01-06T14:44:17.769+0000] {dag.py:3118} INFO - Creating ORM DAG for pg_to_clickhouse_sliding_window
[2026-01-06T14:44:17.800+0000] {logging_mixin.py:188} INFO - [2026-01-06T14:44:17.799+0000] {dag.py:3954} INFO - Setting next_dagrun for pg_to_clickhouse_sliding_window to 2026-01-06 14:44:00+00:00, run_after=2026-01-06 14:44:10+00:00
[2026-01-06T14:44:17.879+0000] {processor.py:183} INFO - Processing /opt/airflow/dags/etl_postgres_to_clickhouse.py took 1.495 seconds
[2026-01-06T14:44:48.331+0000] {processor.py:161} INFO - Started process (PID=243) to work on /opt/airflow/dags/etl_postgres_to_clickhouse.py
[2026-01-06T14:44:48.332+0000] {processor.py:830} INFO - Processing file /opt/airflow/dags/etl_postgres_to_clickhouse.py for tasks to queue
[2026-01-06T14:44:48.336+0000] {logging_mixin.py:188} INFO - [2026-01-06T14:44:48.335+0000] {dagbag.py:545} INFO - Filling up the DagBag from /opt/airflow/dags/etl_postgres_to_clickhouse.py
[2026-01-06T14:44:48.743+0000] {processor.py:840} INFO - DAG(s) 'pg_to_clickhouse_sliding_window' retrieved from /opt/airflow/dags/etl_postgres_to_clickhouse.py
[2026-01-06T14:44:48.820+0000] {logging_mixin.py:188} INFO - [2026-01-06T14:44:48.819+0000] {dag.py:3096} INFO - Sync 1 DAGs
[2026-01-06T14:44:48.868+0000] {logging_mixin.py:188} INFO - [2026-01-06T14:44:48.868+0000] {dag.py:3954} INFO - Setting next_dagrun for pg_to_clickhouse_sliding_window to 2026-01-06 14:44:40+00:00, run_after=2026-01-06 14:44:50+00:00
[2026-01-06T14:44:48.924+0000] {processor.py:183} INFO - Processing /opt/airflow/dags/etl_postgres_to_clickhouse.py took 0.607 seconds
[2026-01-06T14:45:19.278+0000] {processor.py:161} INFO - Started process (PID=268) to work on /opt/airflow/dags/etl_postgres_to_clickhouse.py
[2026-01-06T14:45:19.280+0000] {processor.py:830} INFO - Processing file /opt/airflow/dags/etl_postgres_to_clickhouse.py for tasks to queue
[2026-01-06T14:45:19.283+0000] {logging_mixin.py:188} INFO - [2026-01-06T14:45:19.282+0000] {dagbag.py:545} INFO - Filling up the DagBag from /opt/airflow/dags/etl_postgres_to_clickhouse.py
[2026-01-06T14:45:19.718+0000] {processor.py:840} INFO - DAG(s) 'pg_to_clickhouse_sliding_window' retrieved from /opt/airflow/dags/etl_postgres_to_clickhouse.py
[2026-01-06T14:45:19.802+0000] {logging_mixin.py:188} INFO - [2026-01-06T14:45:19.799+0000] {dag.py:3096} INFO - Sync 1 DAGs
[2026-01-06T14:45:19.860+0000] {logging_mixin.py:188} INFO - [2026-01-06T14:45:19.860+0000] {dag.py:3954} INFO - Setting next_dagrun for pg_to_clickhouse_sliding_window to 2026-01-06 14:45:10+00:00, run_after=2026-01-06 14:45:20+00:00
[2026-01-06T14:45:19.907+0000] {processor.py:183} INFO - Processing /opt/airflow/dags/etl_postgres_to_clickhouse.py took 0.640 seconds
[2026-01-06T14:45:50.263+0000] {processor.py:161} INFO - Started process (PID=293) to work on /opt/airflow/dags/etl_postgres_to_clickhouse.py
[2026-01-06T14:45:50.264+0000] {processor.py:830} INFO - Processing file /opt/airflow/dags/etl_postgres_to_clickhouse.py for tasks to queue
[2026-01-06T14:45:50.267+0000] {logging_mixin.py:188} INFO - [2026-01-06T14:45:50.266+0000] {dagbag.py:545} INFO - Filling up the DagBag from /opt/airflow/dags/etl_postgres_to_clickhouse.py
[2026-01-06T14:45:50.516+0000] {processor.py:840} INFO - DAG(s) 'pg_to_clickhouse_sliding_window' retrieved from /opt/airflow/dags/etl_postgres_to_clickhouse.py
[2026-01-06T14:45:50.554+0000] {logging_mixin.py:188} INFO - [2026-01-06T14:45:50.553+0000] {dag.py:3096} INFO - Sync 1 DAGs
[2026-01-06T14:45:50.586+0000] {logging_mixin.py:188} INFO - [2026-01-06T14:45:50.586+0000] {dag.py:3954} INFO - Setting next_dagrun for pg_to_clickhouse_sliding_window to 2026-01-06 14:45:40+00:00, run_after=2026-01-06 14:45:50+00:00
[2026-01-06T14:45:50.616+0000] {processor.py:183} INFO - Processing /opt/airflow/dags/etl_postgres_to_clickhouse.py took 0.360 seconds
[2026-01-06T14:46:20.843+0000] {processor.py:161} INFO - Started process (PID=326) to work on /opt/airflow/dags/etl_postgres_to_clickhouse.py
[2026-01-06T14:46:20.845+0000] {processor.py:830} INFO - Processing file /opt/airflow/dags/etl_postgres_to_clickhouse.py for tasks to queue
[2026-01-06T14:46:20.849+0000] {logging_mixin.py:188} INFO - [2026-01-06T14:46:20.848+0000] {dagbag.py:545} INFO - Filling up the DagBag from /opt/airflow/dags/etl_postgres_to_clickhouse.py
[2026-01-06T14:46:21.180+0000] {processor.py:840} INFO - DAG(s) 'pg_to_clickhouse_sliding_window' retrieved from /opt/airflow/dags/etl_postgres_to_clickhouse.py
[2026-01-06T14:46:21.229+0000] {logging_mixin.py:188} INFO - [2026-01-06T14:46:21.228+0000] {dag.py:3096} INFO - Sync 1 DAGs
[2026-01-06T14:46:21.263+0000] {logging_mixin.py:188} INFO - [2026-01-06T14:46:21.263+0000] {dag.py:3954} INFO - Setting next_dagrun for pg_to_clickhouse_sliding_window to 2026-01-06 14:46:20+00:00, run_after=2026-01-06 14:46:30+00:00
[2026-01-06T14:46:21.298+0000] {processor.py:183} INFO - Processing /opt/airflow/dags/etl_postgres_to_clickhouse.py took 0.468 seconds
[2026-01-06T14:46:51.605+0000] {processor.py:161} INFO - Started process (PID=352) to work on /opt/airflow/dags/etl_postgres_to_clickhouse.py
[2026-01-06T14:46:51.607+0000] {processor.py:830} INFO - Processing file /opt/airflow/dags/etl_postgres_to_clickhouse.py for tasks to queue
[2026-01-06T14:46:51.611+0000] {logging_mixin.py:188} INFO - [2026-01-06T14:46:51.610+0000] {dagbag.py:545} INFO - Filling up the DagBag from /opt/airflow/dags/etl_postgres_to_clickhouse.py
[2026-01-06T14:46:51.971+0000] {processor.py:840} INFO - DAG(s) 'pg_to_clickhouse_sliding_window' retrieved from /opt/airflow/dags/etl_postgres_to_clickhouse.py
[2026-01-06T14:46:52.013+0000] {logging_mixin.py:188} INFO - [2026-01-06T14:46:52.013+0000] {dag.py:3096} INFO - Sync 1 DAGs
[2026-01-06T14:46:52.044+0000] {logging_mixin.py:188} INFO - [2026-01-06T14:46:52.044+0000] {dag.py:3954} INFO - Setting next_dagrun for pg_to_clickhouse_sliding_window to 2026-01-06 14:46:50+00:00, run_after=2026-01-06 14:47:00+00:00
[2026-01-06T14:46:52.072+0000] {processor.py:183} INFO - Processing /opt/airflow/dags/etl_postgres_to_clickhouse.py took 0.480 seconds
[2026-01-06T14:47:22.564+0000] {processor.py:161} INFO - Started process (PID=377) to work on /opt/airflow/dags/etl_postgres_to_clickhouse.py
[2026-01-06T14:47:22.566+0000] {processor.py:830} INFO - Processing file /opt/airflow/dags/etl_postgres_to_clickhouse.py for tasks to queue
[2026-01-06T14:47:22.568+0000] {logging_mixin.py:188} INFO - [2026-01-06T14:47:22.568+0000] {dagbag.py:545} INFO - Filling up the DagBag from /opt/airflow/dags/etl_postgres_to_clickhouse.py
[2026-01-06T14:47:22.911+0000] {processor.py:840} INFO - DAG(s) 'pg_to_clickhouse_sliding_window' retrieved from /opt/airflow/dags/etl_postgres_to_clickhouse.py
[2026-01-06T14:47:22.956+0000] {logging_mixin.py:188} INFO - [2026-01-06T14:47:22.956+0000] {dag.py:3096} INFO - Sync 1 DAGs
[2026-01-06T14:47:22.985+0000] {logging_mixin.py:188} INFO - [2026-01-06T14:47:22.985+0000] {dag.py:3954} INFO - Setting next_dagrun for pg_to_clickhouse_sliding_window to 2026-01-06 14:47:20+00:00, run_after=2026-01-06 14:47:30+00:00
[2026-01-06T14:47:23.021+0000] {processor.py:183} INFO - Processing /opt/airflow/dags/etl_postgres_to_clickhouse.py took 0.466 seconds
[2026-01-06T14:47:53.142+0000] {processor.py:161} INFO - Started process (PID=409) to work on /opt/airflow/dags/etl_postgres_to_clickhouse.py
[2026-01-06T14:47:53.144+0000] {processor.py:830} INFO - Processing file /opt/airflow/dags/etl_postgres_to_clickhouse.py for tasks to queue
[2026-01-06T14:47:53.146+0000] {logging_mixin.py:188} INFO - [2026-01-06T14:47:53.146+0000] {dagbag.py:545} INFO - Filling up the DagBag from /opt/airflow/dags/etl_postgres_to_clickhouse.py
[2026-01-06T14:47:53.462+0000] {processor.py:840} INFO - DAG(s) 'pg_to_clickhouse_sliding_window' retrieved from /opt/airflow/dags/etl_postgres_to_clickhouse.py
[2026-01-06T14:47:53.509+0000] {logging_mixin.py:188} INFO - [2026-01-06T14:47:53.509+0000] {dag.py:3096} INFO - Sync 1 DAGs
[2026-01-06T14:47:53.549+0000] {logging_mixin.py:188} INFO - [2026-01-06T14:47:53.549+0000] {dag.py:3954} INFO - Setting next_dagrun for pg_to_clickhouse_sliding_window to 2026-01-06 14:47:50+00:00, run_after=2026-01-06 14:48:00+00:00
[2026-01-06T14:47:53.591+0000] {processor.py:183} INFO - Processing /opt/airflow/dags/etl_postgres_to_clickhouse.py took 0.458 seconds
[2026-01-06T14:49:12.799+0000] {processor.py:161} INFO - Started process (PID=190) to work on /opt/airflow/dags/etl_postgres_to_clickhouse.py
[2026-01-06T14:49:12.807+0000] {processor.py:830} INFO - Processing file /opt/airflow/dags/etl_postgres_to_clickhouse.py for tasks to queue
[2026-01-06T14:49:12.809+0000] {logging_mixin.py:188} INFO - [2026-01-06T14:49:12.809+0000] {dagbag.py:545} INFO - Filling up the DagBag from /opt/airflow/dags/etl_postgres_to_clickhouse.py
[2026-01-06T14:49:13.118+0000] {processor.py:840} INFO - DAG(s) 'pg_to_clickhouse_sliding_window' retrieved from /opt/airflow/dags/etl_postgres_to_clickhouse.py
[2026-01-06T14:49:13.393+0000] {logging_mixin.py:188} INFO - [2026-01-06T14:49:13.392+0000] {override.py:1829} INFO - Created Permission View: can edit on DAG:pg_to_clickhouse_sliding_window
[2026-01-06T14:49:13.416+0000] {logging_mixin.py:188} INFO - [2026-01-06T14:49:13.415+0000] {override.py:1829} INFO - Created Permission View: can read on DAG:pg_to_clickhouse_sliding_window
[2026-01-06T14:49:13.433+0000] {logging_mixin.py:188} INFO - [2026-01-06T14:49:13.432+0000] {override.py:1829} INFO - Created Permission View: can delete on DAG:pg_to_clickhouse_sliding_window
[2026-01-06T14:49:13.434+0000] {logging_mixin.py:188} INFO - [2026-01-06T14:49:13.434+0000] {dag.py:3096} INFO - Sync 1 DAGs
[2026-01-06T14:49:13.459+0000] {logging_mixin.py:188} INFO - [2026-01-06T14:49:13.458+0000] {dag.py:3118} INFO - Creating ORM DAG for pg_to_clickhouse_sliding_window
[2026-01-06T14:49:13.484+0000] {logging_mixin.py:188} INFO - [2026-01-06T14:49:13.484+0000] {dag.py:3954} INFO - Setting next_dagrun for pg_to_clickhouse_sliding_window to 2026-01-06 14:49:00+00:00, run_after=2026-01-06 14:49:10+00:00
[2026-01-06T14:49:13.527+0000] {processor.py:183} INFO - Processing /opt/airflow/dags/etl_postgres_to_clickhouse.py took 0.739 seconds
[2026-01-06T14:49:43.878+0000] {processor.py:161} INFO - Started process (PID=233) to work on /opt/airflow/dags/etl_postgres_to_clickhouse.py
[2026-01-06T14:49:43.880+0000] {processor.py:830} INFO - Processing file /opt/airflow/dags/etl_postgres_to_clickhouse.py for tasks to queue
[2026-01-06T14:49:43.883+0000] {logging_mixin.py:188} INFO - [2026-01-06T14:49:43.882+0000] {dagbag.py:545} INFO - Filling up the DagBag from /opt/airflow/dags/etl_postgres_to_clickhouse.py
[2026-01-06T14:49:44.145+0000] {processor.py:840} INFO - DAG(s) 'pg_to_clickhouse_sliding_window' retrieved from /opt/airflow/dags/etl_postgres_to_clickhouse.py
[2026-01-06T14:49:44.186+0000] {logging_mixin.py:188} INFO - [2026-01-06T14:49:44.185+0000] {dag.py:3096} INFO - Sync 1 DAGs
[2026-01-06T14:49:44.215+0000] {logging_mixin.py:188} INFO - [2026-01-06T14:49:44.214+0000] {dag.py:3954} INFO - Setting next_dagrun for pg_to_clickhouse_sliding_window to 2026-01-06 14:49:40+00:00, run_after=2026-01-06 14:49:50+00:00
[2026-01-06T14:49:44.250+0000] {processor.py:183} INFO - Processing /opt/airflow/dags/etl_postgres_to_clickhouse.py took 0.384 seconds
[2026-01-06T14:50:14.516+0000] {processor.py:161} INFO - Started process (PID=268) to work on /opt/airflow/dags/etl_postgres_to_clickhouse.py
[2026-01-06T14:50:14.518+0000] {processor.py:830} INFO - Processing file /opt/airflow/dags/etl_postgres_to_clickhouse.py for tasks to queue
[2026-01-06T14:50:14.522+0000] {logging_mixin.py:188} INFO - [2026-01-06T14:50:14.521+0000] {dagbag.py:545} INFO - Filling up the DagBag from /opt/airflow/dags/etl_postgres_to_clickhouse.py
[2026-01-06T14:50:14.837+0000] {processor.py:840} INFO - DAG(s) 'pg_to_clickhouse_sliding_window' retrieved from /opt/airflow/dags/etl_postgres_to_clickhouse.py
[2026-01-06T14:50:14.875+0000] {logging_mixin.py:188} INFO - [2026-01-06T14:50:14.874+0000] {dag.py:3096} INFO - Sync 1 DAGs
[2026-01-06T14:50:14.933+0000] {logging_mixin.py:188} INFO - [2026-01-06T14:50:14.933+0000] {dag.py:3954} INFO - Setting next_dagrun for pg_to_clickhouse_sliding_window to 2026-01-06 14:50:10+00:00, run_after=2026-01-06 14:50:20+00:00
[2026-01-06T14:50:14.965+0000] {processor.py:183} INFO - Processing /opt/airflow/dags/etl_postgres_to_clickhouse.py took 0.460 seconds
[2026-01-06T14:50:45.425+0000] {processor.py:161} INFO - Started process (PID=293) to work on /opt/airflow/dags/etl_postgres_to_clickhouse.py
[2026-01-06T14:50:45.427+0000] {processor.py:830} INFO - Processing file /opt/airflow/dags/etl_postgres_to_clickhouse.py for tasks to queue
[2026-01-06T14:50:45.430+0000] {logging_mixin.py:188} INFO - [2026-01-06T14:50:45.429+0000] {dagbag.py:545} INFO - Filling up the DagBag from /opt/airflow/dags/etl_postgres_to_clickhouse.py
[2026-01-06T14:50:45.692+0000] {processor.py:840} INFO - DAG(s) 'pg_to_clickhouse_sliding_window' retrieved from /opt/airflow/dags/etl_postgres_to_clickhouse.py
[2026-01-06T14:50:45.735+0000] {logging_mixin.py:188} INFO - [2026-01-06T14:50:45.735+0000] {dag.py:3096} INFO - Sync 1 DAGs
[2026-01-06T14:50:45.767+0000] {logging_mixin.py:188} INFO - [2026-01-06T14:50:45.766+0000] {dag.py:3954} INFO - Setting next_dagrun for pg_to_clickhouse_sliding_window to 2026-01-06 14:50:40+00:00, run_after=2026-01-06 14:50:50+00:00
[2026-01-06T14:50:45.792+0000] {processor.py:183} INFO - Processing /opt/airflow/dags/etl_postgres_to_clickhouse.py took 0.375 seconds
[2026-01-06T14:51:16.159+0000] {processor.py:161} INFO - Started process (PID=327) to work on /opt/airflow/dags/etl_postgres_to_clickhouse.py
[2026-01-06T14:51:16.161+0000] {processor.py:830} INFO - Processing file /opt/airflow/dags/etl_postgres_to_clickhouse.py for tasks to queue
[2026-01-06T14:51:16.165+0000] {logging_mixin.py:188} INFO - [2026-01-06T14:51:16.164+0000] {dagbag.py:545} INFO - Filling up the DagBag from /opt/airflow/dags/etl_postgres_to_clickhouse.py
[2026-01-06T14:51:16.554+0000] {processor.py:840} INFO - DAG(s) 'pg_to_clickhouse_sliding_window' retrieved from /opt/airflow/dags/etl_postgres_to_clickhouse.py
[2026-01-06T14:51:16.601+0000] {logging_mixin.py:188} INFO - [2026-01-06T14:51:16.601+0000] {dag.py:3096} INFO - Sync 1 DAGs
[2026-01-06T14:51:16.637+0000] {logging_mixin.py:188} INFO - [2026-01-06T14:51:16.636+0000] {dag.py:3954} INFO - Setting next_dagrun for pg_to_clickhouse_sliding_window to 2026-01-06 14:51:10+00:00, run_after=2026-01-06 14:51:20+00:00
[2026-01-06T14:51:16.677+0000] {processor.py:183} INFO - Processing /opt/airflow/dags/etl_postgres_to_clickhouse.py took 0.533 seconds
[2026-01-06T14:51:46.975+0000] {processor.py:161} INFO - Started process (PID=352) to work on /opt/airflow/dags/etl_postgres_to_clickhouse.py
[2026-01-06T14:51:46.976+0000] {processor.py:830} INFO - Processing file /opt/airflow/dags/etl_postgres_to_clickhouse.py for tasks to queue
[2026-01-06T14:51:46.979+0000] {logging_mixin.py:188} INFO - [2026-01-06T14:51:46.978+0000] {dagbag.py:545} INFO - Filling up the DagBag from /opt/airflow/dags/etl_postgres_to_clickhouse.py
[2026-01-06T14:51:47.337+0000] {processor.py:840} INFO - DAG(s) 'pg_to_clickhouse_sliding_window' retrieved from /opt/airflow/dags/etl_postgres_to_clickhouse.py
[2026-01-06T14:51:47.382+0000] {logging_mixin.py:188} INFO - [2026-01-06T14:51:47.382+0000] {dag.py:3096} INFO - Sync 1 DAGs
[2026-01-06T14:51:47.428+0000] {logging_mixin.py:188} INFO - [2026-01-06T14:51:47.428+0000] {dag.py:3954} INFO - Setting next_dagrun for pg_to_clickhouse_sliding_window to 2026-01-06 14:51:40+00:00, run_after=2026-01-06 14:51:50+00:00
[2026-01-06T14:51:47.496+0000] {processor.py:183} INFO - Processing /opt/airflow/dags/etl_postgres_to_clickhouse.py took 0.532 seconds
[2026-01-06T14:52:17.706+0000] {processor.py:161} INFO - Started process (PID=378) to work on /opt/airflow/dags/etl_postgres_to_clickhouse.py
[2026-01-06T14:52:17.708+0000] {processor.py:830} INFO - Processing file /opt/airflow/dags/etl_postgres_to_clickhouse.py for tasks to queue
[2026-01-06T14:52:17.712+0000] {logging_mixin.py:188} INFO - [2026-01-06T14:52:17.712+0000] {dagbag.py:545} INFO - Filling up the DagBag from /opt/airflow/dags/etl_postgres_to_clickhouse.py
[2026-01-06T14:52:18.011+0000] {processor.py:840} INFO - DAG(s) 'pg_to_clickhouse_sliding_window' retrieved from /opt/airflow/dags/etl_postgres_to_clickhouse.py
[2026-01-06T14:52:18.050+0000] {logging_mixin.py:188} INFO - [2026-01-06T14:52:18.049+0000] {dag.py:3096} INFO - Sync 1 DAGs
[2026-01-06T14:52:18.083+0000] {logging_mixin.py:188} INFO - [2026-01-06T14:52:18.083+0000] {dag.py:3954} INFO - Setting next_dagrun for pg_to_clickhouse_sliding_window to 2026-01-06 14:52:10+00:00, run_after=2026-01-06 14:52:20+00:00
[2026-01-06T14:52:18.111+0000] {processor.py:183} INFO - Processing /opt/airflow/dags/etl_postgres_to_clickhouse.py took 0.414 seconds
[2026-01-06T14:52:48.192+0000] {processor.py:161} INFO - Started process (PID=410) to work on /opt/airflow/dags/etl_postgres_to_clickhouse.py
[2026-01-06T14:52:48.194+0000] {processor.py:830} INFO - Processing file /opt/airflow/dags/etl_postgres_to_clickhouse.py for tasks to queue
[2026-01-06T14:52:48.198+0000] {logging_mixin.py:188} INFO - [2026-01-06T14:52:48.197+0000] {dagbag.py:545} INFO - Filling up the DagBag from /opt/airflow/dags/etl_postgres_to_clickhouse.py
[2026-01-06T14:52:48.545+0000] {processor.py:840} INFO - DAG(s) 'pg_to_clickhouse_sliding_window' retrieved from /opt/airflow/dags/etl_postgres_to_clickhouse.py
[2026-01-06T14:52:48.587+0000] {logging_mixin.py:188} INFO - [2026-01-06T14:52:48.587+0000] {dag.py:3096} INFO - Sync 1 DAGs
[2026-01-06T14:52:48.632+0000] {logging_mixin.py:188} INFO - [2026-01-06T14:52:48.631+0000] {dag.py:3954} INFO - Setting next_dagrun for pg_to_clickhouse_sliding_window to 2026-01-06 14:52:40+00:00, run_after=2026-01-06 14:52:50+00:00
[2026-01-06T14:52:48.664+0000] {processor.py:183} INFO - Processing /opt/airflow/dags/etl_postgres_to_clickhouse.py took 0.483 seconds
[2026-01-06T14:53:19.007+0000] {processor.py:161} INFO - Started process (PID=435) to work on /opt/airflow/dags/etl_postgres_to_clickhouse.py
[2026-01-06T14:53:19.009+0000] {processor.py:830} INFO - Processing file /opt/airflow/dags/etl_postgres_to_clickhouse.py for tasks to queue
[2026-01-06T14:53:19.012+0000] {logging_mixin.py:188} INFO - [2026-01-06T14:53:19.012+0000] {dagbag.py:545} INFO - Filling up the DagBag from /opt/airflow/dags/etl_postgres_to_clickhouse.py
[2026-01-06T14:53:19.289+0000] {processor.py:840} INFO - DAG(s) 'pg_to_clickhouse_sliding_window' retrieved from /opt/airflow/dags/etl_postgres_to_clickhouse.py
[2026-01-06T14:53:19.333+0000] {logging_mixin.py:188} INFO - [2026-01-06T14:53:19.333+0000] {dag.py:3096} INFO - Sync 1 DAGs
[2026-01-06T14:53:19.366+0000] {logging_mixin.py:188} INFO - [2026-01-06T14:53:19.366+0000] {dag.py:3954} INFO - Setting next_dagrun for pg_to_clickhouse_sliding_window to 2026-01-06 14:53:10+00:00, run_after=2026-01-06 14:53:20+00:00
[2026-01-06T14:53:19.391+0000] {processor.py:183} INFO - Processing /opt/airflow/dags/etl_postgres_to_clickhouse.py took 0.392 seconds
[2026-01-06T14:53:49.740+0000] {processor.py:161} INFO - Started process (PID=461) to work on /opt/airflow/dags/etl_postgres_to_clickhouse.py
[2026-01-06T14:53:49.742+0000] {processor.py:830} INFO - Processing file /opt/airflow/dags/etl_postgres_to_clickhouse.py for tasks to queue
[2026-01-06T14:53:49.745+0000] {logging_mixin.py:188} INFO - [2026-01-06T14:53:49.744+0000] {dagbag.py:545} INFO - Filling up the DagBag from /opt/airflow/dags/etl_postgres_to_clickhouse.py
[2026-01-06T14:53:50.026+0000] {processor.py:840} INFO - DAG(s) 'pg_to_clickhouse_sliding_window' retrieved from /opt/airflow/dags/etl_postgres_to_clickhouse.py
[2026-01-06T14:53:50.070+0000] {logging_mixin.py:188} INFO - [2026-01-06T14:53:50.069+0000] {dag.py:3096} INFO - Sync 1 DAGs
[2026-01-06T14:53:50.104+0000] {logging_mixin.py:188} INFO - [2026-01-06T14:53:50.104+0000] {dag.py:3954} INFO - Setting next_dagrun for pg_to_clickhouse_sliding_window to 2026-01-06 14:53:40+00:00, run_after=2026-01-06 14:53:50+00:00
[2026-01-06T14:53:50.126+0000] {processor.py:183} INFO - Processing /opt/airflow/dags/etl_postgres_to_clickhouse.py took 0.393 seconds
[2026-01-06T14:54:20.463+0000] {processor.py:161} INFO - Started process (PID=493) to work on /opt/airflow/dags/etl_postgres_to_clickhouse.py
[2026-01-06T14:54:20.465+0000] {processor.py:830} INFO - Processing file /opt/airflow/dags/etl_postgres_to_clickhouse.py for tasks to queue
[2026-01-06T14:54:20.468+0000] {logging_mixin.py:188} INFO - [2026-01-06T14:54:20.467+0000] {dagbag.py:545} INFO - Filling up the DagBag from /opt/airflow/dags/etl_postgres_to_clickhouse.py
[2026-01-06T14:54:20.801+0000] {processor.py:840} INFO - DAG(s) 'pg_to_clickhouse_sliding_window' retrieved from /opt/airflow/dags/etl_postgres_to_clickhouse.py
[2026-01-06T14:54:20.855+0000] {logging_mixin.py:188} INFO - [2026-01-06T14:54:20.855+0000] {dag.py:3096} INFO - Sync 1 DAGs
[2026-01-06T14:54:20.893+0000] {logging_mixin.py:188} INFO - [2026-01-06T14:54:20.892+0000] {dag.py:3954} INFO - Setting next_dagrun for pg_to_clickhouse_sliding_window to 2026-01-06 14:54:20+00:00, run_after=2026-01-06 14:54:30+00:00
[2026-01-06T14:54:20.924+0000] {processor.py:183} INFO - Processing /opt/airflow/dags/etl_postgres_to_clickhouse.py took 0.470 seconds
[2026-01-06T14:55:45.690+0000] {processor.py:161} INFO - Started process (PID=191) to work on /opt/airflow/dags/etl_postgres_to_clickhouse.py
[2026-01-06T14:55:45.693+0000] {processor.py:830} INFO - Processing file /opt/airflow/dags/etl_postgres_to_clickhouse.py for tasks to queue
[2026-01-06T14:55:45.696+0000] {logging_mixin.py:188} INFO - [2026-01-06T14:55:45.695+0000] {dagbag.py:545} INFO - Filling up the DagBag from /opt/airflow/dags/etl_postgres_to_clickhouse.py
[2026-01-06T14:55:46.220+0000] {processor.py:840} INFO - DAG(s) 'pg_to_clickhouse_sliding_window' retrieved from /opt/airflow/dags/etl_postgres_to_clickhouse.py
[2026-01-06T14:55:46.542+0000] {logging_mixin.py:188} INFO - [2026-01-06T14:55:46.541+0000] {override.py:1829} INFO - Created Permission View: can edit on DAG:pg_to_clickhouse_sliding_window
[2026-01-06T14:55:46.563+0000] {logging_mixin.py:188} INFO - [2026-01-06T14:55:46.563+0000] {override.py:1829} INFO - Created Permission View: can read on DAG:pg_to_clickhouse_sliding_window
[2026-01-06T14:55:46.582+0000] {logging_mixin.py:188} INFO - [2026-01-06T14:55:46.581+0000] {override.py:1829} INFO - Created Permission View: can delete on DAG:pg_to_clickhouse_sliding_window
[2026-01-06T14:55:46.583+0000] {logging_mixin.py:188} INFO - [2026-01-06T14:55:46.583+0000] {dag.py:3096} INFO - Sync 1 DAGs
[2026-01-06T14:55:46.616+0000] {logging_mixin.py:188} INFO - [2026-01-06T14:55:46.615+0000] {dag.py:3118} INFO - Creating ORM DAG for pg_to_clickhouse_sliding_window
[2026-01-06T14:55:46.642+0000] {logging_mixin.py:188} INFO - [2026-01-06T14:55:46.642+0000] {dag.py:3954} INFO - Setting next_dagrun for pg_to_clickhouse_sliding_window to 2026-01-06 14:55:30+00:00, run_after=2026-01-06 14:55:40+00:00
[2026-01-06T14:55:46.729+0000] {processor.py:183} INFO - Processing /opt/airflow/dags/etl_postgres_to_clickhouse.py took 1.050 seconds
[2026-01-06T14:56:17.055+0000] {processor.py:161} INFO - Started process (PID=238) to work on /opt/airflow/dags/etl_postgres_to_clickhouse.py
[2026-01-06T14:56:17.057+0000] {processor.py:830} INFO - Processing file /opt/airflow/dags/etl_postgres_to_clickhouse.py for tasks to queue
[2026-01-06T14:56:17.060+0000] {logging_mixin.py:188} INFO - [2026-01-06T14:56:17.060+0000] {dagbag.py:545} INFO - Filling up the DagBag from /opt/airflow/dags/etl_postgres_to_clickhouse.py
[2026-01-06T14:56:17.317+0000] {processor.py:840} INFO - DAG(s) 'pg_to_clickhouse_sliding_window' retrieved from /opt/airflow/dags/etl_postgres_to_clickhouse.py
[2026-01-06T14:56:17.351+0000] {logging_mixin.py:188} INFO - [2026-01-06T14:56:17.351+0000] {dag.py:3096} INFO - Sync 1 DAGs
[2026-01-06T14:56:17.376+0000] {logging_mixin.py:188} INFO - [2026-01-06T14:56:17.376+0000] {dag.py:3954} INFO - Setting next_dagrun for pg_to_clickhouse_sliding_window to 2026-01-06 14:56:10+00:00, run_after=2026-01-06 14:56:20+00:00
[2026-01-06T14:56:17.401+0000] {processor.py:183} INFO - Processing /opt/airflow/dags/etl_postgres_to_clickhouse.py took 0.353 seconds
[2026-01-06T14:56:47.826+0000] {processor.py:161} INFO - Started process (PID=270) to work on /opt/airflow/dags/etl_postgres_to_clickhouse.py
[2026-01-06T14:56:47.830+0000] {processor.py:830} INFO - Processing file /opt/airflow/dags/etl_postgres_to_clickhouse.py for tasks to queue
[2026-01-06T14:56:47.833+0000] {logging_mixin.py:188} INFO - [2026-01-06T14:56:47.833+0000] {dagbag.py:545} INFO - Filling up the DagBag from /opt/airflow/dags/etl_postgres_to_clickhouse.py
[2026-01-06T14:56:48.364+0000] {processor.py:840} INFO - DAG(s) 'pg_to_clickhouse_sliding_window' retrieved from /opt/airflow/dags/etl_postgres_to_clickhouse.py
[2026-01-06T14:56:48.417+0000] {logging_mixin.py:188} INFO - [2026-01-06T14:56:48.417+0000] {dag.py:3096} INFO - Sync 1 DAGs
[2026-01-06T14:56:48.456+0000] {logging_mixin.py:188} INFO - [2026-01-06T14:56:48.456+0000] {dag.py:3954} INFO - Setting next_dagrun for pg_to_clickhouse_sliding_window to 2026-01-06 14:56:40+00:00, run_after=2026-01-06 14:56:50+00:00
[2026-01-06T14:56:48.548+0000] {processor.py:183} INFO - Processing /opt/airflow/dags/etl_postgres_to_clickhouse.py took 0.736 seconds
[2026-01-06T14:57:18.688+0000] {processor.py:161} INFO - Started process (PID=295) to work on /opt/airflow/dags/etl_postgres_to_clickhouse.py
[2026-01-06T14:57:18.690+0000] {processor.py:830} INFO - Processing file /opt/airflow/dags/etl_postgres_to_clickhouse.py for tasks to queue
[2026-01-06T14:57:18.693+0000] {logging_mixin.py:188} INFO - [2026-01-06T14:57:18.692+0000] {dagbag.py:545} INFO - Filling up the DagBag from /opt/airflow/dags/etl_postgres_to_clickhouse.py
[2026-01-06T14:57:18.995+0000] {processor.py:840} INFO - DAG(s) 'pg_to_clickhouse_sliding_window' retrieved from /opt/airflow/dags/etl_postgres_to_clickhouse.py
[2026-01-06T14:57:19.035+0000] {logging_mixin.py:188} INFO - [2026-01-06T14:57:19.035+0000] {dag.py:3096} INFO - Sync 1 DAGs
[2026-01-06T14:57:19.082+0000] {logging_mixin.py:188} INFO - [2026-01-06T14:57:19.082+0000] {dag.py:3954} INFO - Setting next_dagrun for pg_to_clickhouse_sliding_window to 2026-01-06 14:57:10+00:00, run_after=2026-01-06 14:57:20+00:00
[2026-01-06T14:57:20.570+0000] {processor.py:183} INFO - Processing /opt/airflow/dags/etl_postgres_to_clickhouse.py took 1.893 seconds
[2026-01-06T14:57:50.958+0000] {processor.py:161} INFO - Started process (PID=321) to work on /opt/airflow/dags/etl_postgres_to_clickhouse.py
[2026-01-06T14:57:50.960+0000] {processor.py:830} INFO - Processing file /opt/airflow/dags/etl_postgres_to_clickhouse.py for tasks to queue
[2026-01-06T14:57:50.962+0000] {logging_mixin.py:188} INFO - [2026-01-06T14:57:50.962+0000] {dagbag.py:545} INFO - Filling up the DagBag from /opt/airflow/dags/etl_postgres_to_clickhouse.py
[2026-01-06T14:57:51.322+0000] {processor.py:840} INFO - DAG(s) 'pg_to_clickhouse_sliding_window' retrieved from /opt/airflow/dags/etl_postgres_to_clickhouse.py
[2026-01-06T14:57:51.364+0000] {logging_mixin.py:188} INFO - [2026-01-06T14:57:51.363+0000] {dag.py:3096} INFO - Sync 1 DAGs
[2026-01-06T14:57:51.397+0000] {logging_mixin.py:188} INFO - [2026-01-06T14:57:51.396+0000] {dag.py:3954} INFO - Setting next_dagrun for pg_to_clickhouse_sliding_window to 2026-01-06 14:57:50+00:00, run_after=2026-01-06 14:58:00+00:00
[2026-01-06T14:57:51.428+0000] {processor.py:183} INFO - Processing /opt/airflow/dags/etl_postgres_to_clickhouse.py took 0.481 seconds
[2026-01-06T14:58:21.514+0000] {processor.py:161} INFO - Started process (PID=354) to work on /opt/airflow/dags/etl_postgres_to_clickhouse.py
[2026-01-06T14:58:21.517+0000] {processor.py:830} INFO - Processing file /opt/airflow/dags/etl_postgres_to_clickhouse.py for tasks to queue
[2026-01-06T14:58:21.521+0000] {logging_mixin.py:188} INFO - [2026-01-06T14:58:21.520+0000] {dagbag.py:545} INFO - Filling up the DagBag from /opt/airflow/dags/etl_postgres_to_clickhouse.py
[2026-01-06T14:58:21.835+0000] {processor.py:840} INFO - DAG(s) 'pg_to_clickhouse_sliding_window' retrieved from /opt/airflow/dags/etl_postgres_to_clickhouse.py
[2026-01-06T14:58:21.870+0000] {logging_mixin.py:188} INFO - [2026-01-06T14:58:21.870+0000] {dag.py:3096} INFO - Sync 1 DAGs
[2026-01-06T14:58:21.897+0000] {logging_mixin.py:188} INFO - [2026-01-06T14:58:21.896+0000] {dag.py:3954} INFO - Setting next_dagrun for pg_to_clickhouse_sliding_window to 2026-01-06 14:58:20+00:00, run_after=2026-01-06 14:58:30+00:00
[2026-01-06T14:58:21.934+0000] {processor.py:183} INFO - Processing /opt/airflow/dags/etl_postgres_to_clickhouse.py took 0.433 seconds
[2026-01-06T14:58:52.050+0000] {processor.py:161} INFO - Started process (PID=380) to work on /opt/airflow/dags/etl_postgres_to_clickhouse.py
[2026-01-06T14:58:52.051+0000] {processor.py:830} INFO - Processing file /opt/airflow/dags/etl_postgres_to_clickhouse.py for tasks to queue
[2026-01-06T14:58:52.053+0000] {logging_mixin.py:188} INFO - [2026-01-06T14:58:52.053+0000] {dagbag.py:545} INFO - Filling up the DagBag from /opt/airflow/dags/etl_postgres_to_clickhouse.py
[2026-01-06T14:58:52.449+0000] {processor.py:840} INFO - DAG(s) 'pg_to_clickhouse_sliding_window' retrieved from /opt/airflow/dags/etl_postgres_to_clickhouse.py
[2026-01-06T14:58:52.513+0000] {logging_mixin.py:188} INFO - [2026-01-06T14:58:52.513+0000] {dag.py:3096} INFO - Sync 1 DAGs
[2026-01-06T14:58:52.577+0000] {logging_mixin.py:188} INFO - [2026-01-06T14:58:52.577+0000] {dag.py:3954} INFO - Setting next_dagrun for pg_to_clickhouse_sliding_window to 2026-01-06 14:58:50+00:00, run_after=2026-01-06 14:59:00+00:00
[2026-01-06T14:58:52.626+0000] {processor.py:183} INFO - Processing /opt/airflow/dags/etl_postgres_to_clickhouse.py took 0.586 seconds
[2026-01-06T14:59:22.979+0000] {processor.py:161} INFO - Started process (PID=405) to work on /opt/airflow/dags/etl_postgres_to_clickhouse.py
[2026-01-06T14:59:22.980+0000] {processor.py:830} INFO - Processing file /opt/airflow/dags/etl_postgres_to_clickhouse.py for tasks to queue
[2026-01-06T14:59:22.982+0000] {logging_mixin.py:188} INFO - [2026-01-06T14:59:22.982+0000] {dagbag.py:545} INFO - Filling up the DagBag from /opt/airflow/dags/etl_postgres_to_clickhouse.py
[2026-01-06T14:59:23.365+0000] {processor.py:840} INFO - DAG(s) 'pg_to_clickhouse_sliding_window' retrieved from /opt/airflow/dags/etl_postgres_to_clickhouse.py
[2026-01-06T14:59:23.415+0000] {logging_mixin.py:188} INFO - [2026-01-06T14:59:23.415+0000] {dag.py:3096} INFO - Sync 1 DAGs
[2026-01-06T14:59:23.457+0000] {logging_mixin.py:188} INFO - [2026-01-06T14:59:23.457+0000] {dag.py:3954} INFO - Setting next_dagrun for pg_to_clickhouse_sliding_window to 2026-01-06 14:59:20+00:00, run_after=2026-01-06 14:59:30+00:00
[2026-01-06T14:59:23.496+0000] {processor.py:183} INFO - Processing /opt/airflow/dags/etl_postgres_to_clickhouse.py took 0.527 seconds
[2026-01-06T14:59:53.810+0000] {processor.py:161} INFO - Started process (PID=437) to work on /opt/airflow/dags/etl_postgres_to_clickhouse.py
[2026-01-06T14:59:53.812+0000] {processor.py:830} INFO - Processing file /opt/airflow/dags/etl_postgres_to_clickhouse.py for tasks to queue
[2026-01-06T14:59:53.819+0000] {logging_mixin.py:188} INFO - [2026-01-06T14:59:53.818+0000] {dagbag.py:545} INFO - Filling up the DagBag from /opt/airflow/dags/etl_postgres_to_clickhouse.py
[2026-01-06T14:59:54.153+0000] {processor.py:840} INFO - DAG(s) 'pg_to_clickhouse_sliding_window' retrieved from /opt/airflow/dags/etl_postgres_to_clickhouse.py
[2026-01-06T14:59:54.210+0000] {logging_mixin.py:188} INFO - [2026-01-06T14:59:54.209+0000] {dag.py:3096} INFO - Sync 1 DAGs
[2026-01-06T14:59:54.254+0000] {logging_mixin.py:188} INFO - [2026-01-06T14:59:54.254+0000] {dag.py:3954} INFO - Setting next_dagrun for pg_to_clickhouse_sliding_window to 2026-01-06 14:59:50+00:00, run_after=2026-01-06 15:00:00+00:00
[2026-01-06T14:59:54.283+0000] {processor.py:183} INFO - Processing /opt/airflow/dags/etl_postgres_to_clickhouse.py took 0.483 seconds
[2026-01-06T15:00:24.702+0000] {processor.py:161} INFO - Started process (PID=461) to work on /opt/airflow/dags/etl_postgres_to_clickhouse.py
[2026-01-06T15:00:24.705+0000] {processor.py:830} INFO - Processing file /opt/airflow/dags/etl_postgres_to_clickhouse.py for tasks to queue
[2026-01-06T15:00:24.710+0000] {logging_mixin.py:188} INFO - [2026-01-06T15:00:24.710+0000] {dagbag.py:545} INFO - Filling up the DagBag from /opt/airflow/dags/etl_postgres_to_clickhouse.py
[2026-01-06T15:00:25.114+0000] {processor.py:840} INFO - DAG(s) 'pg_to_clickhouse_sliding_window' retrieved from /opt/airflow/dags/etl_postgres_to_clickhouse.py
[2026-01-06T15:00:25.167+0000] {logging_mixin.py:188} INFO - [2026-01-06T15:00:25.166+0000] {dag.py:3096} INFO - Sync 1 DAGs
[2026-01-06T15:00:25.212+0000] {logging_mixin.py:188} INFO - [2026-01-06T15:00:25.212+0000] {dag.py:3954} INFO - Setting next_dagrun for pg_to_clickhouse_sliding_window to 2026-01-06 15:00:20+00:00, run_after=2026-01-06 15:00:30+00:00
[2026-01-06T15:00:25.247+0000] {processor.py:183} INFO - Processing /opt/airflow/dags/etl_postgres_to_clickhouse.py took 0.562 seconds
[2026-01-06T15:01:27.497+0000] {processor.py:161} INFO - Started process (PID=189) to work on /opt/airflow/dags/etl_postgres_to_clickhouse.py
[2026-01-06T15:01:27.499+0000] {processor.py:830} INFO - Processing file /opt/airflow/dags/etl_postgres_to_clickhouse.py for tasks to queue
[2026-01-06T15:01:27.505+0000] {logging_mixin.py:188} INFO - [2026-01-06T15:01:27.503+0000] {dagbag.py:545} INFO - Filling up the DagBag from /opt/airflow/dags/etl_postgres_to_clickhouse.py
[2026-01-06T15:01:27.932+0000] {processor.py:840} INFO - DAG(s) 'pg_to_clickhouse_sliding_window' retrieved from /opt/airflow/dags/etl_postgres_to_clickhouse.py
[2026-01-06T15:01:28.193+0000] {logging_mixin.py:188} INFO - [2026-01-06T15:01:28.192+0000] {override.py:1829} INFO - Created Permission View: can edit on DAG:pg_to_clickhouse_sliding_window
[2026-01-06T15:01:28.219+0000] {logging_mixin.py:188} INFO - [2026-01-06T15:01:28.218+0000] {override.py:1829} INFO - Created Permission View: can read on DAG:pg_to_clickhouse_sliding_window
[2026-01-06T15:01:28.231+0000] {logging_mixin.py:188} INFO - [2026-01-06T15:01:28.231+0000] {override.py:1829} INFO - Created Permission View: can delete on DAG:pg_to_clickhouse_sliding_window
[2026-01-06T15:01:28.232+0000] {logging_mixin.py:188} INFO - [2026-01-06T15:01:28.232+0000] {dag.py:3096} INFO - Sync 1 DAGs
[2026-01-06T15:01:28.256+0000] {logging_mixin.py:188} INFO - [2026-01-06T15:01:28.255+0000] {dag.py:3118} INFO - Creating ORM DAG for pg_to_clickhouse_sliding_window
[2026-01-06T15:01:28.274+0000] {logging_mixin.py:188} INFO - [2026-01-06T15:01:28.273+0000] {dag.py:3954} INFO - Setting next_dagrun for pg_to_clickhouse_sliding_window to 2026-01-06 15:01:10+00:00, run_after=2026-01-06 15:01:20+00:00
[2026-01-06T15:01:28.315+0000] {processor.py:183} INFO - Processing /opt/airflow/dags/etl_postgres_to_clickhouse.py took 0.826 seconds
[2026-01-06T15:01:58.725+0000] {processor.py:161} INFO - Started process (PID=244) to work on /opt/airflow/dags/etl_postgres_to_clickhouse.py
[2026-01-06T15:01:58.727+0000] {processor.py:830} INFO - Processing file /opt/airflow/dags/etl_postgres_to_clickhouse.py for tasks to queue
[2026-01-06T15:01:58.729+0000] {logging_mixin.py:188} INFO - [2026-01-06T15:01:58.729+0000] {dagbag.py:545} INFO - Filling up the DagBag from /opt/airflow/dags/etl_postgres_to_clickhouse.py
[2026-01-06T15:01:59.052+0000] {processor.py:840} INFO - DAG(s) 'pg_to_clickhouse_sliding_window' retrieved from /opt/airflow/dags/etl_postgres_to_clickhouse.py
[2026-01-06T15:01:59.104+0000] {logging_mixin.py:188} INFO - [2026-01-06T15:01:59.104+0000] {dag.py:3096} INFO - Sync 1 DAGs
[2026-01-06T15:01:59.152+0000] {logging_mixin.py:188} INFO - [2026-01-06T15:01:59.151+0000] {dag.py:3954} INFO - Setting next_dagrun for pg_to_clickhouse_sliding_window to 2026-01-06 15:01:50+00:00, run_after=2026-01-06 15:02:00+00:00
[2026-01-06T15:01:59.188+0000] {processor.py:183} INFO - Processing /opt/airflow/dags/etl_postgres_to_clickhouse.py took 0.472 seconds
[2026-01-06T15:02:29.571+0000] {processor.py:161} INFO - Started process (PID=269) to work on /opt/airflow/dags/etl_postgres_to_clickhouse.py
[2026-01-06T15:02:29.575+0000] {processor.py:830} INFO - Processing file /opt/airflow/dags/etl_postgres_to_clickhouse.py for tasks to queue
[2026-01-06T15:02:29.582+0000] {logging_mixin.py:188} INFO - [2026-01-06T15:02:29.581+0000] {dagbag.py:545} INFO - Filling up the DagBag from /opt/airflow/dags/etl_postgres_to_clickhouse.py
[2026-01-06T15:02:29.888+0000] {processor.py:840} INFO - DAG(s) 'pg_to_clickhouse_sliding_window' retrieved from /opt/airflow/dags/etl_postgres_to_clickhouse.py
[2026-01-06T15:02:29.927+0000] {logging_mixin.py:188} INFO - [2026-01-06T15:02:29.927+0000] {dag.py:3096} INFO - Sync 1 DAGs
[2026-01-06T15:02:29.959+0000] {logging_mixin.py:188} INFO - [2026-01-06T15:02:29.958+0000] {dag.py:3954} INFO - Setting next_dagrun for pg_to_clickhouse_sliding_window to 2026-01-06 15:02:20+00:00, run_after=2026-01-06 15:02:30+00:00
[2026-01-06T15:02:29.985+0000] {processor.py:183} INFO - Processing /opt/airflow/dags/etl_postgres_to_clickhouse.py took 0.427 seconds
[2026-01-06T15:03:00.267+0000] {processor.py:161} INFO - Started process (PID=295) to work on /opt/airflow/dags/etl_postgres_to_clickhouse.py
[2026-01-06T15:03:00.268+0000] {processor.py:830} INFO - Processing file /opt/airflow/dags/etl_postgres_to_clickhouse.py for tasks to queue
[2026-01-06T15:03:00.271+0000] {logging_mixin.py:188} INFO - [2026-01-06T15:03:00.270+0000] {dagbag.py:545} INFO - Filling up the DagBag from /opt/airflow/dags/etl_postgres_to_clickhouse.py
[2026-01-06T15:03:00.575+0000] {processor.py:840} INFO - DAG(s) 'pg_to_clickhouse_sliding_window' retrieved from /opt/airflow/dags/etl_postgres_to_clickhouse.py
[2026-01-06T15:03:00.616+0000] {logging_mixin.py:188} INFO - [2026-01-06T15:03:00.616+0000] {dag.py:3096} INFO - Sync 1 DAGs
[2026-01-06T15:03:00.656+0000] {logging_mixin.py:188} INFO - [2026-01-06T15:03:00.655+0000] {dag.py:3954} INFO - Setting next_dagrun for pg_to_clickhouse_sliding_window to 2026-01-06 15:03:00+00:00, run_after=2026-01-06 15:03:10+00:00
[2026-01-06T15:03:00.681+0000] {processor.py:183} INFO - Processing /opt/airflow/dags/etl_postgres_to_clickhouse.py took 0.423 seconds
[2026-01-06T15:03:31.061+0000] {processor.py:161} INFO - Started process (PID=327) to work on /opt/airflow/dags/etl_postgres_to_clickhouse.py
[2026-01-06T15:03:31.064+0000] {processor.py:830} INFO - Processing file /opt/airflow/dags/etl_postgres_to_clickhouse.py for tasks to queue
[2026-01-06T15:03:31.068+0000] {logging_mixin.py:188} INFO - [2026-01-06T15:03:31.068+0000] {dagbag.py:545} INFO - Filling up the DagBag from /opt/airflow/dags/etl_postgres_to_clickhouse.py
[2026-01-06T15:03:31.498+0000] {processor.py:840} INFO - DAG(s) 'pg_to_clickhouse_sliding_window' retrieved from /opt/airflow/dags/etl_postgres_to_clickhouse.py
[2026-01-06T15:03:31.555+0000] {logging_mixin.py:188} INFO - [2026-01-06T15:03:31.555+0000] {dag.py:3096} INFO - Sync 1 DAGs
[2026-01-06T15:03:31.608+0000] {logging_mixin.py:188} INFO - [2026-01-06T15:03:31.608+0000] {dag.py:3954} INFO - Setting next_dagrun for pg_to_clickhouse_sliding_window to 2026-01-06 15:03:30+00:00, run_after=2026-01-06 15:03:40+00:00
[2026-01-06T15:03:31.645+0000] {processor.py:183} INFO - Processing /opt/airflow/dags/etl_postgres_to_clickhouse.py took 0.595 seconds
[2026-01-06T15:04:01.938+0000] {processor.py:161} INFO - Started process (PID=353) to work on /opt/airflow/dags/etl_postgres_to_clickhouse.py
[2026-01-06T15:04:01.940+0000] {processor.py:830} INFO - Processing file /opt/airflow/dags/etl_postgres_to_clickhouse.py for tasks to queue
[2026-01-06T15:04:01.943+0000] {logging_mixin.py:188} INFO - [2026-01-06T15:04:01.942+0000] {dagbag.py:545} INFO - Filling up the DagBag from /opt/airflow/dags/etl_postgres_to_clickhouse.py
[2026-01-06T15:04:02.285+0000] {processor.py:840} INFO - DAG(s) 'pg_to_clickhouse_sliding_window' retrieved from /opt/airflow/dags/etl_postgres_to_clickhouse.py
[2026-01-06T15:04:02.358+0000] {logging_mixin.py:188} INFO - [2026-01-06T15:04:02.357+0000] {dag.py:3096} INFO - Sync 1 DAGs
[2026-01-06T15:04:02.406+0000] {logging_mixin.py:188} INFO - [2026-01-06T15:04:02.405+0000] {dag.py:3954} INFO - Setting next_dagrun for pg_to_clickhouse_sliding_window to 2026-01-06 15:04:00+00:00, run_after=2026-01-06 15:04:10+00:00
[2026-01-06T15:04:02.438+0000] {processor.py:183} INFO - Processing /opt/airflow/dags/etl_postgres_to_clickhouse.py took 0.508 seconds
[2026-01-06T15:04:59.210+0000] {processor.py:161} INFO - Started process (PID=191) to work on /opt/airflow/dags/etl_postgres_to_clickhouse.py
[2026-01-06T15:04:59.212+0000] {processor.py:830} INFO - Processing file /opt/airflow/dags/etl_postgres_to_clickhouse.py for tasks to queue
[2026-01-06T15:04:59.214+0000] {logging_mixin.py:188} INFO - [2026-01-06T15:04:59.214+0000] {dagbag.py:545} INFO - Filling up the DagBag from /opt/airflow/dags/etl_postgres_to_clickhouse.py
[2026-01-06T15:04:59.573+0000] {processor.py:840} INFO - DAG(s) 'pg_to_clickhouse_sliding_window' retrieved from /opt/airflow/dags/etl_postgres_to_clickhouse.py
[2026-01-06T15:04:59.874+0000] {logging_mixin.py:188} INFO - [2026-01-06T15:04:59.873+0000] {override.py:1829} INFO - Created Permission View: can read on DAG:pg_to_clickhouse_sliding_window
[2026-01-06T15:04:59.898+0000] {logging_mixin.py:188} INFO - [2026-01-06T15:04:59.897+0000] {override.py:1829} INFO - Created Permission View: can edit on DAG:pg_to_clickhouse_sliding_window
[2026-01-06T15:04:59.916+0000] {logging_mixin.py:188} INFO - [2026-01-06T15:04:59.915+0000] {override.py:1829} INFO - Created Permission View: can delete on DAG:pg_to_clickhouse_sliding_window
[2026-01-06T15:04:59.917+0000] {logging_mixin.py:188} INFO - [2026-01-06T15:04:59.917+0000] {dag.py:3096} INFO - Sync 1 DAGs
[2026-01-06T15:04:59.963+0000] {logging_mixin.py:188} INFO - [2026-01-06T15:04:59.962+0000] {dag.py:3118} INFO - Creating ORM DAG for pg_to_clickhouse_sliding_window
[2026-01-06T15:04:59.989+0000] {logging_mixin.py:188} INFO - [2026-01-06T15:04:59.988+0000] {dag.py:3954} INFO - Setting next_dagrun for pg_to_clickhouse_sliding_window to 2026-01-06 15:04:40+00:00, run_after=2026-01-06 15:04:50+00:00
[2026-01-06T15:05:00.036+0000] {processor.py:183} INFO - Processing /opt/airflow/dags/etl_postgres_to_clickhouse.py took 0.835 seconds
[2026-01-06T15:05:30.392+0000] {processor.py:161} INFO - Started process (PID=237) to work on /opt/airflow/dags/etl_postgres_to_clickhouse.py
[2026-01-06T15:05:30.395+0000] {processor.py:830} INFO - Processing file /opt/airflow/dags/etl_postgres_to_clickhouse.py for tasks to queue
[2026-01-06T15:05:30.398+0000] {logging_mixin.py:188} INFO - [2026-01-06T15:05:30.397+0000] {dagbag.py:545} INFO - Filling up the DagBag from /opt/airflow/dags/etl_postgres_to_clickhouse.py
[2026-01-06T15:05:30.647+0000] {processor.py:840} INFO - DAG(s) 'pg_to_clickhouse_sliding_window' retrieved from /opt/airflow/dags/etl_postgres_to_clickhouse.py
[2026-01-06T15:05:30.689+0000] {logging_mixin.py:188} INFO - [2026-01-06T15:05:30.689+0000] {dag.py:3096} INFO - Sync 1 DAGs
[2026-01-06T15:05:30.722+0000] {logging_mixin.py:188} INFO - [2026-01-06T15:05:30.722+0000] {dag.py:3954} INFO - Setting next_dagrun for pg_to_clickhouse_sliding_window to 2026-01-06 15:05:30+00:00, run_after=2026-01-06 15:05:40+00:00
[2026-01-06T15:05:30.745+0000] {processor.py:183} INFO - Processing /opt/airflow/dags/etl_postgres_to_clickhouse.py took 0.360 seconds
[2026-01-06T15:06:00.873+0000] {processor.py:161} INFO - Started process (PID=269) to work on /opt/airflow/dags/etl_postgres_to_clickhouse.py
[2026-01-06T15:06:00.875+0000] {processor.py:830} INFO - Processing file /opt/airflow/dags/etl_postgres_to_clickhouse.py for tasks to queue
[2026-01-06T15:06:00.878+0000] {logging_mixin.py:188} INFO - [2026-01-06T15:06:00.878+0000] {dagbag.py:545} INFO - Filling up the DagBag from /opt/airflow/dags/etl_postgres_to_clickhouse.py
[2026-01-06T15:06:01.221+0000] {processor.py:840} INFO - DAG(s) 'pg_to_clickhouse_sliding_window' retrieved from /opt/airflow/dags/etl_postgres_to_clickhouse.py
[2026-01-06T15:06:01.264+0000] {logging_mixin.py:188} INFO - [2026-01-06T15:06:01.263+0000] {dag.py:3096} INFO - Sync 1 DAGs
[2026-01-06T15:06:01.305+0000] {logging_mixin.py:188} INFO - [2026-01-06T15:06:01.305+0000] {dag.py:3954} INFO - Setting next_dagrun for pg_to_clickhouse_sliding_window to 2026-01-06 15:06:00+00:00, run_after=2026-01-06 15:06:10+00:00
[2026-01-06T15:06:01.338+0000] {processor.py:183} INFO - Processing /opt/airflow/dags/etl_postgres_to_clickhouse.py took 0.475 seconds
[2026-01-06T15:06:31.613+0000] {processor.py:161} INFO - Started process (PID=296) to work on /opt/airflow/dags/etl_postgres_to_clickhouse.py
[2026-01-06T15:06:31.615+0000] {processor.py:830} INFO - Processing file /opt/airflow/dags/etl_postgres_to_clickhouse.py for tasks to queue
[2026-01-06T15:06:31.617+0000] {logging_mixin.py:188} INFO - [2026-01-06T15:06:31.617+0000] {dagbag.py:545} INFO - Filling up the DagBag from /opt/airflow/dags/etl_postgres_to_clickhouse.py
[2026-01-06T15:06:31.904+0000] {processor.py:840} INFO - DAG(s) 'pg_to_clickhouse_sliding_window' retrieved from /opt/airflow/dags/etl_postgres_to_clickhouse.py
[2026-01-06T15:06:31.948+0000] {logging_mixin.py:188} INFO - [2026-01-06T15:06:31.948+0000] {dag.py:3096} INFO - Sync 1 DAGs
[2026-01-06T15:06:31.979+0000] {logging_mixin.py:188} INFO - [2026-01-06T15:06:31.979+0000] {dag.py:3954} INFO - Setting next_dagrun for pg_to_clickhouse_sliding_window to 2026-01-06 15:06:30+00:00, run_after=2026-01-06 15:06:40+00:00
[2026-01-06T15:06:32.005+0000] {processor.py:183} INFO - Processing /opt/airflow/dags/etl_postgres_to_clickhouse.py took 0.401 seconds
[2026-01-06T15:07:02.424+0000] {processor.py:161} INFO - Started process (PID=321) to work on /opt/airflow/dags/etl_postgres_to_clickhouse.py
[2026-01-06T15:07:02.426+0000] {processor.py:830} INFO - Processing file /opt/airflow/dags/etl_postgres_to_clickhouse.py for tasks to queue
[2026-01-06T15:07:02.429+0000] {logging_mixin.py:188} INFO - [2026-01-06T15:07:02.429+0000] {dagbag.py:545} INFO - Filling up the DagBag from /opt/airflow/dags/etl_postgres_to_clickhouse.py
[2026-01-06T15:07:02.838+0000] {processor.py:840} INFO - DAG(s) 'pg_to_clickhouse_sliding_window' retrieved from /opt/airflow/dags/etl_postgres_to_clickhouse.py
[2026-01-06T15:07:02.886+0000] {logging_mixin.py:188} INFO - [2026-01-06T15:07:02.886+0000] {dag.py:3096} INFO - Sync 1 DAGs
[2026-01-06T15:07:02.931+0000] {logging_mixin.py:188} INFO - [2026-01-06T15:07:02.931+0000] {dag.py:3954} INFO - Setting next_dagrun for pg_to_clickhouse_sliding_window to 2026-01-06 15:07:00+00:00, run_after=2026-01-06 15:07:10+00:00
[2026-01-06T15:07:02.974+0000] {processor.py:183} INFO - Processing /opt/airflow/dags/etl_postgres_to_clickhouse.py took 0.562 seconds
[2026-01-06T15:07:33.160+0000] {processor.py:161} INFO - Started process (PID=353) to work on /opt/airflow/dags/etl_postgres_to_clickhouse.py
[2026-01-06T15:07:33.163+0000] {processor.py:830} INFO - Processing file /opt/airflow/dags/etl_postgres_to_clickhouse.py for tasks to queue
[2026-01-06T15:07:33.166+0000] {logging_mixin.py:188} INFO - [2026-01-06T15:07:33.165+0000] {dagbag.py:545} INFO - Filling up the DagBag from /opt/airflow/dags/etl_postgres_to_clickhouse.py
[2026-01-06T15:07:33.508+0000] {processor.py:840} INFO - DAG(s) 'pg_to_clickhouse_sliding_window' retrieved from /opt/airflow/dags/etl_postgres_to_clickhouse.py
[2026-01-06T15:07:33.552+0000] {logging_mixin.py:188} INFO - [2026-01-06T15:07:33.552+0000] {dag.py:3096} INFO - Sync 1 DAGs
[2026-01-06T15:07:33.596+0000] {logging_mixin.py:188} INFO - [2026-01-06T15:07:33.595+0000] {dag.py:3954} INFO - Setting next_dagrun for pg_to_clickhouse_sliding_window to 2026-01-06 15:07:30+00:00, run_after=2026-01-06 15:07:40+00:00
[2026-01-06T15:07:33.832+0000] {processor.py:183} INFO - Processing /opt/airflow/dags/etl_postgres_to_clickhouse.py took 0.681 seconds
[2026-01-06T15:08:04.229+0000] {processor.py:161} INFO - Started process (PID=378) to work on /opt/airflow/dags/etl_postgres_to_clickhouse.py
[2026-01-06T15:08:04.231+0000] {processor.py:830} INFO - Processing file /opt/airflow/dags/etl_postgres_to_clickhouse.py for tasks to queue
[2026-01-06T15:08:04.235+0000] {logging_mixin.py:188} INFO - [2026-01-06T15:08:04.234+0000] {dagbag.py:545} INFO - Filling up the DagBag from /opt/airflow/dags/etl_postgres_to_clickhouse.py
[2026-01-06T15:08:04.763+0000] {processor.py:840} INFO - DAG(s) 'pg_to_clickhouse_sliding_window' retrieved from /opt/airflow/dags/etl_postgres_to_clickhouse.py
[2026-01-06T15:08:04.818+0000] {logging_mixin.py:188} INFO - [2026-01-06T15:08:04.818+0000] {dag.py:3096} INFO - Sync 1 DAGs
[2026-01-06T15:08:04.868+0000] {logging_mixin.py:188} INFO - [2026-01-06T15:08:04.868+0000] {dag.py:3954} INFO - Setting next_dagrun for pg_to_clickhouse_sliding_window to 2026-01-06 15:08:00+00:00, run_after=2026-01-06 15:08:10+00:00
[2026-01-06T15:08:04.904+0000] {processor.py:183} INFO - Processing /opt/airflow/dags/etl_postgres_to_clickhouse.py took 0.688 seconds
[2026-01-06T15:08:35.212+0000] {processor.py:161} INFO - Started process (PID=403) to work on /opt/airflow/dags/etl_postgres_to_clickhouse.py
[2026-01-06T15:08:35.213+0000] {processor.py:830} INFO - Processing file /opt/airflow/dags/etl_postgres_to_clickhouse.py for tasks to queue
[2026-01-06T15:08:35.216+0000] {logging_mixin.py:188} INFO - [2026-01-06T15:08:35.216+0000] {dagbag.py:545} INFO - Filling up the DagBag from /opt/airflow/dags/etl_postgres_to_clickhouse.py
[2026-01-06T15:08:35.536+0000] {processor.py:840} INFO - DAG(s) 'pg_to_clickhouse_sliding_window' retrieved from /opt/airflow/dags/etl_postgres_to_clickhouse.py
[2026-01-06T15:08:35.571+0000] {logging_mixin.py:188} INFO - [2026-01-06T15:08:35.571+0000] {dag.py:3096} INFO - Sync 1 DAGs
[2026-01-06T15:08:35.599+0000] {logging_mixin.py:188} INFO - [2026-01-06T15:08:35.598+0000] {dag.py:3954} INFO - Setting next_dagrun for pg_to_clickhouse_sliding_window to 2026-01-06 15:08:30+00:00, run_after=2026-01-06 15:08:40+00:00
[2026-01-06T15:08:35.625+0000] {processor.py:183} INFO - Processing /opt/airflow/dags/etl_postgres_to_clickhouse.py took 0.420 seconds
[2026-01-06T15:09:06.049+0000] {processor.py:161} INFO - Started process (PID=434) to work on /opt/airflow/dags/etl_postgres_to_clickhouse.py
[2026-01-06T15:09:06.051+0000] {processor.py:830} INFO - Processing file /opt/airflow/dags/etl_postgres_to_clickhouse.py for tasks to queue
[2026-01-06T15:09:06.054+0000] {logging_mixin.py:188} INFO - [2026-01-06T15:09:06.054+0000] {dagbag.py:545} INFO - Filling up the DagBag from /opt/airflow/dags/etl_postgres_to_clickhouse.py
[2026-01-06T15:09:06.597+0000] {processor.py:840} INFO - DAG(s) 'pg_to_clickhouse_sliding_window' retrieved from /opt/airflow/dags/etl_postgres_to_clickhouse.py
[2026-01-06T15:09:06.657+0000] {logging_mixin.py:188} INFO - [2026-01-06T15:09:06.657+0000] {dag.py:3096} INFO - Sync 1 DAGs
[2026-01-06T15:09:05.922+0000] {logging_mixin.py:188} INFO - [2026-01-06T15:09:05.920+0000] {dag.py:3954} INFO - Setting next_dagrun for pg_to_clickhouse_sliding_window to 2026-01-06 15:09:00+00:00, run_after=2026-01-06 15:09:10+00:00
[2026-01-06T15:09:04.764+0000] {processor.py:183} INFO - Processing /opt/airflow/dags/etl_postgres_to_clickhouse.py took 0.705 seconds
[2026-01-06T15:09:34.939+0000] {processor.py:161} INFO - Started process (PID=460) to work on /opt/airflow/dags/etl_postgres_to_clickhouse.py
[2026-01-06T15:09:34.941+0000] {processor.py:830} INFO - Processing file /opt/airflow/dags/etl_postgres_to_clickhouse.py for tasks to queue
[2026-01-06T15:09:34.945+0000] {logging_mixin.py:188} INFO - [2026-01-06T15:09:34.944+0000] {dagbag.py:545} INFO - Filling up the DagBag from /opt/airflow/dags/etl_postgres_to_clickhouse.py
[2026-01-06T15:09:35.192+0000] {processor.py:840} INFO - DAG(s) 'pg_to_clickhouse_sliding_window' retrieved from /opt/airflow/dags/etl_postgres_to_clickhouse.py
[2026-01-06T15:09:35.228+0000] {logging_mixin.py:188} INFO - [2026-01-06T15:09:35.228+0000] {dag.py:3096} INFO - Sync 1 DAGs
[2026-01-06T15:09:35.254+0000] {logging_mixin.py:188} INFO - [2026-01-06T15:09:35.254+0000] {dag.py:3954} INFO - Setting next_dagrun for pg_to_clickhouse_sliding_window to 2026-01-06 15:09:30+00:00, run_after=2026-01-06 15:09:40+00:00
[2026-01-06T15:09:35.279+0000] {processor.py:183} INFO - Processing /opt/airflow/dags/etl_postgres_to_clickhouse.py took 0.352 seconds
[2026-01-06T15:10:05.456+0000] {processor.py:161} INFO - Started process (PID=485) to work on /opt/airflow/dags/etl_postgres_to_clickhouse.py
[2026-01-06T15:10:05.458+0000] {processor.py:830} INFO - Processing file /opt/airflow/dags/etl_postgres_to_clickhouse.py for tasks to queue
[2026-01-06T15:10:05.461+0000] {logging_mixin.py:188} INFO - [2026-01-06T15:10:05.460+0000] {dagbag.py:545} INFO - Filling up the DagBag from /opt/airflow/dags/etl_postgres_to_clickhouse.py
[2026-01-06T15:10:05.770+0000] {processor.py:840} INFO - DAG(s) 'pg_to_clickhouse_sliding_window' retrieved from /opt/airflow/dags/etl_postgres_to_clickhouse.py
[2026-01-06T15:10:05.812+0000] {logging_mixin.py:188} INFO - [2026-01-06T15:10:05.811+0000] {dag.py:3096} INFO - Sync 1 DAGs
[2026-01-06T15:10:05.845+0000] {logging_mixin.py:188} INFO - [2026-01-06T15:10:05.845+0000] {dag.py:3954} INFO - Setting next_dagrun for pg_to_clickhouse_sliding_window to 2026-01-06 15:10:00+00:00, run_after=2026-01-06 15:10:10+00:00
[2026-01-06T15:10:05.879+0000] {processor.py:183} INFO - Processing /opt/airflow/dags/etl_postgres_to_clickhouse.py took 0.431 seconds
[2026-01-06T15:10:36.231+0000] {processor.py:161} INFO - Started process (PID=517) to work on /opt/airflow/dags/etl_postgres_to_clickhouse.py
[2026-01-06T15:10:36.232+0000] {processor.py:830} INFO - Processing file /opt/airflow/dags/etl_postgres_to_clickhouse.py for tasks to queue
[2026-01-06T15:10:36.235+0000] {logging_mixin.py:188} INFO - [2026-01-06T15:10:36.235+0000] {dagbag.py:545} INFO - Filling up the DagBag from /opt/airflow/dags/etl_postgres_to_clickhouse.py
[2026-01-06T15:10:36.535+0000] {processor.py:840} INFO - DAG(s) 'pg_to_clickhouse_sliding_window' retrieved from /opt/airflow/dags/etl_postgres_to_clickhouse.py
[2026-01-06T15:10:36.572+0000] {logging_mixin.py:188} INFO - [2026-01-06T15:10:36.572+0000] {dag.py:3096} INFO - Sync 1 DAGs
[2026-01-06T15:10:36.599+0000] {logging_mixin.py:188} INFO - [2026-01-06T15:10:36.599+0000] {dag.py:3954} INFO - Setting next_dagrun for pg_to_clickhouse_sliding_window to 2026-01-06 15:10:30+00:00, run_after=2026-01-06 15:10:40+00:00
[2026-01-06T15:10:36.623+0000] {processor.py:183} INFO - Processing /opt/airflow/dags/etl_postgres_to_clickhouse.py took 0.400 seconds
[2026-01-06T15:15:10.751+0000] {processor.py:161} INFO - Started process (PID=189) to work on /opt/airflow/dags/etl_postgres_to_clickhouse.py
[2026-01-06T15:15:10.753+0000] {processor.py:830} INFO - Processing file /opt/airflow/dags/etl_postgres_to_clickhouse.py for tasks to queue
[2026-01-06T15:15:10.756+0000] {logging_mixin.py:188} INFO - [2026-01-06T15:15:10.756+0000] {dagbag.py:545} INFO - Filling up the DagBag from /opt/airflow/dags/etl_postgres_to_clickhouse.py
[2026-01-06T15:15:11.148+0000] {processor.py:840} INFO - DAG(s) 'pg_to_clickhouse_sliding_window' retrieved from /opt/airflow/dags/etl_postgres_to_clickhouse.py
[2026-01-06T15:15:11.414+0000] {logging_mixin.py:188} INFO - [2026-01-06T15:15:11.413+0000] {override.py:1829} INFO - Created Permission View: can delete on DAG:pg_to_clickhouse_sliding_window
[2026-01-06T15:15:11.434+0000] {logging_mixin.py:188} INFO - [2026-01-06T15:15:11.434+0000] {override.py:1829} INFO - Created Permission View: can edit on DAG:pg_to_clickhouse_sliding_window
[2026-01-06T15:15:11.446+0000] {logging_mixin.py:188} INFO - [2026-01-06T15:15:11.445+0000] {override.py:1829} INFO - Created Permission View: can read on DAG:pg_to_clickhouse_sliding_window
[2026-01-06T15:15:11.446+0000] {logging_mixin.py:188} INFO - [2026-01-06T15:15:11.446+0000] {dag.py:3096} INFO - Sync 1 DAGs
[2026-01-06T15:15:11.463+0000] {logging_mixin.py:188} INFO - [2026-01-06T15:15:11.462+0000] {dag.py:3118} INFO - Creating ORM DAG for pg_to_clickhouse_sliding_window
[2026-01-06T15:15:11.478+0000] {logging_mixin.py:188} INFO - [2026-01-06T15:15:11.478+0000] {dag.py:3954} INFO - Setting next_dagrun for pg_to_clickhouse_sliding_window to 2026-01-06 15:15:00+00:00, run_after=2026-01-06 15:15:10+00:00
[2026-01-06T15:15:11.511+0000] {processor.py:183} INFO - Processing /opt/airflow/dags/etl_postgres_to_clickhouse.py took 0.768 seconds
[2026-01-06T15:15:41.979+0000] {processor.py:161} INFO - Started process (PID=243) to work on /opt/airflow/dags/etl_postgres_to_clickhouse.py
[2026-01-06T15:15:41.981+0000] {processor.py:830} INFO - Processing file /opt/airflow/dags/etl_postgres_to_clickhouse.py for tasks to queue
[2026-01-06T15:15:41.985+0000] {logging_mixin.py:188} INFO - [2026-01-06T15:15:41.985+0000] {dagbag.py:545} INFO - Filling up the DagBag from /opt/airflow/dags/etl_postgres_to_clickhouse.py
[2026-01-06T15:15:42.361+0000] {processor.py:840} INFO - DAG(s) 'pg_to_clickhouse_sliding_window' retrieved from /opt/airflow/dags/etl_postgres_to_clickhouse.py
[2026-01-06T15:15:42.408+0000] {logging_mixin.py:188} INFO - [2026-01-06T15:15:42.407+0000] {dag.py:3096} INFO - Sync 1 DAGs
[2026-01-06T15:15:42.454+0000] {logging_mixin.py:188} INFO - [2026-01-06T15:15:42.453+0000] {dag.py:3954} INFO - Setting next_dagrun for pg_to_clickhouse_sliding_window to 2026-01-06 15:15:40+00:00, run_after=2026-01-06 15:15:50+00:00
[2026-01-06T15:15:42.485+0000] {processor.py:183} INFO - Processing /opt/airflow/dags/etl_postgres_to_clickhouse.py took 0.515 seconds
[2026-01-06T15:16:12.821+0000] {processor.py:161} INFO - Started process (PID=268) to work on /opt/airflow/dags/etl_postgres_to_clickhouse.py
[2026-01-06T15:16:12.823+0000] {processor.py:830} INFO - Processing file /opt/airflow/dags/etl_postgres_to_clickhouse.py for tasks to queue
[2026-01-06T15:16:12.826+0000] {logging_mixin.py:188} INFO - [2026-01-06T15:16:12.825+0000] {dagbag.py:545} INFO - Filling up the DagBag from /opt/airflow/dags/etl_postgres_to_clickhouse.py
[2026-01-06T15:16:13.196+0000] {processor.py:840} INFO - DAG(s) 'pg_to_clickhouse_sliding_window' retrieved from /opt/airflow/dags/etl_postgres_to_clickhouse.py
[2026-01-06T15:16:13.249+0000] {logging_mixin.py:188} INFO - [2026-01-06T15:16:13.248+0000] {dag.py:3096} INFO - Sync 1 DAGs
[2026-01-06T15:16:13.275+0000] {logging_mixin.py:188} INFO - [2026-01-06T15:16:13.275+0000] {dag.py:3954} INFO - Setting next_dagrun for pg_to_clickhouse_sliding_window to 2026-01-06 15:16:10+00:00, run_after=2026-01-06 15:16:20+00:00
[2026-01-06T15:16:13.297+0000] {processor.py:183} INFO - Processing /opt/airflow/dags/etl_postgres_to_clickhouse.py took 0.486 seconds
[2026-01-06T15:16:43.576+0000] {processor.py:161} INFO - Started process (PID=293) to work on /opt/airflow/dags/etl_postgres_to_clickhouse.py
[2026-01-06T15:16:43.577+0000] {processor.py:830} INFO - Processing file /opt/airflow/dags/etl_postgres_to_clickhouse.py for tasks to queue
[2026-01-06T15:16:43.580+0000] {logging_mixin.py:188} INFO - [2026-01-06T15:16:43.579+0000] {dagbag.py:545} INFO - Filling up the DagBag from /opt/airflow/dags/etl_postgres_to_clickhouse.py
[2026-01-06T15:16:43.878+0000] {processor.py:840} INFO - DAG(s) 'pg_to_clickhouse_sliding_window' retrieved from /opt/airflow/dags/etl_postgres_to_clickhouse.py
[2026-01-06T15:16:43.916+0000] {logging_mixin.py:188} INFO - [2026-01-06T15:16:43.916+0000] {dag.py:3096} INFO - Sync 1 DAGs
[2026-01-06T15:16:43.944+0000] {logging_mixin.py:188} INFO - [2026-01-06T15:16:43.943+0000] {dag.py:3954} INFO - Setting next_dagrun for pg_to_clickhouse_sliding_window to 2026-01-06 15:16:40+00:00, run_after=2026-01-06 15:16:50+00:00
[2026-01-06T15:16:43.969+0000] {processor.py:183} INFO - Processing /opt/airflow/dags/etl_postgres_to_clickhouse.py took 0.400 seconds
[2026-01-06T15:17:14.276+0000] {processor.py:161} INFO - Started process (PID=327) to work on /opt/airflow/dags/etl_postgres_to_clickhouse.py
[2026-01-06T15:17:14.277+0000] {processor.py:830} INFO - Processing file /opt/airflow/dags/etl_postgres_to_clickhouse.py for tasks to queue
[2026-01-06T15:17:14.280+0000] {logging_mixin.py:188} INFO - [2026-01-06T15:17:14.279+0000] {dagbag.py:545} INFO - Filling up the DagBag from /opt/airflow/dags/etl_postgres_to_clickhouse.py
[2026-01-06T15:17:14.520+0000] {processor.py:840} INFO - DAG(s) 'pg_to_clickhouse_sliding_window' retrieved from /opt/airflow/dags/etl_postgres_to_clickhouse.py
[2026-01-06T15:17:14.560+0000] {logging_mixin.py:188} INFO - [2026-01-06T15:17:14.559+0000] {dag.py:3096} INFO - Sync 1 DAGs
[2026-01-06T15:17:14.593+0000] {logging_mixin.py:188} INFO - [2026-01-06T15:17:14.592+0000] {dag.py:3954} INFO - Setting next_dagrun for pg_to_clickhouse_sliding_window to 2026-01-06 15:17:10+00:00, run_after=2026-01-06 15:17:20+00:00
[2026-01-06T15:17:14.627+0000] {processor.py:183} INFO - Processing /opt/airflow/dags/etl_postgres_to_clickhouse.py took 0.359 seconds
[2026-01-06T15:17:44.912+0000] {processor.py:161} INFO - Started process (PID=352) to work on /opt/airflow/dags/etl_postgres_to_clickhouse.py
[2026-01-06T15:17:44.915+0000] {processor.py:830} INFO - Processing file /opt/airflow/dags/etl_postgres_to_clickhouse.py for tasks to queue
[2026-01-06T15:17:44.924+0000] {logging_mixin.py:188} INFO - [2026-01-06T15:17:44.919+0000] {dagbag.py:545} INFO - Filling up the DagBag from /opt/airflow/dags/etl_postgres_to_clickhouse.py
[2026-01-06T15:17:45.366+0000] {processor.py:840} INFO - DAG(s) 'pg_to_clickhouse_sliding_window' retrieved from /opt/airflow/dags/etl_postgres_to_clickhouse.py
[2026-01-06T15:17:45.417+0000] {logging_mixin.py:188} INFO - [2026-01-06T15:17:45.415+0000] {dag.py:3096} INFO - Sync 1 DAGs
[2026-01-06T15:17:45.479+0000] {logging_mixin.py:188} INFO - [2026-01-06T15:17:45.478+0000] {dag.py:3954} INFO - Setting next_dagrun for pg_to_clickhouse_sliding_window to 2026-01-06 15:17:40+00:00, run_after=2026-01-06 15:17:50+00:00
[2026-01-06T15:17:45.517+0000] {processor.py:183} INFO - Processing /opt/airflow/dags/etl_postgres_to_clickhouse.py took 0.620 seconds
[2026-01-06T15:18:15.883+0000] {processor.py:161} INFO - Started process (PID=377) to work on /opt/airflow/dags/etl_postgres_to_clickhouse.py
[2026-01-06T15:18:15.885+0000] {processor.py:830} INFO - Processing file /opt/airflow/dags/etl_postgres_to_clickhouse.py for tasks to queue
[2026-01-06T15:18:15.888+0000] {logging_mixin.py:188} INFO - [2026-01-06T15:18:15.888+0000] {dagbag.py:545} INFO - Filling up the DagBag from /opt/airflow/dags/etl_postgres_to_clickhouse.py
[2026-01-06T15:18:16.257+0000] {processor.py:840} INFO - DAG(s) 'pg_to_clickhouse_sliding_window' retrieved from /opt/airflow/dags/etl_postgres_to_clickhouse.py
[2026-01-06T15:18:16.302+0000] {logging_mixin.py:188} INFO - [2026-01-06T15:18:16.302+0000] {dag.py:3096} INFO - Sync 1 DAGs
[2026-01-06T15:18:16.341+0000] {logging_mixin.py:188} INFO - [2026-01-06T15:18:16.341+0000] {dag.py:3954} INFO - Setting next_dagrun for pg_to_clickhouse_sliding_window to 2026-01-06 15:18:10+00:00, run_after=2026-01-06 15:18:20+00:00
[2026-01-06T15:18:16.384+0000] {processor.py:183} INFO - Processing /opt/airflow/dags/etl_postgres_to_clickhouse.py took 0.508 seconds
[2026-01-06T15:18:46.707+0000] {processor.py:161} INFO - Started process (PID=402) to work on /opt/airflow/dags/etl_postgres_to_clickhouse.py
[2026-01-06T15:18:46.709+0000] {processor.py:830} INFO - Processing file /opt/airflow/dags/etl_postgres_to_clickhouse.py for tasks to queue
[2026-01-06T15:18:46.711+0000] {logging_mixin.py:188} INFO - [2026-01-06T15:18:46.711+0000] {dagbag.py:545} INFO - Filling up the DagBag from /opt/airflow/dags/etl_postgres_to_clickhouse.py
[2026-01-06T15:18:46.969+0000] {processor.py:840} INFO - DAG(s) 'pg_to_clickhouse_sliding_window' retrieved from /opt/airflow/dags/etl_postgres_to_clickhouse.py
[2026-01-06T15:18:47.012+0000] {logging_mixin.py:188} INFO - [2026-01-06T15:18:47.012+0000] {dag.py:3096} INFO - Sync 1 DAGs
[2026-01-06T15:18:47.046+0000] {logging_mixin.py:188} INFO - [2026-01-06T15:18:47.046+0000] {dag.py:3954} INFO - Setting next_dagrun for pg_to_clickhouse_sliding_window to 2026-01-06 15:18:40+00:00, run_after=2026-01-06 15:18:50+00:00
[2026-01-06T15:18:47.070+0000] {processor.py:183} INFO - Processing /opt/airflow/dags/etl_postgres_to_clickhouse.py took 0.372 seconds
[2026-01-06T15:19:17.464+0000] {processor.py:161} INFO - Started process (PID=434) to work on /opt/airflow/dags/etl_postgres_to_clickhouse.py
[2026-01-06T15:19:17.468+0000] {processor.py:830} INFO - Processing file /opt/airflow/dags/etl_postgres_to_clickhouse.py for tasks to queue
[2026-01-06T15:19:17.471+0000] {logging_mixin.py:188} INFO - [2026-01-06T15:19:17.471+0000] {dagbag.py:545} INFO - Filling up the DagBag from /opt/airflow/dags/etl_postgres_to_clickhouse.py
[2026-01-06T15:19:17.803+0000] {processor.py:840} INFO - DAG(s) 'pg_to_clickhouse_sliding_window' retrieved from /opt/airflow/dags/etl_postgres_to_clickhouse.py
[2026-01-06T15:19:17.852+0000] {logging_mixin.py:188} INFO - [2026-01-06T15:19:17.852+0000] {dag.py:3096} INFO - Sync 1 DAGs
[2026-01-06T15:19:17.887+0000] {logging_mixin.py:188} INFO - [2026-01-06T15:19:17.887+0000] {dag.py:3954} INFO - Setting next_dagrun for pg_to_clickhouse_sliding_window to 2026-01-06 15:19:10+00:00, run_after=2026-01-06 15:19:20+00:00
[2026-01-06T15:19:17.915+0000] {processor.py:183} INFO - Processing /opt/airflow/dags/etl_postgres_to_clickhouse.py took 0.461 seconds
[2026-01-06T15:19:48.296+0000] {processor.py:161} INFO - Started process (PID=459) to work on /opt/airflow/dags/etl_postgres_to_clickhouse.py
[2026-01-06T15:19:48.298+0000] {processor.py:830} INFO - Processing file /opt/airflow/dags/etl_postgres_to_clickhouse.py for tasks to queue
[2026-01-06T15:19:48.302+0000] {logging_mixin.py:188} INFO - [2026-01-06T15:19:48.301+0000] {dagbag.py:545} INFO - Filling up the DagBag from /opt/airflow/dags/etl_postgres_to_clickhouse.py
[2026-01-06T15:19:48.615+0000] {processor.py:840} INFO - DAG(s) 'pg_to_clickhouse_sliding_window' retrieved from /opt/airflow/dags/etl_postgres_to_clickhouse.py
[2026-01-06T15:19:48.658+0000] {logging_mixin.py:188} INFO - [2026-01-06T15:19:48.658+0000] {dag.py:3096} INFO - Sync 1 DAGs
[2026-01-06T15:19:48.696+0000] {logging_mixin.py:188} INFO - [2026-01-06T15:19:48.695+0000] {dag.py:3954} INFO - Setting next_dagrun for pg_to_clickhouse_sliding_window to 2026-01-06 15:19:40+00:00, run_after=2026-01-06 15:19:50+00:00
[2026-01-06T15:19:48.727+0000] {processor.py:183} INFO - Processing /opt/airflow/dags/etl_postgres_to_clickhouse.py took 0.444 seconds
[2026-01-06T15:20:19.082+0000] {processor.py:161} INFO - Started process (PID=484) to work on /opt/airflow/dags/etl_postgres_to_clickhouse.py
[2026-01-06T15:20:19.083+0000] {processor.py:830} INFO - Processing file /opt/airflow/dags/etl_postgres_to_clickhouse.py for tasks to queue
[2026-01-06T15:20:19.086+0000] {logging_mixin.py:188} INFO - [2026-01-06T15:20:19.085+0000] {dagbag.py:545} INFO - Filling up the DagBag from /opt/airflow/dags/etl_postgres_to_clickhouse.py
[2026-01-06T15:20:19.382+0000] {processor.py:840} INFO - DAG(s) 'pg_to_clickhouse_sliding_window' retrieved from /opt/airflow/dags/etl_postgres_to_clickhouse.py
[2026-01-06T15:20:19.415+0000] {logging_mixin.py:188} INFO - [2026-01-06T15:20:19.415+0000] {dag.py:3096} INFO - Sync 1 DAGs
[2026-01-06T15:20:19.445+0000] {logging_mixin.py:188} INFO - [2026-01-06T15:20:19.445+0000] {dag.py:3954} INFO - Setting next_dagrun for pg_to_clickhouse_sliding_window to 2026-01-06 15:20:10+00:00, run_after=2026-01-06 15:20:20+00:00
[2026-01-06T15:20:19.467+0000] {processor.py:183} INFO - Processing /opt/airflow/dags/etl_postgres_to_clickhouse.py took 0.395 seconds
[2026-01-06T15:20:49.812+0000] {processor.py:161} INFO - Started process (PID=516) to work on /opt/airflow/dags/etl_postgres_to_clickhouse.py
[2026-01-06T15:20:49.815+0000] {processor.py:830} INFO - Processing file /opt/airflow/dags/etl_postgres_to_clickhouse.py for tasks to queue
[2026-01-06T15:20:49.819+0000] {logging_mixin.py:188} INFO - [2026-01-06T15:20:49.818+0000] {dagbag.py:545} INFO - Filling up the DagBag from /opt/airflow/dags/etl_postgres_to_clickhouse.py
[2026-01-06T15:20:50.176+0000] {processor.py:840} INFO - DAG(s) 'pg_to_clickhouse_sliding_window' retrieved from /opt/airflow/dags/etl_postgres_to_clickhouse.py
[2026-01-06T15:20:50.214+0000] {logging_mixin.py:188} INFO - [2026-01-06T15:20:50.214+0000] {dag.py:3096} INFO - Sync 1 DAGs
[2026-01-06T15:20:50.247+0000] {logging_mixin.py:188} INFO - [2026-01-06T15:20:50.247+0000] {dag.py:3954} INFO - Setting next_dagrun for pg_to_clickhouse_sliding_window to 2026-01-06 15:20:40+00:00, run_after=2026-01-06 15:20:50+00:00
[2026-01-06T15:20:50.277+0000] {processor.py:183} INFO - Processing /opt/airflow/dags/etl_postgres_to_clickhouse.py took 0.476 seconds
[2026-01-06T15:21:20.649+0000] {processor.py:161} INFO - Started process (PID=542) to work on /opt/airflow/dags/etl_postgres_to_clickhouse.py
[2026-01-06T15:21:20.651+0000] {processor.py:830} INFO - Processing file /opt/airflow/dags/etl_postgres_to_clickhouse.py for tasks to queue
[2026-01-06T15:21:20.656+0000] {logging_mixin.py:188} INFO - [2026-01-06T15:21:20.655+0000] {dagbag.py:545} INFO - Filling up the DagBag from /opt/airflow/dags/etl_postgres_to_clickhouse.py
[2026-01-06T15:21:21.086+0000] {processor.py:840} INFO - DAG(s) 'pg_to_clickhouse_sliding_window' retrieved from /opt/airflow/dags/etl_postgres_to_clickhouse.py
[2026-01-06T15:21:21.129+0000] {logging_mixin.py:188} INFO - [2026-01-06T15:21:21.129+0000] {dag.py:3096} INFO - Sync 1 DAGs
[2026-01-06T15:21:21.167+0000] {logging_mixin.py:188} INFO - [2026-01-06T15:21:21.166+0000] {dag.py:3954} INFO - Setting next_dagrun for pg_to_clickhouse_sliding_window to 2026-01-06 15:21:20+00:00, run_after=2026-01-06 15:21:30+00:00
[2026-01-06T15:21:21.201+0000] {processor.py:183} INFO - Processing /opt/airflow/dags/etl_postgres_to_clickhouse.py took 0.574 seconds
[2026-01-06T15:21:51.366+0000] {processor.py:161} INFO - Started process (PID=566) to work on /opt/airflow/dags/etl_postgres_to_clickhouse.py
[2026-01-06T15:21:51.368+0000] {processor.py:830} INFO - Processing file /opt/airflow/dags/etl_postgres_to_clickhouse.py for tasks to queue
[2026-01-06T15:21:51.370+0000] {logging_mixin.py:188} INFO - [2026-01-06T15:21:51.370+0000] {dagbag.py:545} INFO - Filling up the DagBag from /opt/airflow/dags/etl_postgres_to_clickhouse.py
[2026-01-06T15:21:51.683+0000] {processor.py:840} INFO - DAG(s) 'pg_to_clickhouse_sliding_window' retrieved from /opt/airflow/dags/etl_postgres_to_clickhouse.py
[2026-01-06T15:21:51.725+0000] {logging_mixin.py:188} INFO - [2026-01-06T15:21:51.725+0000] {dag.py:3096} INFO - Sync 1 DAGs
[2026-01-06T15:21:51.759+0000] {logging_mixin.py:188} INFO - [2026-01-06T15:21:51.758+0000] {dag.py:3954} INFO - Setting next_dagrun for pg_to_clickhouse_sliding_window to 2026-01-06 15:21:50+00:00, run_after=2026-01-06 15:22:00+00:00
[2026-01-06T15:21:51.784+0000] {processor.py:183} INFO - Processing /opt/airflow/dags/etl_postgres_to_clickhouse.py took 0.428 seconds
[2026-01-06T15:22:22.107+0000] {processor.py:161} INFO - Started process (PID=592) to work on /opt/airflow/dags/etl_postgres_to_clickhouse.py
[2026-01-06T15:22:22.109+0000] {processor.py:830} INFO - Processing file /opt/airflow/dags/etl_postgres_to_clickhouse.py for tasks to queue
[2026-01-06T15:22:22.112+0000] {logging_mixin.py:188} INFO - [2026-01-06T15:22:22.111+0000] {dagbag.py:545} INFO - Filling up the DagBag from /opt/airflow/dags/etl_postgres_to_clickhouse.py
[2026-01-06T15:22:22.426+0000] {processor.py:840} INFO - DAG(s) 'pg_to_clickhouse_sliding_window' retrieved from /opt/airflow/dags/etl_postgres_to_clickhouse.py
[2026-01-06T15:22:22.473+0000] {logging_mixin.py:188} INFO - [2026-01-06T15:22:22.473+0000] {dag.py:3096} INFO - Sync 1 DAGs
[2026-01-06T15:22:22.510+0000] {logging_mixin.py:188} INFO - [2026-01-06T15:22:22.510+0000] {dag.py:3954} INFO - Setting next_dagrun for pg_to_clickhouse_sliding_window to 2026-01-06 15:22:20+00:00, run_after=2026-01-06 15:22:30+00:00
[2026-01-06T15:22:22.538+0000] {processor.py:183} INFO - Processing /opt/airflow/dags/etl_postgres_to_clickhouse.py took 0.440 seconds
[2026-01-06T15:22:52.903+0000] {processor.py:161} INFO - Started process (PID=617) to work on /opt/airflow/dags/etl_postgres_to_clickhouse.py
[2026-01-06T15:22:52.908+0000] {processor.py:830} INFO - Processing file /opt/airflow/dags/etl_postgres_to_clickhouse.py for tasks to queue
[2026-01-06T15:22:52.912+0000] {logging_mixin.py:188} INFO - [2026-01-06T15:22:52.911+0000] {dagbag.py:545} INFO - Filling up the DagBag from /opt/airflow/dags/etl_postgres_to_clickhouse.py
[2026-01-06T15:22:53.432+0000] {processor.py:840} INFO - DAG(s) 'pg_to_clickhouse_sliding_window' retrieved from /opt/airflow/dags/etl_postgres_to_clickhouse.py
[2026-01-06T15:22:53.540+0000] {logging_mixin.py:188} INFO - [2026-01-06T15:22:53.540+0000] {dag.py:3096} INFO - Sync 1 DAGs
[2026-01-06T15:22:53.582+0000] {logging_mixin.py:188} INFO - [2026-01-06T15:22:53.582+0000] {dag.py:3954} INFO - Setting next_dagrun for pg_to_clickhouse_sliding_window to 2026-01-06 15:22:50+00:00, run_after=2026-01-06 15:23:00+00:00
[2026-01-06T15:22:53.613+0000] {processor.py:183} INFO - Processing /opt/airflow/dags/etl_postgres_to_clickhouse.py took 0.727 seconds
[2026-01-06T15:23:23.903+0000] {processor.py:161} INFO - Started process (PID=649) to work on /opt/airflow/dags/etl_postgres_to_clickhouse.py
[2026-01-06T15:23:23.909+0000] {processor.py:830} INFO - Processing file /opt/airflow/dags/etl_postgres_to_clickhouse.py for tasks to queue
[2026-01-06T15:23:23.914+0000] {logging_mixin.py:188} INFO - [2026-01-06T15:23:23.914+0000] {dagbag.py:545} INFO - Filling up the DagBag from /opt/airflow/dags/etl_postgres_to_clickhouse.py
[2026-01-06T15:23:24.684+0000] {processor.py:840} INFO - DAG(s) 'pg_to_clickhouse_sliding_window' retrieved from /opt/airflow/dags/etl_postgres_to_clickhouse.py
[2026-01-06T15:23:24.760+0000] {logging_mixin.py:188} INFO - [2026-01-06T15:23:24.760+0000] {dag.py:3096} INFO - Sync 1 DAGs
[2026-01-06T15:23:24.899+0000] {logging_mixin.py:188} INFO - [2026-01-06T15:23:24.898+0000] {dag.py:3954} INFO - Setting next_dagrun for pg_to_clickhouse_sliding_window to 2026-01-06 15:23:20+00:00, run_after=2026-01-06 15:23:30+00:00
[2026-01-06T15:23:24.941+0000] {processor.py:183} INFO - Processing /opt/airflow/dags/etl_postgres_to_clickhouse.py took 1.057 seconds
[2026-01-06T15:23:55.199+0000] {processor.py:161} INFO - Started process (PID=674) to work on /opt/airflow/dags/etl_postgres_to_clickhouse.py
[2026-01-06T15:23:55.201+0000] {processor.py:830} INFO - Processing file /opt/airflow/dags/etl_postgres_to_clickhouse.py for tasks to queue
[2026-01-06T15:23:55.204+0000] {logging_mixin.py:188} INFO - [2026-01-06T15:23:55.203+0000] {dagbag.py:545} INFO - Filling up the DagBag from /opt/airflow/dags/etl_postgres_to_clickhouse.py
[2026-01-06T15:23:55.575+0000] {processor.py:840} INFO - DAG(s) 'pg_to_clickhouse_sliding_window' retrieved from /opt/airflow/dags/etl_postgres_to_clickhouse.py
[2026-01-06T15:23:55.623+0000] {logging_mixin.py:188} INFO - [2026-01-06T15:23:55.622+0000] {dag.py:3096} INFO - Sync 1 DAGs
[2026-01-06T15:23:55.656+0000] {logging_mixin.py:188} INFO - [2026-01-06T15:23:55.655+0000] {dag.py:3954} INFO - Setting next_dagrun for pg_to_clickhouse_sliding_window to 2026-01-06 15:23:50+00:00, run_after=2026-01-06 15:24:00+00:00
[2026-01-06T15:23:55.685+0000] {processor.py:183} INFO - Processing /opt/airflow/dags/etl_postgres_to_clickhouse.py took 0.495 seconds
[2026-01-06T15:24:25.928+0000] {processor.py:161} INFO - Started process (PID=699) to work on /opt/airflow/dags/etl_postgres_to_clickhouse.py
[2026-01-06T15:24:25.931+0000] {processor.py:830} INFO - Processing file /opt/airflow/dags/etl_postgres_to_clickhouse.py for tasks to queue
[2026-01-06T15:24:25.933+0000] {logging_mixin.py:188} INFO - [2026-01-06T15:24:25.933+0000] {dagbag.py:545} INFO - Filling up the DagBag from /opt/airflow/dags/etl_postgres_to_clickhouse.py
[2026-01-06T15:24:26.213+0000] {processor.py:840} INFO - DAG(s) 'pg_to_clickhouse_sliding_window' retrieved from /opt/airflow/dags/etl_postgres_to_clickhouse.py
[2026-01-06T15:24:26.285+0000] {logging_mixin.py:188} INFO - [2026-01-06T15:24:26.285+0000] {dag.py:3096} INFO - Sync 1 DAGs
[2026-01-06T15:24:26.332+0000] {logging_mixin.py:188} INFO - [2026-01-06T15:24:26.332+0000] {dag.py:3954} INFO - Setting next_dagrun for pg_to_clickhouse_sliding_window to 2026-01-06 15:24:20+00:00, run_after=2026-01-06 15:24:30+00:00
[2026-01-06T15:24:26.365+0000] {processor.py:183} INFO - Processing /opt/airflow/dags/etl_postgres_to_clickhouse.py took 0.449 seconds
[2026-01-06T15:24:56.715+0000] {processor.py:161} INFO - Started process (PID=731) to work on /opt/airflow/dags/etl_postgres_to_clickhouse.py
[2026-01-06T15:24:56.717+0000] {processor.py:830} INFO - Processing file /opt/airflow/dags/etl_postgres_to_clickhouse.py for tasks to queue
[2026-01-06T15:24:56.720+0000] {logging_mixin.py:188} INFO - [2026-01-06T15:24:56.720+0000] {dagbag.py:545} INFO - Filling up the DagBag from /opt/airflow/dags/etl_postgres_to_clickhouse.py
[2026-01-06T15:24:57.123+0000] {processor.py:840} INFO - DAG(s) 'pg_to_clickhouse_sliding_window' retrieved from /opt/airflow/dags/etl_postgres_to_clickhouse.py
[2026-01-06T15:24:57.176+0000] {logging_mixin.py:188} INFO - [2026-01-06T15:24:57.176+0000] {dag.py:3096} INFO - Sync 1 DAGs
[2026-01-06T15:24:57.218+0000] {logging_mixin.py:188} INFO - [2026-01-06T15:24:57.217+0000] {dag.py:3954} INFO - Setting next_dagrun for pg_to_clickhouse_sliding_window to 2026-01-06 15:24:50+00:00, run_after=2026-01-06 15:25:00+00:00
[2026-01-06T15:24:57.261+0000] {processor.py:183} INFO - Processing /opt/airflow/dags/etl_postgres_to_clickhouse.py took 0.557 seconds
[2026-01-06T15:25:27.554+0000] {processor.py:161} INFO - Started process (PID=756) to work on /opt/airflow/dags/etl_postgres_to_clickhouse.py
[2026-01-06T15:25:27.558+0000] {processor.py:830} INFO - Processing file /opt/airflow/dags/etl_postgres_to_clickhouse.py for tasks to queue
[2026-01-06T15:25:27.565+0000] {logging_mixin.py:188} INFO - [2026-01-06T15:25:27.564+0000] {dagbag.py:545} INFO - Filling up the DagBag from /opt/airflow/dags/etl_postgres_to_clickhouse.py
[2026-01-06T15:25:27.966+0000] {processor.py:840} INFO - DAG(s) 'pg_to_clickhouse_sliding_window' retrieved from /opt/airflow/dags/etl_postgres_to_clickhouse.py
[2026-01-06T15:25:28.023+0000] {logging_mixin.py:188} INFO - [2026-01-06T15:25:28.023+0000] {dag.py:3096} INFO - Sync 1 DAGs
[2026-01-06T15:25:28.067+0000] {logging_mixin.py:188} INFO - [2026-01-06T15:25:28.066+0000] {dag.py:3954} INFO - Setting next_dagrun for pg_to_clickhouse_sliding_window to 2026-01-06 15:25:20+00:00, run_after=2026-01-06 15:25:30+00:00
[2026-01-06T15:25:28.097+0000] {processor.py:183} INFO - Processing /opt/airflow/dags/etl_postgres_to_clickhouse.py took 0.560 seconds
[2026-01-06T15:25:58.490+0000] {processor.py:161} INFO - Started process (PID=780) to work on /opt/airflow/dags/etl_postgres_to_clickhouse.py
[2026-01-06T15:25:58.492+0000] {processor.py:830} INFO - Processing file /opt/airflow/dags/etl_postgres_to_clickhouse.py for tasks to queue
[2026-01-06T15:25:58.495+0000] {logging_mixin.py:188} INFO - [2026-01-06T15:25:58.494+0000] {dagbag.py:545} INFO - Filling up the DagBag from /opt/airflow/dags/etl_postgres_to_clickhouse.py
[2026-01-06T15:25:58.812+0000] {processor.py:840} INFO - DAG(s) 'pg_to_clickhouse_sliding_window' retrieved from /opt/airflow/dags/etl_postgres_to_clickhouse.py
[2026-01-06T15:25:58.856+0000] {logging_mixin.py:188} INFO - [2026-01-06T15:25:58.855+0000] {dag.py:3096} INFO - Sync 1 DAGs
[2026-01-06T15:25:58.888+0000] {logging_mixin.py:188} INFO - [2026-01-06T15:25:58.888+0000] {dag.py:3954} INFO - Setting next_dagrun for pg_to_clickhouse_sliding_window to 2026-01-06 15:25:50+00:00, run_after=2026-01-06 15:26:00+00:00
[2026-01-06T15:25:58.910+0000] {processor.py:183} INFO - Processing /opt/airflow/dags/etl_postgres_to_clickhouse.py took 0.432 seconds
[2026-01-06T15:26:29.199+0000] {processor.py:161} INFO - Started process (PID=805) to work on /opt/airflow/dags/etl_postgres_to_clickhouse.py
[2026-01-06T15:26:29.200+0000] {processor.py:830} INFO - Processing file /opt/airflow/dags/etl_postgres_to_clickhouse.py for tasks to queue
[2026-01-06T15:26:29.202+0000] {logging_mixin.py:188} INFO - [2026-01-06T15:26:29.202+0000] {dagbag.py:545} INFO - Filling up the DagBag from /opt/airflow/dags/etl_postgres_to_clickhouse.py
[2026-01-06T15:26:29.501+0000] {processor.py:840} INFO - DAG(s) 'pg_to_clickhouse_sliding_window' retrieved from /opt/airflow/dags/etl_postgres_to_clickhouse.py
[2026-01-06T15:26:29.545+0000] {logging_mixin.py:188} INFO - [2026-01-06T15:26:29.544+0000] {dag.py:3096} INFO - Sync 1 DAGs
[2026-01-06T15:26:29.576+0000] {logging_mixin.py:188} INFO - [2026-01-06T15:26:29.576+0000] {dag.py:3954} INFO - Setting next_dagrun for pg_to_clickhouse_sliding_window to 2026-01-06 15:26:20+00:00, run_after=2026-01-06 15:26:30+00:00
[2026-01-06T15:26:29.655+0000] {processor.py:183} INFO - Processing /opt/airflow/dags/etl_postgres_to_clickhouse.py took 0.466 seconds
[2026-01-06T15:26:59.962+0000] {processor.py:161} INFO - Started process (PID=837) to work on /opt/airflow/dags/etl_postgres_to_clickhouse.py
[2026-01-06T15:26:59.964+0000] {processor.py:830} INFO - Processing file /opt/airflow/dags/etl_postgres_to_clickhouse.py for tasks to queue
[2026-01-06T15:26:59.967+0000] {logging_mixin.py:188} INFO - [2026-01-06T15:26:59.967+0000] {dagbag.py:545} INFO - Filling up the DagBag from /opt/airflow/dags/etl_postgres_to_clickhouse.py
[2026-01-06T15:27:00.359+0000] {processor.py:840} INFO - DAG(s) 'pg_to_clickhouse_sliding_window' retrieved from /opt/airflow/dags/etl_postgres_to_clickhouse.py
[2026-01-06T15:27:00.428+0000] {logging_mixin.py:188} INFO - [2026-01-06T15:27:00.428+0000] {dag.py:3096} INFO - Sync 1 DAGs
[2026-01-06T15:27:00.483+0000] {logging_mixin.py:188} INFO - [2026-01-06T15:27:00.483+0000] {dag.py:3954} INFO - Setting next_dagrun for pg_to_clickhouse_sliding_window to 2026-01-06 15:26:50+00:00, run_after=2026-01-06 15:27:00+00:00
[2026-01-06T15:27:00.520+0000] {processor.py:183} INFO - Processing /opt/airflow/dags/etl_postgres_to_clickhouse.py took 0.571 seconds
[2026-01-06T15:27:30.908+0000] {processor.py:161} INFO - Started process (PID=862) to work on /opt/airflow/dags/etl_postgres_to_clickhouse.py
[2026-01-06T15:27:30.910+0000] {processor.py:830} INFO - Processing file /opt/airflow/dags/etl_postgres_to_clickhouse.py for tasks to queue
[2026-01-06T15:27:30.913+0000] {logging_mixin.py:188} INFO - [2026-01-06T15:27:30.912+0000] {dagbag.py:545} INFO - Filling up the DagBag from /opt/airflow/dags/etl_postgres_to_clickhouse.py
[2026-01-06T15:27:31.545+0000] {processor.py:840} INFO - DAG(s) 'pg_to_clickhouse_sliding_window' retrieved from /opt/airflow/dags/etl_postgres_to_clickhouse.py
[2026-01-06T15:27:31.634+0000] {logging_mixin.py:188} INFO - [2026-01-06T15:27:31.633+0000] {dag.py:3096} INFO - Sync 1 DAGs
[2026-01-06T15:27:31.705+0000] {logging_mixin.py:188} INFO - [2026-01-06T15:27:31.705+0000] {dag.py:3954} INFO - Setting next_dagrun for pg_to_clickhouse_sliding_window to 2026-01-06 15:27:30+00:00, run_after=2026-01-06 15:27:40+00:00
[2026-01-06T15:27:31.777+0000] {processor.py:183} INFO - Processing /opt/airflow/dags/etl_postgres_to_clickhouse.py took 0.881 seconds
[2026-01-06T15:28:02.165+0000] {processor.py:161} INFO - Started process (PID=889) to work on /opt/airflow/dags/etl_postgres_to_clickhouse.py
[2026-01-06T15:28:02.166+0000] {processor.py:830} INFO - Processing file /opt/airflow/dags/etl_postgres_to_clickhouse.py for tasks to queue
[2026-01-06T15:28:02.173+0000] {logging_mixin.py:188} INFO - [2026-01-06T15:28:02.172+0000] {dagbag.py:545} INFO - Filling up the DagBag from /opt/airflow/dags/etl_postgres_to_clickhouse.py
[2026-01-06T15:28:02.623+0000] {processor.py:840} INFO - DAG(s) 'pg_to_clickhouse_sliding_window' retrieved from /opt/airflow/dags/etl_postgres_to_clickhouse.py
[2026-01-06T15:28:02.675+0000] {logging_mixin.py:188} INFO - [2026-01-06T15:28:02.675+0000] {dag.py:3096} INFO - Sync 1 DAGs
[2026-01-06T15:28:02.713+0000] {logging_mixin.py:188} INFO - [2026-01-06T15:28:02.713+0000] {dag.py:3954} INFO - Setting next_dagrun for pg_to_clickhouse_sliding_window to 2026-01-06 15:28:00+00:00, run_after=2026-01-06 15:28:10+00:00
[2026-01-06T15:28:02.748+0000] {processor.py:183} INFO - Processing /opt/airflow/dags/etl_postgres_to_clickhouse.py took 0.594 seconds
[2026-01-06T15:28:33.162+0000] {processor.py:161} INFO - Started process (PID=915) to work on /opt/airflow/dags/etl_postgres_to_clickhouse.py
[2026-01-06T15:28:33.164+0000] {processor.py:830} INFO - Processing file /opt/airflow/dags/etl_postgres_to_clickhouse.py for tasks to queue
[2026-01-06T15:28:33.167+0000] {logging_mixin.py:188} INFO - [2026-01-06T15:28:33.167+0000] {dagbag.py:545} INFO - Filling up the DagBag from /opt/airflow/dags/etl_postgres_to_clickhouse.py
[2026-01-06T15:28:33.715+0000] {processor.py:840} INFO - DAG(s) 'pg_to_clickhouse_sliding_window' retrieved from /opt/airflow/dags/etl_postgres_to_clickhouse.py
[2026-01-06T15:28:33.825+0000] {logging_mixin.py:188} INFO - [2026-01-06T15:28:33.825+0000] {dag.py:3096} INFO - Sync 1 DAGs
[2026-01-06T15:28:33.905+0000] {logging_mixin.py:188} INFO - [2026-01-06T15:28:33.904+0000] {dag.py:3954} INFO - Setting next_dagrun for pg_to_clickhouse_sliding_window to 2026-01-06 15:28:30+00:00, run_after=2026-01-06 15:28:40+00:00
[2026-01-06T15:28:33.969+0000] {processor.py:183} INFO - Processing /opt/airflow/dags/etl_postgres_to_clickhouse.py took 0.820 seconds
[2026-01-06T15:29:04.353+0000] {processor.py:161} INFO - Started process (PID=947) to work on /opt/airflow/dags/etl_postgres_to_clickhouse.py
[2026-01-06T15:29:04.355+0000] {processor.py:830} INFO - Processing file /opt/airflow/dags/etl_postgres_to_clickhouse.py for tasks to queue
[2026-01-06T15:29:04.359+0000] {logging_mixin.py:188} INFO - [2026-01-06T15:29:04.358+0000] {dagbag.py:545} INFO - Filling up the DagBag from /opt/airflow/dags/etl_postgres_to_clickhouse.py
[2026-01-06T15:29:04.949+0000] {processor.py:840} INFO - DAG(s) 'pg_to_clickhouse_sliding_window' retrieved from /opt/airflow/dags/etl_postgres_to_clickhouse.py
[2026-01-06T15:29:05.025+0000] {logging_mixin.py:188} INFO - [2026-01-06T15:29:05.025+0000] {dag.py:3096} INFO - Sync 1 DAGs
[2026-01-06T15:29:05.094+0000] {logging_mixin.py:188} INFO - [2026-01-06T15:29:05.093+0000] {dag.py:3954} INFO - Setting next_dagrun for pg_to_clickhouse_sliding_window to 2026-01-06 15:29:00+00:00, run_after=2026-01-06 15:29:10+00:00
[2026-01-06T15:29:05.130+0000] {processor.py:183} INFO - Processing /opt/airflow/dags/etl_postgres_to_clickhouse.py took 0.790 seconds
[2026-01-06T15:29:35.514+0000] {processor.py:161} INFO - Started process (PID=972) to work on /opt/airflow/dags/etl_postgres_to_clickhouse.py
[2026-01-06T15:29:35.516+0000] {processor.py:830} INFO - Processing file /opt/airflow/dags/etl_postgres_to_clickhouse.py for tasks to queue
[2026-01-06T15:29:35.519+0000] {logging_mixin.py:188} INFO - [2026-01-06T15:29:35.519+0000] {dagbag.py:545} INFO - Filling up the DagBag from /opt/airflow/dags/etl_postgres_to_clickhouse.py
[2026-01-06T15:29:35.985+0000] {processor.py:840} INFO - DAG(s) 'pg_to_clickhouse_sliding_window' retrieved from /opt/airflow/dags/etl_postgres_to_clickhouse.py
[2026-01-06T15:29:36.057+0000] {logging_mixin.py:188} INFO - [2026-01-06T15:29:36.056+0000] {dag.py:3096} INFO - Sync 1 DAGs
[2026-01-06T15:29:36.105+0000] {logging_mixin.py:188} INFO - [2026-01-06T15:29:36.105+0000] {dag.py:3954} INFO - Setting next_dagrun for pg_to_clickhouse_sliding_window to 2026-01-06 15:29:30+00:00, run_after=2026-01-06 15:29:40+00:00
[2026-01-06T15:29:36.154+0000] {processor.py:183} INFO - Processing /opt/airflow/dags/etl_postgres_to_clickhouse.py took 0.651 seconds
[2026-01-06T15:30:06.411+0000] {processor.py:161} INFO - Started process (PID=998) to work on /opt/airflow/dags/etl_postgres_to_clickhouse.py
[2026-01-06T15:30:06.414+0000] {processor.py:830} INFO - Processing file /opt/airflow/dags/etl_postgres_to_clickhouse.py for tasks to queue
[2026-01-06T15:30:06.417+0000] {logging_mixin.py:188} INFO - [2026-01-06T15:30:06.417+0000] {dagbag.py:545} INFO - Filling up the DagBag from /opt/airflow/dags/etl_postgres_to_clickhouse.py
[2026-01-06T15:30:06.842+0000] {processor.py:840} INFO - DAG(s) 'pg_to_clickhouse_sliding_window' retrieved from /opt/airflow/dags/etl_postgres_to_clickhouse.py
[2026-01-06T15:30:06.916+0000] {logging_mixin.py:188} INFO - [2026-01-06T15:30:06.916+0000] {dag.py:3096} INFO - Sync 1 DAGs
[2026-01-06T15:30:06.975+0000] {logging_mixin.py:188} INFO - [2026-01-06T15:30:06.974+0000] {dag.py:3954} INFO - Setting next_dagrun for pg_to_clickhouse_sliding_window to 2026-01-06 15:30:00+00:00, run_after=2026-01-06 15:30:10+00:00
[2026-01-06T15:30:07.015+0000] {processor.py:183} INFO - Processing /opt/airflow/dags/etl_postgres_to_clickhouse.py took 0.619 seconds
[2026-01-06T15:30:38.091+0000] {processor.py:161} INFO - Started process (PID=1024) to work on /opt/airflow/dags/etl_postgres_to_clickhouse.py
[2026-01-06T15:30:38.092+0000] {processor.py:830} INFO - Processing file /opt/airflow/dags/etl_postgres_to_clickhouse.py for tasks to queue
[2026-01-06T15:30:38.132+0000] {logging_mixin.py:188} INFO - [2026-01-06T15:30:38.096+0000] {dagbag.py:545} INFO - Filling up the DagBag from /opt/airflow/dags/etl_postgres_to_clickhouse.py
[2026-01-06T15:30:39.157+0000] {processor.py:840} INFO - DAG(s) 'pg_to_clickhouse_sliding_window' retrieved from /opt/airflow/dags/etl_postgres_to_clickhouse.py
[2026-01-06T15:30:39.242+0000] {logging_mixin.py:188} INFO - [2026-01-06T15:30:39.242+0000] {dag.py:3096} INFO - Sync 1 DAGs
[2026-01-06T15:30:39.305+0000] {logging_mixin.py:188} INFO - [2026-01-06T15:30:39.304+0000] {dag.py:3954} INFO - Setting next_dagrun for pg_to_clickhouse_sliding_window to 2026-01-06 15:30:30+00:00, run_after=2026-01-06 15:30:40+00:00
[2026-01-06T15:30:39.356+0000] {processor.py:183} INFO - Processing /opt/airflow/dags/etl_postgres_to_clickhouse.py took 1.277 seconds
[2026-01-06T15:31:09.869+0000] {processor.py:161} INFO - Started process (PID=1050) to work on /opt/airflow/dags/etl_postgres_to_clickhouse.py
[2026-01-06T15:31:09.871+0000] {processor.py:830} INFO - Processing file /opt/airflow/dags/etl_postgres_to_clickhouse.py for tasks to queue
[2026-01-06T15:31:09.874+0000] {logging_mixin.py:188} INFO - [2026-01-06T15:31:09.874+0000] {dagbag.py:545} INFO - Filling up the DagBag from /opt/airflow/dags/etl_postgres_to_clickhouse.py
[2026-01-06T15:31:10.424+0000] {processor.py:840} INFO - DAG(s) 'pg_to_clickhouse_sliding_window' retrieved from /opt/airflow/dags/etl_postgres_to_clickhouse.py
[2026-01-06T15:31:10.523+0000] {logging_mixin.py:188} INFO - [2026-01-06T15:31:10.523+0000] {dag.py:3096} INFO - Sync 1 DAGs
[2026-01-06T15:31:10.681+0000] {logging_mixin.py:188} INFO - [2026-01-06T15:31:10.680+0000] {dag.py:3954} INFO - Setting next_dagrun for pg_to_clickhouse_sliding_window to 2026-01-06 15:31:10+00:00, run_after=2026-01-06 15:31:20+00:00
[2026-01-06T15:31:10.758+0000] {processor.py:183} INFO - Processing /opt/airflow/dags/etl_postgres_to_clickhouse.py took 0.924 seconds
[2026-01-06T15:31:41.355+0000] {processor.py:161} INFO - Started process (PID=1083) to work on /opt/airflow/dags/etl_postgres_to_clickhouse.py
[2026-01-06T15:31:41.360+0000] {processor.py:830} INFO - Processing file /opt/airflow/dags/etl_postgres_to_clickhouse.py for tasks to queue
[2026-01-06T15:31:41.371+0000] {logging_mixin.py:188} INFO - [2026-01-06T15:31:41.369+0000] {dagbag.py:545} INFO - Filling up the DagBag from /opt/airflow/dags/etl_postgres_to_clickhouse.py
[2026-01-06T15:31:42.246+0000] {processor.py:840} INFO - DAG(s) 'pg_to_clickhouse_sliding_window' retrieved from /opt/airflow/dags/etl_postgres_to_clickhouse.py
[2026-01-06T15:31:42.525+0000] {logging_mixin.py:188} INFO - [2026-01-06T15:31:42.523+0000] {dag.py:3096} INFO - Sync 1 DAGs
[2026-01-06T15:31:42.644+0000] {logging_mixin.py:188} INFO - [2026-01-06T15:31:42.643+0000] {dag.py:3954} INFO - Setting next_dagrun for pg_to_clickhouse_sliding_window to 2026-01-06 15:31:40+00:00, run_after=2026-01-06 15:31:50+00:00
[2026-01-06T15:31:42.698+0000] {processor.py:183} INFO - Processing /opt/airflow/dags/etl_postgres_to_clickhouse.py took 1.406 seconds
[2026-01-06T15:32:13.288+0000] {processor.py:161} INFO - Started process (PID=1108) to work on /opt/airflow/dags/etl_postgres_to_clickhouse.py
[2026-01-06T15:32:13.290+0000] {processor.py:830} INFO - Processing file /opt/airflow/dags/etl_postgres_to_clickhouse.py for tasks to queue
[2026-01-06T15:32:13.304+0000] {logging_mixin.py:188} INFO - [2026-01-06T15:32:13.303+0000] {dagbag.py:545} INFO - Filling up the DagBag from /opt/airflow/dags/etl_postgres_to_clickhouse.py
[2026-01-06T15:32:13.857+0000] {processor.py:840} INFO - DAG(s) 'pg_to_clickhouse_sliding_window' retrieved from /opt/airflow/dags/etl_postgres_to_clickhouse.py
[2026-01-06T15:32:13.947+0000] {logging_mixin.py:188} INFO - [2026-01-06T15:32:13.946+0000] {dag.py:3096} INFO - Sync 1 DAGs
[2026-01-06T15:32:14.029+0000] {logging_mixin.py:188} INFO - [2026-01-06T15:32:14.029+0000] {dag.py:3954} INFO - Setting next_dagrun for pg_to_clickhouse_sliding_window to 2026-01-06 15:32:10+00:00, run_after=2026-01-06 15:32:20+00:00
[2026-01-06T15:32:14.114+0000] {processor.py:183} INFO - Processing /opt/airflow/dags/etl_postgres_to_clickhouse.py took 0.862 seconds
[2026-01-06T15:32:44.491+0000] {processor.py:161} INFO - Started process (PID=1133) to work on /opt/airflow/dags/etl_postgres_to_clickhouse.py
[2026-01-06T15:32:44.493+0000] {processor.py:830} INFO - Processing file /opt/airflow/dags/etl_postgres_to_clickhouse.py for tasks to queue
[2026-01-06T15:32:44.496+0000] {logging_mixin.py:188} INFO - [2026-01-06T15:32:44.495+0000] {dagbag.py:545} INFO - Filling up the DagBag from /opt/airflow/dags/etl_postgres_to_clickhouse.py
[2026-01-06T15:32:45.032+0000] {processor.py:840} INFO - DAG(s) 'pg_to_clickhouse_sliding_window' retrieved from /opt/airflow/dags/etl_postgres_to_clickhouse.py
[2026-01-06T15:32:45.107+0000] {logging_mixin.py:188} INFO - [2026-01-06T15:32:45.106+0000] {dag.py:3096} INFO - Sync 1 DAGs
[2026-01-06T15:32:45.164+0000] {logging_mixin.py:188} INFO - [2026-01-06T15:32:45.163+0000] {dag.py:3954} INFO - Setting next_dagrun for pg_to_clickhouse_sliding_window to 2026-01-06 15:32:40+00:00, run_after=2026-01-06 15:32:50+00:00
[2026-01-06T15:32:45.200+0000] {processor.py:183} INFO - Processing /opt/airflow/dags/etl_postgres_to_clickhouse.py took 0.720 seconds
[2026-01-06T15:34:10.417+0000] {processor.py:161} INFO - Started process (PID=191) to work on /opt/airflow/dags/etl_postgres_to_clickhouse.py
[2026-01-06T15:34:10.423+0000] {processor.py:830} INFO - Processing file /opt/airflow/dags/etl_postgres_to_clickhouse.py for tasks to queue
[2026-01-06T15:34:10.435+0000] {logging_mixin.py:188} INFO - [2026-01-06T15:34:10.431+0000] {dagbag.py:545} INFO - Filling up the DagBag from /opt/airflow/dags/etl_postgres_to_clickhouse.py
[2026-01-06T15:34:11.160+0000] {processor.py:840} INFO - DAG(s) 'pg_to_clickhouse_sliding_window' retrieved from /opt/airflow/dags/etl_postgres_to_clickhouse.py
[2026-01-06T15:34:11.516+0000] {logging_mixin.py:188} INFO - [2026-01-06T15:34:11.515+0000] {override.py:1829} INFO - Created Permission View: can read on DAG:pg_to_clickhouse_sliding_window
[2026-01-06T15:34:11.538+0000] {logging_mixin.py:188} INFO - [2026-01-06T15:34:11.538+0000] {override.py:1829} INFO - Created Permission View: can delete on DAG:pg_to_clickhouse_sliding_window
[2026-01-06T15:34:11.553+0000] {logging_mixin.py:188} INFO - [2026-01-06T15:34:11.553+0000] {override.py:1829} INFO - Created Permission View: can edit on DAG:pg_to_clickhouse_sliding_window
[2026-01-06T15:34:11.554+0000] {logging_mixin.py:188} INFO - [2026-01-06T15:34:11.554+0000] {dag.py:3096} INFO - Sync 1 DAGs
[2026-01-06T15:34:11.576+0000] {logging_mixin.py:188} INFO - [2026-01-06T15:34:11.576+0000] {dag.py:3118} INFO - Creating ORM DAG for pg_to_clickhouse_sliding_window
[2026-01-06T15:34:11.597+0000] {logging_mixin.py:188} INFO - [2026-01-06T15:34:11.597+0000] {dag.py:3954} INFO - Setting next_dagrun for pg_to_clickhouse_sliding_window to 2026-01-06 15:34:00+00:00, run_after=2026-01-06 15:34:10+00:00
[2026-01-06T15:34:11.647+0000] {processor.py:183} INFO - Processing /opt/airflow/dags/etl_postgres_to_clickhouse.py took 1.251 seconds
[2026-01-06T15:35:30.134+0000] {processor.py:161} INFO - Started process (PID=190) to work on /opt/airflow/dags/etl_postgres_to_clickhouse.py
[2026-01-06T15:35:30.140+0000] {processor.py:830} INFO - Processing file /opt/airflow/dags/etl_postgres_to_clickhouse.py for tasks to queue
[2026-01-06T15:35:30.147+0000] {logging_mixin.py:188} INFO - [2026-01-06T15:35:30.146+0000] {dagbag.py:545} INFO - Filling up the DagBag from /opt/airflow/dags/etl_postgres_to_clickhouse.py
[2026-01-06T15:35:30.506+0000] {processor.py:840} INFO - DAG(s) 'pg_to_clickhouse_sliding_window' retrieved from /opt/airflow/dags/etl_postgres_to_clickhouse.py
[2026-01-06T15:35:30.832+0000] {logging_mixin.py:188} INFO - [2026-01-06T15:35:30.830+0000] {override.py:1829} INFO - Created Permission View: can edit on DAG:pg_to_clickhouse_sliding_window
[2026-01-06T15:35:30.855+0000] {logging_mixin.py:188} INFO - [2026-01-06T15:35:30.854+0000] {override.py:1829} INFO - Created Permission View: can read on DAG:pg_to_clickhouse_sliding_window
[2026-01-06T15:35:31.033+0000] {logging_mixin.py:188} INFO - [2026-01-06T15:35:31.031+0000] {override.py:1829} INFO - Created Permission View: can delete on DAG:pg_to_clickhouse_sliding_window
[2026-01-06T15:35:31.034+0000] {logging_mixin.py:188} INFO - [2026-01-06T15:35:31.034+0000] {dag.py:3096} INFO - Sync 1 DAGs
[2026-01-06T15:35:31.061+0000] {logging_mixin.py:188} INFO - [2026-01-06T15:35:31.061+0000] {dag.py:3118} INFO - Creating ORM DAG for pg_to_clickhouse_sliding_window
[2026-01-06T15:35:31.088+0000] {logging_mixin.py:188} INFO - [2026-01-06T15:35:31.087+0000] {dag.py:3954} INFO - Setting next_dagrun for pg_to_clickhouse_sliding_window to 2026-01-06 15:35:20+00:00, run_after=2026-01-06 15:35:30+00:00
[2026-01-06T15:35:31.182+0000] {processor.py:183} INFO - Processing /opt/airflow/dags/etl_postgres_to_clickhouse.py took 1.066 seconds
[2026-01-06T15:36:01.533+0000] {processor.py:161} INFO - Started process (PID=235) to work on /opt/airflow/dags/etl_postgres_to_clickhouse.py
[2026-01-06T15:36:01.535+0000] {processor.py:830} INFO - Processing file /opt/airflow/dags/etl_postgres_to_clickhouse.py for tasks to queue
[2026-01-06T15:36:01.544+0000] {logging_mixin.py:188} INFO - [2026-01-06T15:36:01.541+0000] {dagbag.py:545} INFO - Filling up the DagBag from /opt/airflow/dags/etl_postgres_to_clickhouse.py
[2026-01-06T15:36:01.928+0000] {processor.py:840} INFO - DAG(s) 'pg_to_clickhouse_sliding_window' retrieved from /opt/airflow/dags/etl_postgres_to_clickhouse.py
[2026-01-06T15:36:01.976+0000] {logging_mixin.py:188} INFO - [2026-01-06T15:36:01.974+0000] {dag.py:3096} INFO - Sync 1 DAGs
[2026-01-06T15:36:02.008+0000] {logging_mixin.py:188} INFO - [2026-01-06T15:36:02.007+0000] {dag.py:3954} INFO - Setting next_dagrun for pg_to_clickhouse_sliding_window to 2026-01-06 15:36:00+00:00, run_after=2026-01-06 15:36:10+00:00
[2026-01-06T15:36:02.825+0000] {processor.py:183} INFO - Processing /opt/airflow/dags/etl_postgres_to_clickhouse.py took 1.305 seconds
[2026-01-06T15:36:33.064+0000] {processor.py:161} INFO - Started process (PID=268) to work on /opt/airflow/dags/etl_postgres_to_clickhouse.py
[2026-01-06T15:36:33.065+0000] {processor.py:830} INFO - Processing file /opt/airflow/dags/etl_postgres_to_clickhouse.py for tasks to queue
[2026-01-06T15:36:33.068+0000] {logging_mixin.py:188} INFO - [2026-01-06T15:36:33.067+0000] {dagbag.py:545} INFO - Filling up the DagBag from /opt/airflow/dags/etl_postgres_to_clickhouse.py
[2026-01-06T15:36:33.355+0000] {processor.py:840} INFO - DAG(s) 'pg_to_clickhouse_sliding_window' retrieved from /opt/airflow/dags/etl_postgres_to_clickhouse.py
[2026-01-06T15:36:33.400+0000] {logging_mixin.py:188} INFO - [2026-01-06T15:36:33.400+0000] {dag.py:3096} INFO - Sync 1 DAGs
[2026-01-06T15:36:33.441+0000] {logging_mixin.py:188} INFO - [2026-01-06T15:36:33.441+0000] {dag.py:3954} INFO - Setting next_dagrun for pg_to_clickhouse_sliding_window to 2026-01-06 15:36:30+00:00, run_after=2026-01-06 15:36:40+00:00
[2026-01-06T15:36:33.475+0000] {processor.py:183} INFO - Processing /opt/airflow/dags/etl_postgres_to_clickhouse.py took 0.418 seconds
[2026-01-06T15:37:03.894+0000] {processor.py:161} INFO - Started process (PID=293) to work on /opt/airflow/dags/etl_postgres_to_clickhouse.py
[2026-01-06T15:37:03.896+0000] {processor.py:830} INFO - Processing file /opt/airflow/dags/etl_postgres_to_clickhouse.py for tasks to queue
[2026-01-06T15:37:03.899+0000] {logging_mixin.py:188} INFO - [2026-01-06T15:37:03.899+0000] {dagbag.py:545} INFO - Filling up the DagBag from /opt/airflow/dags/etl_postgres_to_clickhouse.py
[2026-01-06T15:37:04.216+0000] {processor.py:840} INFO - DAG(s) 'pg_to_clickhouse_sliding_window' retrieved from /opt/airflow/dags/etl_postgres_to_clickhouse.py
[2026-01-06T15:37:04.255+0000] {logging_mixin.py:188} INFO - [2026-01-06T15:37:04.254+0000] {dag.py:3096} INFO - Sync 1 DAGs
[2026-01-06T15:37:04.283+0000] {logging_mixin.py:188} INFO - [2026-01-06T15:37:04.282+0000] {dag.py:3954} INFO - Setting next_dagrun for pg_to_clickhouse_sliding_window to 2026-01-06 15:37:00+00:00, run_after=2026-01-06 15:37:10+00:00
[2026-01-06T15:37:04.330+0000] {processor.py:183} INFO - Processing /opt/airflow/dags/etl_postgres_to_clickhouse.py took 0.448 seconds
[2026-01-06T15:37:34.633+0000] {processor.py:161} INFO - Started process (PID=319) to work on /opt/airflow/dags/etl_postgres_to_clickhouse.py
[2026-01-06T15:37:34.634+0000] {processor.py:830} INFO - Processing file /opt/airflow/dags/etl_postgres_to_clickhouse.py for tasks to queue
[2026-01-06T15:37:34.637+0000] {logging_mixin.py:188} INFO - [2026-01-06T15:37:34.636+0000] {dagbag.py:545} INFO - Filling up the DagBag from /opt/airflow/dags/etl_postgres_to_clickhouse.py
[2026-01-06T15:37:34.900+0000] {processor.py:840} INFO - DAG(s) 'pg_to_clickhouse_sliding_window' retrieved from /opt/airflow/dags/etl_postgres_to_clickhouse.py
[2026-01-06T15:37:34.937+0000] {logging_mixin.py:188} INFO - [2026-01-06T15:37:34.937+0000] {dag.py:3096} INFO - Sync 1 DAGs
[2026-01-06T15:37:34.965+0000] {logging_mixin.py:188} INFO - [2026-01-06T15:37:34.965+0000] {dag.py:3954} INFO - Setting next_dagrun for pg_to_clickhouse_sliding_window to 2026-01-06 15:37:30+00:00, run_after=2026-01-06 15:37:40+00:00
[2026-01-06T15:37:34.991+0000] {processor.py:183} INFO - Processing /opt/airflow/dags/etl_postgres_to_clickhouse.py took 0.367 seconds
[2026-01-06T15:38:05.400+0000] {processor.py:161} INFO - Started process (PID=351) to work on /opt/airflow/dags/etl_postgres_to_clickhouse.py
[2026-01-06T15:38:05.402+0000] {processor.py:830} INFO - Processing file /opt/airflow/dags/etl_postgres_to_clickhouse.py for tasks to queue
[2026-01-06T15:38:05.407+0000] {logging_mixin.py:188} INFO - [2026-01-06T15:38:05.406+0000] {dagbag.py:545} INFO - Filling up the DagBag from /opt/airflow/dags/etl_postgres_to_clickhouse.py
[2026-01-06T15:38:05.842+0000] {processor.py:840} INFO - DAG(s) 'pg_to_clickhouse_sliding_window' retrieved from /opt/airflow/dags/etl_postgres_to_clickhouse.py
[2026-01-06T15:38:05.140+0000] {logging_mixin.py:188} INFO - [2026-01-06T15:38:05.139+0000] {dag.py:3096} INFO - Sync 1 DAGs
[2026-01-06T15:38:04.003+0000] {logging_mixin.py:188} INFO - [2026-01-06T15:38:03.995+0000] {dag.py:3954} INFO - Setting next_dagrun for pg_to_clickhouse_sliding_window to 2026-01-06 15:38:00+00:00, run_after=2026-01-06 15:38:10+00:00
[2026-01-06T15:38:04.049+0000] {processor.py:183} INFO - Processing /opt/airflow/dags/etl_postgres_to_clickhouse.py took 0.644 seconds
[2026-01-06T15:38:34.404+0000] {processor.py:161} INFO - Started process (PID=376) to work on /opt/airflow/dags/etl_postgres_to_clickhouse.py
[2026-01-06T15:38:34.406+0000] {processor.py:830} INFO - Processing file /opt/airflow/dags/etl_postgres_to_clickhouse.py for tasks to queue
[2026-01-06T15:38:34.409+0000] {logging_mixin.py:188} INFO - [2026-01-06T15:38:34.409+0000] {dagbag.py:545} INFO - Filling up the DagBag from /opt/airflow/dags/etl_postgres_to_clickhouse.py
[2026-01-06T15:38:34.813+0000] {processor.py:840} INFO - DAG(s) 'pg_to_clickhouse_sliding_window' retrieved from /opt/airflow/dags/etl_postgres_to_clickhouse.py
[2026-01-06T15:38:34.871+0000] {logging_mixin.py:188} INFO - [2026-01-06T15:38:34.870+0000] {dag.py:3096} INFO - Sync 1 DAGs
[2026-01-06T15:38:34.917+0000] {logging_mixin.py:188} INFO - [2026-01-06T15:38:34.916+0000] {dag.py:3954} INFO - Setting next_dagrun for pg_to_clickhouse_sliding_window to 2026-01-06 15:38:30+00:00, run_after=2026-01-06 15:38:40+00:00
[2026-01-06T15:38:34.958+0000] {processor.py:183} INFO - Processing /opt/airflow/dags/etl_postgres_to_clickhouse.py took 0.566 seconds
[2026-01-06T15:39:05.385+0000] {processor.py:161} INFO - Started process (PID=401) to work on /opt/airflow/dags/etl_postgres_to_clickhouse.py
[2026-01-06T15:39:05.387+0000] {processor.py:830} INFO - Processing file /opt/airflow/dags/etl_postgres_to_clickhouse.py for tasks to queue
[2026-01-06T15:39:05.393+0000] {logging_mixin.py:188} INFO - [2026-01-06T15:39:05.392+0000] {dagbag.py:545} INFO - Filling up the DagBag from /opt/airflow/dags/etl_postgres_to_clickhouse.py
[2026-01-06T15:39:05.963+0000] {processor.py:840} INFO - DAG(s) 'pg_to_clickhouse_sliding_window' retrieved from /opt/airflow/dags/etl_postgres_to_clickhouse.py
[2026-01-06T15:39:06.051+0000] {logging_mixin.py:188} INFO - [2026-01-06T15:39:06.051+0000] {dag.py:3096} INFO - Sync 1 DAGs
[2026-01-06T15:39:06.180+0000] {logging_mixin.py:188} INFO - [2026-01-06T15:39:06.180+0000] {dag.py:3954} INFO - Setting next_dagrun for pg_to_clickhouse_sliding_window to 2026-01-06 15:39:00+00:00, run_after=2026-01-06 15:39:10+00:00
[2026-01-06T15:39:06.256+0000] {processor.py:183} INFO - Processing /opt/airflow/dags/etl_postgres_to_clickhouse.py took 0.886 seconds
[2026-01-06T15:39:36.769+0000] {processor.py:161} INFO - Started process (PID=426) to work on /opt/airflow/dags/etl_postgres_to_clickhouse.py
[2026-01-06T15:39:36.771+0000] {processor.py:830} INFO - Processing file /opt/airflow/dags/etl_postgres_to_clickhouse.py for tasks to queue
[2026-01-06T15:39:36.775+0000] {logging_mixin.py:188} INFO - [2026-01-06T15:39:36.774+0000] {dagbag.py:545} INFO - Filling up the DagBag from /opt/airflow/dags/etl_postgres_to_clickhouse.py
[2026-01-06T15:39:37.195+0000] {processor.py:840} INFO - DAG(s) 'pg_to_clickhouse_sliding_window' retrieved from /opt/airflow/dags/etl_postgres_to_clickhouse.py
[2026-01-06T15:39:37.255+0000] {logging_mixin.py:188} INFO - [2026-01-06T15:39:37.255+0000] {dag.py:3096} INFO - Sync 1 DAGs
[2026-01-06T15:39:37.307+0000] {logging_mixin.py:188} INFO - [2026-01-06T15:39:37.307+0000] {dag.py:3954} INFO - Setting next_dagrun for pg_to_clickhouse_sliding_window to 2026-01-06 15:39:30+00:00, run_after=2026-01-06 15:39:40+00:00
[2026-01-06T15:39:37.346+0000] {processor.py:183} INFO - Processing /opt/airflow/dags/etl_postgres_to_clickhouse.py took 0.587 seconds
[2026-01-06T15:40:07.438+0000] {processor.py:161} INFO - Started process (PID=449) to work on /opt/airflow/dags/etl_postgres_to_clickhouse.py
[2026-01-06T15:40:07.440+0000] {processor.py:830} INFO - Processing file /opt/airflow/dags/etl_postgres_to_clickhouse.py for tasks to queue
[2026-01-06T15:40:07.443+0000] {logging_mixin.py:188} INFO - [2026-01-06T15:40:07.442+0000] {dagbag.py:545} INFO - Filling up the DagBag from /opt/airflow/dags/etl_postgres_to_clickhouse.py
[2026-01-06T15:40:07.744+0000] {processor.py:840} INFO - DAG(s) 'pg_to_clickhouse_sliding_window' retrieved from /opt/airflow/dags/etl_postgres_to_clickhouse.py
[2026-01-06T15:40:07.784+0000] {logging_mixin.py:188} INFO - [2026-01-06T15:40:07.784+0000] {dag.py:3096} INFO - Sync 1 DAGs
[2026-01-06T15:40:07.817+0000] {logging_mixin.py:188} INFO - [2026-01-06T15:40:07.816+0000] {dag.py:3954} INFO - Setting next_dagrun for pg_to_clickhouse_sliding_window to 2026-01-06 15:40:00+00:00, run_after=2026-01-06 15:40:10+00:00
[2026-01-06T15:40:07.854+0000] {processor.py:183} INFO - Processing /opt/airflow/dags/etl_postgres_to_clickhouse.py took 0.425 seconds
[2026-01-06T15:40:38.053+0000] {processor.py:161} INFO - Started process (PID=481) to work on /opt/airflow/dags/etl_postgres_to_clickhouse.py
[2026-01-06T15:40:38.055+0000] {processor.py:830} INFO - Processing file /opt/airflow/dags/etl_postgres_to_clickhouse.py for tasks to queue
[2026-01-06T15:40:38.058+0000] {logging_mixin.py:188} INFO - [2026-01-06T15:40:38.058+0000] {dagbag.py:545} INFO - Filling up the DagBag from /opt/airflow/dags/etl_postgres_to_clickhouse.py
[2026-01-06T15:40:38.470+0000] {processor.py:840} INFO - DAG(s) 'pg_to_clickhouse_sliding_window' retrieved from /opt/airflow/dags/etl_postgres_to_clickhouse.py
[2026-01-06T15:40:38.520+0000] {logging_mixin.py:188} INFO - [2026-01-06T15:40:38.520+0000] {dag.py:3096} INFO - Sync 1 DAGs
[2026-01-06T15:40:38.554+0000] {logging_mixin.py:188} INFO - [2026-01-06T15:40:38.554+0000] {dag.py:3954} INFO - Setting next_dagrun for pg_to_clickhouse_sliding_window to 2026-01-06 15:40:30+00:00, run_after=2026-01-06 15:40:40+00:00
[2026-01-06T15:40:38.597+0000] {processor.py:183} INFO - Processing /opt/airflow/dags/etl_postgres_to_clickhouse.py took 0.555 seconds
[2026-01-06T15:41:08.921+0000] {processor.py:161} INFO - Started process (PID=508) to work on /opt/airflow/dags/etl_postgres_to_clickhouse.py
[2026-01-06T15:41:08.924+0000] {processor.py:830} INFO - Processing file /opt/airflow/dags/etl_postgres_to_clickhouse.py for tasks to queue
[2026-01-06T15:41:08.931+0000] {logging_mixin.py:188} INFO - [2026-01-06T15:41:08.929+0000] {dagbag.py:545} INFO - Filling up the DagBag from /opt/airflow/dags/etl_postgres_to_clickhouse.py
[2026-01-06T15:41:09.401+0000] {processor.py:840} INFO - DAG(s) 'pg_to_clickhouse_sliding_window' retrieved from /opt/airflow/dags/etl_postgres_to_clickhouse.py
[2026-01-06T15:41:09.469+0000] {logging_mixin.py:188} INFO - [2026-01-06T15:41:09.466+0000] {dag.py:3096} INFO - Sync 1 DAGs
[2026-01-06T15:41:09.516+0000] {logging_mixin.py:188} INFO - [2026-01-06T15:41:09.515+0000] {dag.py:3954} INFO - Setting next_dagrun for pg_to_clickhouse_sliding_window to 2026-01-06 15:41:00+00:00, run_after=2026-01-06 15:41:10+00:00
[2026-01-06T15:41:09.558+0000] {processor.py:183} INFO - Processing /opt/airflow/dags/etl_postgres_to_clickhouse.py took 0.656 seconds
[2026-01-06T15:41:40.025+0000] {processor.py:161} INFO - Started process (PID=532) to work on /opt/airflow/dags/etl_postgres_to_clickhouse.py
[2026-01-06T15:41:40.030+0000] {processor.py:830} INFO - Processing file /opt/airflow/dags/etl_postgres_to_clickhouse.py for tasks to queue
[2026-01-06T15:41:40.036+0000] {logging_mixin.py:188} INFO - [2026-01-06T15:41:40.035+0000] {dagbag.py:545} INFO - Filling up the DagBag from /opt/airflow/dags/etl_postgres_to_clickhouse.py
[2026-01-06T15:41:40.563+0000] {processor.py:840} INFO - DAG(s) 'pg_to_clickhouse_sliding_window' retrieved from /opt/airflow/dags/etl_postgres_to_clickhouse.py
[2026-01-06T15:41:40.625+0000] {logging_mixin.py:188} INFO - [2026-01-06T15:41:40.625+0000] {dag.py:3096} INFO - Sync 1 DAGs
[2026-01-06T15:41:40.675+0000] {logging_mixin.py:188} INFO - [2026-01-06T15:41:40.675+0000] {dag.py:3954} INFO - Setting next_dagrun for pg_to_clickhouse_sliding_window to 2026-01-06 15:41:40+00:00, run_after=2026-01-06 15:41:50+00:00
[2026-01-06T15:41:40.712+0000] {processor.py:183} INFO - Processing /opt/airflow/dags/etl_postgres_to_clickhouse.py took 0.704 seconds
[2026-01-06T15:42:11.140+0000] {processor.py:161} INFO - Started process (PID=558) to work on /opt/airflow/dags/etl_postgres_to_clickhouse.py
[2026-01-06T15:42:11.142+0000] {processor.py:830} INFO - Processing file /opt/airflow/dags/etl_postgres_to_clickhouse.py for tasks to queue
[2026-01-06T15:42:11.146+0000] {logging_mixin.py:188} INFO - [2026-01-06T15:42:11.145+0000] {dagbag.py:545} INFO - Filling up the DagBag from /opt/airflow/dags/etl_postgres_to_clickhouse.py
[2026-01-06T15:42:11.576+0000] {processor.py:840} INFO - DAG(s) 'pg_to_clickhouse_sliding_window' retrieved from /opt/airflow/dags/etl_postgres_to_clickhouse.py
[2026-01-06T15:42:11.638+0000] {logging_mixin.py:188} INFO - [2026-01-06T15:42:11.638+0000] {dag.py:3096} INFO - Sync 1 DAGs
[2026-01-06T15:42:11.688+0000] {logging_mixin.py:188} INFO - [2026-01-06T15:42:11.688+0000] {dag.py:3954} INFO - Setting next_dagrun for pg_to_clickhouse_sliding_window to 2026-01-06 15:42:10+00:00, run_after=2026-01-06 15:42:20+00:00
[2026-01-06T15:42:11.763+0000] {processor.py:183} INFO - Processing /opt/airflow/dags/etl_postgres_to_clickhouse.py took 0.635 seconds
[2026-01-06T15:42:42.388+0000] {processor.py:161} INFO - Started process (PID=584) to work on /opt/airflow/dags/etl_postgres_to_clickhouse.py
[2026-01-06T15:42:42.392+0000] {processor.py:830} INFO - Processing file /opt/airflow/dags/etl_postgres_to_clickhouse.py for tasks to queue
[2026-01-06T15:42:42.397+0000] {logging_mixin.py:188} INFO - [2026-01-06T15:42:42.396+0000] {dagbag.py:545} INFO - Filling up the DagBag from /opt/airflow/dags/etl_postgres_to_clickhouse.py
[2026-01-06T15:42:42.932+0000] {processor.py:840} INFO - DAG(s) 'pg_to_clickhouse_sliding_window' retrieved from /opt/airflow/dags/etl_postgres_to_clickhouse.py
[2026-01-06T15:42:43.002+0000] {logging_mixin.py:188} INFO - [2026-01-06T15:42:43.002+0000] {dag.py:3096} INFO - Sync 1 DAGs
[2026-01-06T15:42:43.056+0000] {logging_mixin.py:188} INFO - [2026-01-06T15:42:43.056+0000] {dag.py:3954} INFO - Setting next_dagrun for pg_to_clickhouse_sliding_window to 2026-01-06 15:42:40+00:00, run_after=2026-01-06 15:42:50+00:00
[2026-01-06T15:42:43.100+0000] {processor.py:183} INFO - Processing /opt/airflow/dags/etl_postgres_to_clickhouse.py took 0.735 seconds
[2026-01-06T15:43:13.411+0000] {processor.py:161} INFO - Started process (PID=609) to work on /opt/airflow/dags/etl_postgres_to_clickhouse.py
[2026-01-06T15:43:13.412+0000] {processor.py:830} INFO - Processing file /opt/airflow/dags/etl_postgres_to_clickhouse.py for tasks to queue
[2026-01-06T15:43:13.416+0000] {logging_mixin.py:188} INFO - [2026-01-06T15:43:13.415+0000] {dagbag.py:545} INFO - Filling up the DagBag from /opt/airflow/dags/etl_postgres_to_clickhouse.py
[2026-01-06T15:43:13.842+0000] {processor.py:840} INFO - DAG(s) 'pg_to_clickhouse_sliding_window' retrieved from /opt/airflow/dags/etl_postgres_to_clickhouse.py
[2026-01-06T15:43:13.923+0000] {logging_mixin.py:188} INFO - [2026-01-06T15:43:13.923+0000] {dag.py:3096} INFO - Sync 1 DAGs
[2026-01-06T15:43:13.971+0000] {logging_mixin.py:188} INFO - [2026-01-06T15:43:13.971+0000] {dag.py:3954} INFO - Setting next_dagrun for pg_to_clickhouse_sliding_window to 2026-01-06 15:43:10+00:00, run_after=2026-01-06 15:43:20+00:00
[2026-01-06T15:43:14.010+0000] {processor.py:183} INFO - Processing /opt/airflow/dags/etl_postgres_to_clickhouse.py took 0.610 seconds
[2026-01-06T15:43:44.507+0000] {processor.py:161} INFO - Started process (PID=634) to work on /opt/airflow/dags/etl_postgres_to_clickhouse.py
[2026-01-06T15:43:44.509+0000] {processor.py:830} INFO - Processing file /opt/airflow/dags/etl_postgres_to_clickhouse.py for tasks to queue
[2026-01-06T15:43:44.513+0000] {logging_mixin.py:188} INFO - [2026-01-06T15:43:44.513+0000] {dagbag.py:545} INFO - Filling up the DagBag from /opt/airflow/dags/etl_postgres_to_clickhouse.py
[2026-01-06T15:43:44.869+0000] {processor.py:840} INFO - DAG(s) 'pg_to_clickhouse_sliding_window' retrieved from /opt/airflow/dags/etl_postgres_to_clickhouse.py
[2026-01-06T15:43:44.916+0000] {logging_mixin.py:188} INFO - [2026-01-06T15:43:44.916+0000] {dag.py:3096} INFO - Sync 1 DAGs
[2026-01-06T15:43:44.948+0000] {logging_mixin.py:188} INFO - [2026-01-06T15:43:44.948+0000] {dag.py:3954} INFO - Setting next_dagrun for pg_to_clickhouse_sliding_window to 2026-01-06 15:43:40+00:00, run_after=2026-01-06 15:43:50+00:00
[2026-01-06T15:43:44.974+0000] {processor.py:183} INFO - Processing /opt/airflow/dags/etl_postgres_to_clickhouse.py took 0.478 seconds
[2026-01-06T15:44:15.404+0000] {processor.py:161} INFO - Started process (PID=666) to work on /opt/airflow/dags/etl_postgres_to_clickhouse.py
[2026-01-06T15:44:15.406+0000] {processor.py:830} INFO - Processing file /opt/airflow/dags/etl_postgres_to_clickhouse.py for tasks to queue
[2026-01-06T15:44:15.409+0000] {logging_mixin.py:188} INFO - [2026-01-06T15:44:15.409+0000] {dagbag.py:545} INFO - Filling up the DagBag from /opt/airflow/dags/etl_postgres_to_clickhouse.py
[2026-01-06T15:44:15.761+0000] {processor.py:840} INFO - DAG(s) 'pg_to_clickhouse_sliding_window' retrieved from /opt/airflow/dags/etl_postgres_to_clickhouse.py
[2026-01-06T15:44:15.816+0000] {logging_mixin.py:188} INFO - [2026-01-06T15:44:15.815+0000] {dag.py:3096} INFO - Sync 1 DAGs
[2026-01-06T15:44:15.849+0000] {logging_mixin.py:188} INFO - [2026-01-06T15:44:15.848+0000] {dag.py:3954} INFO - Setting next_dagrun for pg_to_clickhouse_sliding_window to 2026-01-06 15:44:10+00:00, run_after=2026-01-06 15:44:20+00:00
[2026-01-06T15:44:15.878+0000] {processor.py:183} INFO - Processing /opt/airflow/dags/etl_postgres_to_clickhouse.py took 0.486 seconds
[2026-01-06T15:44:46.181+0000] {processor.py:161} INFO - Started process (PID=691) to work on /opt/airflow/dags/etl_postgres_to_clickhouse.py
[2026-01-06T15:44:46.183+0000] {processor.py:830} INFO - Processing file /opt/airflow/dags/etl_postgres_to_clickhouse.py for tasks to queue
[2026-01-06T15:44:46.188+0000] {logging_mixin.py:188} INFO - [2026-01-06T15:44:46.187+0000] {dagbag.py:545} INFO - Filling up the DagBag from /opt/airflow/dags/etl_postgres_to_clickhouse.py
[2026-01-06T15:44:46.558+0000] {processor.py:840} INFO - DAG(s) 'pg_to_clickhouse_sliding_window' retrieved from /opt/airflow/dags/etl_postgres_to_clickhouse.py
[2026-01-06T15:44:46.618+0000] {logging_mixin.py:188} INFO - [2026-01-06T15:44:46.618+0000] {dag.py:3096} INFO - Sync 1 DAGs
[2026-01-06T15:44:46.665+0000] {logging_mixin.py:188} INFO - [2026-01-06T15:44:46.665+0000] {dag.py:3954} INFO - Setting next_dagrun for pg_to_clickhouse_sliding_window to 2026-01-06 15:44:40+00:00, run_after=2026-01-06 15:44:50+00:00
[2026-01-06T15:44:46.697+0000] {processor.py:183} INFO - Processing /opt/airflow/dags/etl_postgres_to_clickhouse.py took 0.526 seconds
[2026-01-06T15:45:17.208+0000] {processor.py:161} INFO - Started process (PID=716) to work on /opt/airflow/dags/etl_postgres_to_clickhouse.py
[2026-01-06T15:45:17.209+0000] {processor.py:830} INFO - Processing file /opt/airflow/dags/etl_postgres_to_clickhouse.py for tasks to queue
[2026-01-06T15:45:17.213+0000] {logging_mixin.py:188} INFO - [2026-01-06T15:45:17.212+0000] {dagbag.py:545} INFO - Filling up the DagBag from /opt/airflow/dags/etl_postgres_to_clickhouse.py
[2026-01-06T15:45:17.831+0000] {processor.py:840} INFO - DAG(s) 'pg_to_clickhouse_sliding_window' retrieved from /opt/airflow/dags/etl_postgres_to_clickhouse.py
[2026-01-06T15:45:17.909+0000] {logging_mixin.py:188} INFO - [2026-01-06T15:45:17.908+0000] {dag.py:3096} INFO - Sync 1 DAGs
[2026-01-06T15:45:17.965+0000] {logging_mixin.py:188} INFO - [2026-01-06T15:45:17.964+0000] {dag.py:3954} INFO - Setting next_dagrun for pg_to_clickhouse_sliding_window to 2026-01-06 15:45:10+00:00, run_after=2026-01-06 15:45:20+00:00
[2026-01-06T15:45:18.026+0000] {processor.py:183} INFO - Processing /opt/airflow/dags/etl_postgres_to_clickhouse.py took 0.830 seconds
[2026-01-06T15:46:30.990+0000] {processor.py:161} INFO - Started process (PID=189) to work on /opt/airflow/dags/etl_postgres_to_clickhouse.py
[2026-01-06T15:46:30.997+0000] {processor.py:830} INFO - Processing file /opt/airflow/dags/etl_postgres_to_clickhouse.py for tasks to queue
[2026-01-06T15:46:31.004+0000] {logging_mixin.py:188} INFO - [2026-01-06T15:46:31.003+0000] {dagbag.py:545} INFO - Filling up the DagBag from /opt/airflow/dags/etl_postgres_to_clickhouse.py
[2026-01-06T15:46:29.638+0000] {processor.py:840} INFO - DAG(s) 'pg_to_clickhouse_sliding_window' retrieved from /opt/airflow/dags/etl_postgres_to_clickhouse.py
[2026-01-06T15:46:29.935+0000] {logging_mixin.py:188} INFO - [2026-01-06T15:46:29.935+0000] {override.py:1829} INFO - Created Permission View: can edit on DAG:pg_to_clickhouse_sliding_window
[2026-01-06T15:46:29.955+0000] {logging_mixin.py:188} INFO - [2026-01-06T15:46:29.954+0000] {override.py:1829} INFO - Created Permission View: can read on DAG:pg_to_clickhouse_sliding_window
[2026-01-06T15:46:29.975+0000] {logging_mixin.py:188} INFO - [2026-01-06T15:46:29.975+0000] {override.py:1829} INFO - Created Permission View: can delete on DAG:pg_to_clickhouse_sliding_window
[2026-01-06T15:46:29.977+0000] {logging_mixin.py:188} INFO - [2026-01-06T15:46:29.976+0000] {dag.py:3096} INFO - Sync 1 DAGs
[2026-01-06T15:46:30.001+0000] {logging_mixin.py:188} INFO - [2026-01-06T15:46:30.001+0000] {dag.py:3118} INFO - Creating ORM DAG for pg_to_clickhouse_sliding_window
[2026-01-06T15:46:30.020+0000] {logging_mixin.py:188} INFO - [2026-01-06T15:46:30.020+0000] {dag.py:3954} INFO - Setting next_dagrun for pg_to_clickhouse_sliding_window to 2026-01-06 15:46:20+00:00, run_after=2026-01-06 15:46:30+00:00
[2026-01-06T15:46:30.056+0000] {processor.py:183} INFO - Processing /opt/airflow/dags/etl_postgres_to_clickhouse.py took 1.053 seconds
[2026-01-06T15:47:00.404+0000] {processor.py:161} INFO - Started process (PID=240) to work on /opt/airflow/dags/etl_postgres_to_clickhouse.py
[2026-01-06T15:47:00.406+0000] {processor.py:830} INFO - Processing file /opt/airflow/dags/etl_postgres_to_clickhouse.py for tasks to queue
[2026-01-06T15:47:00.410+0000] {logging_mixin.py:188} INFO - [2026-01-06T15:47:00.410+0000] {dagbag.py:545} INFO - Filling up the DagBag from /opt/airflow/dags/etl_postgres_to_clickhouse.py
[2026-01-06T15:47:00.725+0000] {processor.py:840} INFO - DAG(s) 'pg_to_clickhouse_sliding_window' retrieved from /opt/airflow/dags/etl_postgres_to_clickhouse.py
[2026-01-06T15:47:00.760+0000] {logging_mixin.py:188} INFO - [2026-01-06T15:47:00.760+0000] {dag.py:3096} INFO - Sync 1 DAGs
[2026-01-06T15:47:00.784+0000] {logging_mixin.py:188} INFO - [2026-01-06T15:47:00.784+0000] {dag.py:3954} INFO - Setting next_dagrun for pg_to_clickhouse_sliding_window to 2026-01-06 15:46:50+00:00, run_after=2026-01-06 15:47:00+00:00
[2026-01-06T15:47:00.815+0000] {processor.py:183} INFO - Processing /opt/airflow/dags/etl_postgres_to_clickhouse.py took 0.420 seconds
[2026-01-06T15:47:31.123+0000] {processor.py:161} INFO - Started process (PID=266) to work on /opt/airflow/dags/etl_postgres_to_clickhouse.py
[2026-01-06T15:47:31.125+0000] {processor.py:830} INFO - Processing file /opt/airflow/dags/etl_postgres_to_clickhouse.py for tasks to queue
[2026-01-06T15:47:31.134+0000] {logging_mixin.py:188} INFO - [2026-01-06T15:47:31.134+0000] {dagbag.py:545} INFO - Filling up the DagBag from /opt/airflow/dags/etl_postgres_to_clickhouse.py
[2026-01-06T15:47:31.593+0000] {processor.py:840} INFO - DAG(s) 'pg_to_clickhouse_sliding_window' retrieved from /opt/airflow/dags/etl_postgres_to_clickhouse.py
[2026-01-06T15:47:31.668+0000] {logging_mixin.py:188} INFO - [2026-01-06T15:47:31.668+0000] {dag.py:3096} INFO - Sync 1 DAGs
[2026-01-06T15:47:31.710+0000] {logging_mixin.py:188} INFO - [2026-01-06T15:47:31.710+0000] {dag.py:3954} INFO - Setting next_dagrun for pg_to_clickhouse_sliding_window to 2026-01-06 15:47:30+00:00, run_after=2026-01-06 15:47:40+00:00
[2026-01-06T15:47:31.740+0000] {processor.py:183} INFO - Processing /opt/airflow/dags/etl_postgres_to_clickhouse.py took 0.627 seconds
[2026-01-06T15:48:02.055+0000] {processor.py:161} INFO - Started process (PID=292) to work on /opt/airflow/dags/etl_postgres_to_clickhouse.py
[2026-01-06T15:48:02.056+0000] {processor.py:830} INFO - Processing file /opt/airflow/dags/etl_postgres_to_clickhouse.py for tasks to queue
[2026-01-06T15:48:02.059+0000] {logging_mixin.py:188} INFO - [2026-01-06T15:48:02.058+0000] {dagbag.py:545} INFO - Filling up the DagBag from /opt/airflow/dags/etl_postgres_to_clickhouse.py
[2026-01-06T15:48:02.381+0000] {processor.py:840} INFO - DAG(s) 'pg_to_clickhouse_sliding_window' retrieved from /opt/airflow/dags/etl_postgres_to_clickhouse.py
[2026-01-06T15:48:02.417+0000] {logging_mixin.py:188} INFO - [2026-01-06T15:48:02.417+0000] {dag.py:3096} INFO - Sync 1 DAGs
[2026-01-06T15:48:02.448+0000] {logging_mixin.py:188} INFO - [2026-01-06T15:48:02.447+0000] {dag.py:3954} INFO - Setting next_dagrun for pg_to_clickhouse_sliding_window to 2026-01-06 15:48:00+00:00, run_after=2026-01-06 15:48:10+00:00
[2026-01-06T15:48:02.474+0000] {processor.py:183} INFO - Processing /opt/airflow/dags/etl_postgres_to_clickhouse.py took 0.431 seconds
[2026-01-06T15:48:32.786+0000] {processor.py:161} INFO - Started process (PID=317) to work on /opt/airflow/dags/etl_postgres_to_clickhouse.py
[2026-01-06T15:48:32.788+0000] {processor.py:830} INFO - Processing file /opt/airflow/dags/etl_postgres_to_clickhouse.py for tasks to queue
[2026-01-06T15:48:32.790+0000] {logging_mixin.py:188} INFO - [2026-01-06T15:48:32.789+0000] {dagbag.py:545} INFO - Filling up the DagBag from /opt/airflow/dags/etl_postgres_to_clickhouse.py
[2026-01-06T15:48:33.112+0000] {processor.py:840} INFO - DAG(s) 'pg_to_clickhouse_sliding_window' retrieved from /opt/airflow/dags/etl_postgres_to_clickhouse.py
[2026-01-06T15:48:33.178+0000] {logging_mixin.py:188} INFO - [2026-01-06T15:48:33.178+0000] {dag.py:3096} INFO - Sync 1 DAGs
[2026-01-06T15:48:33.217+0000] {logging_mixin.py:188} INFO - [2026-01-06T15:48:33.216+0000] {dag.py:3954} INFO - Setting next_dagrun for pg_to_clickhouse_sliding_window to 2026-01-06 15:48:30+00:00, run_after=2026-01-06 15:48:40+00:00
[2026-01-06T15:48:33.257+0000] {processor.py:183} INFO - Processing /opt/airflow/dags/etl_postgres_to_clickhouse.py took 0.478 seconds
[2026-01-06T15:49:03.989+0000] {processor.py:161} INFO - Started process (PID=349) to work on /opt/airflow/dags/etl_postgres_to_clickhouse.py
[2026-01-06T15:49:03.992+0000] {processor.py:830} INFO - Processing file /opt/airflow/dags/etl_postgres_to_clickhouse.py for tasks to queue
[2026-01-06T15:49:04.010+0000] {logging_mixin.py:188} INFO - [2026-01-06T15:49:04.010+0000] {dagbag.py:545} INFO - Filling up the DagBag from /opt/airflow/dags/etl_postgres_to_clickhouse.py
[2026-01-06T15:49:05.442+0000] {processor.py:840} INFO - DAG(s) 'pg_to_clickhouse_sliding_window' retrieved from /opt/airflow/dags/etl_postgres_to_clickhouse.py
[2026-01-06T15:49:05.622+0000] {logging_mixin.py:188} INFO - [2026-01-06T15:49:05.621+0000] {dag.py:3096} INFO - Sync 1 DAGs
[2026-01-06T15:49:05.768+0000] {logging_mixin.py:188} INFO - [2026-01-06T15:49:05.768+0000] {dag.py:3954} INFO - Setting next_dagrun for pg_to_clickhouse_sliding_window to 2026-01-06 15:49:00+00:00, run_after=2026-01-06 15:49:10+00:00
[2026-01-06T15:49:05.980+0000] {processor.py:183} INFO - Processing /opt/airflow/dags/etl_postgres_to_clickhouse.py took 2.017 seconds
[2026-01-06T15:49:36.211+0000] {processor.py:161} INFO - Started process (PID=374) to work on /opt/airflow/dags/etl_postgres_to_clickhouse.py
[2026-01-06T15:49:36.212+0000] {processor.py:830} INFO - Processing file /opt/airflow/dags/etl_postgres_to_clickhouse.py for tasks to queue
[2026-01-06T15:49:36.217+0000] {logging_mixin.py:188} INFO - [2026-01-06T15:49:36.216+0000] {dagbag.py:545} INFO - Filling up the DagBag from /opt/airflow/dags/etl_postgres_to_clickhouse.py
[2026-01-06T15:49:36.453+0000] {processor.py:840} INFO - DAG(s) 'pg_to_clickhouse_sliding_window' retrieved from /opt/airflow/dags/etl_postgres_to_clickhouse.py
[2026-01-06T15:49:36.500+0000] {logging_mixin.py:188} INFO - [2026-01-06T15:49:36.500+0000] {dag.py:3096} INFO - Sync 1 DAGs
[2026-01-06T15:49:36.524+0000] {logging_mixin.py:188} INFO - [2026-01-06T15:49:36.524+0000] {dag.py:3954} INFO - Setting next_dagrun for pg_to_clickhouse_sliding_window to 2026-01-06 15:49:30+00:00, run_after=2026-01-06 15:49:40+00:00
[2026-01-06T15:49:36.643+0000] {processor.py:183} INFO - Processing /opt/airflow/dags/etl_postgres_to_clickhouse.py took 0.440 seconds
[2026-01-06T15:50:06.803+0000] {processor.py:161} INFO - Started process (PID=399) to work on /opt/airflow/dags/etl_postgres_to_clickhouse.py
[2026-01-06T15:50:06.805+0000] {processor.py:830} INFO - Processing file /opt/airflow/dags/etl_postgres_to_clickhouse.py for tasks to queue
[2026-01-06T15:50:06.807+0000] {logging_mixin.py:188} INFO - [2026-01-06T15:50:06.807+0000] {dagbag.py:545} INFO - Filling up the DagBag from /opt/airflow/dags/etl_postgres_to_clickhouse.py
[2026-01-06T15:50:07.098+0000] {processor.py:840} INFO - DAG(s) 'pg_to_clickhouse_sliding_window' retrieved from /opt/airflow/dags/etl_postgres_to_clickhouse.py
[2026-01-06T15:50:07.149+0000] {logging_mixin.py:188} INFO - [2026-01-06T15:50:07.149+0000] {dag.py:3096} INFO - Sync 1 DAGs
[2026-01-06T15:50:07.186+0000] {logging_mixin.py:188} INFO - [2026-01-06T15:50:07.185+0000] {dag.py:3954} INFO - Setting next_dagrun for pg_to_clickhouse_sliding_window to 2026-01-06 15:50:00+00:00, run_after=2026-01-06 15:50:10+00:00
[2026-01-06T15:50:07.218+0000] {processor.py:183} INFO - Processing /opt/airflow/dags/etl_postgres_to_clickhouse.py took 0.424 seconds
[2026-01-06T15:50:37.356+0000] {processor.py:161} INFO - Started process (PID=424) to work on /opt/airflow/dags/etl_postgres_to_clickhouse.py
[2026-01-06T15:50:37.358+0000] {processor.py:830} INFO - Processing file /opt/airflow/dags/etl_postgres_to_clickhouse.py for tasks to queue
[2026-01-06T15:50:37.360+0000] {logging_mixin.py:188} INFO - [2026-01-06T15:50:37.360+0000] {dagbag.py:545} INFO - Filling up the DagBag from /opt/airflow/dags/etl_postgres_to_clickhouse.py
[2026-01-06T15:50:37.587+0000] {processor.py:840} INFO - DAG(s) 'pg_to_clickhouse_sliding_window' retrieved from /opt/airflow/dags/etl_postgres_to_clickhouse.py
[2026-01-06T15:50:37.623+0000] {logging_mixin.py:188} INFO - [2026-01-06T15:50:37.622+0000] {dag.py:3096} INFO - Sync 1 DAGs
[2026-01-06T15:50:37.650+0000] {logging_mixin.py:188} INFO - [2026-01-06T15:50:37.649+0000] {dag.py:3954} INFO - Setting next_dagrun for pg_to_clickhouse_sliding_window to 2026-01-06 15:50:30+00:00, run_after=2026-01-06 15:50:40+00:00
[2026-01-06T15:50:37.693+0000] {processor.py:183} INFO - Processing /opt/airflow/dags/etl_postgres_to_clickhouse.py took 0.345 seconds
[2026-01-06T15:51:07.863+0000] {processor.py:161} INFO - Started process (PID=456) to work on /opt/airflow/dags/etl_postgres_to_clickhouse.py
[2026-01-06T15:51:07.864+0000] {processor.py:830} INFO - Processing file /opt/airflow/dags/etl_postgres_to_clickhouse.py for tasks to queue
[2026-01-06T15:51:07.868+0000] {logging_mixin.py:188} INFO - [2026-01-06T15:51:07.868+0000] {dagbag.py:545} INFO - Filling up the DagBag from /opt/airflow/dags/etl_postgres_to_clickhouse.py
[2026-01-06T15:51:08.196+0000] {processor.py:840} INFO - DAG(s) 'pg_to_clickhouse_sliding_window' retrieved from /opt/airflow/dags/etl_postgres_to_clickhouse.py
[2026-01-06T15:51:08.237+0000] {logging_mixin.py:188} INFO - [2026-01-06T15:51:08.237+0000] {dag.py:3096} INFO - Sync 1 DAGs
[2026-01-06T15:51:08.271+0000] {logging_mixin.py:188} INFO - [2026-01-06T15:51:08.271+0000] {dag.py:3954} INFO - Setting next_dagrun for pg_to_clickhouse_sliding_window to 2026-01-06 15:51:00+00:00, run_after=2026-01-06 15:51:10+00:00
[2026-01-06T15:51:08.302+0000] {processor.py:183} INFO - Processing /opt/airflow/dags/etl_postgres_to_clickhouse.py took 0.447 seconds
[2026-01-06T15:51:38.593+0000] {processor.py:161} INFO - Started process (PID=481) to work on /opt/airflow/dags/etl_postgres_to_clickhouse.py
[2026-01-06T15:51:38.595+0000] {processor.py:830} INFO - Processing file /opt/airflow/dags/etl_postgres_to_clickhouse.py for tasks to queue
[2026-01-06T15:51:38.599+0000] {logging_mixin.py:188} INFO - [2026-01-06T15:51:38.598+0000] {dagbag.py:545} INFO - Filling up the DagBag from /opt/airflow/dags/etl_postgres_to_clickhouse.py
[2026-01-06T15:51:39.144+0000] {processor.py:840} INFO - DAG(s) 'pg_to_clickhouse_sliding_window' retrieved from /opt/airflow/dags/etl_postgres_to_clickhouse.py
[2026-01-06T15:51:39.243+0000] {logging_mixin.py:188} INFO - [2026-01-06T15:51:39.242+0000] {dag.py:3096} INFO - Sync 1 DAGs
[2026-01-06T15:51:39.453+0000] {logging_mixin.py:188} INFO - [2026-01-06T15:51:39.452+0000] {dag.py:3954} INFO - Setting next_dagrun for pg_to_clickhouse_sliding_window to 2026-01-06 15:51:30+00:00, run_after=2026-01-06 15:51:40+00:00
[2026-01-06T15:51:39.648+0000] {processor.py:183} INFO - Processing /opt/airflow/dags/etl_postgres_to_clickhouse.py took 1.069 seconds
[2026-01-06T15:52:10.300+0000] {processor.py:161} INFO - Started process (PID=506) to work on /opt/airflow/dags/etl_postgres_to_clickhouse.py
[2026-01-06T15:52:10.302+0000] {processor.py:830} INFO - Processing file /opt/airflow/dags/etl_postgres_to_clickhouse.py for tasks to queue
[2026-01-06T15:52:10.312+0000] {logging_mixin.py:188} INFO - [2026-01-06T15:52:10.311+0000] {dagbag.py:545} INFO - Filling up the DagBag from /opt/airflow/dags/etl_postgres_to_clickhouse.py
[2026-01-06T15:52:11.013+0000] {processor.py:840} INFO - DAG(s) 'pg_to_clickhouse_sliding_window' retrieved from /opt/airflow/dags/etl_postgres_to_clickhouse.py
[2026-01-06T15:52:11.088+0000] {logging_mixin.py:188} INFO - [2026-01-06T15:52:11.087+0000] {dag.py:3096} INFO - Sync 1 DAGs
[2026-01-06T15:52:11.146+0000] {logging_mixin.py:188} INFO - [2026-01-06T15:52:11.145+0000] {dag.py:3954} INFO - Setting next_dagrun for pg_to_clickhouse_sliding_window to 2026-01-06 15:52:10+00:00, run_after=2026-01-06 15:52:20+00:00
[2026-01-06T15:52:11.193+0000] {processor.py:183} INFO - Processing /opt/airflow/dags/etl_postgres_to_clickhouse.py took 0.918 seconds
[2026-01-06T15:52:41.751+0000] {processor.py:161} INFO - Started process (PID=532) to work on /opt/airflow/dags/etl_postgres_to_clickhouse.py
[2026-01-06T15:52:41.755+0000] {processor.py:830} INFO - Processing file /opt/airflow/dags/etl_postgres_to_clickhouse.py for tasks to queue
[2026-01-06T15:52:41.760+0000] {logging_mixin.py:188} INFO - [2026-01-06T15:52:41.759+0000] {dagbag.py:545} INFO - Filling up the DagBag from /opt/airflow/dags/etl_postgres_to_clickhouse.py
[2026-01-06T15:52:42.324+0000] {processor.py:840} INFO - DAG(s) 'pg_to_clickhouse_sliding_window' retrieved from /opt/airflow/dags/etl_postgres_to_clickhouse.py
[2026-01-06T15:52:42.399+0000] {logging_mixin.py:188} INFO - [2026-01-06T15:52:42.398+0000] {dag.py:3096} INFO - Sync 1 DAGs
[2026-01-06T15:52:42.453+0000] {logging_mixin.py:188} INFO - [2026-01-06T15:52:42.452+0000] {dag.py:3954} INFO - Setting next_dagrun for pg_to_clickhouse_sliding_window to 2026-01-06 15:52:40+00:00, run_after=2026-01-06 15:52:50+00:00
[2026-01-06T15:52:42.500+0000] {processor.py:183} INFO - Processing /opt/airflow/dags/etl_postgres_to_clickhouse.py took 0.766 seconds
[2026-01-06T15:53:12.929+0000] {processor.py:161} INFO - Started process (PID=559) to work on /opt/airflow/dags/etl_postgres_to_clickhouse.py
[2026-01-06T15:53:12.932+0000] {processor.py:830} INFO - Processing file /opt/airflow/dags/etl_postgres_to_clickhouse.py for tasks to queue
[2026-01-06T15:53:12.937+0000] {logging_mixin.py:188} INFO - [2026-01-06T15:53:12.937+0000] {dagbag.py:545} INFO - Filling up the DagBag from /opt/airflow/dags/etl_postgres_to_clickhouse.py
[2026-01-06T15:53:13.475+0000] {processor.py:840} INFO - DAG(s) 'pg_to_clickhouse_sliding_window' retrieved from /opt/airflow/dags/etl_postgres_to_clickhouse.py
[2026-01-06T15:53:13.548+0000] {logging_mixin.py:188} INFO - [2026-01-06T15:53:13.547+0000] {dag.py:3096} INFO - Sync 1 DAGs
[2026-01-06T15:53:13.604+0000] {logging_mixin.py:188} INFO - [2026-01-06T15:53:13.603+0000] {dag.py:3954} INFO - Setting next_dagrun for pg_to_clickhouse_sliding_window to 2026-01-06 15:53:10+00:00, run_after=2026-01-06 15:53:20+00:00
[2026-01-06T15:53:13.651+0000] {processor.py:183} INFO - Processing /opt/airflow/dags/etl_postgres_to_clickhouse.py took 0.740 seconds
[2026-01-06T15:53:44.191+0000] {processor.py:161} INFO - Started process (PID=584) to work on /opt/airflow/dags/etl_postgres_to_clickhouse.py
[2026-01-06T15:53:44.193+0000] {processor.py:830} INFO - Processing file /opt/airflow/dags/etl_postgres_to_clickhouse.py for tasks to queue
[2026-01-06T15:53:44.198+0000] {logging_mixin.py:188} INFO - [2026-01-06T15:53:44.197+0000] {dagbag.py:545} INFO - Filling up the DagBag from /opt/airflow/dags/etl_postgres_to_clickhouse.py
[2026-01-06T15:53:44.725+0000] {processor.py:840} INFO - DAG(s) 'pg_to_clickhouse_sliding_window' retrieved from /opt/airflow/dags/etl_postgres_to_clickhouse.py
[2026-01-06T15:53:44.815+0000] {logging_mixin.py:188} INFO - [2026-01-06T15:53:44.814+0000] {dag.py:3096} INFO - Sync 1 DAGs
[2026-01-06T15:53:44.865+0000] {logging_mixin.py:188} INFO - [2026-01-06T15:53:44.865+0000] {dag.py:3954} INFO - Setting next_dagrun for pg_to_clickhouse_sliding_window to 2026-01-06 15:53:40+00:00, run_after=2026-01-06 15:53:50+00:00
[2026-01-06T15:53:44.905+0000] {processor.py:183} INFO - Processing /opt/airflow/dags/etl_postgres_to_clickhouse.py took 0.727 seconds
[2026-01-06T15:54:15.431+0000] {processor.py:161} INFO - Started process (PID=609) to work on /opt/airflow/dags/etl_postgres_to_clickhouse.py
[2026-01-06T15:54:15.435+0000] {processor.py:830} INFO - Processing file /opt/airflow/dags/etl_postgres_to_clickhouse.py for tasks to queue
[2026-01-06T15:54:15.442+0000] {logging_mixin.py:188} INFO - [2026-01-06T15:54:15.441+0000] {dagbag.py:545} INFO - Filling up the DagBag from /opt/airflow/dags/etl_postgres_to_clickhouse.py
[2026-01-06T15:54:16.011+0000] {processor.py:840} INFO - DAG(s) 'pg_to_clickhouse_sliding_window' retrieved from /opt/airflow/dags/etl_postgres_to_clickhouse.py
[2026-01-06T15:54:16.072+0000] {logging_mixin.py:188} INFO - [2026-01-06T15:54:16.072+0000] {dag.py:3096} INFO - Sync 1 DAGs
[2026-01-06T15:54:16.129+0000] {logging_mixin.py:188} INFO - [2026-01-06T15:54:16.128+0000] {dag.py:3954} INFO - Setting next_dagrun for pg_to_clickhouse_sliding_window to 2026-01-06 15:54:10+00:00, run_after=2026-01-06 15:54:20+00:00
[2026-01-06T15:54:16.177+0000] {processor.py:183} INFO - Processing /opt/airflow/dags/etl_postgres_to_clickhouse.py took 0.764 seconds
[2026-01-06T15:54:46.284+0000] {processor.py:161} INFO - Started process (PID=635) to work on /opt/airflow/dags/etl_postgres_to_clickhouse.py
[2026-01-06T15:54:46.285+0000] {processor.py:830} INFO - Processing file /opt/airflow/dags/etl_postgres_to_clickhouse.py for tasks to queue
[2026-01-06T15:54:46.288+0000] {logging_mixin.py:188} INFO - [2026-01-06T15:54:46.288+0000] {dagbag.py:545} INFO - Filling up the DagBag from /opt/airflow/dags/etl_postgres_to_clickhouse.py
[2026-01-06T15:54:46.608+0000] {processor.py:840} INFO - DAG(s) 'pg_to_clickhouse_sliding_window' retrieved from /opt/airflow/dags/etl_postgres_to_clickhouse.py
[2026-01-06T15:54:46.657+0000] {logging_mixin.py:188} INFO - [2026-01-06T15:54:46.657+0000] {dag.py:3096} INFO - Sync 1 DAGs
[2026-01-06T15:54:46.687+0000] {logging_mixin.py:188} INFO - [2026-01-06T15:54:46.687+0000] {dag.py:3954} INFO - Setting next_dagrun for pg_to_clickhouse_sliding_window to 2026-01-06 15:54:40+00:00, run_after=2026-01-06 15:54:50+00:00
[2026-01-06T15:54:46.720+0000] {processor.py:183} INFO - Processing /opt/airflow/dags/etl_postgres_to_clickhouse.py took 0.446 seconds
[2026-01-06T15:55:16.907+0000] {processor.py:161} INFO - Started process (PID=660) to work on /opt/airflow/dags/etl_postgres_to_clickhouse.py
[2026-01-06T15:55:16.909+0000] {processor.py:830} INFO - Processing file /opt/airflow/dags/etl_postgres_to_clickhouse.py for tasks to queue
[2026-01-06T15:55:16.914+0000] {logging_mixin.py:188} INFO - [2026-01-06T15:55:16.913+0000] {dagbag.py:545} INFO - Filling up the DagBag from /opt/airflow/dags/etl_postgres_to_clickhouse.py
[2026-01-06T15:55:17.402+0000] {processor.py:840} INFO - DAG(s) 'pg_to_clickhouse_sliding_window' retrieved from /opt/airflow/dags/etl_postgres_to_clickhouse.py
[2026-01-06T15:55:17.466+0000] {logging_mixin.py:188} INFO - [2026-01-06T15:55:17.466+0000] {dag.py:3096} INFO - Sync 1 DAGs
[2026-01-06T15:55:17.509+0000] {logging_mixin.py:188} INFO - [2026-01-06T15:55:17.508+0000] {dag.py:3954} INFO - Setting next_dagrun for pg_to_clickhouse_sliding_window to 2026-01-06 15:55:10+00:00, run_after=2026-01-06 15:55:20+00:00
[2026-01-06T15:55:17.543+0000] {processor.py:183} INFO - Processing /opt/airflow/dags/etl_postgres_to_clickhouse.py took 0.646 seconds
[2026-01-06T15:55:48.035+0000] {processor.py:161} INFO - Started process (PID=692) to work on /opt/airflow/dags/etl_postgres_to_clickhouse.py
[2026-01-06T15:55:48.037+0000] {processor.py:830} INFO - Processing file /opt/airflow/dags/etl_postgres_to_clickhouse.py for tasks to queue
[2026-01-06T15:55:48.040+0000] {logging_mixin.py:188} INFO - [2026-01-06T15:55:48.039+0000] {dagbag.py:545} INFO - Filling up the DagBag from /opt/airflow/dags/etl_postgres_to_clickhouse.py
[2026-01-06T15:55:48.395+0000] {processor.py:840} INFO - DAG(s) 'pg_to_clickhouse_sliding_window' retrieved from /opt/airflow/dags/etl_postgres_to_clickhouse.py
[2026-01-06T15:55:48.448+0000] {logging_mixin.py:188} INFO - [2026-01-06T15:55:48.447+0000] {dag.py:3096} INFO - Sync 1 DAGs
[2026-01-06T15:55:48.485+0000] {logging_mixin.py:188} INFO - [2026-01-06T15:55:48.485+0000] {dag.py:3954} INFO - Setting next_dagrun for pg_to_clickhouse_sliding_window to 2026-01-06 15:55:40+00:00, run_after=2026-01-06 15:55:50+00:00
[2026-01-06T15:55:48.517+0000] {processor.py:183} INFO - Processing /opt/airflow/dags/etl_postgres_to_clickhouse.py took 0.492 seconds
[2026-01-06T15:56:18.811+0000] {processor.py:161} INFO - Started process (PID=717) to work on /opt/airflow/dags/etl_postgres_to_clickhouse.py
[2026-01-06T15:56:18.812+0000] {processor.py:830} INFO - Processing file /opt/airflow/dags/etl_postgres_to_clickhouse.py for tasks to queue
[2026-01-06T15:56:18.816+0000] {logging_mixin.py:188} INFO - [2026-01-06T15:56:18.815+0000] {dagbag.py:545} INFO - Filling up the DagBag from /opt/airflow/dags/etl_postgres_to_clickhouse.py
[2026-01-06T15:56:19.247+0000] {processor.py:840} INFO - DAG(s) 'pg_to_clickhouse_sliding_window' retrieved from /opt/airflow/dags/etl_postgres_to_clickhouse.py
[2026-01-06T15:56:19.325+0000] {logging_mixin.py:188} INFO - [2026-01-06T15:56:19.322+0000] {dag.py:3096} INFO - Sync 1 DAGs
[2026-01-06T15:56:19.392+0000] {logging_mixin.py:188} INFO - [2026-01-06T15:56:19.391+0000] {dag.py:3954} INFO - Setting next_dagrun for pg_to_clickhouse_sliding_window to 2026-01-06 15:56:10+00:00, run_after=2026-01-06 15:56:20+00:00
[2026-01-06T15:56:19.454+0000] {processor.py:183} INFO - Processing /opt/airflow/dags/etl_postgres_to_clickhouse.py took 0.653 seconds
[2026-01-06T15:56:49.999+0000] {processor.py:161} INFO - Started process (PID=742) to work on /opt/airflow/dags/etl_postgres_to_clickhouse.py
[2026-01-06T15:56:50.001+0000] {processor.py:830} INFO - Processing file /opt/airflow/dags/etl_postgres_to_clickhouse.py for tasks to queue
[2026-01-06T15:56:50.004+0000] {logging_mixin.py:188} INFO - [2026-01-06T15:56:50.003+0000] {dagbag.py:545} INFO - Filling up the DagBag from /opt/airflow/dags/etl_postgres_to_clickhouse.py
[2026-01-06T15:56:50.306+0000] {processor.py:840} INFO - DAG(s) 'pg_to_clickhouse_sliding_window' retrieved from /opt/airflow/dags/etl_postgres_to_clickhouse.py
[2026-01-06T15:56:50.353+0000] {logging_mixin.py:188} INFO - [2026-01-06T15:56:50.353+0000] {dag.py:3096} INFO - Sync 1 DAGs
[2026-01-06T15:56:50.393+0000] {logging_mixin.py:188} INFO - [2026-01-06T15:56:50.392+0000] {dag.py:3954} INFO - Setting next_dagrun for pg_to_clickhouse_sliding_window to 2026-01-06 15:56:40+00:00, run_after=2026-01-06 15:56:50+00:00
[2026-01-06T15:56:50.423+0000] {processor.py:183} INFO - Processing /opt/airflow/dags/etl_postgres_to_clickhouse.py took 0.432 seconds
[2026-01-06T15:57:20.624+0000] {processor.py:161} INFO - Started process (PID=767) to work on /opt/airflow/dags/etl_postgres_to_clickhouse.py
[2026-01-06T15:57:20.626+0000] {processor.py:830} INFO - Processing file /opt/airflow/dags/etl_postgres_to_clickhouse.py for tasks to queue
[2026-01-06T15:57:20.629+0000] {logging_mixin.py:188} INFO - [2026-01-06T15:57:20.629+0000] {dagbag.py:545} INFO - Filling up the DagBag from /opt/airflow/dags/etl_postgres_to_clickhouse.py
[2026-01-06T15:57:20.976+0000] {processor.py:840} INFO - DAG(s) 'pg_to_clickhouse_sliding_window' retrieved from /opt/airflow/dags/etl_postgres_to_clickhouse.py
[2026-01-06T15:57:21.020+0000] {logging_mixin.py:188} INFO - [2026-01-06T15:57:21.019+0000] {dag.py:3096} INFO - Sync 1 DAGs
[2026-01-06T15:57:21.056+0000] {logging_mixin.py:188} INFO - [2026-01-06T15:57:21.056+0000] {dag.py:3954} INFO - Setting next_dagrun for pg_to_clickhouse_sliding_window to 2026-01-06 15:57:10+00:00, run_after=2026-01-06 15:57:20+00:00
[2026-01-06T15:57:21.088+0000] {processor.py:183} INFO - Processing /opt/airflow/dags/etl_postgres_to_clickhouse.py took 0.471 seconds
[2026-01-06T15:57:51.429+0000] {processor.py:161} INFO - Started process (PID=800) to work on /opt/airflow/dags/etl_postgres_to_clickhouse.py
[2026-01-06T15:57:51.431+0000] {processor.py:830} INFO - Processing file /opt/airflow/dags/etl_postgres_to_clickhouse.py for tasks to queue
[2026-01-06T15:57:51.435+0000] {logging_mixin.py:188} INFO - [2026-01-06T15:57:51.434+0000] {dagbag.py:545} INFO - Filling up the DagBag from /opt/airflow/dags/etl_postgres_to_clickhouse.py
[2026-01-06T15:57:51.861+0000] {processor.py:840} INFO - DAG(s) 'pg_to_clickhouse_sliding_window' retrieved from /opt/airflow/dags/etl_postgres_to_clickhouse.py
[2026-01-06T15:57:51.932+0000] {logging_mixin.py:188} INFO - [2026-01-06T15:57:51.931+0000] {dag.py:3096} INFO - Sync 1 DAGs
[2026-01-06T15:57:51.976+0000] {logging_mixin.py:188} INFO - [2026-01-06T15:57:51.976+0000] {dag.py:3954} INFO - Setting next_dagrun for pg_to_clickhouse_sliding_window to 2026-01-06 15:57:50+00:00, run_after=2026-01-06 15:58:00+00:00
[2026-01-06T15:57:52.022+0000] {processor.py:183} INFO - Processing /opt/airflow/dags/etl_postgres_to_clickhouse.py took 0.606 seconds
[2026-01-06T15:58:22.446+0000] {processor.py:161} INFO - Started process (PID=827) to work on /opt/airflow/dags/etl_postgres_to_clickhouse.py
[2026-01-06T15:58:22.448+0000] {processor.py:830} INFO - Processing file /opt/airflow/dags/etl_postgres_to_clickhouse.py for tasks to queue
[2026-01-06T15:58:22.452+0000] {logging_mixin.py:188} INFO - [2026-01-06T15:58:22.451+0000] {dagbag.py:545} INFO - Filling up the DagBag from /opt/airflow/dags/etl_postgres_to_clickhouse.py
[2026-01-06T15:58:22.865+0000] {processor.py:840} INFO - DAG(s) 'pg_to_clickhouse_sliding_window' retrieved from /opt/airflow/dags/etl_postgres_to_clickhouse.py
[2026-01-06T15:58:22.918+0000] {logging_mixin.py:188} INFO - [2026-01-06T15:58:22.917+0000] {dag.py:3096} INFO - Sync 1 DAGs
[2026-01-06T15:58:22.961+0000] {logging_mixin.py:188} INFO - [2026-01-06T15:58:22.961+0000] {dag.py:3954} INFO - Setting next_dagrun for pg_to_clickhouse_sliding_window to 2026-01-06 15:58:20+00:00, run_after=2026-01-06 15:58:30+00:00
[2026-01-06T15:58:22.999+0000] {processor.py:183} INFO - Processing /opt/airflow/dags/etl_postgres_to_clickhouse.py took 0.563 seconds
[2026-01-06T15:58:53.278+0000] {processor.py:161} INFO - Started process (PID=854) to work on /opt/airflow/dags/etl_postgres_to_clickhouse.py
[2026-01-06T15:58:53.281+0000] {processor.py:830} INFO - Processing file /opt/airflow/dags/etl_postgres_to_clickhouse.py for tasks to queue
[2026-01-06T15:58:53.288+0000] {logging_mixin.py:188} INFO - [2026-01-06T15:58:53.287+0000] {dagbag.py:545} INFO - Filling up the DagBag from /opt/airflow/dags/etl_postgres_to_clickhouse.py
[2026-01-06T15:58:54.017+0000] {processor.py:840} INFO - DAG(s) 'pg_to_clickhouse_sliding_window' retrieved from /opt/airflow/dags/etl_postgres_to_clickhouse.py
[2026-01-06T15:58:54.077+0000] {logging_mixin.py:188} INFO - [2026-01-06T15:58:54.076+0000] {dag.py:3096} INFO - Sync 1 DAGs
[2026-01-06T15:58:54.135+0000] {logging_mixin.py:188} INFO - [2026-01-06T15:58:54.134+0000] {dag.py:3954} INFO - Setting next_dagrun for pg_to_clickhouse_sliding_window to 2026-01-06 15:58:50+00:00, run_after=2026-01-06 15:59:00+00:00
[2026-01-06T15:58:54.212+0000] {processor.py:183} INFO - Processing /opt/airflow/dags/etl_postgres_to_clickhouse.py took 0.968 seconds
[2026-01-06T15:59:24.658+0000] {processor.py:161} INFO - Started process (PID=880) to work on /opt/airflow/dags/etl_postgres_to_clickhouse.py
[2026-01-06T15:59:24.662+0000] {processor.py:830} INFO - Processing file /opt/airflow/dags/etl_postgres_to_clickhouse.py for tasks to queue
[2026-01-06T15:59:24.667+0000] {logging_mixin.py:188} INFO - [2026-01-06T15:59:24.666+0000] {dagbag.py:545} INFO - Filling up the DagBag from /opt/airflow/dags/etl_postgres_to_clickhouse.py
[2026-01-06T15:59:25.042+0000] {processor.py:840} INFO - DAG(s) 'pg_to_clickhouse_sliding_window' retrieved from /opt/airflow/dags/etl_postgres_to_clickhouse.py
[2026-01-06T15:59:25.093+0000] {logging_mixin.py:188} INFO - [2026-01-06T15:59:25.093+0000] {dag.py:3096} INFO - Sync 1 DAGs
[2026-01-06T15:59:25.130+0000] {logging_mixin.py:188} INFO - [2026-01-06T15:59:25.129+0000] {dag.py:3954} INFO - Setting next_dagrun for pg_to_clickhouse_sliding_window to 2026-01-06 15:59:20+00:00, run_after=2026-01-06 15:59:30+00:00
[2026-01-06T15:59:25.167+0000] {processor.py:183} INFO - Processing /opt/airflow/dags/etl_postgres_to_clickhouse.py took 0.530 seconds
[2026-01-06T15:59:55.617+0000] {processor.py:161} INFO - Started process (PID=905) to work on /opt/airflow/dags/etl_postgres_to_clickhouse.py
[2026-01-06T15:59:55.619+0000] {processor.py:830} INFO - Processing file /opt/airflow/dags/etl_postgres_to_clickhouse.py for tasks to queue
[2026-01-06T15:59:55.623+0000] {logging_mixin.py:188} INFO - [2026-01-06T15:59:55.623+0000] {dagbag.py:545} INFO - Filling up the DagBag from /opt/airflow/dags/etl_postgres_to_clickhouse.py
[2026-01-06T15:59:56.188+0000] {processor.py:840} INFO - DAG(s) 'pg_to_clickhouse_sliding_window' retrieved from /opt/airflow/dags/etl_postgres_to_clickhouse.py
[2026-01-06T15:59:56.260+0000] {logging_mixin.py:188} INFO - [2026-01-06T15:59:56.260+0000] {dag.py:3096} INFO - Sync 1 DAGs
[2026-01-06T15:59:56.320+0000] {logging_mixin.py:188} INFO - [2026-01-06T15:59:56.319+0000] {dag.py:3954} INFO - Setting next_dagrun for pg_to_clickhouse_sliding_window to 2026-01-06 15:59:50+00:00, run_after=2026-01-06 16:00:00+00:00
[2026-01-06T15:59:56.395+0000] {processor.py:183} INFO - Processing /opt/airflow/dags/etl_postgres_to_clickhouse.py took 0.791 seconds
[2026-01-06T16:00:26.958+0000] {processor.py:161} INFO - Started process (PID=929) to work on /opt/airflow/dags/etl_postgres_to_clickhouse.py
[2026-01-06T16:00:26.961+0000] {processor.py:830} INFO - Processing file /opt/airflow/dags/etl_postgres_to_clickhouse.py for tasks to queue
[2026-01-06T16:00:26.965+0000] {logging_mixin.py:188} INFO - [2026-01-06T16:00:26.964+0000] {dagbag.py:545} INFO - Filling up the DagBag from /opt/airflow/dags/etl_postgres_to_clickhouse.py
[2026-01-06T16:00:27.385+0000] {processor.py:840} INFO - DAG(s) 'pg_to_clickhouse_sliding_window' retrieved from /opt/airflow/dags/etl_postgres_to_clickhouse.py
[2026-01-06T16:00:27.433+0000] {logging_mixin.py:188} INFO - [2026-01-06T16:00:27.433+0000] {dag.py:3096} INFO - Sync 1 DAGs
[2026-01-06T16:00:27.484+0000] {logging_mixin.py:188} INFO - [2026-01-06T16:00:27.484+0000] {dag.py:3954} INFO - Setting next_dagrun for pg_to_clickhouse_sliding_window to 2026-01-06 16:00:20+00:00, run_after=2026-01-06 16:00:30+00:00
[2026-01-06T16:00:27.519+0000] {processor.py:183} INFO - Processing /opt/airflow/dags/etl_postgres_to_clickhouse.py took 0.573 seconds
[2026-01-06T16:00:57.822+0000] {processor.py:161} INFO - Started process (PID=953) to work on /opt/airflow/dags/etl_postgres_to_clickhouse.py
[2026-01-06T16:00:57.824+0000] {processor.py:830} INFO - Processing file /opt/airflow/dags/etl_postgres_to_clickhouse.py for tasks to queue
[2026-01-06T16:00:57.829+0000] {logging_mixin.py:188} INFO - [2026-01-06T16:00:57.829+0000] {dagbag.py:545} INFO - Filling up the DagBag from /opt/airflow/dags/etl_postgres_to_clickhouse.py
[2026-01-06T16:00:58.292+0000] {processor.py:840} INFO - DAG(s) 'pg_to_clickhouse_sliding_window' retrieved from /opt/airflow/dags/etl_postgres_to_clickhouse.py
[2026-01-06T16:00:58.355+0000] {logging_mixin.py:188} INFO - [2026-01-06T16:00:58.355+0000] {dag.py:3096} INFO - Sync 1 DAGs
[2026-01-06T16:00:58.399+0000] {logging_mixin.py:188} INFO - [2026-01-06T16:00:58.399+0000] {dag.py:3954} INFO - Setting next_dagrun for pg_to_clickhouse_sliding_window to 2026-01-06 16:00:50+00:00, run_after=2026-01-06 16:01:00+00:00
[2026-01-06T16:00:58.444+0000] {processor.py:183} INFO - Processing /opt/airflow/dags/etl_postgres_to_clickhouse.py took 0.641 seconds
[2026-01-06T16:01:28.949+0000] {processor.py:161} INFO - Started process (PID=985) to work on /opt/airflow/dags/etl_postgres_to_clickhouse.py
[2026-01-06T16:01:28.952+0000] {processor.py:830} INFO - Processing file /opt/airflow/dags/etl_postgres_to_clickhouse.py for tasks to queue
[2026-01-06T16:01:28.956+0000] {logging_mixin.py:188} INFO - [2026-01-06T16:01:28.956+0000] {dagbag.py:545} INFO - Filling up the DagBag from /opt/airflow/dags/etl_postgres_to_clickhouse.py
[2026-01-06T16:01:29.463+0000] {processor.py:840} INFO - DAG(s) 'pg_to_clickhouse_sliding_window' retrieved from /opt/airflow/dags/etl_postgres_to_clickhouse.py
[2026-01-06T16:01:29.780+0000] {logging_mixin.py:188} INFO - [2026-01-06T16:01:29.780+0000] {dag.py:3096} INFO - Sync 1 DAGs
[2026-01-06T16:01:29.924+0000] {logging_mixin.py:188} INFO - [2026-01-06T16:01:29.923+0000] {dag.py:3954} INFO - Setting next_dagrun for pg_to_clickhouse_sliding_window to 2026-01-06 16:01:20+00:00, run_after=2026-01-06 16:01:30+00:00
[2026-01-06T16:01:29.985+0000] {processor.py:183} INFO - Processing /opt/airflow/dags/etl_postgres_to_clickhouse.py took 3.266 seconds
[2026-01-06T16:02:42.756+0000] {processor.py:161} INFO - Started process (PID=190) to work on /opt/airflow/dags/etl_postgres_to_clickhouse.py
[2026-01-06T16:02:42.759+0000] {processor.py:830} INFO - Processing file /opt/airflow/dags/etl_postgres_to_clickhouse.py for tasks to queue
[2026-01-06T16:02:42.763+0000] {logging_mixin.py:188} INFO - [2026-01-06T16:02:42.762+0000] {dagbag.py:545} INFO - Filling up the DagBag from /opt/airflow/dags/etl_postgres_to_clickhouse.py
[2026-01-06T16:02:43.113+0000] {processor.py:840} INFO - DAG(s) 'pg_to_clickhouse_sliding_window' retrieved from /opt/airflow/dags/etl_postgres_to_clickhouse.py
[2026-01-06T16:02:43.554+0000] {logging_mixin.py:188} INFO - [2026-01-06T16:02:43.553+0000] {override.py:1829} INFO - Created Permission View: can delete on DAG:pg_to_clickhouse_sliding_window
[2026-01-06T16:02:43.577+0000] {logging_mixin.py:188} INFO - [2026-01-06T16:02:43.577+0000] {override.py:1829} INFO - Created Permission View: can read on DAG:pg_to_clickhouse_sliding_window
[2026-01-06T16:02:43.592+0000] {logging_mixin.py:188} INFO - [2026-01-06T16:02:43.592+0000] {override.py:1829} INFO - Created Permission View: can edit on DAG:pg_to_clickhouse_sliding_window
[2026-01-06T16:02:43.593+0000] {logging_mixin.py:188} INFO - [2026-01-06T16:02:43.593+0000] {dag.py:3096} INFO - Sync 1 DAGs
[2026-01-06T16:02:43.612+0000] {logging_mixin.py:188} INFO - [2026-01-06T16:02:43.612+0000] {dag.py:3118} INFO - Creating ORM DAG for pg_to_clickhouse_sliding_window
[2026-01-06T16:02:43.631+0000] {logging_mixin.py:188} INFO - [2026-01-06T16:02:43.630+0000] {dag.py:3954} INFO - Setting next_dagrun for pg_to_clickhouse_sliding_window to 2026-01-06 16:02:30+00:00, run_after=2026-01-06 16:02:40+00:00
[2026-01-06T16:02:43.664+0000] {processor.py:183} INFO - Processing /opt/airflow/dags/etl_postgres_to_clickhouse.py took 0.916 seconds
[2026-01-06T16:03:14.234+0000] {processor.py:161} INFO - Started process (PID=228) to work on /opt/airflow/dags/etl_postgres_to_clickhouse.py
[2026-01-06T16:03:14.236+0000] {processor.py:830} INFO - Processing file /opt/airflow/dags/etl_postgres_to_clickhouse.py for tasks to queue
[2026-01-06T16:03:14.240+0000] {logging_mixin.py:188} INFO - [2026-01-06T16:03:14.239+0000] {dagbag.py:545} INFO - Filling up the DagBag from /opt/airflow/dags/etl_postgres_to_clickhouse.py
[2026-01-06T16:03:14.581+0000] {processor.py:840} INFO - DAG(s) 'pg_to_clickhouse_sliding_window' retrieved from /opt/airflow/dags/etl_postgres_to_clickhouse.py
[2026-01-06T16:03:14.624+0000] {logging_mixin.py:188} INFO - [2026-01-06T16:03:14.624+0000] {dag.py:3096} INFO - Sync 1 DAGs
[2026-01-06T16:03:14.656+0000] {logging_mixin.py:188} INFO - [2026-01-06T16:03:14.656+0000] {dag.py:3954} INFO - Setting next_dagrun for pg_to_clickhouse_sliding_window to 2026-01-06 16:03:10+00:00, run_after=2026-01-06 16:03:20+00:00
[2026-01-06T16:03:14.731+0000] {processor.py:183} INFO - Processing /opt/airflow/dags/etl_postgres_to_clickhouse.py took 0.508 seconds
[2026-01-06T16:03:45.064+0000] {processor.py:161} INFO - Started process (PID=270) to work on /opt/airflow/dags/etl_postgres_to_clickhouse.py
[2026-01-06T16:03:45.066+0000] {processor.py:830} INFO - Processing file /opt/airflow/dags/etl_postgres_to_clickhouse.py for tasks to queue
[2026-01-06T16:03:45.069+0000] {logging_mixin.py:188} INFO - [2026-01-06T16:03:45.068+0000] {dagbag.py:545} INFO - Filling up the DagBag from /opt/airflow/dags/etl_postgres_to_clickhouse.py
[2026-01-06T16:03:45.397+0000] {processor.py:840} INFO - DAG(s) 'pg_to_clickhouse_sliding_window' retrieved from /opt/airflow/dags/etl_postgres_to_clickhouse.py
[2026-01-06T16:03:45.440+0000] {logging_mixin.py:188} INFO - [2026-01-06T16:03:45.440+0000] {dag.py:3096} INFO - Sync 1 DAGs
[2026-01-06T16:03:45.472+0000] {logging_mixin.py:188} INFO - [2026-01-06T16:03:45.472+0000] {dag.py:3954} INFO - Setting next_dagrun for pg_to_clickhouse_sliding_window to 2026-01-06 16:03:40+00:00, run_after=2026-01-06 16:03:50+00:00
[2026-01-06T16:03:45.499+0000] {processor.py:183} INFO - Processing /opt/airflow/dags/etl_postgres_to_clickhouse.py took 0.447 seconds
[2026-01-06T16:04:15.847+0000] {processor.py:161} INFO - Started process (PID=295) to work on /opt/airflow/dags/etl_postgres_to_clickhouse.py
[2026-01-06T16:04:15.848+0000] {processor.py:830} INFO - Processing file /opt/airflow/dags/etl_postgres_to_clickhouse.py for tasks to queue
[2026-01-06T16:04:15.850+0000] {logging_mixin.py:188} INFO - [2026-01-06T16:04:15.850+0000] {dagbag.py:545} INFO - Filling up the DagBag from /opt/airflow/dags/etl_postgres_to_clickhouse.py
[2026-01-06T16:04:16.147+0000] {processor.py:840} INFO - DAG(s) 'pg_to_clickhouse_sliding_window' retrieved from /opt/airflow/dags/etl_postgres_to_clickhouse.py
[2026-01-06T16:04:16.198+0000] {logging_mixin.py:188} INFO - [2026-01-06T16:04:16.198+0000] {dag.py:3096} INFO - Sync 1 DAGs
[2026-01-06T16:04:16.232+0000] {logging_mixin.py:188} INFO - [2026-01-06T16:04:16.232+0000] {dag.py:3954} INFO - Setting next_dagrun for pg_to_clickhouse_sliding_window to 2026-01-06 16:04:10+00:00, run_after=2026-01-06 16:04:20+00:00
[2026-01-06T16:04:16.259+0000] {processor.py:183} INFO - Processing /opt/airflow/dags/etl_postgres_to_clickhouse.py took 0.420 seconds
[2026-01-06T16:04:46.561+0000] {processor.py:161} INFO - Started process (PID=320) to work on /opt/airflow/dags/etl_postgres_to_clickhouse.py
[2026-01-06T16:04:46.563+0000] {processor.py:830} INFO - Processing file /opt/airflow/dags/etl_postgres_to_clickhouse.py for tasks to queue
[2026-01-06T16:04:46.566+0000] {logging_mixin.py:188} INFO - [2026-01-06T16:04:46.565+0000] {dagbag.py:545} INFO - Filling up the DagBag from /opt/airflow/dags/etl_postgres_to_clickhouse.py
[2026-01-06T16:04:46.887+0000] {processor.py:840} INFO - DAG(s) 'pg_to_clickhouse_sliding_window' retrieved from /opt/airflow/dags/etl_postgres_to_clickhouse.py
[2026-01-06T16:04:46.232+0000] {logging_mixin.py:188} INFO - [2026-01-06T16:04:46.232+0000] {dag.py:3096} INFO - Sync 1 DAGs
[2026-01-06T16:04:45.089+0000] {logging_mixin.py:188} INFO - [2026-01-06T16:04:45.088+0000] {dag.py:3954} INFO - Setting next_dagrun for pg_to_clickhouse_sliding_window to 2026-01-06 16:04:40+00:00, run_after=2026-01-06 16:04:50+00:00
[2026-01-06T16:04:45.124+0000] {processor.py:183} INFO - Processing /opt/airflow/dags/etl_postgres_to_clickhouse.py took 0.459 seconds
[2026-01-06T16:05:15.515+0000] {processor.py:161} INFO - Started process (PID=345) to work on /opt/airflow/dags/etl_postgres_to_clickhouse.py
[2026-01-06T16:05:15.517+0000] {processor.py:830} INFO - Processing file /opt/airflow/dags/etl_postgres_to_clickhouse.py for tasks to queue
[2026-01-06T16:05:15.521+0000] {logging_mixin.py:188} INFO - [2026-01-06T16:05:15.520+0000] {dagbag.py:545} INFO - Filling up the DagBag from /opt/airflow/dags/etl_postgres_to_clickhouse.py
[2026-01-06T16:05:15.972+0000] {processor.py:840} INFO - DAG(s) 'pg_to_clickhouse_sliding_window' retrieved from /opt/airflow/dags/etl_postgres_to_clickhouse.py
[2026-01-06T16:05:16.047+0000] {logging_mixin.py:188} INFO - [2026-01-06T16:05:16.046+0000] {dag.py:3096} INFO - Sync 1 DAGs
[2026-01-06T16:05:16.108+0000] {logging_mixin.py:188} INFO - [2026-01-06T16:05:16.107+0000] {dag.py:3954} INFO - Setting next_dagrun for pg_to_clickhouse_sliding_window to 2026-01-06 16:05:10+00:00, run_after=2026-01-06 16:05:20+00:00
[2026-01-06T16:05:16.192+0000] {processor.py:183} INFO - Processing /opt/airflow/dags/etl_postgres_to_clickhouse.py took 0.686 seconds
[2026-01-06T16:05:46.354+0000] {processor.py:161} INFO - Started process (PID=377) to work on /opt/airflow/dags/etl_postgres_to_clickhouse.py
[2026-01-06T16:05:46.355+0000] {processor.py:830} INFO - Processing file /opt/airflow/dags/etl_postgres_to_clickhouse.py for tasks to queue
[2026-01-06T16:05:46.358+0000] {logging_mixin.py:188} INFO - [2026-01-06T16:05:46.357+0000] {dagbag.py:545} INFO - Filling up the DagBag from /opt/airflow/dags/etl_postgres_to_clickhouse.py
[2026-01-06T16:05:46.589+0000] {processor.py:840} INFO - DAG(s) 'pg_to_clickhouse_sliding_window' retrieved from /opt/airflow/dags/etl_postgres_to_clickhouse.py
[2026-01-06T16:05:46.622+0000] {logging_mixin.py:188} INFO - [2026-01-06T16:05:46.621+0000] {dag.py:3096} INFO - Sync 1 DAGs
[2026-01-06T16:05:46.645+0000] {logging_mixin.py:188} INFO - [2026-01-06T16:05:46.645+0000] {dag.py:3954} INFO - Setting next_dagrun for pg_to_clickhouse_sliding_window to 2026-01-06 16:05:40+00:00, run_after=2026-01-06 16:05:50+00:00
[2026-01-06T16:05:46.669+0000] {processor.py:183} INFO - Processing /opt/airflow/dags/etl_postgres_to_clickhouse.py took 0.325 seconds
[2026-01-06T16:06:16.850+0000] {processor.py:161} INFO - Started process (PID=403) to work on /opt/airflow/dags/etl_postgres_to_clickhouse.py
[2026-01-06T16:06:16.851+0000] {processor.py:830} INFO - Processing file /opt/airflow/dags/etl_postgres_to_clickhouse.py for tasks to queue
[2026-01-06T16:06:16.854+0000] {logging_mixin.py:188} INFO - [2026-01-06T16:06:16.854+0000] {dagbag.py:545} INFO - Filling up the DagBag from /opt/airflow/dags/etl_postgres_to_clickhouse.py
[2026-01-06T16:06:17.138+0000] {processor.py:840} INFO - DAG(s) 'pg_to_clickhouse_sliding_window' retrieved from /opt/airflow/dags/etl_postgres_to_clickhouse.py
[2026-01-06T16:06:17.188+0000] {logging_mixin.py:188} INFO - [2026-01-06T16:06:17.187+0000] {dag.py:3096} INFO - Sync 1 DAGs
[2026-01-06T16:06:17.227+0000] {logging_mixin.py:188} INFO - [2026-01-06T16:06:17.226+0000] {dag.py:3954} INFO - Setting next_dagrun for pg_to_clickhouse_sliding_window to 2026-01-06 16:06:10+00:00, run_after=2026-01-06 16:06:20+00:00
[2026-01-06T16:06:17.260+0000] {processor.py:183} INFO - Processing /opt/airflow/dags/etl_postgres_to_clickhouse.py took 0.418 seconds
[2026-01-06T16:06:47.604+0000] {processor.py:161} INFO - Started process (PID=428) to work on /opt/airflow/dags/etl_postgres_to_clickhouse.py
[2026-01-06T16:06:47.606+0000] {processor.py:830} INFO - Processing file /opt/airflow/dags/etl_postgres_to_clickhouse.py for tasks to queue
[2026-01-06T16:06:47.608+0000] {logging_mixin.py:188} INFO - [2026-01-06T16:06:47.608+0000] {dagbag.py:545} INFO - Filling up the DagBag from /opt/airflow/dags/etl_postgres_to_clickhouse.py
[2026-01-06T16:06:47.891+0000] {processor.py:840} INFO - DAG(s) 'pg_to_clickhouse_sliding_window' retrieved from /opt/airflow/dags/etl_postgres_to_clickhouse.py
[2026-01-06T16:06:47.937+0000] {logging_mixin.py:188} INFO - [2026-01-06T16:06:47.936+0000] {dag.py:3096} INFO - Sync 1 DAGs
[2026-01-06T16:06:47.971+0000] {logging_mixin.py:188} INFO - [2026-01-06T16:06:47.970+0000] {dag.py:3954} INFO - Setting next_dagrun for pg_to_clickhouse_sliding_window to 2026-01-06 16:06:40+00:00, run_after=2026-01-06 16:06:50+00:00
[2026-01-06T16:06:47.995+0000] {processor.py:183} INFO - Processing /opt/airflow/dags/etl_postgres_to_clickhouse.py took 0.402 seconds
[2026-01-06T16:07:18.296+0000] {processor.py:161} INFO - Started process (PID=460) to work on /opt/airflow/dags/etl_postgres_to_clickhouse.py
[2026-01-06T16:07:18.297+0000] {processor.py:830} INFO - Processing file /opt/airflow/dags/etl_postgres_to_clickhouse.py for tasks to queue
[2026-01-06T16:07:18.301+0000] {logging_mixin.py:188} INFO - [2026-01-06T16:07:18.300+0000] {dagbag.py:545} INFO - Filling up the DagBag from /opt/airflow/dags/etl_postgres_to_clickhouse.py
[2026-01-06T16:07:18.571+0000] {processor.py:840} INFO - DAG(s) 'pg_to_clickhouse_sliding_window' retrieved from /opt/airflow/dags/etl_postgres_to_clickhouse.py
[2026-01-06T16:07:18.615+0000] {logging_mixin.py:188} INFO - [2026-01-06T16:07:18.614+0000] {dag.py:3096} INFO - Sync 1 DAGs
[2026-01-06T16:07:18.645+0000] {logging_mixin.py:188} INFO - [2026-01-06T16:07:18.645+0000] {dag.py:3954} INFO - Setting next_dagrun for pg_to_clickhouse_sliding_window to 2026-01-06 16:07:10+00:00, run_after=2026-01-06 16:07:20+00:00
[2026-01-06T16:07:18.682+0000] {processor.py:183} INFO - Processing /opt/airflow/dags/etl_postgres_to_clickhouse.py took 0.393 seconds
[2026-01-06T16:07:49.144+0000] {processor.py:161} INFO - Started process (PID=485) to work on /opt/airflow/dags/etl_postgres_to_clickhouse.py
[2026-01-06T16:07:49.146+0000] {processor.py:830} INFO - Processing file /opt/airflow/dags/etl_postgres_to_clickhouse.py for tasks to queue
[2026-01-06T16:07:49.148+0000] {logging_mixin.py:188} INFO - [2026-01-06T16:07:49.148+0000] {dagbag.py:545} INFO - Filling up the DagBag from /opt/airflow/dags/etl_postgres_to_clickhouse.py
[2026-01-06T16:07:49.422+0000] {processor.py:840} INFO - DAG(s) 'pg_to_clickhouse_sliding_window' retrieved from /opt/airflow/dags/etl_postgres_to_clickhouse.py
[2026-01-06T16:07:49.465+0000] {logging_mixin.py:188} INFO - [2026-01-06T16:07:49.464+0000] {dag.py:3096} INFO - Sync 1 DAGs
[2026-01-06T16:07:49.499+0000] {logging_mixin.py:188} INFO - [2026-01-06T16:07:49.498+0000] {dag.py:3954} INFO - Setting next_dagrun for pg_to_clickhouse_sliding_window to 2026-01-06 16:07:40+00:00, run_after=2026-01-06 16:07:50+00:00
[2026-01-06T16:07:49.549+0000] {processor.py:183} INFO - Processing /opt/airflow/dags/etl_postgres_to_clickhouse.py took 0.414 seconds
[2026-01-06T16:08:19.883+0000] {processor.py:161} INFO - Started process (PID=510) to work on /opt/airflow/dags/etl_postgres_to_clickhouse.py
[2026-01-06T16:08:19.885+0000] {processor.py:830} INFO - Processing file /opt/airflow/dags/etl_postgres_to_clickhouse.py for tasks to queue
[2026-01-06T16:08:19.889+0000] {logging_mixin.py:188} INFO - [2026-01-06T16:08:19.889+0000] {dagbag.py:545} INFO - Filling up the DagBag from /opt/airflow/dags/etl_postgres_to_clickhouse.py
[2026-01-06T16:08:20.200+0000] {processor.py:840} INFO - DAG(s) 'pg_to_clickhouse_sliding_window' retrieved from /opt/airflow/dags/etl_postgres_to_clickhouse.py
[2026-01-06T16:08:20.248+0000] {logging_mixin.py:188} INFO - [2026-01-06T16:08:20.248+0000] {dag.py:3096} INFO - Sync 1 DAGs
[2026-01-06T16:08:20.300+0000] {logging_mixin.py:188} INFO - [2026-01-06T16:08:20.299+0000] {dag.py:3954} INFO - Setting next_dagrun for pg_to_clickhouse_sliding_window to 2026-01-06 16:08:10+00:00, run_after=2026-01-06 16:08:20+00:00
[2026-01-06T16:08:20.344+0000] {processor.py:183} INFO - Processing /opt/airflow/dags/etl_postgres_to_clickhouse.py took 0.473 seconds
[2026-01-06T16:08:50.907+0000] {processor.py:161} INFO - Started process (PID=536) to work on /opt/airflow/dags/etl_postgres_to_clickhouse.py
[2026-01-06T16:08:50.911+0000] {processor.py:830} INFO - Processing file /opt/airflow/dags/etl_postgres_to_clickhouse.py for tasks to queue
[2026-01-06T16:08:50.916+0000] {logging_mixin.py:188} INFO - [2026-01-06T16:08:50.915+0000] {dagbag.py:545} INFO - Filling up the DagBag from /opt/airflow/dags/etl_postgres_to_clickhouse.py
[2026-01-06T16:08:51.388+0000] {processor.py:840} INFO - DAG(s) 'pg_to_clickhouse_sliding_window' retrieved from /opt/airflow/dags/etl_postgres_to_clickhouse.py
[2026-01-06T16:08:51.455+0000] {logging_mixin.py:188} INFO - [2026-01-06T16:08:51.455+0000] {dag.py:3096} INFO - Sync 1 DAGs
[2026-01-06T16:08:51.510+0000] {logging_mixin.py:188} INFO - [2026-01-06T16:08:51.509+0000] {dag.py:3954} INFO - Setting next_dagrun for pg_to_clickhouse_sliding_window to 2026-01-06 16:08:50+00:00, run_after=2026-01-06 16:09:00+00:00
[2026-01-06T16:08:51.540+0000] {processor.py:183} INFO - Processing /opt/airflow/dags/etl_postgres_to_clickhouse.py took 0.659 seconds
[2026-01-06T16:09:21.957+0000] {processor.py:161} INFO - Started process (PID=562) to work on /opt/airflow/dags/etl_postgres_to_clickhouse.py
[2026-01-06T16:09:21.959+0000] {processor.py:830} INFO - Processing file /opt/airflow/dags/etl_postgres_to_clickhouse.py for tasks to queue
[2026-01-06T16:09:21.964+0000] {logging_mixin.py:188} INFO - [2026-01-06T16:09:21.963+0000] {dagbag.py:545} INFO - Filling up the DagBag from /opt/airflow/dags/etl_postgres_to_clickhouse.py
[2026-01-06T16:09:22.545+0000] {processor.py:840} INFO - DAG(s) 'pg_to_clickhouse_sliding_window' retrieved from /opt/airflow/dags/etl_postgres_to_clickhouse.py
[2026-01-06T16:09:22.640+0000] {logging_mixin.py:188} INFO - [2026-01-06T16:09:22.639+0000] {dag.py:3096} INFO - Sync 1 DAGs
[2026-01-06T16:09:22.703+0000] {logging_mixin.py:188} INFO - [2026-01-06T16:09:22.703+0000] {dag.py:3954} INFO - Setting next_dagrun for pg_to_clickhouse_sliding_window to 2026-01-06 16:09:20+00:00, run_after=2026-01-06 16:09:30+00:00
[2026-01-06T16:09:22.750+0000] {processor.py:183} INFO - Processing /opt/airflow/dags/etl_postgres_to_clickhouse.py took 0.807 seconds
[2026-01-06T16:09:53.167+0000] {processor.py:161} INFO - Started process (PID=594) to work on /opt/airflow/dags/etl_postgres_to_clickhouse.py
[2026-01-06T16:09:53.168+0000] {processor.py:830} INFO - Processing file /opt/airflow/dags/etl_postgres_to_clickhouse.py for tasks to queue
[2026-01-06T16:09:53.171+0000] {logging_mixin.py:188} INFO - [2026-01-06T16:09:53.171+0000] {dagbag.py:545} INFO - Filling up the DagBag from /opt/airflow/dags/etl_postgres_to_clickhouse.py
[2026-01-06T16:09:53.535+0000] {processor.py:840} INFO - DAG(s) 'pg_to_clickhouse_sliding_window' retrieved from /opt/airflow/dags/etl_postgres_to_clickhouse.py
[2026-01-06T16:09:53.586+0000] {logging_mixin.py:188} INFO - [2026-01-06T16:09:53.586+0000] {dag.py:3096} INFO - Sync 1 DAGs
[2026-01-06T16:09:53.626+0000] {logging_mixin.py:188} INFO - [2026-01-06T16:09:53.626+0000] {dag.py:3954} INFO - Setting next_dagrun for pg_to_clickhouse_sliding_window to 2026-01-06 16:09:50+00:00, run_after=2026-01-06 16:10:00+00:00
[2026-01-06T16:09:53.671+0000] {processor.py:183} INFO - Processing /opt/airflow/dags/etl_postgres_to_clickhouse.py took 0.514 seconds
[2026-01-06T16:10:23.845+0000] {processor.py:161} INFO - Started process (PID=619) to work on /opt/airflow/dags/etl_postgres_to_clickhouse.py
[2026-01-06T16:10:23.847+0000] {processor.py:830} INFO - Processing file /opt/airflow/dags/etl_postgres_to_clickhouse.py for tasks to queue
[2026-01-06T16:10:23.850+0000] {logging_mixin.py:188} INFO - [2026-01-06T16:10:23.849+0000] {dagbag.py:545} INFO - Filling up the DagBag from /opt/airflow/dags/etl_postgres_to_clickhouse.py
[2026-01-06T16:10:24.118+0000] {processor.py:840} INFO - DAG(s) 'pg_to_clickhouse_sliding_window' retrieved from /opt/airflow/dags/etl_postgres_to_clickhouse.py
[2026-01-06T16:10:24.155+0000] {logging_mixin.py:188} INFO - [2026-01-06T16:10:24.154+0000] {dag.py:3096} INFO - Sync 1 DAGs
[2026-01-06T16:10:24.185+0000] {logging_mixin.py:188} INFO - [2026-01-06T16:10:24.185+0000] {dag.py:3954} INFO - Setting next_dagrun for pg_to_clickhouse_sliding_window to 2026-01-06 16:10:20+00:00, run_after=2026-01-06 16:10:30+00:00
[2026-01-06T16:10:24.218+0000] {processor.py:183} INFO - Processing /opt/airflow/dags/etl_postgres_to_clickhouse.py took 0.382 seconds
[2026-01-06T16:10:54.431+0000] {processor.py:161} INFO - Started process (PID=643) to work on /opt/airflow/dags/etl_postgres_to_clickhouse.py
[2026-01-06T16:10:54.433+0000] {processor.py:830} INFO - Processing file /opt/airflow/dags/etl_postgres_to_clickhouse.py for tasks to queue
[2026-01-06T16:10:54.438+0000] {logging_mixin.py:188} INFO - [2026-01-06T16:10:54.437+0000] {dagbag.py:545} INFO - Filling up the DagBag from /opt/airflow/dags/etl_postgres_to_clickhouse.py
[2026-01-06T16:10:54.824+0000] {processor.py:840} INFO - DAG(s) 'pg_to_clickhouse_sliding_window' retrieved from /opt/airflow/dags/etl_postgres_to_clickhouse.py
[2026-01-06T16:10:54.903+0000] {logging_mixin.py:188} INFO - [2026-01-06T16:10:54.903+0000] {dag.py:3096} INFO - Sync 1 DAGs
[2026-01-06T16:10:54.960+0000] {logging_mixin.py:188} INFO - [2026-01-06T16:10:54.960+0000] {dag.py:3954} INFO - Setting next_dagrun for pg_to_clickhouse_sliding_window to 2026-01-06 16:10:50+00:00, run_after=2026-01-06 16:11:00+00:00
[2026-01-06T16:10:55.004+0000] {processor.py:183} INFO - Processing /opt/airflow/dags/etl_postgres_to_clickhouse.py took 0.587 seconds
[2026-01-06T16:11:25.483+0000] {processor.py:161} INFO - Started process (PID=669) to work on /opt/airflow/dags/etl_postgres_to_clickhouse.py
[2026-01-06T16:11:25.486+0000] {processor.py:830} INFO - Processing file /opt/airflow/dags/etl_postgres_to_clickhouse.py for tasks to queue
[2026-01-06T16:11:25.489+0000] {logging_mixin.py:188} INFO - [2026-01-06T16:11:25.489+0000] {dagbag.py:545} INFO - Filling up the DagBag from /opt/airflow/dags/etl_postgres_to_clickhouse.py
[2026-01-06T16:11:25.765+0000] {processor.py:840} INFO - DAG(s) 'pg_to_clickhouse_sliding_window' retrieved from /opt/airflow/dags/etl_postgres_to_clickhouse.py
[2026-01-06T16:11:25.803+0000] {logging_mixin.py:188} INFO - [2026-01-06T16:11:25.803+0000] {dag.py:3096} INFO - Sync 1 DAGs
[2026-01-06T16:11:25.834+0000] {logging_mixin.py:188} INFO - [2026-01-06T16:11:25.833+0000] {dag.py:3954} INFO - Setting next_dagrun for pg_to_clickhouse_sliding_window to 2026-01-06 16:11:20+00:00, run_after=2026-01-06 16:11:30+00:00
[2026-01-06T16:11:25.864+0000] {processor.py:183} INFO - Processing /opt/airflow/dags/etl_postgres_to_clickhouse.py took 0.392 seconds
[2026-01-06T16:12:28.555+0000] {processor.py:161} INFO - Started process (PID=190) to work on /opt/airflow/dags/etl_postgres_to_clickhouse.py
[2026-01-06T16:12:28.557+0000] {processor.py:830} INFO - Processing file /opt/airflow/dags/etl_postgres_to_clickhouse.py for tasks to queue
[2026-01-06T16:12:28.561+0000] {logging_mixin.py:188} INFO - [2026-01-06T16:12:28.561+0000] {dagbag.py:545} INFO - Filling up the DagBag from /opt/airflow/dags/etl_postgres_to_clickhouse.py
[2026-01-06T16:12:28.916+0000] {processor.py:840} INFO - DAG(s) 'pg_to_clickhouse_sliding_window' retrieved from /opt/airflow/dags/etl_postgres_to_clickhouse.py
[2026-01-06T16:12:29.152+0000] {logging_mixin.py:188} INFO - [2026-01-06T16:12:29.151+0000] {override.py:1829} INFO - Created Permission View: can read on DAG:pg_to_clickhouse_sliding_window
[2026-01-06T16:12:29.172+0000] {logging_mixin.py:188} INFO - [2026-01-06T16:12:29.172+0000] {override.py:1829} INFO - Created Permission View: can edit on DAG:pg_to_clickhouse_sliding_window
[2026-01-06T16:12:29.185+0000] {logging_mixin.py:188} INFO - [2026-01-06T16:12:29.185+0000] {override.py:1829} INFO - Created Permission View: can delete on DAG:pg_to_clickhouse_sliding_window
[2026-01-06T16:12:29.186+0000] {logging_mixin.py:188} INFO - [2026-01-06T16:12:29.186+0000] {dag.py:3096} INFO - Sync 1 DAGs
[2026-01-06T16:12:29.203+0000] {logging_mixin.py:188} INFO - [2026-01-06T16:12:29.202+0000] {dag.py:3118} INFO - Creating ORM DAG for pg_to_clickhouse_sliding_window
[2026-01-06T16:12:29.222+0000] {logging_mixin.py:188} INFO - [2026-01-06T16:12:29.222+0000] {dag.py:3954} INFO - Setting next_dagrun for pg_to_clickhouse_sliding_window to 2026-01-06 16:12:10+00:00, run_after=2026-01-06 16:12:20+00:00
[2026-01-06T16:12:29.315+0000] {processor.py:183} INFO - Processing /opt/airflow/dags/etl_postgres_to_clickhouse.py took 0.769 seconds
[2026-01-06T16:12:59.861+0000] {processor.py:161} INFO - Started process (PID=234) to work on /opt/airflow/dags/etl_postgres_to_clickhouse.py
[2026-01-06T16:12:59.875+0000] {processor.py:830} INFO - Processing file /opt/airflow/dags/etl_postgres_to_clickhouse.py for tasks to queue
[2026-01-06T16:12:59.879+0000] {logging_mixin.py:188} INFO - [2026-01-06T16:12:59.879+0000] {dagbag.py:545} INFO - Filling up the DagBag from /opt/airflow/dags/etl_postgres_to_clickhouse.py
[2026-01-06T16:13:00.396+0000] {processor.py:840} INFO - DAG(s) 'pg_to_clickhouse_sliding_window' retrieved from /opt/airflow/dags/etl_postgres_to_clickhouse.py
[2026-01-06T16:13:00.472+0000] {logging_mixin.py:188} INFO - [2026-01-06T16:13:00.471+0000] {dag.py:3096} INFO - Sync 1 DAGs
[2026-01-06T16:13:00.543+0000] {logging_mixin.py:188} INFO - [2026-01-06T16:13:00.543+0000] {dag.py:3954} INFO - Setting next_dagrun for pg_to_clickhouse_sliding_window to 2026-01-06 16:13:00+00:00, run_after=2026-01-06 16:13:10+00:00
[2026-01-06T16:13:00.633+0000] {processor.py:183} INFO - Processing /opt/airflow/dags/etl_postgres_to_clickhouse.py took 0.789 seconds
[2026-01-06T16:13:31.060+0000] {processor.py:161} INFO - Started process (PID=269) to work on /opt/airflow/dags/etl_postgres_to_clickhouse.py
[2026-01-06T16:13:31.061+0000] {processor.py:830} INFO - Processing file /opt/airflow/dags/etl_postgres_to_clickhouse.py for tasks to queue
[2026-01-06T16:13:31.065+0000] {logging_mixin.py:188} INFO - [2026-01-06T16:13:31.064+0000] {dagbag.py:545} INFO - Filling up the DagBag from /opt/airflow/dags/etl_postgres_to_clickhouse.py
[2026-01-06T16:13:31.423+0000] {processor.py:840} INFO - DAG(s) 'pg_to_clickhouse_sliding_window' retrieved from /opt/airflow/dags/etl_postgres_to_clickhouse.py
[2026-01-06T16:13:31.482+0000] {logging_mixin.py:188} INFO - [2026-01-06T16:13:31.481+0000] {dag.py:3096} INFO - Sync 1 DAGs
[2026-01-06T16:13:31.523+0000] {logging_mixin.py:188} INFO - [2026-01-06T16:13:31.523+0000] {dag.py:3954} INFO - Setting next_dagrun for pg_to_clickhouse_sliding_window to 2026-01-06 16:13:30+00:00, run_after=2026-01-06 16:13:40+00:00
[2026-01-06T16:13:31.595+0000] {processor.py:183} INFO - Processing /opt/airflow/dags/etl_postgres_to_clickhouse.py took 0.546 seconds
[2026-01-06T16:14:01.905+0000] {processor.py:161} INFO - Started process (PID=295) to work on /opt/airflow/dags/etl_postgres_to_clickhouse.py
[2026-01-06T16:14:01.906+0000] {processor.py:830} INFO - Processing file /opt/airflow/dags/etl_postgres_to_clickhouse.py for tasks to queue
[2026-01-06T16:14:01.909+0000] {logging_mixin.py:188} INFO - [2026-01-06T16:14:01.909+0000] {dagbag.py:545} INFO - Filling up the DagBag from /opt/airflow/dags/etl_postgres_to_clickhouse.py
[2026-01-06T16:14:02.176+0000] {processor.py:840} INFO - DAG(s) 'pg_to_clickhouse_sliding_window' retrieved from /opt/airflow/dags/etl_postgres_to_clickhouse.py
[2026-01-06T16:14:02.217+0000] {logging_mixin.py:188} INFO - [2026-01-06T16:14:02.217+0000] {dag.py:3096} INFO - Sync 1 DAGs
[2026-01-06T16:14:02.253+0000] {logging_mixin.py:188} INFO - [2026-01-06T16:14:02.253+0000] {dag.py:3954} INFO - Setting next_dagrun for pg_to_clickhouse_sliding_window to 2026-01-06 16:14:00+00:00, run_after=2026-01-06 16:14:10+00:00
[2026-01-06T16:14:02.283+0000] {processor.py:183} INFO - Processing /opt/airflow/dags/etl_postgres_to_clickhouse.py took 0.387 seconds
[2026-01-06T16:14:32.624+0000] {processor.py:161} INFO - Started process (PID=327) to work on /opt/airflow/dags/etl_postgres_to_clickhouse.py
[2026-01-06T16:14:32.626+0000] {processor.py:830} INFO - Processing file /opt/airflow/dags/etl_postgres_to_clickhouse.py for tasks to queue
[2026-01-06T16:14:32.628+0000] {logging_mixin.py:188} INFO - [2026-01-06T16:14:32.628+0000] {dagbag.py:545} INFO - Filling up the DagBag from /opt/airflow/dags/etl_postgres_to_clickhouse.py
[2026-01-06T16:14:32.949+0000] {processor.py:840} INFO - DAG(s) 'pg_to_clickhouse_sliding_window' retrieved from /opt/airflow/dags/etl_postgres_to_clickhouse.py
[2026-01-06T16:14:32.991+0000] {logging_mixin.py:188} INFO - [2026-01-06T16:14:32.990+0000] {dag.py:3096} INFO - Sync 1 DAGs
[2026-01-06T16:14:33.024+0000] {logging_mixin.py:188} INFO - [2026-01-06T16:14:33.024+0000] {dag.py:3954} INFO - Setting next_dagrun for pg_to_clickhouse_sliding_window to 2026-01-06 16:14:30+00:00, run_after=2026-01-06 16:14:40+00:00
[2026-01-06T16:14:33.054+0000] {processor.py:183} INFO - Processing /opt/airflow/dags/etl_postgres_to_clickhouse.py took 0.437 seconds
[2026-01-06T16:15:03.408+0000] {processor.py:161} INFO - Started process (PID=353) to work on /opt/airflow/dags/etl_postgres_to_clickhouse.py
[2026-01-06T16:15:03.409+0000] {processor.py:830} INFO - Processing file /opt/airflow/dags/etl_postgres_to_clickhouse.py for tasks to queue
[2026-01-06T16:15:03.413+0000] {logging_mixin.py:188} INFO - [2026-01-06T16:15:03.412+0000] {dagbag.py:545} INFO - Filling up the DagBag from /opt/airflow/dags/etl_postgres_to_clickhouse.py
[2026-01-06T16:15:03.895+0000] {processor.py:840} INFO - DAG(s) 'pg_to_clickhouse_sliding_window' retrieved from /opt/airflow/dags/etl_postgres_to_clickhouse.py
[2026-01-06T16:15:03.946+0000] {logging_mixin.py:188} INFO - [2026-01-06T16:15:03.946+0000] {dag.py:3096} INFO - Sync 1 DAGs
[2026-01-06T16:15:04.005+0000] {logging_mixin.py:188} INFO - [2026-01-06T16:15:04.004+0000] {dag.py:3954} INFO - Setting next_dagrun for pg_to_clickhouse_sliding_window to 2026-01-06 16:15:00+00:00, run_after=2026-01-06 16:15:10+00:00
[2026-01-06T16:15:04.054+0000] {processor.py:183} INFO - Processing /opt/airflow/dags/etl_postgres_to_clickhouse.py took 0.658 seconds
[2026-01-06T16:15:34.225+0000] {processor.py:161} INFO - Started process (PID=378) to work on /opt/airflow/dags/etl_postgres_to_clickhouse.py
[2026-01-06T16:15:34.226+0000] {processor.py:830} INFO - Processing file /opt/airflow/dags/etl_postgres_to_clickhouse.py for tasks to queue
[2026-01-06T16:15:34.228+0000] {logging_mixin.py:188} INFO - [2026-01-06T16:15:34.228+0000] {dagbag.py:545} INFO - Filling up the DagBag from /opt/airflow/dags/etl_postgres_to_clickhouse.py
[2026-01-06T16:15:34.535+0000] {processor.py:840} INFO - DAG(s) 'pg_to_clickhouse_sliding_window' retrieved from /opt/airflow/dags/etl_postgres_to_clickhouse.py
[2026-01-06T16:15:34.577+0000] {logging_mixin.py:188} INFO - [2026-01-06T16:15:34.577+0000] {dag.py:3096} INFO - Sync 1 DAGs
[2026-01-06T16:15:34.614+0000] {logging_mixin.py:188} INFO - [2026-01-06T16:15:34.614+0000] {dag.py:3954} INFO - Setting next_dagrun for pg_to_clickhouse_sliding_window to 2026-01-06 16:15:30+00:00, run_after=2026-01-06 16:15:40+00:00
[2026-01-06T16:15:34.649+0000] {processor.py:183} INFO - Processing /opt/airflow/dags/etl_postgres_to_clickhouse.py took 0.431 seconds
[2026-01-06T16:16:04.878+0000] {processor.py:161} INFO - Started process (PID=403) to work on /opt/airflow/dags/etl_postgres_to_clickhouse.py
[2026-01-06T16:16:04.880+0000] {processor.py:830} INFO - Processing file /opt/airflow/dags/etl_postgres_to_clickhouse.py for tasks to queue
[2026-01-06T16:16:04.885+0000] {logging_mixin.py:188} INFO - [2026-01-06T16:16:04.884+0000] {dagbag.py:545} INFO - Filling up the DagBag from /opt/airflow/dags/etl_postgres_to_clickhouse.py
[2026-01-06T16:16:05.285+0000] {processor.py:840} INFO - DAG(s) 'pg_to_clickhouse_sliding_window' retrieved from /opt/airflow/dags/etl_postgres_to_clickhouse.py
[2026-01-06T16:16:05.330+0000] {logging_mixin.py:188} INFO - [2026-01-06T16:16:05.329+0000] {dag.py:3096} INFO - Sync 1 DAGs
[2026-01-06T16:16:05.371+0000] {logging_mixin.py:188} INFO - [2026-01-06T16:16:05.370+0000] {dag.py:3954} INFO - Setting next_dagrun for pg_to_clickhouse_sliding_window to 2026-01-06 16:16:00+00:00, run_after=2026-01-06 16:16:10+00:00
[2026-01-06T16:16:05.397+0000] {processor.py:183} INFO - Processing /opt/airflow/dags/etl_postgres_to_clickhouse.py took 0.538 seconds
[2026-01-06T16:16:35.737+0000] {processor.py:161} INFO - Started process (PID=435) to work on /opt/airflow/dags/etl_postgres_to_clickhouse.py
[2026-01-06T16:16:35.739+0000] {processor.py:830} INFO - Processing file /opt/airflow/dags/etl_postgres_to_clickhouse.py for tasks to queue
[2026-01-06T16:16:35.742+0000] {logging_mixin.py:188} INFO - [2026-01-06T16:16:35.742+0000] {dagbag.py:545} INFO - Filling up the DagBag from /opt/airflow/dags/etl_postgres_to_clickhouse.py
[2026-01-06T16:16:36.060+0000] {processor.py:840} INFO - DAG(s) 'pg_to_clickhouse_sliding_window' retrieved from /opt/airflow/dags/etl_postgres_to_clickhouse.py
[2026-01-06T16:16:36.104+0000] {logging_mixin.py:188} INFO - [2026-01-06T16:16:36.103+0000] {dag.py:3096} INFO - Sync 1 DAGs
[2026-01-06T16:16:36.162+0000] {logging_mixin.py:188} INFO - [2026-01-06T16:16:36.161+0000] {dag.py:3954} INFO - Setting next_dagrun for pg_to_clickhouse_sliding_window to 2026-01-06 16:16:30+00:00, run_after=2026-01-06 16:16:40+00:00
[2026-01-06T16:16:36.224+0000] {processor.py:183} INFO - Processing /opt/airflow/dags/etl_postgres_to_clickhouse.py took 0.497 seconds
[2026-01-06T16:17:06.659+0000] {processor.py:161} INFO - Started process (PID=461) to work on /opt/airflow/dags/etl_postgres_to_clickhouse.py
[2026-01-06T16:17:06.660+0000] {processor.py:830} INFO - Processing file /opt/airflow/dags/etl_postgres_to_clickhouse.py for tasks to queue
[2026-01-06T16:17:06.663+0000] {logging_mixin.py:188} INFO - [2026-01-06T16:17:06.662+0000] {dagbag.py:545} INFO - Filling up the DagBag from /opt/airflow/dags/etl_postgres_to_clickhouse.py
[2026-01-06T16:17:07.081+0000] {processor.py:840} INFO - DAG(s) 'pg_to_clickhouse_sliding_window' retrieved from /opt/airflow/dags/etl_postgres_to_clickhouse.py
[2026-01-06T16:17:07.153+0000] {logging_mixin.py:188} INFO - [2026-01-06T16:17:07.152+0000] {dag.py:3096} INFO - Sync 1 DAGs
[2026-01-06T16:17:07.195+0000] {logging_mixin.py:188} INFO - [2026-01-06T16:17:07.195+0000] {dag.py:3954} INFO - Setting next_dagrun for pg_to_clickhouse_sliding_window to 2026-01-06 16:17:00+00:00, run_after=2026-01-06 16:17:10+00:00
[2026-01-06T16:17:07.233+0000] {processor.py:183} INFO - Processing /opt/airflow/dags/etl_postgres_to_clickhouse.py took 0.585 seconds
[2026-01-06T16:17:37.380+0000] {processor.py:161} INFO - Started process (PID=486) to work on /opt/airflow/dags/etl_postgres_to_clickhouse.py
[2026-01-06T16:17:37.381+0000] {processor.py:830} INFO - Processing file /opt/airflow/dags/etl_postgres_to_clickhouse.py for tasks to queue
[2026-01-06T16:17:37.383+0000] {logging_mixin.py:188} INFO - [2026-01-06T16:17:37.383+0000] {dagbag.py:545} INFO - Filling up the DagBag from /opt/airflow/dags/etl_postgres_to_clickhouse.py
[2026-01-06T16:17:37.642+0000] {processor.py:840} INFO - DAG(s) 'pg_to_clickhouse_sliding_window' retrieved from /opt/airflow/dags/etl_postgres_to_clickhouse.py
[2026-01-06T16:17:37.675+0000] {logging_mixin.py:188} INFO - [2026-01-06T16:17:37.675+0000] {dag.py:3096} INFO - Sync 1 DAGs
[2026-01-06T16:17:37.704+0000] {logging_mixin.py:188} INFO - [2026-01-06T16:17:37.704+0000] {dag.py:3954} INFO - Setting next_dagrun for pg_to_clickhouse_sliding_window to 2026-01-06 16:17:30+00:00, run_after=2026-01-06 16:17:40+00:00
[2026-01-06T16:17:37.729+0000] {processor.py:183} INFO - Processing /opt/airflow/dags/etl_postgres_to_clickhouse.py took 0.357 seconds
