[2026-01-04T15:42:45.939+0000] {processor.py:161} INFO - Started process (PID=176) to work on /opt/airflow/dags/etl_postgres_to_clickhouse.py
[2026-01-04T15:42:45.941+0000] {processor.py:830} INFO - Processing file /opt/airflow/dags/etl_postgres_to_clickhouse.py for tasks to queue
[2026-01-04T15:42:45.946+0000] {logging_mixin.py:188} INFO - [2026-01-04T15:42:45.945+0000] {dagbag.py:545} INFO - Filling up the DagBag from /opt/airflow/dags/etl_postgres_to_clickhouse.py
[2026-01-04T15:42:45.979+0000] {logging_mixin.py:188} INFO - [2026-01-04T15:42:45.974+0000] {dagbag.py:355} ERROR - Failed to import: /opt/airflow/dags/etl_postgres_to_clickhouse.py
Traceback (most recent call last):
  File "/home/airflow/.local/lib/python3.12/site-packages/airflow/models/dagbag.py", line 351, in parse
    loader.exec_module(new_module)
  File "<frozen importlib._bootstrap_external>", line 995, in exec_module
  File "<frozen importlib._bootstrap>", line 488, in _call_with_frames_removed
  File "/opt/airflow/dags/etl_postgres_to_clickhouse.py", line 5, in <module>
    from clickhouse_driver import Client
ModuleNotFoundError: No module named 'clickhouse_driver'
[2026-01-04T15:42:45.981+0000] {processor.py:842} WARNING - No viable dags retrieved from /opt/airflow/dags/etl_postgres_to_clickhouse.py
[2026-01-04T15:42:46.013+0000] {processor.py:183} INFO - Processing /opt/airflow/dags/etl_postgres_to_clickhouse.py took 0.083 seconds
[2026-01-04T15:43:16.175+0000] {processor.py:161} INFO - Started process (PID=200) to work on /opt/airflow/dags/etl_postgres_to_clickhouse.py
[2026-01-04T15:43:16.176+0000] {processor.py:830} INFO - Processing file /opt/airflow/dags/etl_postgres_to_clickhouse.py for tasks to queue
[2026-01-04T15:43:16.177+0000] {logging_mixin.py:188} INFO - [2026-01-04T15:43:16.177+0000] {dagbag.py:545} INFO - Filling up the DagBag from /opt/airflow/dags/etl_postgres_to_clickhouse.py
[2026-01-04T15:43:16.202+0000] {logging_mixin.py:188} INFO - [2026-01-04T15:43:16.198+0000] {dagbag.py:355} ERROR - Failed to import: /opt/airflow/dags/etl_postgres_to_clickhouse.py
Traceback (most recent call last):
  File "/home/airflow/.local/lib/python3.12/site-packages/airflow/models/dagbag.py", line 351, in parse
    loader.exec_module(new_module)
  File "<frozen importlib._bootstrap_external>", line 995, in exec_module
  File "<frozen importlib._bootstrap>", line 488, in _call_with_frames_removed
  File "/opt/airflow/dags/etl_postgres_to_clickhouse.py", line 5, in <module>
    from clickhouse_driver import Client
ModuleNotFoundError: No module named 'clickhouse_driver'
[2026-01-04T15:43:16.204+0000] {processor.py:842} WARNING - No viable dags retrieved from /opt/airflow/dags/etl_postgres_to_clickhouse.py
[2026-01-04T15:43:16.240+0000] {processor.py:183} INFO - Processing /opt/airflow/dags/etl_postgres_to_clickhouse.py took 0.072 seconds
[2026-01-04T15:43:46.395+0000] {processor.py:161} INFO - Started process (PID=206) to work on /opt/airflow/dags/etl_postgres_to_clickhouse.py
[2026-01-04T15:43:46.396+0000] {processor.py:830} INFO - Processing file /opt/airflow/dags/etl_postgres_to_clickhouse.py for tasks to queue
[2026-01-04T15:43:46.398+0000] {logging_mixin.py:188} INFO - [2026-01-04T15:43:46.398+0000] {dagbag.py:545} INFO - Filling up the DagBag from /opt/airflow/dags/etl_postgres_to_clickhouse.py
[2026-01-04T15:43:46.435+0000] {logging_mixin.py:188} INFO - [2026-01-04T15:43:46.425+0000] {dagbag.py:355} ERROR - Failed to import: /opt/airflow/dags/etl_postgres_to_clickhouse.py
Traceback (most recent call last):
  File "/home/airflow/.local/lib/python3.12/site-packages/airflow/models/dagbag.py", line 351, in parse
    loader.exec_module(new_module)
  File "<frozen importlib._bootstrap_external>", line 995, in exec_module
  File "<frozen importlib._bootstrap>", line 488, in _call_with_frames_removed
  File "/opt/airflow/dags/etl_postgres_to_clickhouse.py", line 5, in <module>
    from clickhouse_driver import Client
ModuleNotFoundError: No module named 'clickhouse_driver'
[2026-01-04T15:43:46.437+0000] {processor.py:842} WARNING - No viable dags retrieved from /opt/airflow/dags/etl_postgres_to_clickhouse.py
[2026-01-04T15:43:46.463+0000] {processor.py:183} INFO - Processing /opt/airflow/dags/etl_postgres_to_clickhouse.py took 0.074 seconds
[2026-01-04T15:44:16.643+0000] {processor.py:161} INFO - Started process (PID=212) to work on /opt/airflow/dags/etl_postgres_to_clickhouse.py
[2026-01-04T15:44:16.644+0000] {processor.py:830} INFO - Processing file /opt/airflow/dags/etl_postgres_to_clickhouse.py for tasks to queue
[2026-01-04T15:44:16.647+0000] {logging_mixin.py:188} INFO - [2026-01-04T15:44:16.646+0000] {dagbag.py:545} INFO - Filling up the DagBag from /opt/airflow/dags/etl_postgres_to_clickhouse.py
[2026-01-04T15:44:16.668+0000] {logging_mixin.py:188} INFO - [2026-01-04T15:44:16.664+0000] {dagbag.py:355} ERROR - Failed to import: /opt/airflow/dags/etl_postgres_to_clickhouse.py
Traceback (most recent call last):
  File "/home/airflow/.local/lib/python3.12/site-packages/airflow/models/dagbag.py", line 351, in parse
    loader.exec_module(new_module)
  File "<frozen importlib._bootstrap_external>", line 995, in exec_module
  File "<frozen importlib._bootstrap>", line 488, in _call_with_frames_removed
  File "/opt/airflow/dags/etl_postgres_to_clickhouse.py", line 5, in <module>
    from clickhouse_driver import Client
ModuleNotFoundError: No module named 'clickhouse_driver'
[2026-01-04T15:44:16.670+0000] {processor.py:842} WARNING - No viable dags retrieved from /opt/airflow/dags/etl_postgres_to_clickhouse.py
[2026-01-04T15:44:16.696+0000] {processor.py:183} INFO - Processing /opt/airflow/dags/etl_postgres_to_clickhouse.py took 0.059 seconds
[2026-01-04T15:44:46.841+0000] {processor.py:161} INFO - Started process (PID=217) to work on /opt/airflow/dags/etl_postgres_to_clickhouse.py
[2026-01-04T15:44:46.842+0000] {processor.py:830} INFO - Processing file /opt/airflow/dags/etl_postgres_to_clickhouse.py for tasks to queue
[2026-01-04T15:44:46.845+0000] {logging_mixin.py:188} INFO - [2026-01-04T15:44:46.844+0000] {dagbag.py:545} INFO - Filling up the DagBag from /opt/airflow/dags/etl_postgres_to_clickhouse.py
[2026-01-04T15:44:46.875+0000] {logging_mixin.py:188} INFO - [2026-01-04T15:44:46.870+0000] {dagbag.py:355} ERROR - Failed to import: /opt/airflow/dags/etl_postgres_to_clickhouse.py
Traceback (most recent call last):
  File "/home/airflow/.local/lib/python3.12/site-packages/airflow/models/dagbag.py", line 351, in parse
    loader.exec_module(new_module)
  File "<frozen importlib._bootstrap_external>", line 995, in exec_module
  File "<frozen importlib._bootstrap>", line 488, in _call_with_frames_removed
  File "/opt/airflow/dags/etl_postgres_to_clickhouse.py", line 5, in <module>
    from clickhouse_driver import Client
ModuleNotFoundError: No module named 'clickhouse_driver'
[2026-01-04T15:44:46.877+0000] {processor.py:842} WARNING - No viable dags retrieved from /opt/airflow/dags/etl_postgres_to_clickhouse.py
[2026-01-04T15:44:46.903+0000] {processor.py:183} INFO - Processing /opt/airflow/dags/etl_postgres_to_clickhouse.py took 0.069 seconds
[2026-01-04T15:45:17.045+0000] {processor.py:161} INFO - Started process (PID=222) to work on /opt/airflow/dags/etl_postgres_to_clickhouse.py
[2026-01-04T15:45:17.047+0000] {processor.py:830} INFO - Processing file /opt/airflow/dags/etl_postgres_to_clickhouse.py for tasks to queue
[2026-01-04T15:45:17.050+0000] {logging_mixin.py:188} INFO - [2026-01-04T15:45:17.049+0000] {dagbag.py:545} INFO - Filling up the DagBag from /opt/airflow/dags/etl_postgres_to_clickhouse.py
[2026-01-04T15:45:17.071+0000] {logging_mixin.py:188} INFO - [2026-01-04T15:45:17.066+0000] {dagbag.py:355} ERROR - Failed to import: /opt/airflow/dags/etl_postgres_to_clickhouse.py
Traceback (most recent call last):
  File "/home/airflow/.local/lib/python3.12/site-packages/airflow/models/dagbag.py", line 351, in parse
    loader.exec_module(new_module)
  File "<frozen importlib._bootstrap_external>", line 995, in exec_module
  File "<frozen importlib._bootstrap>", line 488, in _call_with_frames_removed
  File "/opt/airflow/dags/etl_postgres_to_clickhouse.py", line 5, in <module>
    from clickhouse_driver import Client
ModuleNotFoundError: No module named 'clickhouse_driver'
[2026-01-04T15:45:17.078+0000] {processor.py:842} WARNING - No viable dags retrieved from /opt/airflow/dags/etl_postgres_to_clickhouse.py
[2026-01-04T15:45:17.118+0000] {processor.py:183} INFO - Processing /opt/airflow/dags/etl_postgres_to_clickhouse.py took 0.080 seconds
[2026-01-04T15:45:47.300+0000] {processor.py:161} INFO - Started process (PID=227) to work on /opt/airflow/dags/etl_postgres_to_clickhouse.py
[2026-01-04T15:45:47.302+0000] {processor.py:830} INFO - Processing file /opt/airflow/dags/etl_postgres_to_clickhouse.py for tasks to queue
[2026-01-04T15:45:47.304+0000] {logging_mixin.py:188} INFO - [2026-01-04T15:45:47.304+0000] {dagbag.py:545} INFO - Filling up the DagBag from /opt/airflow/dags/etl_postgres_to_clickhouse.py
[2026-01-04T15:45:47.330+0000] {logging_mixin.py:188} INFO - [2026-01-04T15:45:47.325+0000] {dagbag.py:355} ERROR - Failed to import: /opt/airflow/dags/etl_postgres_to_clickhouse.py
Traceback (most recent call last):
  File "/home/airflow/.local/lib/python3.12/site-packages/airflow/models/dagbag.py", line 351, in parse
    loader.exec_module(new_module)
  File "<frozen importlib._bootstrap_external>", line 995, in exec_module
  File "<frozen importlib._bootstrap>", line 488, in _call_with_frames_removed
  File "/opt/airflow/dags/etl_postgres_to_clickhouse.py", line 5, in <module>
    from clickhouse_driver import Client
ModuleNotFoundError: No module named 'clickhouse_driver'
[2026-01-04T15:45:47.339+0000] {processor.py:842} WARNING - No viable dags retrieved from /opt/airflow/dags/etl_postgres_to_clickhouse.py
[2026-01-04T15:45:47.382+0000] {processor.py:183} INFO - Processing /opt/airflow/dags/etl_postgres_to_clickhouse.py took 0.089 seconds
[2026-01-04T15:46:17.492+0000] {processor.py:161} INFO - Started process (PID=232) to work on /opt/airflow/dags/etl_postgres_to_clickhouse.py
[2026-01-04T15:46:17.493+0000] {processor.py:830} INFO - Processing file /opt/airflow/dags/etl_postgres_to_clickhouse.py for tasks to queue
[2026-01-04T15:46:17.496+0000] {logging_mixin.py:188} INFO - [2026-01-04T15:46:17.495+0000] {dagbag.py:545} INFO - Filling up the DagBag from /opt/airflow/dags/etl_postgres_to_clickhouse.py
[2026-01-04T15:46:17.520+0000] {logging_mixin.py:188} INFO - [2026-01-04T15:46:17.514+0000] {dagbag.py:355} ERROR - Failed to import: /opt/airflow/dags/etl_postgres_to_clickhouse.py
Traceback (most recent call last):
  File "/home/airflow/.local/lib/python3.12/site-packages/airflow/models/dagbag.py", line 351, in parse
    loader.exec_module(new_module)
  File "<frozen importlib._bootstrap_external>", line 995, in exec_module
  File "<frozen importlib._bootstrap>", line 488, in _call_with_frames_removed
  File "/opt/airflow/dags/etl_postgres_to_clickhouse.py", line 5, in <module>
    from clickhouse_driver import Client
ModuleNotFoundError: No module named 'clickhouse_driver'
[2026-01-04T15:46:17.521+0000] {processor.py:842} WARNING - No viable dags retrieved from /opt/airflow/dags/etl_postgres_to_clickhouse.py
[2026-01-04T15:46:17.548+0000] {processor.py:183} INFO - Processing /opt/airflow/dags/etl_postgres_to_clickhouse.py took 0.062 seconds
[2026-01-04T15:46:47.753+0000] {processor.py:161} INFO - Started process (PID=237) to work on /opt/airflow/dags/etl_postgres_to_clickhouse.py
[2026-01-04T15:46:47.754+0000] {processor.py:830} INFO - Processing file /opt/airflow/dags/etl_postgres_to_clickhouse.py for tasks to queue
[2026-01-04T15:46:47.757+0000] {logging_mixin.py:188} INFO - [2026-01-04T15:46:47.757+0000] {dagbag.py:545} INFO - Filling up the DagBag from /opt/airflow/dags/etl_postgres_to_clickhouse.py
[2026-01-04T15:46:47.782+0000] {logging_mixin.py:188} INFO - [2026-01-04T15:46:47.777+0000] {dagbag.py:355} ERROR - Failed to import: /opt/airflow/dags/etl_postgres_to_clickhouse.py
Traceback (most recent call last):
  File "/home/airflow/.local/lib/python3.12/site-packages/airflow/models/dagbag.py", line 351, in parse
    loader.exec_module(new_module)
  File "<frozen importlib._bootstrap_external>", line 995, in exec_module
  File "<frozen importlib._bootstrap>", line 488, in _call_with_frames_removed
  File "/opt/airflow/dags/etl_postgres_to_clickhouse.py", line 5, in <module>
    from clickhouse_driver import Client
ModuleNotFoundError: No module named 'clickhouse_driver'
[2026-01-04T15:46:47.784+0000] {processor.py:842} WARNING - No viable dags retrieved from /opt/airflow/dags/etl_postgres_to_clickhouse.py
[2026-01-04T15:46:47.809+0000] {processor.py:183} INFO - Processing /opt/airflow/dags/etl_postgres_to_clickhouse.py took 0.063 seconds
[2026-01-04T15:47:17.975+0000] {processor.py:161} INFO - Started process (PID=242) to work on /opt/airflow/dags/etl_postgres_to_clickhouse.py
[2026-01-04T15:47:17.976+0000] {processor.py:830} INFO - Processing file /opt/airflow/dags/etl_postgres_to_clickhouse.py for tasks to queue
[2026-01-04T15:47:17.979+0000] {logging_mixin.py:188} INFO - [2026-01-04T15:47:17.978+0000] {dagbag.py:545} INFO - Filling up the DagBag from /opt/airflow/dags/etl_postgres_to_clickhouse.py
[2026-01-04T15:47:18.010+0000] {logging_mixin.py:188} INFO - [2026-01-04T15:47:18.004+0000] {dagbag.py:355} ERROR - Failed to import: /opt/airflow/dags/etl_postgres_to_clickhouse.py
Traceback (most recent call last):
  File "/home/airflow/.local/lib/python3.12/site-packages/airflow/models/dagbag.py", line 351, in parse
    loader.exec_module(new_module)
  File "<frozen importlib._bootstrap_external>", line 995, in exec_module
  File "<frozen importlib._bootstrap>", line 488, in _call_with_frames_removed
  File "/opt/airflow/dags/etl_postgres_to_clickhouse.py", line 5, in <module>
    from clickhouse_driver import Client
ModuleNotFoundError: No module named 'clickhouse_driver'
[2026-01-04T15:47:18.013+0000] {processor.py:842} WARNING - No viable dags retrieved from /opt/airflow/dags/etl_postgres_to_clickhouse.py
[2026-01-04T15:47:18.039+0000] {processor.py:183} INFO - Processing /opt/airflow/dags/etl_postgres_to_clickhouse.py took 0.073 seconds
[2026-01-04T15:50:17.574+0000] {processor.py:161} INFO - Started process (PID=167) to work on /opt/airflow/dags/etl_postgres_to_clickhouse.py
[2026-01-04T15:50:17.576+0000] {processor.py:830} INFO - Processing file /opt/airflow/dags/etl_postgres_to_clickhouse.py for tasks to queue
[2026-01-04T15:50:17.579+0000] {logging_mixin.py:188} INFO - [2026-01-04T15:50:17.578+0000] {dagbag.py:545} INFO - Filling up the DagBag from /opt/airflow/dags/etl_postgres_to_clickhouse.py
[2026-01-04T15:50:17.609+0000] {logging_mixin.py:188} INFO - [2026-01-04T15:50:17.599+0000] {dagbag.py:355} ERROR - Failed to import: /opt/airflow/dags/etl_postgres_to_clickhouse.py
Traceback (most recent call last):
  File "/home/airflow/.local/lib/python3.12/site-packages/airflow/models/dagbag.py", line 351, in parse
    loader.exec_module(new_module)
  File "<frozen importlib._bootstrap_external>", line 995, in exec_module
  File "<frozen importlib._bootstrap>", line 488, in _call_with_frames_removed
  File "/opt/airflow/dags/etl_postgres_to_clickhouse.py", line 5, in <module>
    from clickhouse_driver import Client
ModuleNotFoundError: No module named 'clickhouse_driver'
[2026-01-04T15:50:17.611+0000] {processor.py:842} WARNING - No viable dags retrieved from /opt/airflow/dags/etl_postgres_to_clickhouse.py
[2026-01-04T15:50:17.641+0000] {processor.py:183} INFO - Processing /opt/airflow/dags/etl_postgres_to_clickhouse.py took 0.076 seconds
[2026-01-04T15:50:47.824+0000] {processor.py:161} INFO - Started process (PID=201) to work on /opt/airflow/dags/etl_postgres_to_clickhouse.py
[2026-01-04T15:50:47.825+0000] {processor.py:830} INFO - Processing file /opt/airflow/dags/etl_postgres_to_clickhouse.py for tasks to queue
[2026-01-04T15:50:47.829+0000] {logging_mixin.py:188} INFO - [2026-01-04T15:50:47.828+0000] {dagbag.py:545} INFO - Filling up the DagBag from /opt/airflow/dags/etl_postgres_to_clickhouse.py
[2026-01-04T15:50:47.864+0000] {logging_mixin.py:188} INFO - [2026-01-04T15:50:47.858+0000] {dagbag.py:355} ERROR - Failed to import: /opt/airflow/dags/etl_postgres_to_clickhouse.py
Traceback (most recent call last):
  File "/home/airflow/.local/lib/python3.12/site-packages/airflow/models/dagbag.py", line 351, in parse
    loader.exec_module(new_module)
  File "<frozen importlib._bootstrap_external>", line 995, in exec_module
  File "<frozen importlib._bootstrap>", line 488, in _call_with_frames_removed
  File "/opt/airflow/dags/etl_postgres_to_clickhouse.py", line 5, in <module>
    from clickhouse_driver import Client
ModuleNotFoundError: No module named 'clickhouse_driver'
[2026-01-04T15:50:47.866+0000] {processor.py:842} WARNING - No viable dags retrieved from /opt/airflow/dags/etl_postgres_to_clickhouse.py
[2026-01-04T15:50:47.917+0000] {processor.py:183} INFO - Processing /opt/airflow/dags/etl_postgres_to_clickhouse.py took 0.106 seconds
[2026-01-04T15:51:18.023+0000] {processor.py:161} INFO - Started process (PID=207) to work on /opt/airflow/dags/etl_postgres_to_clickhouse.py
[2026-01-04T15:51:18.024+0000] {processor.py:830} INFO - Processing file /opt/airflow/dags/etl_postgres_to_clickhouse.py for tasks to queue
[2026-01-04T15:51:18.026+0000] {logging_mixin.py:188} INFO - [2026-01-04T15:51:18.026+0000] {dagbag.py:545} INFO - Filling up the DagBag from /opt/airflow/dags/etl_postgres_to_clickhouse.py
[2026-01-04T15:51:18.045+0000] {logging_mixin.py:188} INFO - [2026-01-04T15:51:18.042+0000] {dagbag.py:355} ERROR - Failed to import: /opt/airflow/dags/etl_postgres_to_clickhouse.py
Traceback (most recent call last):
  File "/home/airflow/.local/lib/python3.12/site-packages/airflow/models/dagbag.py", line 351, in parse
    loader.exec_module(new_module)
  File "<frozen importlib._bootstrap_external>", line 995, in exec_module
  File "<frozen importlib._bootstrap>", line 488, in _call_with_frames_removed
  File "/opt/airflow/dags/etl_postgres_to_clickhouse.py", line 5, in <module>
    from clickhouse_driver import Client
ModuleNotFoundError: No module named 'clickhouse_driver'
[2026-01-04T15:51:18.047+0000] {processor.py:842} WARNING - No viable dags retrieved from /opt/airflow/dags/etl_postgres_to_clickhouse.py
[2026-01-04T15:51:18.077+0000] {processor.py:183} INFO - Processing /opt/airflow/dags/etl_postgres_to_clickhouse.py took 0.064 seconds
[2026-01-04T15:51:48.289+0000] {processor.py:161} INFO - Started process (PID=212) to work on /opt/airflow/dags/etl_postgres_to_clickhouse.py
[2026-01-04T15:51:48.291+0000] {processor.py:830} INFO - Processing file /opt/airflow/dags/etl_postgres_to_clickhouse.py for tasks to queue
[2026-01-04T15:51:48.293+0000] {logging_mixin.py:188} INFO - [2026-01-04T15:51:48.292+0000] {dagbag.py:545} INFO - Filling up the DagBag from /opt/airflow/dags/etl_postgres_to_clickhouse.py
[2026-01-04T15:51:48.316+0000] {logging_mixin.py:188} INFO - [2026-01-04T15:51:48.310+0000] {dagbag.py:355} ERROR - Failed to import: /opt/airflow/dags/etl_postgres_to_clickhouse.py
Traceback (most recent call last):
  File "/home/airflow/.local/lib/python3.12/site-packages/airflow/models/dagbag.py", line 351, in parse
    loader.exec_module(new_module)
  File "<frozen importlib._bootstrap_external>", line 995, in exec_module
  File "<frozen importlib._bootstrap>", line 488, in _call_with_frames_removed
  File "/opt/airflow/dags/etl_postgres_to_clickhouse.py", line 5, in <module>
    from clickhouse_driver import Client
ModuleNotFoundError: No module named 'clickhouse_driver'
[2026-01-04T15:51:48.319+0000] {processor.py:842} WARNING - No viable dags retrieved from /opt/airflow/dags/etl_postgres_to_clickhouse.py
[2026-01-04T15:51:48.350+0000] {processor.py:183} INFO - Processing /opt/airflow/dags/etl_postgres_to_clickhouse.py took 0.067 seconds
[2026-01-04T15:52:18.485+0000] {processor.py:161} INFO - Started process (PID=217) to work on /opt/airflow/dags/etl_postgres_to_clickhouse.py
[2026-01-04T15:52:18.486+0000] {processor.py:830} INFO - Processing file /opt/airflow/dags/etl_postgres_to_clickhouse.py for tasks to queue
[2026-01-04T15:52:18.489+0000] {logging_mixin.py:188} INFO - [2026-01-04T15:52:18.489+0000] {dagbag.py:545} INFO - Filling up the DagBag from /opt/airflow/dags/etl_postgres_to_clickhouse.py
[2026-01-04T15:52:18.511+0000] {logging_mixin.py:188} INFO - [2026-01-04T15:52:18.506+0000] {dagbag.py:355} ERROR - Failed to import: /opt/airflow/dags/etl_postgres_to_clickhouse.py
Traceback (most recent call last):
  File "/home/airflow/.local/lib/python3.12/site-packages/airflow/models/dagbag.py", line 351, in parse
    loader.exec_module(new_module)
  File "<frozen importlib._bootstrap_external>", line 995, in exec_module
  File "<frozen importlib._bootstrap>", line 488, in _call_with_frames_removed
  File "/opt/airflow/dags/etl_postgres_to_clickhouse.py", line 5, in <module>
    from clickhouse_driver import Client
ModuleNotFoundError: No module named 'clickhouse_driver'
[2026-01-04T15:52:18.513+0000] {processor.py:842} WARNING - No viable dags retrieved from /opt/airflow/dags/etl_postgres_to_clickhouse.py
[2026-01-04T15:52:18.552+0000] {processor.py:183} INFO - Processing /opt/airflow/dags/etl_postgres_to_clickhouse.py took 0.077 seconds
[2026-01-04T15:52:48.738+0000] {processor.py:161} INFO - Started process (PID=222) to work on /opt/airflow/dags/etl_postgres_to_clickhouse.py
[2026-01-04T15:52:48.739+0000] {processor.py:830} INFO - Processing file /opt/airflow/dags/etl_postgres_to_clickhouse.py for tasks to queue
[2026-01-04T15:52:48.741+0000] {logging_mixin.py:188} INFO - [2026-01-04T15:52:48.741+0000] {dagbag.py:545} INFO - Filling up the DagBag from /opt/airflow/dags/etl_postgres_to_clickhouse.py
[2026-01-04T15:52:48.777+0000] {logging_mixin.py:188} INFO - [2026-01-04T15:52:48.768+0000] {dagbag.py:355} ERROR - Failed to import: /opt/airflow/dags/etl_postgres_to_clickhouse.py
Traceback (most recent call last):
  File "/home/airflow/.local/lib/python3.12/site-packages/airflow/models/dagbag.py", line 351, in parse
    loader.exec_module(new_module)
  File "<frozen importlib._bootstrap_external>", line 995, in exec_module
  File "<frozen importlib._bootstrap>", line 488, in _call_with_frames_removed
  File "/opt/airflow/dags/etl_postgres_to_clickhouse.py", line 5, in <module>
    from clickhouse_driver import Client
ModuleNotFoundError: No module named 'clickhouse_driver'
[2026-01-04T15:52:48.779+0000] {processor.py:842} WARNING - No viable dags retrieved from /opt/airflow/dags/etl_postgres_to_clickhouse.py
[2026-01-04T15:52:48.808+0000] {processor.py:183} INFO - Processing /opt/airflow/dags/etl_postgres_to_clickhouse.py took 0.078 seconds
[2026-01-04T15:53:18.940+0000] {processor.py:161} INFO - Started process (PID=227) to work on /opt/airflow/dags/etl_postgres_to_clickhouse.py
[2026-01-04T15:53:18.941+0000] {processor.py:830} INFO - Processing file /opt/airflow/dags/etl_postgres_to_clickhouse.py for tasks to queue
[2026-01-04T15:53:18.944+0000] {logging_mixin.py:188} INFO - [2026-01-04T15:53:18.943+0000] {dagbag.py:545} INFO - Filling up the DagBag from /opt/airflow/dags/etl_postgres_to_clickhouse.py
[2026-01-04T15:53:18.970+0000] {logging_mixin.py:188} INFO - [2026-01-04T15:53:18.965+0000] {dagbag.py:355} ERROR - Failed to import: /opt/airflow/dags/etl_postgres_to_clickhouse.py
Traceback (most recent call last):
  File "/home/airflow/.local/lib/python3.12/site-packages/airflow/models/dagbag.py", line 351, in parse
    loader.exec_module(new_module)
  File "<frozen importlib._bootstrap_external>", line 995, in exec_module
  File "<frozen importlib._bootstrap>", line 488, in _call_with_frames_removed
  File "/opt/airflow/dags/etl_postgres_to_clickhouse.py", line 5, in <module>
    from clickhouse_driver import Client
ModuleNotFoundError: No module named 'clickhouse_driver'
[2026-01-04T15:53:18.972+0000] {processor.py:842} WARNING - No viable dags retrieved from /opt/airflow/dags/etl_postgres_to_clickhouse.py
[2026-01-04T15:53:18.998+0000] {processor.py:183} INFO - Processing /opt/airflow/dags/etl_postgres_to_clickhouse.py took 0.066 seconds
[2026-01-04T15:53:49.191+0000] {processor.py:161} INFO - Started process (PID=232) to work on /opt/airflow/dags/etl_postgres_to_clickhouse.py
[2026-01-04T15:53:49.192+0000] {processor.py:830} INFO - Processing file /opt/airflow/dags/etl_postgres_to_clickhouse.py for tasks to queue
[2026-01-04T15:53:49.195+0000] {logging_mixin.py:188} INFO - [2026-01-04T15:53:49.195+0000] {dagbag.py:545} INFO - Filling up the DagBag from /opt/airflow/dags/etl_postgres_to_clickhouse.py
[2026-01-04T15:53:49.219+0000] {logging_mixin.py:188} INFO - [2026-01-04T15:53:49.213+0000] {dagbag.py:355} ERROR - Failed to import: /opt/airflow/dags/etl_postgres_to_clickhouse.py
Traceback (most recent call last):
  File "/home/airflow/.local/lib/python3.12/site-packages/airflow/models/dagbag.py", line 351, in parse
    loader.exec_module(new_module)
  File "<frozen importlib._bootstrap_external>", line 995, in exec_module
  File "<frozen importlib._bootstrap>", line 488, in _call_with_frames_removed
  File "/opt/airflow/dags/etl_postgres_to_clickhouse.py", line 5, in <module>
    from clickhouse_driver import Client
ModuleNotFoundError: No module named 'clickhouse_driver'
[2026-01-04T15:53:49.221+0000] {processor.py:842} WARNING - No viable dags retrieved from /opt/airflow/dags/etl_postgres_to_clickhouse.py
[2026-01-04T15:53:49.252+0000] {processor.py:183} INFO - Processing /opt/airflow/dags/etl_postgres_to_clickhouse.py took 0.070 seconds
[2026-01-04T15:54:19.404+0000] {processor.py:161} INFO - Started process (PID=237) to work on /opt/airflow/dags/etl_postgres_to_clickhouse.py
[2026-01-04T15:54:19.405+0000] {processor.py:830} INFO - Processing file /opt/airflow/dags/etl_postgres_to_clickhouse.py for tasks to queue
[2026-01-04T15:54:19.411+0000] {logging_mixin.py:188} INFO - [2026-01-04T15:54:19.410+0000] {dagbag.py:545} INFO - Filling up the DagBag from /opt/airflow/dags/etl_postgres_to_clickhouse.py
[2026-01-04T15:54:19.433+0000] {logging_mixin.py:188} INFO - [2026-01-04T15:54:19.428+0000] {dagbag.py:355} ERROR - Failed to import: /opt/airflow/dags/etl_postgres_to_clickhouse.py
Traceback (most recent call last):
  File "/home/airflow/.local/lib/python3.12/site-packages/airflow/models/dagbag.py", line 351, in parse
    loader.exec_module(new_module)
  File "<frozen importlib._bootstrap_external>", line 995, in exec_module
  File "<frozen importlib._bootstrap>", line 488, in _call_with_frames_removed
  File "/opt/airflow/dags/etl_postgres_to_clickhouse.py", line 5, in <module>
    from clickhouse_driver import Client
ModuleNotFoundError: No module named 'clickhouse_driver'
[2026-01-04T15:54:19.434+0000] {processor.py:842} WARNING - No viable dags retrieved from /opt/airflow/dags/etl_postgres_to_clickhouse.py
[2026-01-04T15:54:19.461+0000] {processor.py:183} INFO - Processing /opt/airflow/dags/etl_postgres_to_clickhouse.py took 0.065 seconds
[2026-01-04T15:54:49.658+0000] {processor.py:161} INFO - Started process (PID=242) to work on /opt/airflow/dags/etl_postgres_to_clickhouse.py
[2026-01-04T15:54:49.659+0000] {processor.py:830} INFO - Processing file /opt/airflow/dags/etl_postgres_to_clickhouse.py for tasks to queue
[2026-01-04T15:54:49.663+0000] {logging_mixin.py:188} INFO - [2026-01-04T15:54:49.662+0000] {dagbag.py:545} INFO - Filling up the DagBag from /opt/airflow/dags/etl_postgres_to_clickhouse.py
[2026-01-04T15:54:49.687+0000] {logging_mixin.py:188} INFO - [2026-01-04T15:54:49.682+0000] {dagbag.py:355} ERROR - Failed to import: /opt/airflow/dags/etl_postgres_to_clickhouse.py
Traceback (most recent call last):
  File "/home/airflow/.local/lib/python3.12/site-packages/airflow/models/dagbag.py", line 351, in parse
    loader.exec_module(new_module)
  File "<frozen importlib._bootstrap_external>", line 995, in exec_module
  File "<frozen importlib._bootstrap>", line 488, in _call_with_frames_removed
  File "/opt/airflow/dags/etl_postgres_to_clickhouse.py", line 5, in <module>
    from clickhouse_driver import Client
ModuleNotFoundError: No module named 'clickhouse_driver'
[2026-01-04T15:54:49.689+0000] {processor.py:842} WARNING - No viable dags retrieved from /opt/airflow/dags/etl_postgres_to_clickhouse.py
[2026-01-04T15:54:49.716+0000] {processor.py:183} INFO - Processing /opt/airflow/dags/etl_postgres_to_clickhouse.py took 0.067 seconds
[2026-01-04T15:55:19.937+0000] {processor.py:161} INFO - Started process (PID=247) to work on /opt/airflow/dags/etl_postgres_to_clickhouse.py
[2026-01-04T15:55:19.938+0000] {processor.py:830} INFO - Processing file /opt/airflow/dags/etl_postgres_to_clickhouse.py for tasks to queue
[2026-01-04T15:55:19.940+0000] {logging_mixin.py:188} INFO - [2026-01-04T15:55:19.940+0000] {dagbag.py:545} INFO - Filling up the DagBag from /opt/airflow/dags/etl_postgres_to_clickhouse.py
[2026-01-04T15:55:19.963+0000] {logging_mixin.py:188} INFO - [2026-01-04T15:55:19.959+0000] {dagbag.py:355} ERROR - Failed to import: /opt/airflow/dags/etl_postgres_to_clickhouse.py
Traceback (most recent call last):
  File "/home/airflow/.local/lib/python3.12/site-packages/airflow/models/dagbag.py", line 351, in parse
    loader.exec_module(new_module)
  File "<frozen importlib._bootstrap_external>", line 995, in exec_module
  File "<frozen importlib._bootstrap>", line 488, in _call_with_frames_removed
  File "/opt/airflow/dags/etl_postgres_to_clickhouse.py", line 5, in <module>
    from clickhouse_driver import Client
ModuleNotFoundError: No module named 'clickhouse_driver'
[2026-01-04T15:55:19.966+0000] {processor.py:842} WARNING - No viable dags retrieved from /opt/airflow/dags/etl_postgres_to_clickhouse.py
[2026-01-04T15:55:19.993+0000] {processor.py:183} INFO - Processing /opt/airflow/dags/etl_postgres_to_clickhouse.py took 0.063 seconds
[2026-01-04T15:55:50.151+0000] {processor.py:161} INFO - Started process (PID=252) to work on /opt/airflow/dags/etl_postgres_to_clickhouse.py
[2026-01-04T15:55:50.154+0000] {processor.py:830} INFO - Processing file /opt/airflow/dags/etl_postgres_to_clickhouse.py for tasks to queue
[2026-01-04T15:55:50.157+0000] {logging_mixin.py:188} INFO - [2026-01-04T15:55:50.156+0000] {dagbag.py:545} INFO - Filling up the DagBag from /opt/airflow/dags/etl_postgres_to_clickhouse.py
[2026-01-04T15:55:50.180+0000] {logging_mixin.py:188} INFO - [2026-01-04T15:55:50.175+0000] {dagbag.py:355} ERROR - Failed to import: /opt/airflow/dags/etl_postgres_to_clickhouse.py
Traceback (most recent call last):
  File "/home/airflow/.local/lib/python3.12/site-packages/airflow/models/dagbag.py", line 351, in parse
    loader.exec_module(new_module)
  File "<frozen importlib._bootstrap_external>", line 995, in exec_module
  File "<frozen importlib._bootstrap>", line 488, in _call_with_frames_removed
  File "/opt/airflow/dags/etl_postgres_to_clickhouse.py", line 5, in <module>
    from clickhouse_driver import Client
ModuleNotFoundError: No module named 'clickhouse_driver'
[2026-01-04T15:55:50.182+0000] {processor.py:842} WARNING - No viable dags retrieved from /opt/airflow/dags/etl_postgres_to_clickhouse.py
[2026-01-04T15:55:50.213+0000] {processor.py:183} INFO - Processing /opt/airflow/dags/etl_postgres_to_clickhouse.py took 0.070 seconds
[2026-01-04T15:56:20.351+0000] {processor.py:161} INFO - Started process (PID=257) to work on /opt/airflow/dags/etl_postgres_to_clickhouse.py
[2026-01-04T15:56:20.352+0000] {processor.py:830} INFO - Processing file /opt/airflow/dags/etl_postgres_to_clickhouse.py for tasks to queue
[2026-01-04T15:56:20.354+0000] {logging_mixin.py:188} INFO - [2026-01-04T15:56:20.354+0000] {dagbag.py:545} INFO - Filling up the DagBag from /opt/airflow/dags/etl_postgres_to_clickhouse.py
[2026-01-04T15:56:20.382+0000] {logging_mixin.py:188} INFO - [2026-01-04T15:56:20.377+0000] {dagbag.py:355} ERROR - Failed to import: /opt/airflow/dags/etl_postgres_to_clickhouse.py
Traceback (most recent call last):
  File "/home/airflow/.local/lib/python3.12/site-packages/airflow/models/dagbag.py", line 351, in parse
    loader.exec_module(new_module)
  File "<frozen importlib._bootstrap_external>", line 995, in exec_module
  File "<frozen importlib._bootstrap>", line 488, in _call_with_frames_removed
  File "/opt/airflow/dags/etl_postgres_to_clickhouse.py", line 5, in <module>
    from clickhouse_driver import Client
ModuleNotFoundError: No module named 'clickhouse_driver'
[2026-01-04T15:56:20.384+0000] {processor.py:842} WARNING - No viable dags retrieved from /opt/airflow/dags/etl_postgres_to_clickhouse.py
[2026-01-04T15:56:20.412+0000] {processor.py:183} INFO - Processing /opt/airflow/dags/etl_postgres_to_clickhouse.py took 0.068 seconds
[2026-01-04T16:48:32.222+0000] {processor.py:161} INFO - Started process (PID=182) to work on /opt/airflow/dags/etl_postgres_to_clickhouse.py
[2026-01-04T16:48:32.225+0000] {processor.py:830} INFO - Processing file /opt/airflow/dags/etl_postgres_to_clickhouse.py for tasks to queue
[2026-01-04T16:48:32.229+0000] {logging_mixin.py:188} INFO - [2026-01-04T16:48:32.228+0000] {dagbag.py:545} INFO - Filling up the DagBag from /opt/airflow/dags/etl_postgres_to_clickhouse.py
[2026-01-04T16:48:32.303+0000] {logging_mixin.py:188} INFO - [2026-01-04T16:48:32.296+0000] {dagbag.py:355} ERROR - Failed to import: /opt/airflow/dags/etl_postgres_to_clickhouse.py
Traceback (most recent call last):
  File "/home/airflow/.local/lib/python3.12/site-packages/airflow/models/dagbag.py", line 351, in parse
    loader.exec_module(new_module)
  File "<frozen importlib._bootstrap_external>", line 995, in exec_module
  File "<frozen importlib._bootstrap>", line 488, in _call_with_frames_removed
  File "/opt/airflow/dags/etl_postgres_to_clickhouse.py", line 5, in <module>
    from clickhouse_driver import Client
ModuleNotFoundError: No module named 'clickhouse_driver'
[2026-01-04T16:48:32.306+0000] {processor.py:842} WARNING - No viable dags retrieved from /opt/airflow/dags/etl_postgres_to_clickhouse.py
[2026-01-04T16:48:32.345+0000] {processor.py:183} INFO - Processing /opt/airflow/dags/etl_postgres_to_clickhouse.py took 0.135 seconds
[2026-01-04T16:49:02.523+0000] {processor.py:161} INFO - Started process (PID=227) to work on /opt/airflow/dags/etl_postgres_to_clickhouse.py
[2026-01-04T16:49:02.525+0000] {processor.py:830} INFO - Processing file /opt/airflow/dags/etl_postgres_to_clickhouse.py for tasks to queue
[2026-01-04T16:49:02.530+0000] {logging_mixin.py:188} INFO - [2026-01-04T16:49:02.529+0000] {dagbag.py:545} INFO - Filling up the DagBag from /opt/airflow/dags/etl_postgres_to_clickhouse.py
[2026-01-04T16:49:02.558+0000] {logging_mixin.py:188} INFO - [2026-01-04T16:49:02.550+0000] {dagbag.py:355} ERROR - Failed to import: /opt/airflow/dags/etl_postgres_to_clickhouse.py
Traceback (most recent call last):
  File "/home/airflow/.local/lib/python3.12/site-packages/airflow/models/dagbag.py", line 351, in parse
    loader.exec_module(new_module)
  File "<frozen importlib._bootstrap_external>", line 995, in exec_module
  File "<frozen importlib._bootstrap>", line 488, in _call_with_frames_removed
  File "/opt/airflow/dags/etl_postgres_to_clickhouse.py", line 5, in <module>
    from clickhouse_driver import Client
ModuleNotFoundError: No module named 'clickhouse_driver'
[2026-01-04T16:49:02.561+0000] {processor.py:842} WARNING - No viable dags retrieved from /opt/airflow/dags/etl_postgres_to_clickhouse.py
[2026-01-04T16:49:02.603+0000] {processor.py:183} INFO - Processing /opt/airflow/dags/etl_postgres_to_clickhouse.py took 0.091 seconds
[2026-01-04T16:49:32.744+0000] {processor.py:161} INFO - Started process (PID=246) to work on /opt/airflow/dags/etl_postgres_to_clickhouse.py
[2026-01-04T16:49:32.745+0000] {processor.py:830} INFO - Processing file /opt/airflow/dags/etl_postgres_to_clickhouse.py for tasks to queue
[2026-01-04T16:49:32.748+0000] {logging_mixin.py:188} INFO - [2026-01-04T16:49:32.748+0000] {dagbag.py:545} INFO - Filling up the DagBag from /opt/airflow/dags/etl_postgres_to_clickhouse.py
[2026-01-04T16:49:32.777+0000] {logging_mixin.py:188} INFO - [2026-01-04T16:49:32.768+0000] {dagbag.py:355} ERROR - Failed to import: /opt/airflow/dags/etl_postgres_to_clickhouse.py
Traceback (most recent call last):
  File "/home/airflow/.local/lib/python3.12/site-packages/airflow/models/dagbag.py", line 351, in parse
    loader.exec_module(new_module)
  File "<frozen importlib._bootstrap_external>", line 995, in exec_module
  File "<frozen importlib._bootstrap>", line 488, in _call_with_frames_removed
  File "/opt/airflow/dags/etl_postgres_to_clickhouse.py", line 5, in <module>
    from clickhouse_driver import Client
ModuleNotFoundError: No module named 'clickhouse_driver'
[2026-01-04T16:49:32.780+0000] {processor.py:842} WARNING - No viable dags retrieved from /opt/airflow/dags/etl_postgres_to_clickhouse.py
[2026-01-04T16:49:32.812+0000] {processor.py:183} INFO - Processing /opt/airflow/dags/etl_postgres_to_clickhouse.py took 0.078 seconds
[2026-01-04T16:50:02.977+0000] {processor.py:161} INFO - Started process (PID=265) to work on /opt/airflow/dags/etl_postgres_to_clickhouse.py
[2026-01-04T16:50:02.978+0000] {processor.py:830} INFO - Processing file /opt/airflow/dags/etl_postgres_to_clickhouse.py for tasks to queue
[2026-01-04T16:50:02.980+0000] {logging_mixin.py:188} INFO - [2026-01-04T16:50:02.980+0000] {dagbag.py:545} INFO - Filling up the DagBag from /opt/airflow/dags/etl_postgres_to_clickhouse.py
[2026-01-04T16:50:03.004+0000] {logging_mixin.py:188} INFO - [2026-01-04T16:50:02.999+0000] {dagbag.py:355} ERROR - Failed to import: /opt/airflow/dags/etl_postgres_to_clickhouse.py
Traceback (most recent call last):
  File "/home/airflow/.local/lib/python3.12/site-packages/airflow/models/dagbag.py", line 351, in parse
    loader.exec_module(new_module)
  File "<frozen importlib._bootstrap_external>", line 995, in exec_module
  File "<frozen importlib._bootstrap>", line 488, in _call_with_frames_removed
  File "/opt/airflow/dags/etl_postgres_to_clickhouse.py", line 5, in <module>
    from clickhouse_driver import Client
ModuleNotFoundError: No module named 'clickhouse_driver'
[2026-01-04T16:50:03.006+0000] {processor.py:842} WARNING - No viable dags retrieved from /opt/airflow/dags/etl_postgres_to_clickhouse.py
[2026-01-04T16:50:03.031+0000] {processor.py:183} INFO - Processing /opt/airflow/dags/etl_postgres_to_clickhouse.py took 0.061 seconds
[2026-01-04T16:53:25.550+0000] {processor.py:161} INFO - Started process (PID=182) to work on /opt/airflow/dags/etl_postgres_to_clickhouse.py
[2026-01-04T16:53:25.551+0000] {processor.py:830} INFO - Processing file /opt/airflow/dags/etl_postgres_to_clickhouse.py for tasks to queue
[2026-01-04T16:53:25.553+0000] {logging_mixin.py:188} INFO - [2026-01-04T16:53:25.553+0000] {dagbag.py:545} INFO - Filling up the DagBag from /opt/airflow/dags/etl_postgres_to_clickhouse.py
[2026-01-04T16:53:25.572+0000] {logging_mixin.py:188} INFO - [2026-01-04T16:53:25.568+0000] {dagbag.py:355} ERROR - Failed to import: /opt/airflow/dags/etl_postgres_to_clickhouse.py
Traceback (most recent call last):
  File "/home/airflow/.local/lib/python3.12/site-packages/airflow/models/dagbag.py", line 351, in parse
    loader.exec_module(new_module)
  File "<frozen importlib._bootstrap_external>", line 995, in exec_module
  File "<frozen importlib._bootstrap>", line 488, in _call_with_frames_removed
  File "/opt/airflow/dags/etl_postgres_to_clickhouse.py", line 5, in <module>
    from clickhouse_driver import Client
ModuleNotFoundError: No module named 'clickhouse_driver'
[2026-01-04T16:53:25.573+0000] {processor.py:842} WARNING - No viable dags retrieved from /opt/airflow/dags/etl_postgres_to_clickhouse.py
[2026-01-04T16:53:25.602+0000] {processor.py:183} INFO - Processing /opt/airflow/dags/etl_postgres_to_clickhouse.py took 0.061 seconds
[2026-01-04T16:55:35.062+0000] {processor.py:161} INFO - Started process (PID=189) to work on /opt/airflow/dags/etl_postgres_to_clickhouse.py
[2026-01-04T16:55:35.064+0000] {processor.py:830} INFO - Processing file /opt/airflow/dags/etl_postgres_to_clickhouse.py for tasks to queue
[2026-01-04T16:55:35.068+0000] {logging_mixin.py:188} INFO - [2026-01-04T16:55:35.067+0000] {dagbag.py:545} INFO - Filling up the DagBag from /opt/airflow/dags/etl_postgres_to_clickhouse.py
[2026-01-04T16:55:35.102+0000] {logging_mixin.py:188} INFO - [2026-01-04T16:55:35.094+0000] {dagbag.py:355} ERROR - Failed to import: /opt/airflow/dags/etl_postgres_to_clickhouse.py
Traceback (most recent call last):
  File "/home/airflow/.local/lib/python3.12/site-packages/airflow/models/dagbag.py", line 351, in parse
    loader.exec_module(new_module)
  File "<frozen importlib._bootstrap_external>", line 995, in exec_module
  File "<frozen importlib._bootstrap>", line 488, in _call_with_frames_removed
  File "/opt/airflow/dags/etl_postgres_to_clickhouse.py", line 5, in <module>
    from clickhouse_driver import Client
ModuleNotFoundError: No module named 'clickhouse_driver'
[2026-01-04T16:55:35.105+0000] {processor.py:842} WARNING - No viable dags retrieved from /opt/airflow/dags/etl_postgres_to_clickhouse.py
[2026-01-04T16:55:35.147+0000] {processor.py:183} INFO - Processing /opt/airflow/dags/etl_postgres_to_clickhouse.py took 0.097 seconds
[2026-01-04T16:56:05.400+0000] {processor.py:161} INFO - Started process (PID=217) to work on /opt/airflow/dags/etl_postgres_to_clickhouse.py
[2026-01-04T16:56:05.401+0000] {processor.py:830} INFO - Processing file /opt/airflow/dags/etl_postgres_to_clickhouse.py for tasks to queue
[2026-01-04T16:56:05.406+0000] {logging_mixin.py:188} INFO - [2026-01-04T16:56:05.405+0000] {dagbag.py:545} INFO - Filling up the DagBag from /opt/airflow/dags/etl_postgres_to_clickhouse.py
[2026-01-04T16:56:05.449+0000] {logging_mixin.py:188} INFO - [2026-01-04T16:56:05.439+0000] {dagbag.py:355} ERROR - Failed to import: /opt/airflow/dags/etl_postgres_to_clickhouse.py
Traceback (most recent call last):
  File "/home/airflow/.local/lib/python3.12/site-packages/airflow/models/dagbag.py", line 351, in parse
    loader.exec_module(new_module)
  File "<frozen importlib._bootstrap_external>", line 995, in exec_module
  File "<frozen importlib._bootstrap>", line 488, in _call_with_frames_removed
  File "/opt/airflow/dags/etl_postgres_to_clickhouse.py", line 5, in <module>
    from clickhouse_driver import Client
ModuleNotFoundError: No module named 'clickhouse_driver'
[2026-01-04T16:56:05.453+0000] {processor.py:842} WARNING - No viable dags retrieved from /opt/airflow/dags/etl_postgres_to_clickhouse.py
[2026-01-04T16:56:05.508+0000] {processor.py:183} INFO - Processing /opt/airflow/dags/etl_postgres_to_clickhouse.py took 0.121 seconds
[2026-01-04T16:56:35.680+0000] {processor.py:161} INFO - Started process (PID=246) to work on /opt/airflow/dags/etl_postgres_to_clickhouse.py
[2026-01-04T16:56:35.681+0000] {processor.py:830} INFO - Processing file /opt/airflow/dags/etl_postgres_to_clickhouse.py for tasks to queue
[2026-01-04T16:56:35.684+0000] {logging_mixin.py:188} INFO - [2026-01-04T16:56:35.683+0000] {dagbag.py:545} INFO - Filling up the DagBag from /opt/airflow/dags/etl_postgres_to_clickhouse.py
[2026-01-04T16:56:35.706+0000] {logging_mixin.py:188} INFO - [2026-01-04T16:56:35.701+0000] {dagbag.py:355} ERROR - Failed to import: /opt/airflow/dags/etl_postgres_to_clickhouse.py
Traceback (most recent call last):
  File "/home/airflow/.local/lib/python3.12/site-packages/airflow/models/dagbag.py", line 351, in parse
    loader.exec_module(new_module)
  File "<frozen importlib._bootstrap_external>", line 995, in exec_module
  File "<frozen importlib._bootstrap>", line 488, in _call_with_frames_removed
  File "/opt/airflow/dags/etl_postgres_to_clickhouse.py", line 5, in <module>
    from clickhouse_driver import Client
ModuleNotFoundError: No module named 'clickhouse_driver'
[2026-01-04T16:56:35.708+0000] {processor.py:842} WARNING - No viable dags retrieved from /opt/airflow/dags/etl_postgres_to_clickhouse.py
[2026-01-04T16:56:35.737+0000] {processor.py:183} INFO - Processing /opt/airflow/dags/etl_postgres_to_clickhouse.py took 0.065 seconds
[2026-01-04T16:57:05.961+0000] {processor.py:161} INFO - Started process (PID=265) to work on /opt/airflow/dags/etl_postgres_to_clickhouse.py
[2026-01-04T16:57:05.962+0000] {processor.py:830} INFO - Processing file /opt/airflow/dags/etl_postgres_to_clickhouse.py for tasks to queue
[2026-01-04T16:57:05.964+0000] {logging_mixin.py:188} INFO - [2026-01-04T16:57:05.964+0000] {dagbag.py:545} INFO - Filling up the DagBag from /opt/airflow/dags/etl_postgres_to_clickhouse.py
[2026-01-04T16:57:05.986+0000] {logging_mixin.py:188} INFO - [2026-01-04T16:57:05.982+0000] {dagbag.py:355} ERROR - Failed to import: /opt/airflow/dags/etl_postgres_to_clickhouse.py
Traceback (most recent call last):
  File "/home/airflow/.local/lib/python3.12/site-packages/airflow/models/dagbag.py", line 351, in parse
    loader.exec_module(new_module)
  File "<frozen importlib._bootstrap_external>", line 995, in exec_module
  File "<frozen importlib._bootstrap>", line 488, in _call_with_frames_removed
  File "/opt/airflow/dags/etl_postgres_to_clickhouse.py", line 5, in <module>
    from clickhouse_driver import Client
ModuleNotFoundError: No module named 'clickhouse_driver'
[2026-01-04T16:57:05.988+0000] {processor.py:842} WARNING - No viable dags retrieved from /opt/airflow/dags/etl_postgres_to_clickhouse.py
[2026-01-04T16:57:06.015+0000] {processor.py:183} INFO - Processing /opt/airflow/dags/etl_postgres_to_clickhouse.py took 0.063 seconds
[2026-01-04T16:57:36.166+0000] {processor.py:161} INFO - Started process (PID=291) to work on /opt/airflow/dags/etl_postgres_to_clickhouse.py
[2026-01-04T16:57:36.167+0000] {processor.py:830} INFO - Processing file /opt/airflow/dags/etl_postgres_to_clickhouse.py for tasks to queue
[2026-01-04T16:57:36.169+0000] {logging_mixin.py:188} INFO - [2026-01-04T16:57:36.169+0000] {dagbag.py:545} INFO - Filling up the DagBag from /opt/airflow/dags/etl_postgres_to_clickhouse.py
[2026-01-04T16:57:36.194+0000] {logging_mixin.py:188} INFO - [2026-01-04T16:57:36.188+0000] {dagbag.py:355} ERROR - Failed to import: /opt/airflow/dags/etl_postgres_to_clickhouse.py
Traceback (most recent call last):
  File "/home/airflow/.local/lib/python3.12/site-packages/airflow/models/dagbag.py", line 351, in parse
    loader.exec_module(new_module)
  File "<frozen importlib._bootstrap_external>", line 995, in exec_module
  File "<frozen importlib._bootstrap>", line 488, in _call_with_frames_removed
  File "/opt/airflow/dags/etl_postgres_to_clickhouse.py", line 5, in <module>
    from clickhouse_driver import Client
ModuleNotFoundError: No module named 'clickhouse_driver'
[2026-01-04T16:57:36.195+0000] {processor.py:842} WARNING - No viable dags retrieved from /opt/airflow/dags/etl_postgres_to_clickhouse.py
[2026-01-04T16:57:36.222+0000] {processor.py:183} INFO - Processing /opt/airflow/dags/etl_postgres_to_clickhouse.py took 0.064 seconds
[2026-01-04T16:58:06.373+0000] {processor.py:161} INFO - Started process (PID=310) to work on /opt/airflow/dags/etl_postgres_to_clickhouse.py
[2026-01-04T16:58:06.374+0000] {processor.py:830} INFO - Processing file /opt/airflow/dags/etl_postgres_to_clickhouse.py for tasks to queue
[2026-01-04T16:58:06.376+0000] {logging_mixin.py:188} INFO - [2026-01-04T16:58:06.376+0000] {dagbag.py:545} INFO - Filling up the DagBag from /opt/airflow/dags/etl_postgres_to_clickhouse.py
[2026-01-04T16:58:06.399+0000] {logging_mixin.py:188} INFO - [2026-01-04T16:58:06.395+0000] {dagbag.py:355} ERROR - Failed to import: /opt/airflow/dags/etl_postgres_to_clickhouse.py
Traceback (most recent call last):
  File "/home/airflow/.local/lib/python3.12/site-packages/airflow/models/dagbag.py", line 351, in parse
    loader.exec_module(new_module)
  File "<frozen importlib._bootstrap_external>", line 995, in exec_module
  File "<frozen importlib._bootstrap>", line 488, in _call_with_frames_removed
  File "/opt/airflow/dags/etl_postgres_to_clickhouse.py", line 5, in <module>
    from clickhouse_driver import Client
ModuleNotFoundError: No module named 'clickhouse_driver'
[2026-01-04T16:58:06.401+0000] {processor.py:842} WARNING - No viable dags retrieved from /opt/airflow/dags/etl_postgres_to_clickhouse.py
[2026-01-04T16:58:06.427+0000] {processor.py:183} INFO - Processing /opt/airflow/dags/etl_postgres_to_clickhouse.py took 0.061 seconds
[2026-01-04T16:58:36.595+0000] {processor.py:161} INFO - Started process (PID=329) to work on /opt/airflow/dags/etl_postgres_to_clickhouse.py
[2026-01-04T16:58:36.596+0000] {processor.py:830} INFO - Processing file /opt/airflow/dags/etl_postgres_to_clickhouse.py for tasks to queue
[2026-01-04T16:58:36.598+0000] {logging_mixin.py:188} INFO - [2026-01-04T16:58:36.597+0000] {dagbag.py:545} INFO - Filling up the DagBag from /opt/airflow/dags/etl_postgres_to_clickhouse.py
[2026-01-04T16:58:36.617+0000] {logging_mixin.py:188} INFO - [2026-01-04T16:58:36.613+0000] {dagbag.py:355} ERROR - Failed to import: /opt/airflow/dags/etl_postgres_to_clickhouse.py
Traceback (most recent call last):
  File "/home/airflow/.local/lib/python3.12/site-packages/airflow/models/dagbag.py", line 351, in parse
    loader.exec_module(new_module)
  File "<frozen importlib._bootstrap_external>", line 995, in exec_module
  File "<frozen importlib._bootstrap>", line 488, in _call_with_frames_removed
  File "/opt/airflow/dags/etl_postgres_to_clickhouse.py", line 5, in <module>
    from clickhouse_driver import Client
ModuleNotFoundError: No module named 'clickhouse_driver'
[2026-01-04T16:58:36.619+0000] {processor.py:842} WARNING - No viable dags retrieved from /opt/airflow/dags/etl_postgres_to_clickhouse.py
[2026-01-04T16:58:36.651+0000] {processor.py:183} INFO - Processing /opt/airflow/dags/etl_postgres_to_clickhouse.py took 0.062 seconds
[2026-01-04T16:59:06.790+0000] {processor.py:161} INFO - Started process (PID=355) to work on /opt/airflow/dags/etl_postgres_to_clickhouse.py
[2026-01-04T16:59:06.791+0000] {processor.py:830} INFO - Processing file /opt/airflow/dags/etl_postgres_to_clickhouse.py for tasks to queue
[2026-01-04T16:59:06.793+0000] {logging_mixin.py:188} INFO - [2026-01-04T16:59:06.793+0000] {dagbag.py:545} INFO - Filling up the DagBag from /opt/airflow/dags/etl_postgres_to_clickhouse.py
[2026-01-04T16:59:06.815+0000] {logging_mixin.py:188} INFO - [2026-01-04T16:59:06.810+0000] {dagbag.py:355} ERROR - Failed to import: /opt/airflow/dags/etl_postgres_to_clickhouse.py
Traceback (most recent call last):
  File "/home/airflow/.local/lib/python3.12/site-packages/airflow/models/dagbag.py", line 351, in parse
    loader.exec_module(new_module)
  File "<frozen importlib._bootstrap_external>", line 995, in exec_module
  File "<frozen importlib._bootstrap>", line 488, in _call_with_frames_removed
  File "/opt/airflow/dags/etl_postgres_to_clickhouse.py", line 5, in <module>
    from clickhouse_driver import Client
ModuleNotFoundError: No module named 'clickhouse_driver'
[2026-01-04T16:59:06.816+0000] {processor.py:842} WARNING - No viable dags retrieved from /opt/airflow/dags/etl_postgres_to_clickhouse.py
[2026-01-04T16:59:06.846+0000] {processor.py:183} INFO - Processing /opt/airflow/dags/etl_postgres_to_clickhouse.py took 0.064 seconds
[2026-01-04T16:59:37.008+0000] {processor.py:161} INFO - Started process (PID=374) to work on /opt/airflow/dags/etl_postgres_to_clickhouse.py
[2026-01-04T16:59:37.009+0000] {processor.py:830} INFO - Processing file /opt/airflow/dags/etl_postgres_to_clickhouse.py for tasks to queue
[2026-01-04T16:59:37.011+0000] {logging_mixin.py:188} INFO - [2026-01-04T16:59:37.011+0000] {dagbag.py:545} INFO - Filling up the DagBag from /opt/airflow/dags/etl_postgres_to_clickhouse.py
[2026-01-04T16:59:37.032+0000] {logging_mixin.py:188} INFO - [2026-01-04T16:59:37.027+0000] {dagbag.py:355} ERROR - Failed to import: /opt/airflow/dags/etl_postgres_to_clickhouse.py
Traceback (most recent call last):
  File "/home/airflow/.local/lib/python3.12/site-packages/airflow/models/dagbag.py", line 351, in parse
    loader.exec_module(new_module)
  File "<frozen importlib._bootstrap_external>", line 995, in exec_module
  File "<frozen importlib._bootstrap>", line 488, in _call_with_frames_removed
  File "/opt/airflow/dags/etl_postgres_to_clickhouse.py", line 5, in <module>
    from clickhouse_driver import Client
ModuleNotFoundError: No module named 'clickhouse_driver'
[2026-01-04T16:59:37.034+0000] {processor.py:842} WARNING - No viable dags retrieved from /opt/airflow/dags/etl_postgres_to_clickhouse.py
[2026-01-04T16:59:37.060+0000] {processor.py:183} INFO - Processing /opt/airflow/dags/etl_postgres_to_clickhouse.py took 0.058 seconds
[2026-01-04T17:00:07.195+0000] {processor.py:161} INFO - Started process (PID=393) to work on /opt/airflow/dags/etl_postgres_to_clickhouse.py
[2026-01-04T17:00:07.196+0000] {processor.py:830} INFO - Processing file /opt/airflow/dags/etl_postgres_to_clickhouse.py for tasks to queue
[2026-01-04T17:00:07.198+0000] {logging_mixin.py:188} INFO - [2026-01-04T17:00:07.198+0000] {dagbag.py:545} INFO - Filling up the DagBag from /opt/airflow/dags/etl_postgres_to_clickhouse.py
[2026-01-04T17:00:07.223+0000] {logging_mixin.py:188} INFO - [2026-01-04T17:00:07.216+0000] {dagbag.py:355} ERROR - Failed to import: /opt/airflow/dags/etl_postgres_to_clickhouse.py
Traceback (most recent call last):
  File "/home/airflow/.local/lib/python3.12/site-packages/airflow/models/dagbag.py", line 351, in parse
    loader.exec_module(new_module)
  File "<frozen importlib._bootstrap_external>", line 995, in exec_module
  File "<frozen importlib._bootstrap>", line 488, in _call_with_frames_removed
  File "/opt/airflow/dags/etl_postgres_to_clickhouse.py", line 5, in <module>
    from clickhouse_driver import Client
ModuleNotFoundError: No module named 'clickhouse_driver'
[2026-01-04T17:00:07.226+0000] {processor.py:842} WARNING - No viable dags retrieved from /opt/airflow/dags/etl_postgres_to_clickhouse.py
[2026-01-04T17:00:07.255+0000] {processor.py:183} INFO - Processing /opt/airflow/dags/etl_postgres_to_clickhouse.py took 0.067 seconds
[2026-01-04T17:00:37.468+0000] {processor.py:161} INFO - Started process (PID=420) to work on /opt/airflow/dags/etl_postgres_to_clickhouse.py
[2026-01-04T17:00:37.469+0000] {processor.py:830} INFO - Processing file /opt/airflow/dags/etl_postgres_to_clickhouse.py for tasks to queue
[2026-01-04T17:00:37.472+0000] {logging_mixin.py:188} INFO - [2026-01-04T17:00:37.471+0000] {dagbag.py:545} INFO - Filling up the DagBag from /opt/airflow/dags/etl_postgres_to_clickhouse.py
[2026-01-04T17:00:37.493+0000] {logging_mixin.py:188} INFO - [2026-01-04T17:00:37.488+0000] {dagbag.py:355} ERROR - Failed to import: /opt/airflow/dags/etl_postgres_to_clickhouse.py
Traceback (most recent call last):
  File "/home/airflow/.local/lib/python3.12/site-packages/airflow/models/dagbag.py", line 351, in parse
    loader.exec_module(new_module)
  File "<frozen importlib._bootstrap_external>", line 995, in exec_module
  File "<frozen importlib._bootstrap>", line 488, in _call_with_frames_removed
  File "/opt/airflow/dags/etl_postgres_to_clickhouse.py", line 5, in <module>
    from clickhouse_driver import Client
ModuleNotFoundError: No module named 'clickhouse_driver'
[2026-01-04T17:00:37.495+0000] {processor.py:842} WARNING - No viable dags retrieved from /opt/airflow/dags/etl_postgres_to_clickhouse.py
[2026-01-04T17:00:37.526+0000] {processor.py:183} INFO - Processing /opt/airflow/dags/etl_postgres_to_clickhouse.py took 0.066 seconds
[2026-01-04T17:01:07.645+0000] {processor.py:161} INFO - Started process (PID=439) to work on /opt/airflow/dags/etl_postgres_to_clickhouse.py
[2026-01-04T17:01:07.646+0000] {processor.py:830} INFO - Processing file /opt/airflow/dags/etl_postgres_to_clickhouse.py for tasks to queue
[2026-01-04T17:01:07.648+0000] {logging_mixin.py:188} INFO - [2026-01-04T17:01:07.648+0000] {dagbag.py:545} INFO - Filling up the DagBag from /opt/airflow/dags/etl_postgres_to_clickhouse.py
[2026-01-04T17:01:07.673+0000] {logging_mixin.py:188} INFO - [2026-01-04T17:01:07.664+0000] {dagbag.py:355} ERROR - Failed to import: /opt/airflow/dags/etl_postgres_to_clickhouse.py
Traceback (most recent call last):
  File "/home/airflow/.local/lib/python3.12/site-packages/airflow/models/dagbag.py", line 351, in parse
    loader.exec_module(new_module)
  File "<frozen importlib._bootstrap_external>", line 995, in exec_module
  File "<frozen importlib._bootstrap>", line 488, in _call_with_frames_removed
  File "/opt/airflow/dags/etl_postgres_to_clickhouse.py", line 5, in <module>
    from clickhouse_driver import Client
ModuleNotFoundError: No module named 'clickhouse_driver'
[2026-01-04T17:01:07.675+0000] {processor.py:842} WARNING - No viable dags retrieved from /opt/airflow/dags/etl_postgres_to_clickhouse.py
[2026-01-04T17:01:07.702+0000] {processor.py:183} INFO - Processing /opt/airflow/dags/etl_postgres_to_clickhouse.py took 0.063 seconds
[2026-01-04T17:01:37.882+0000] {processor.py:161} INFO - Started process (PID=459) to work on /opt/airflow/dags/etl_postgres_to_clickhouse.py
[2026-01-04T17:01:37.883+0000] {processor.py:830} INFO - Processing file /opt/airflow/dags/etl_postgres_to_clickhouse.py for tasks to queue
[2026-01-04T17:01:37.885+0000] {logging_mixin.py:188} INFO - [2026-01-04T17:01:37.884+0000] {dagbag.py:545} INFO - Filling up the DagBag from /opt/airflow/dags/etl_postgres_to_clickhouse.py
[2026-01-04T17:01:37.913+0000] {logging_mixin.py:188} INFO - [2026-01-04T17:01:37.907+0000] {dagbag.py:355} ERROR - Failed to import: /opt/airflow/dags/etl_postgres_to_clickhouse.py
Traceback (most recent call last):
  File "/home/airflow/.local/lib/python3.12/site-packages/airflow/models/dagbag.py", line 351, in parse
    loader.exec_module(new_module)
  File "<frozen importlib._bootstrap_external>", line 995, in exec_module
  File "<frozen importlib._bootstrap>", line 488, in _call_with_frames_removed
  File "/opt/airflow/dags/etl_postgres_to_clickhouse.py", line 5, in <module>
    from clickhouse_driver import Client
ModuleNotFoundError: No module named 'clickhouse_driver'
[2026-01-04T17:01:37.915+0000] {processor.py:842} WARNING - No viable dags retrieved from /opt/airflow/dags/etl_postgres_to_clickhouse.py
[2026-01-04T17:01:37.941+0000] {processor.py:183} INFO - Processing /opt/airflow/dags/etl_postgres_to_clickhouse.py took 0.067 seconds
[2026-01-04T17:02:08.077+0000] {processor.py:161} INFO - Started process (PID=486) to work on /opt/airflow/dags/etl_postgres_to_clickhouse.py
[2026-01-04T17:02:08.080+0000] {processor.py:830} INFO - Processing file /opt/airflow/dags/etl_postgres_to_clickhouse.py for tasks to queue
[2026-01-04T17:02:08.083+0000] {logging_mixin.py:188} INFO - [2026-01-04T17:02:08.082+0000] {dagbag.py:545} INFO - Filling up the DagBag from /opt/airflow/dags/etl_postgres_to_clickhouse.py
[2026-01-04T17:02:08.113+0000] {logging_mixin.py:188} INFO - [2026-01-04T17:02:08.100+0000] {dagbag.py:355} ERROR - Failed to import: /opt/airflow/dags/etl_postgres_to_clickhouse.py
Traceback (most recent call last):
  File "/home/airflow/.local/lib/python3.12/site-packages/airflow/models/dagbag.py", line 351, in parse
    loader.exec_module(new_module)
  File "<frozen importlib._bootstrap_external>", line 995, in exec_module
  File "<frozen importlib._bootstrap>", line 488, in _call_with_frames_removed
  File "/opt/airflow/dags/etl_postgres_to_clickhouse.py", line 5, in <module>
    from clickhouse_driver import Client
ModuleNotFoundError: No module named 'clickhouse_driver'
[2026-01-04T17:02:08.116+0000] {processor.py:842} WARNING - No viable dags retrieved from /opt/airflow/dags/etl_postgres_to_clickhouse.py
[2026-01-04T17:02:08.146+0000] {processor.py:183} INFO - Processing /opt/airflow/dags/etl_postgres_to_clickhouse.py took 0.078 seconds
[2026-01-04T17:02:38.309+0000] {processor.py:161} INFO - Started process (PID=504) to work on /opt/airflow/dags/etl_postgres_to_clickhouse.py
[2026-01-04T17:02:38.310+0000] {processor.py:830} INFO - Processing file /opt/airflow/dags/etl_postgres_to_clickhouse.py for tasks to queue
[2026-01-04T17:02:38.312+0000] {logging_mixin.py:188} INFO - [2026-01-04T17:02:38.312+0000] {dagbag.py:545} INFO - Filling up the DagBag from /opt/airflow/dags/etl_postgres_to_clickhouse.py
[2026-01-04T17:02:38.334+0000] {logging_mixin.py:188} INFO - [2026-01-04T17:02:38.330+0000] {dagbag.py:355} ERROR - Failed to import: /opt/airflow/dags/etl_postgres_to_clickhouse.py
Traceback (most recent call last):
  File "/home/airflow/.local/lib/python3.12/site-packages/airflow/models/dagbag.py", line 351, in parse
    loader.exec_module(new_module)
  File "<frozen importlib._bootstrap_external>", line 995, in exec_module
  File "<frozen importlib._bootstrap>", line 488, in _call_with_frames_removed
  File "/opt/airflow/dags/etl_postgres_to_clickhouse.py", line 5, in <module>
    from clickhouse_driver import Client
ModuleNotFoundError: No module named 'clickhouse_driver'
[2026-01-04T17:02:38.335+0000] {processor.py:842} WARNING - No viable dags retrieved from /opt/airflow/dags/etl_postgres_to_clickhouse.py
[2026-01-04T17:02:38.361+0000] {processor.py:183} INFO - Processing /opt/airflow/dags/etl_postgres_to_clickhouse.py took 0.058 seconds
[2026-01-04T17:03:08.498+0000] {processor.py:161} INFO - Started process (PID=530) to work on /opt/airflow/dags/etl_postgres_to_clickhouse.py
[2026-01-04T17:03:08.499+0000] {processor.py:830} INFO - Processing file /opt/airflow/dags/etl_postgres_to_clickhouse.py for tasks to queue
[2026-01-04T17:03:08.501+0000] {logging_mixin.py:188} INFO - [2026-01-04T17:03:08.501+0000] {dagbag.py:545} INFO - Filling up the DagBag from /opt/airflow/dags/etl_postgres_to_clickhouse.py
[2026-01-04T17:03:08.530+0000] {logging_mixin.py:188} INFO - [2026-01-04T17:03:08.525+0000] {dagbag.py:355} ERROR - Failed to import: /opt/airflow/dags/etl_postgres_to_clickhouse.py
Traceback (most recent call last):
  File "/home/airflow/.local/lib/python3.12/site-packages/airflow/models/dagbag.py", line 351, in parse
    loader.exec_module(new_module)
  File "<frozen importlib._bootstrap_external>", line 995, in exec_module
  File "<frozen importlib._bootstrap>", line 488, in _call_with_frames_removed
  File "/opt/airflow/dags/etl_postgres_to_clickhouse.py", line 5, in <module>
    from clickhouse_driver import Client
ModuleNotFoundError: No module named 'clickhouse_driver'
[2026-01-04T17:03:08.531+0000] {processor.py:842} WARNING - No viable dags retrieved from /opt/airflow/dags/etl_postgres_to_clickhouse.py
[2026-01-04T17:03:08.559+0000] {processor.py:183} INFO - Processing /opt/airflow/dags/etl_postgres_to_clickhouse.py took 0.067 seconds
[2026-01-04T17:03:38.735+0000] {processor.py:161} INFO - Started process (PID=549) to work on /opt/airflow/dags/etl_postgres_to_clickhouse.py
[2026-01-04T17:03:38.736+0000] {processor.py:830} INFO - Processing file /opt/airflow/dags/etl_postgres_to_clickhouse.py for tasks to queue
[2026-01-04T17:03:38.738+0000] {logging_mixin.py:188} INFO - [2026-01-04T17:03:38.738+0000] {dagbag.py:545} INFO - Filling up the DagBag from /opt/airflow/dags/etl_postgres_to_clickhouse.py
[2026-01-04T17:03:38.762+0000] {logging_mixin.py:188} INFO - [2026-01-04T17:03:38.757+0000] {dagbag.py:355} ERROR - Failed to import: /opt/airflow/dags/etl_postgres_to_clickhouse.py
Traceback (most recent call last):
  File "/home/airflow/.local/lib/python3.12/site-packages/airflow/models/dagbag.py", line 351, in parse
    loader.exec_module(new_module)
  File "<frozen importlib._bootstrap_external>", line 995, in exec_module
  File "<frozen importlib._bootstrap>", line 488, in _call_with_frames_removed
  File "/opt/airflow/dags/etl_postgres_to_clickhouse.py", line 5, in <module>
    from clickhouse_driver import Client
ModuleNotFoundError: No module named 'clickhouse_driver'
[2026-01-04T17:03:38.764+0000] {processor.py:842} WARNING - No viable dags retrieved from /opt/airflow/dags/etl_postgres_to_clickhouse.py
[2026-01-04T17:03:38.793+0000] {processor.py:183} INFO - Processing /opt/airflow/dags/etl_postgres_to_clickhouse.py took 0.066 seconds
[2026-01-04T17:04:08.924+0000] {processor.py:161} INFO - Started process (PID=568) to work on /opt/airflow/dags/etl_postgres_to_clickhouse.py
[2026-01-04T17:04:08.925+0000] {processor.py:830} INFO - Processing file /opt/airflow/dags/etl_postgres_to_clickhouse.py for tasks to queue
[2026-01-04T17:04:08.927+0000] {logging_mixin.py:188} INFO - [2026-01-04T17:04:08.927+0000] {dagbag.py:545} INFO - Filling up the DagBag from /opt/airflow/dags/etl_postgres_to_clickhouse.py
[2026-01-04T17:04:08.952+0000] {logging_mixin.py:188} INFO - [2026-01-04T17:04:08.945+0000] {dagbag.py:355} ERROR - Failed to import: /opt/airflow/dags/etl_postgres_to_clickhouse.py
Traceback (most recent call last):
  File "/home/airflow/.local/lib/python3.12/site-packages/airflow/models/dagbag.py", line 351, in parse
    loader.exec_module(new_module)
  File "<frozen importlib._bootstrap_external>", line 995, in exec_module
  File "<frozen importlib._bootstrap>", line 488, in _call_with_frames_removed
  File "/opt/airflow/dags/etl_postgres_to_clickhouse.py", line 5, in <module>
    from clickhouse_driver import Client
ModuleNotFoundError: No module named 'clickhouse_driver'
[2026-01-04T17:04:08.955+0000] {processor.py:842} WARNING - No viable dags retrieved from /opt/airflow/dags/etl_postgres_to_clickhouse.py
[2026-01-04T17:04:08.987+0000] {processor.py:183} INFO - Processing /opt/airflow/dags/etl_postgres_to_clickhouse.py took 0.070 seconds
[2026-01-04T17:04:39.166+0000] {processor.py:161} INFO - Started process (PID=594) to work on /opt/airflow/dags/etl_postgres_to_clickhouse.py
[2026-01-04T17:04:39.167+0000] {processor.py:830} INFO - Processing file /opt/airflow/dags/etl_postgres_to_clickhouse.py for tasks to queue
[2026-01-04T17:04:39.169+0000] {logging_mixin.py:188} INFO - [2026-01-04T17:04:39.169+0000] {dagbag.py:545} INFO - Filling up the DagBag from /opt/airflow/dags/etl_postgres_to_clickhouse.py
[2026-01-04T17:04:39.194+0000] {logging_mixin.py:188} INFO - [2026-01-04T17:04:39.189+0000] {dagbag.py:355} ERROR - Failed to import: /opt/airflow/dags/etl_postgres_to_clickhouse.py
Traceback (most recent call last):
  File "/home/airflow/.local/lib/python3.12/site-packages/airflow/models/dagbag.py", line 351, in parse
    loader.exec_module(new_module)
  File "<frozen importlib._bootstrap_external>", line 995, in exec_module
  File "<frozen importlib._bootstrap>", line 488, in _call_with_frames_removed
  File "/opt/airflow/dags/etl_postgres_to_clickhouse.py", line 5, in <module>
    from clickhouse_driver import Client
ModuleNotFoundError: No module named 'clickhouse_driver'
[2026-01-04T17:04:39.197+0000] {processor.py:842} WARNING - No viable dags retrieved from /opt/airflow/dags/etl_postgres_to_clickhouse.py
[2026-01-04T17:04:39.225+0000] {processor.py:183} INFO - Processing /opt/airflow/dags/etl_postgres_to_clickhouse.py took 0.065 seconds
[2026-01-04T17:05:09.349+0000] {processor.py:161} INFO - Started process (PID=613) to work on /opt/airflow/dags/etl_postgres_to_clickhouse.py
[2026-01-04T17:05:09.350+0000] {processor.py:830} INFO - Processing file /opt/airflow/dags/etl_postgres_to_clickhouse.py for tasks to queue
[2026-01-04T17:05:09.352+0000] {logging_mixin.py:188} INFO - [2026-01-04T17:05:09.352+0000] {dagbag.py:545} INFO - Filling up the DagBag from /opt/airflow/dags/etl_postgres_to_clickhouse.py
[2026-01-04T17:05:09.380+0000] {logging_mixin.py:188} INFO - [2026-01-04T17:05:09.370+0000] {dagbag.py:355} ERROR - Failed to import: /opt/airflow/dags/etl_postgres_to_clickhouse.py
Traceback (most recent call last):
  File "/home/airflow/.local/lib/python3.12/site-packages/airflow/models/dagbag.py", line 351, in parse
    loader.exec_module(new_module)
  File "<frozen importlib._bootstrap_external>", line 995, in exec_module
  File "<frozen importlib._bootstrap>", line 488, in _call_with_frames_removed
  File "/opt/airflow/dags/etl_postgres_to_clickhouse.py", line 5, in <module>
    from clickhouse_driver import Client
ModuleNotFoundError: No module named 'clickhouse_driver'
[2026-01-04T17:05:09.382+0000] {processor.py:842} WARNING - No viable dags retrieved from /opt/airflow/dags/etl_postgres_to_clickhouse.py
[2026-01-04T17:05:09.408+0000] {processor.py:183} INFO - Processing /opt/airflow/dags/etl_postgres_to_clickhouse.py took 0.066 seconds
[2026-01-04T17:05:39.617+0000] {processor.py:161} INFO - Started process (PID=632) to work on /opt/airflow/dags/etl_postgres_to_clickhouse.py
[2026-01-04T17:05:39.618+0000] {processor.py:830} INFO - Processing file /opt/airflow/dags/etl_postgres_to_clickhouse.py for tasks to queue
[2026-01-04T17:05:39.620+0000] {logging_mixin.py:188} INFO - [2026-01-04T17:05:39.619+0000] {dagbag.py:545} INFO - Filling up the DagBag from /opt/airflow/dags/etl_postgres_to_clickhouse.py
[2026-01-04T17:05:39.643+0000] {logging_mixin.py:188} INFO - [2026-01-04T17:05:39.638+0000] {dagbag.py:355} ERROR - Failed to import: /opt/airflow/dags/etl_postgres_to_clickhouse.py
Traceback (most recent call last):
  File "/home/airflow/.local/lib/python3.12/site-packages/airflow/models/dagbag.py", line 351, in parse
    loader.exec_module(new_module)
  File "<frozen importlib._bootstrap_external>", line 995, in exec_module
  File "<frozen importlib._bootstrap>", line 488, in _call_with_frames_removed
  File "/opt/airflow/dags/etl_postgres_to_clickhouse.py", line 5, in <module>
    from clickhouse_driver import Client
ModuleNotFoundError: No module named 'clickhouse_driver'
[2026-01-04T17:05:39.645+0000] {processor.py:842} WARNING - No viable dags retrieved from /opt/airflow/dags/etl_postgres_to_clickhouse.py
[2026-01-04T17:05:39.672+0000] {processor.py:183} INFO - Processing /opt/airflow/dags/etl_postgres_to_clickhouse.py took 0.061 seconds
[2026-01-04T17:06:09.796+0000] {processor.py:161} INFO - Started process (PID=658) to work on /opt/airflow/dags/etl_postgres_to_clickhouse.py
[2026-01-04T17:06:09.798+0000] {processor.py:830} INFO - Processing file /opt/airflow/dags/etl_postgres_to_clickhouse.py for tasks to queue
[2026-01-04T17:06:09.800+0000] {logging_mixin.py:188} INFO - [2026-01-04T17:06:09.799+0000] {dagbag.py:545} INFO - Filling up the DagBag from /opt/airflow/dags/etl_postgres_to_clickhouse.py
[2026-01-04T17:06:09.820+0000] {logging_mixin.py:188} INFO - [2026-01-04T17:06:09.817+0000] {dagbag.py:355} ERROR - Failed to import: /opt/airflow/dags/etl_postgres_to_clickhouse.py
Traceback (most recent call last):
  File "/home/airflow/.local/lib/python3.12/site-packages/airflow/models/dagbag.py", line 351, in parse
    loader.exec_module(new_module)
  File "<frozen importlib._bootstrap_external>", line 995, in exec_module
  File "<frozen importlib._bootstrap>", line 488, in _call_with_frames_removed
  File "/opt/airflow/dags/etl_postgres_to_clickhouse.py", line 5, in <module>
    from clickhouse_driver import Client
ModuleNotFoundError: No module named 'clickhouse_driver'
[2026-01-04T17:06:09.822+0000] {processor.py:842} WARNING - No viable dags retrieved from /opt/airflow/dags/etl_postgres_to_clickhouse.py
[2026-01-04T17:06:09.848+0000] {processor.py:183} INFO - Processing /opt/airflow/dags/etl_postgres_to_clickhouse.py took 0.058 seconds
[2026-01-04T17:06:40.048+0000] {processor.py:161} INFO - Started process (PID=677) to work on /opt/airflow/dags/etl_postgres_to_clickhouse.py
[2026-01-04T17:06:40.049+0000] {processor.py:830} INFO - Processing file /opt/airflow/dags/etl_postgres_to_clickhouse.py for tasks to queue
[2026-01-04T17:06:40.051+0000] {logging_mixin.py:188} INFO - [2026-01-04T17:06:40.051+0000] {dagbag.py:545} INFO - Filling up the DagBag from /opt/airflow/dags/etl_postgres_to_clickhouse.py
[2026-01-04T17:06:40.073+0000] {logging_mixin.py:188} INFO - [2026-01-04T17:06:40.068+0000] {dagbag.py:355} ERROR - Failed to import: /opt/airflow/dags/etl_postgres_to_clickhouse.py
Traceback (most recent call last):
  File "/home/airflow/.local/lib/python3.12/site-packages/airflow/models/dagbag.py", line 351, in parse
    loader.exec_module(new_module)
  File "<frozen importlib._bootstrap_external>", line 995, in exec_module
  File "<frozen importlib._bootstrap>", line 488, in _call_with_frames_removed
  File "/opt/airflow/dags/etl_postgres_to_clickhouse.py", line 5, in <module>
    from clickhouse_driver import Client
ModuleNotFoundError: No module named 'clickhouse_driver'
[2026-01-04T17:06:40.075+0000] {processor.py:842} WARNING - No viable dags retrieved from /opt/airflow/dags/etl_postgres_to_clickhouse.py
[2026-01-04T17:06:40.103+0000] {processor.py:183} INFO - Processing /opt/airflow/dags/etl_postgres_to_clickhouse.py took 0.061 seconds
[2026-01-04T17:07:10.254+0000] {processor.py:161} INFO - Started process (PID=697) to work on /opt/airflow/dags/etl_postgres_to_clickhouse.py
[2026-01-04T17:07:10.255+0000] {processor.py:830} INFO - Processing file /opt/airflow/dags/etl_postgres_to_clickhouse.py for tasks to queue
[2026-01-04T17:07:10.258+0000] {logging_mixin.py:188} INFO - [2026-01-04T17:07:10.258+0000] {dagbag.py:545} INFO - Filling up the DagBag from /opt/airflow/dags/etl_postgres_to_clickhouse.py
[2026-01-04T17:07:10.282+0000] {logging_mixin.py:188} INFO - [2026-01-04T17:07:10.277+0000] {dagbag.py:355} ERROR - Failed to import: /opt/airflow/dags/etl_postgres_to_clickhouse.py
Traceback (most recent call last):
  File "/home/airflow/.local/lib/python3.12/site-packages/airflow/models/dagbag.py", line 351, in parse
    loader.exec_module(new_module)
  File "<frozen importlib._bootstrap_external>", line 995, in exec_module
  File "<frozen importlib._bootstrap>", line 488, in _call_with_frames_removed
  File "/opt/airflow/dags/etl_postgres_to_clickhouse.py", line 5, in <module>
    from clickhouse_driver import Client
ModuleNotFoundError: No module named 'clickhouse_driver'
[2026-01-04T17:07:10.283+0000] {processor.py:842} WARNING - No viable dags retrieved from /opt/airflow/dags/etl_postgres_to_clickhouse.py
[2026-01-04T17:07:10.310+0000] {processor.py:183} INFO - Processing /opt/airflow/dags/etl_postgres_to_clickhouse.py took 0.064 seconds
[2026-01-04T17:07:40.458+0000] {processor.py:161} INFO - Started process (PID=723) to work on /opt/airflow/dags/etl_postgres_to_clickhouse.py
[2026-01-04T17:07:40.459+0000] {processor.py:830} INFO - Processing file /opt/airflow/dags/etl_postgres_to_clickhouse.py for tasks to queue
[2026-01-04T17:07:40.461+0000] {logging_mixin.py:188} INFO - [2026-01-04T17:07:40.461+0000] {dagbag.py:545} INFO - Filling up the DagBag from /opt/airflow/dags/etl_postgres_to_clickhouse.py
[2026-01-04T17:07:40.482+0000] {logging_mixin.py:188} INFO - [2026-01-04T17:07:40.478+0000] {dagbag.py:355} ERROR - Failed to import: /opt/airflow/dags/etl_postgres_to_clickhouse.py
Traceback (most recent call last):
  File "/home/airflow/.local/lib/python3.12/site-packages/airflow/models/dagbag.py", line 351, in parse
    loader.exec_module(new_module)
  File "<frozen importlib._bootstrap_external>", line 995, in exec_module
  File "<frozen importlib._bootstrap>", line 488, in _call_with_frames_removed
  File "/opt/airflow/dags/etl_postgres_to_clickhouse.py", line 5, in <module>
    from clickhouse_driver import Client
ModuleNotFoundError: No module named 'clickhouse_driver'
[2026-01-04T17:07:40.484+0000] {processor.py:842} WARNING - No viable dags retrieved from /opt/airflow/dags/etl_postgres_to_clickhouse.py
[2026-01-04T17:07:40.545+0000] {processor.py:183} INFO - Processing /opt/airflow/dags/etl_postgres_to_clickhouse.py took 0.094 seconds
[2026-01-04T17:08:10.678+0000] {processor.py:161} INFO - Started process (PID=742) to work on /opt/airflow/dags/etl_postgres_to_clickhouse.py
[2026-01-04T17:08:10.679+0000] {processor.py:830} INFO - Processing file /opt/airflow/dags/etl_postgres_to_clickhouse.py for tasks to queue
[2026-01-04T17:08:10.684+0000] {logging_mixin.py:188} INFO - [2026-01-04T17:08:10.683+0000] {dagbag.py:545} INFO - Filling up the DagBag from /opt/airflow/dags/etl_postgres_to_clickhouse.py
[2026-01-04T17:08:10.710+0000] {logging_mixin.py:188} INFO - [2026-01-04T17:08:10.702+0000] {dagbag.py:355} ERROR - Failed to import: /opt/airflow/dags/etl_postgres_to_clickhouse.py
Traceback (most recent call last):
  File "/home/airflow/.local/lib/python3.12/site-packages/airflow/models/dagbag.py", line 351, in parse
    loader.exec_module(new_module)
  File "<frozen importlib._bootstrap_external>", line 995, in exec_module
  File "<frozen importlib._bootstrap>", line 488, in _call_with_frames_removed
  File "/opt/airflow/dags/etl_postgres_to_clickhouse.py", line 5, in <module>
    from clickhouse_driver import Client
ModuleNotFoundError: No module named 'clickhouse_driver'
[2026-01-04T17:08:10.712+0000] {processor.py:842} WARNING - No viable dags retrieved from /opt/airflow/dags/etl_postgres_to_clickhouse.py
[2026-01-04T17:08:10.739+0000] {processor.py:183} INFO - Processing /opt/airflow/dags/etl_postgres_to_clickhouse.py took 0.068 seconds
[2026-01-04T17:08:40.922+0000] {processor.py:161} INFO - Started process (PID=761) to work on /opt/airflow/dags/etl_postgres_to_clickhouse.py
[2026-01-04T17:08:40.923+0000] {processor.py:830} INFO - Processing file /opt/airflow/dags/etl_postgres_to_clickhouse.py for tasks to queue
[2026-01-04T17:08:40.925+0000] {logging_mixin.py:188} INFO - [2026-01-04T17:08:40.925+0000] {dagbag.py:545} INFO - Filling up the DagBag from /opt/airflow/dags/etl_postgres_to_clickhouse.py
[2026-01-04T17:08:40.949+0000] {logging_mixin.py:188} INFO - [2026-01-04T17:08:40.945+0000] {dagbag.py:355} ERROR - Failed to import: /opt/airflow/dags/etl_postgres_to_clickhouse.py
Traceback (most recent call last):
  File "/home/airflow/.local/lib/python3.12/site-packages/airflow/models/dagbag.py", line 351, in parse
    loader.exec_module(new_module)
  File "<frozen importlib._bootstrap_external>", line 995, in exec_module
  File "<frozen importlib._bootstrap>", line 488, in _call_with_frames_removed
  File "/opt/airflow/dags/etl_postgres_to_clickhouse.py", line 5, in <module>
    from clickhouse_driver import Client
ModuleNotFoundError: No module named 'clickhouse_driver'
[2026-01-04T17:08:40.951+0000] {processor.py:842} WARNING - No viable dags retrieved from /opt/airflow/dags/etl_postgres_to_clickhouse.py
[2026-01-04T17:08:40.981+0000] {processor.py:183} INFO - Processing /opt/airflow/dags/etl_postgres_to_clickhouse.py took 0.065 seconds
[2026-01-04T17:09:11.130+0000] {processor.py:161} INFO - Started process (PID=787) to work on /opt/airflow/dags/etl_postgres_to_clickhouse.py
[2026-01-04T17:09:11.133+0000] {processor.py:830} INFO - Processing file /opt/airflow/dags/etl_postgres_to_clickhouse.py for tasks to queue
[2026-01-04T17:09:11.137+0000] {logging_mixin.py:188} INFO - [2026-01-04T17:09:11.136+0000] {dagbag.py:545} INFO - Filling up the DagBag from /opt/airflow/dags/etl_postgres_to_clickhouse.py
[2026-01-04T17:09:11.161+0000] {logging_mixin.py:188} INFO - [2026-01-04T17:09:11.156+0000] {dagbag.py:355} ERROR - Failed to import: /opt/airflow/dags/etl_postgres_to_clickhouse.py
Traceback (most recent call last):
  File "/home/airflow/.local/lib/python3.12/site-packages/airflow/models/dagbag.py", line 351, in parse
    loader.exec_module(new_module)
  File "<frozen importlib._bootstrap_external>", line 995, in exec_module
  File "<frozen importlib._bootstrap>", line 488, in _call_with_frames_removed
  File "/opt/airflow/dags/etl_postgres_to_clickhouse.py", line 5, in <module>
    from clickhouse_driver import Client
ModuleNotFoundError: No module named 'clickhouse_driver'
[2026-01-04T17:09:11.163+0000] {processor.py:842} WARNING - No viable dags retrieved from /opt/airflow/dags/etl_postgres_to_clickhouse.py
[2026-01-04T17:09:11.205+0000] {processor.py:183} INFO - Processing /opt/airflow/dags/etl_postgres_to_clickhouse.py took 0.085 seconds
[2026-01-04T17:09:41.353+0000] {processor.py:161} INFO - Started process (PID=806) to work on /opt/airflow/dags/etl_postgres_to_clickhouse.py
[2026-01-04T17:09:41.354+0000] {processor.py:830} INFO - Processing file /opt/airflow/dags/etl_postgres_to_clickhouse.py for tasks to queue
[2026-01-04T17:09:41.356+0000] {logging_mixin.py:188} INFO - [2026-01-04T17:09:41.356+0000] {dagbag.py:545} INFO - Filling up the DagBag from /opt/airflow/dags/etl_postgres_to_clickhouse.py
[2026-01-04T17:09:41.378+0000] {logging_mixin.py:188} INFO - [2026-01-04T17:09:41.374+0000] {dagbag.py:355} ERROR - Failed to import: /opt/airflow/dags/etl_postgres_to_clickhouse.py
Traceback (most recent call last):
  File "/home/airflow/.local/lib/python3.12/site-packages/airflow/models/dagbag.py", line 351, in parse
    loader.exec_module(new_module)
  File "<frozen importlib._bootstrap_external>", line 995, in exec_module
  File "<frozen importlib._bootstrap>", line 488, in _call_with_frames_removed
  File "/opt/airflow/dags/etl_postgres_to_clickhouse.py", line 5, in <module>
    from clickhouse_driver import Client
ModuleNotFoundError: No module named 'clickhouse_driver'
[2026-01-04T17:09:41.380+0000] {processor.py:842} WARNING - No viable dags retrieved from /opt/airflow/dags/etl_postgres_to_clickhouse.py
[2026-01-04T17:09:41.411+0000] {processor.py:183} INFO - Processing /opt/airflow/dags/etl_postgres_to_clickhouse.py took 0.065 seconds
[2026-01-04T17:10:11.572+0000] {processor.py:161} INFO - Started process (PID=825) to work on /opt/airflow/dags/etl_postgres_to_clickhouse.py
[2026-01-04T17:10:11.577+0000] {processor.py:830} INFO - Processing file /opt/airflow/dags/etl_postgres_to_clickhouse.py for tasks to queue
[2026-01-04T17:10:11.580+0000] {logging_mixin.py:188} INFO - [2026-01-04T17:10:11.580+0000] {dagbag.py:545} INFO - Filling up the DagBag from /opt/airflow/dags/etl_postgres_to_clickhouse.py
[2026-01-04T17:10:11.606+0000] {logging_mixin.py:188} INFO - [2026-01-04T17:10:11.601+0000] {dagbag.py:355} ERROR - Failed to import: /opt/airflow/dags/etl_postgres_to_clickhouse.py
Traceback (most recent call last):
  File "/home/airflow/.local/lib/python3.12/site-packages/airflow/models/dagbag.py", line 351, in parse
    loader.exec_module(new_module)
  File "<frozen importlib._bootstrap_external>", line 995, in exec_module
  File "<frozen importlib._bootstrap>", line 488, in _call_with_frames_removed
  File "/opt/airflow/dags/etl_postgres_to_clickhouse.py", line 5, in <module>
    from clickhouse_driver import Client
ModuleNotFoundError: No module named 'clickhouse_driver'
[2026-01-04T17:10:11.607+0000] {processor.py:842} WARNING - No viable dags retrieved from /opt/airflow/dags/etl_postgres_to_clickhouse.py
[2026-01-04T17:10:11.640+0000] {processor.py:183} INFO - Processing /opt/airflow/dags/etl_postgres_to_clickhouse.py took 0.077 seconds
[2026-01-04T17:10:41.821+0000] {processor.py:161} INFO - Started process (PID=844) to work on /opt/airflow/dags/etl_postgres_to_clickhouse.py
[2026-01-04T17:10:41.822+0000] {processor.py:830} INFO - Processing file /opt/airflow/dags/etl_postgres_to_clickhouse.py for tasks to queue
[2026-01-04T17:10:41.824+0000] {logging_mixin.py:188} INFO - [2026-01-04T17:10:41.824+0000] {dagbag.py:545} INFO - Filling up the DagBag from /opt/airflow/dags/etl_postgres_to_clickhouse.py
[2026-01-04T17:10:41.846+0000] {logging_mixin.py:188} INFO - [2026-01-04T17:10:41.841+0000] {dagbag.py:355} ERROR - Failed to import: /opt/airflow/dags/etl_postgres_to_clickhouse.py
Traceback (most recent call last):
  File "/home/airflow/.local/lib/python3.12/site-packages/airflow/models/dagbag.py", line 351, in parse
    loader.exec_module(new_module)
  File "<frozen importlib._bootstrap_external>", line 995, in exec_module
  File "<frozen importlib._bootstrap>", line 488, in _call_with_frames_removed
  File "/opt/airflow/dags/etl_postgres_to_clickhouse.py", line 5, in <module>
    from clickhouse_driver import Client
ModuleNotFoundError: No module named 'clickhouse_driver'
[2026-01-04T17:10:41.849+0000] {processor.py:842} WARNING - No viable dags retrieved from /opt/airflow/dags/etl_postgres_to_clickhouse.py
[2026-01-04T17:10:41.875+0000] {processor.py:183} INFO - Processing /opt/airflow/dags/etl_postgres_to_clickhouse.py took 0.060 seconds
[2026-01-04T17:11:12.021+0000] {processor.py:161} INFO - Started process (PID=870) to work on /opt/airflow/dags/etl_postgres_to_clickhouse.py
[2026-01-04T17:11:12.022+0000] {processor.py:830} INFO - Processing file /opt/airflow/dags/etl_postgres_to_clickhouse.py for tasks to queue
[2026-01-04T17:11:12.024+0000] {logging_mixin.py:188} INFO - [2026-01-04T17:11:12.024+0000] {dagbag.py:545} INFO - Filling up the DagBag from /opt/airflow/dags/etl_postgres_to_clickhouse.py
[2026-01-04T17:11:12.046+0000] {logging_mixin.py:188} INFO - [2026-01-04T17:11:12.041+0000] {dagbag.py:355} ERROR - Failed to import: /opt/airflow/dags/etl_postgres_to_clickhouse.py
Traceback (most recent call last):
  File "/home/airflow/.local/lib/python3.12/site-packages/airflow/models/dagbag.py", line 351, in parse
    loader.exec_module(new_module)
  File "<frozen importlib._bootstrap_external>", line 995, in exec_module
  File "<frozen importlib._bootstrap>", line 488, in _call_with_frames_removed
  File "/opt/airflow/dags/etl_postgres_to_clickhouse.py", line 5, in <module>
    from clickhouse_driver import Client
ModuleNotFoundError: No module named 'clickhouse_driver'
[2026-01-04T17:11:12.048+0000] {processor.py:842} WARNING - No viable dags retrieved from /opt/airflow/dags/etl_postgres_to_clickhouse.py
[2026-01-04T17:11:12.076+0000] {processor.py:183} INFO - Processing /opt/airflow/dags/etl_postgres_to_clickhouse.py took 0.064 seconds
[2026-01-04T17:11:42.234+0000] {processor.py:161} INFO - Started process (PID=889) to work on /opt/airflow/dags/etl_postgres_to_clickhouse.py
[2026-01-04T17:11:42.235+0000] {processor.py:830} INFO - Processing file /opt/airflow/dags/etl_postgres_to_clickhouse.py for tasks to queue
[2026-01-04T17:11:42.237+0000] {logging_mixin.py:188} INFO - [2026-01-04T17:11:42.237+0000] {dagbag.py:545} INFO - Filling up the DagBag from /opt/airflow/dags/etl_postgres_to_clickhouse.py
[2026-01-04T17:11:42.257+0000] {logging_mixin.py:188} INFO - [2026-01-04T17:11:42.252+0000] {dagbag.py:355} ERROR - Failed to import: /opt/airflow/dags/etl_postgres_to_clickhouse.py
Traceback (most recent call last):
  File "/home/airflow/.local/lib/python3.12/site-packages/airflow/models/dagbag.py", line 351, in parse
    loader.exec_module(new_module)
  File "<frozen importlib._bootstrap_external>", line 995, in exec_module
  File "<frozen importlib._bootstrap>", line 488, in _call_with_frames_removed
  File "/opt/airflow/dags/etl_postgres_to_clickhouse.py", line 5, in <module>
    from clickhouse_driver import Client
ModuleNotFoundError: No module named 'clickhouse_driver'
[2026-01-04T17:11:42.259+0000] {processor.py:842} WARNING - No viable dags retrieved from /opt/airflow/dags/etl_postgres_to_clickhouse.py
[2026-01-04T17:11:42.292+0000] {processor.py:183} INFO - Processing /opt/airflow/dags/etl_postgres_to_clickhouse.py took 0.064 seconds
[2026-01-04T17:12:12.440+0000] {processor.py:161} INFO - Started process (PID=908) to work on /opt/airflow/dags/etl_postgres_to_clickhouse.py
[2026-01-04T17:12:12.441+0000] {processor.py:830} INFO - Processing file /opt/airflow/dags/etl_postgres_to_clickhouse.py for tasks to queue
[2026-01-04T17:12:12.444+0000] {logging_mixin.py:188} INFO - [2026-01-04T17:12:12.444+0000] {dagbag.py:545} INFO - Filling up the DagBag from /opt/airflow/dags/etl_postgres_to_clickhouse.py
[2026-01-04T17:12:12.468+0000] {logging_mixin.py:188} INFO - [2026-01-04T17:12:12.462+0000] {dagbag.py:355} ERROR - Failed to import: /opt/airflow/dags/etl_postgres_to_clickhouse.py
Traceback (most recent call last):
  File "/home/airflow/.local/lib/python3.12/site-packages/airflow/models/dagbag.py", line 351, in parse
    loader.exec_module(new_module)
  File "<frozen importlib._bootstrap_external>", line 995, in exec_module
  File "<frozen importlib._bootstrap>", line 488, in _call_with_frames_removed
  File "/opt/airflow/dags/etl_postgres_to_clickhouse.py", line 5, in <module>
    from clickhouse_driver import Client
ModuleNotFoundError: No module named 'clickhouse_driver'
[2026-01-04T17:12:12.470+0000] {processor.py:842} WARNING - No viable dags retrieved from /opt/airflow/dags/etl_postgres_to_clickhouse.py
[2026-01-04T17:12:12.499+0000] {processor.py:183} INFO - Processing /opt/airflow/dags/etl_postgres_to_clickhouse.py took 0.066 seconds
[2026-01-04T17:12:42.652+0000] {processor.py:161} INFO - Started process (PID=934) to work on /opt/airflow/dags/etl_postgres_to_clickhouse.py
[2026-01-04T17:12:42.654+0000] {processor.py:830} INFO - Processing file /opt/airflow/dags/etl_postgres_to_clickhouse.py for tasks to queue
[2026-01-04T17:12:42.656+0000] {logging_mixin.py:188} INFO - [2026-01-04T17:12:42.656+0000] {dagbag.py:545} INFO - Filling up the DagBag from /opt/airflow/dags/etl_postgres_to_clickhouse.py
[2026-01-04T17:12:42.675+0000] {logging_mixin.py:188} INFO - [2026-01-04T17:12:42.672+0000] {dagbag.py:355} ERROR - Failed to import: /opt/airflow/dags/etl_postgres_to_clickhouse.py
Traceback (most recent call last):
  File "/home/airflow/.local/lib/python3.12/site-packages/airflow/models/dagbag.py", line 351, in parse
    loader.exec_module(new_module)
  File "<frozen importlib._bootstrap_external>", line 995, in exec_module
  File "<frozen importlib._bootstrap>", line 488, in _call_with_frames_removed
  File "/opt/airflow/dags/etl_postgres_to_clickhouse.py", line 5, in <module>
    from clickhouse_driver import Client
ModuleNotFoundError: No module named 'clickhouse_driver'
[2026-01-04T17:12:42.676+0000] {processor.py:842} WARNING - No viable dags retrieved from /opt/airflow/dags/etl_postgres_to_clickhouse.py
[2026-01-04T17:12:42.727+0000] {processor.py:183} INFO - Processing /opt/airflow/dags/etl_postgres_to_clickhouse.py took 0.081 seconds
[2026-01-04T17:13:12.863+0000] {processor.py:161} INFO - Started process (PID=953) to work on /opt/airflow/dags/etl_postgres_to_clickhouse.py
[2026-01-04T17:13:12.865+0000] {processor.py:830} INFO - Processing file /opt/airflow/dags/etl_postgres_to_clickhouse.py for tasks to queue
[2026-01-04T17:13:12.867+0000] {logging_mixin.py:188} INFO - [2026-01-04T17:13:12.866+0000] {dagbag.py:545} INFO - Filling up the DagBag from /opt/airflow/dags/etl_postgres_to_clickhouse.py
[2026-01-04T17:13:12.888+0000] {logging_mixin.py:188} INFO - [2026-01-04T17:13:12.884+0000] {dagbag.py:355} ERROR - Failed to import: /opt/airflow/dags/etl_postgres_to_clickhouse.py
Traceback (most recent call last):
  File "/home/airflow/.local/lib/python3.12/site-packages/airflow/models/dagbag.py", line 351, in parse
    loader.exec_module(new_module)
  File "<frozen importlib._bootstrap_external>", line 995, in exec_module
  File "<frozen importlib._bootstrap>", line 488, in _call_with_frames_removed
  File "/opt/airflow/dags/etl_postgres_to_clickhouse.py", line 5, in <module>
    from clickhouse_driver import Client
ModuleNotFoundError: No module named 'clickhouse_driver'
[2026-01-04T17:13:12.890+0000] {processor.py:842} WARNING - No viable dags retrieved from /opt/airflow/dags/etl_postgres_to_clickhouse.py
[2026-01-04T17:13:12.919+0000] {processor.py:183} INFO - Processing /opt/airflow/dags/etl_postgres_to_clickhouse.py took 0.064 seconds
[2026-01-04T17:13:43.085+0000] {processor.py:161} INFO - Started process (PID=972) to work on /opt/airflow/dags/etl_postgres_to_clickhouse.py
[2026-01-04T17:13:43.085+0000] {processor.py:830} INFO - Processing file /opt/airflow/dags/etl_postgres_to_clickhouse.py for tasks to queue
[2026-01-04T17:13:43.088+0000] {logging_mixin.py:188} INFO - [2026-01-04T17:13:43.088+0000] {dagbag.py:545} INFO - Filling up the DagBag from /opt/airflow/dags/etl_postgres_to_clickhouse.py
[2026-01-04T17:13:43.106+0000] {logging_mixin.py:188} INFO - [2026-01-04T17:13:43.103+0000] {dagbag.py:355} ERROR - Failed to import: /opt/airflow/dags/etl_postgres_to_clickhouse.py
Traceback (most recent call last):
  File "/home/airflow/.local/lib/python3.12/site-packages/airflow/models/dagbag.py", line 351, in parse
    loader.exec_module(new_module)
  File "<frozen importlib._bootstrap_external>", line 995, in exec_module
  File "<frozen importlib._bootstrap>", line 488, in _call_with_frames_removed
  File "/opt/airflow/dags/etl_postgres_to_clickhouse.py", line 5, in <module>
    from clickhouse_driver import Client
ModuleNotFoundError: No module named 'clickhouse_driver'
[2026-01-04T17:13:43.109+0000] {processor.py:842} WARNING - No viable dags retrieved from /opt/airflow/dags/etl_postgres_to_clickhouse.py
[2026-01-04T17:13:43.177+0000] {processor.py:183} INFO - Processing /opt/airflow/dags/etl_postgres_to_clickhouse.py took 0.098 seconds
[2026-01-04T17:14:13.284+0000] {processor.py:161} INFO - Started process (PID=998) to work on /opt/airflow/dags/etl_postgres_to_clickhouse.py
[2026-01-04T17:14:13.285+0000] {processor.py:830} INFO - Processing file /opt/airflow/dags/etl_postgres_to_clickhouse.py for tasks to queue
[2026-01-04T17:14:13.288+0000] {logging_mixin.py:188} INFO - [2026-01-04T17:14:13.288+0000] {dagbag.py:545} INFO - Filling up the DagBag from /opt/airflow/dags/etl_postgres_to_clickhouse.py
[2026-01-04T17:14:13.318+0000] {logging_mixin.py:188} INFO - [2026-01-04T17:14:13.311+0000] {dagbag.py:355} ERROR - Failed to import: /opt/airflow/dags/etl_postgres_to_clickhouse.py
Traceback (most recent call last):
  File "/home/airflow/.local/lib/python3.12/site-packages/airflow/models/dagbag.py", line 351, in parse
    loader.exec_module(new_module)
  File "<frozen importlib._bootstrap_external>", line 995, in exec_module
  File "<frozen importlib._bootstrap>", line 488, in _call_with_frames_removed
  File "/opt/airflow/dags/etl_postgres_to_clickhouse.py", line 5, in <module>
    from clickhouse_driver import Client
ModuleNotFoundError: No module named 'clickhouse_driver'
[2026-01-04T17:14:13.321+0000] {processor.py:842} WARNING - No viable dags retrieved from /opt/airflow/dags/etl_postgres_to_clickhouse.py
[2026-01-04T17:14:13.351+0000] {processor.py:183} INFO - Processing /opt/airflow/dags/etl_postgres_to_clickhouse.py took 0.074 seconds
[2026-01-04T17:14:43.560+0000] {processor.py:161} INFO - Started process (PID=1017) to work on /opt/airflow/dags/etl_postgres_to_clickhouse.py
[2026-01-04T17:14:43.561+0000] {processor.py:830} INFO - Processing file /opt/airflow/dags/etl_postgres_to_clickhouse.py for tasks to queue
[2026-01-04T17:14:43.563+0000] {logging_mixin.py:188} INFO - [2026-01-04T17:14:43.562+0000] {dagbag.py:545} INFO - Filling up the DagBag from /opt/airflow/dags/etl_postgres_to_clickhouse.py
[2026-01-04T17:14:43.587+0000] {logging_mixin.py:188} INFO - [2026-01-04T17:14:43.582+0000] {dagbag.py:355} ERROR - Failed to import: /opt/airflow/dags/etl_postgres_to_clickhouse.py
Traceback (most recent call last):
  File "/home/airflow/.local/lib/python3.12/site-packages/airflow/models/dagbag.py", line 351, in parse
    loader.exec_module(new_module)
  File "<frozen importlib._bootstrap_external>", line 995, in exec_module
  File "<frozen importlib._bootstrap>", line 488, in _call_with_frames_removed
  File "/opt/airflow/dags/etl_postgres_to_clickhouse.py", line 5, in <module>
    from clickhouse_driver import Client
ModuleNotFoundError: No module named 'clickhouse_driver'
[2026-01-04T17:14:43.589+0000] {processor.py:842} WARNING - No viable dags retrieved from /opt/airflow/dags/etl_postgres_to_clickhouse.py
[2026-01-04T17:14:43.616+0000] {processor.py:183} INFO - Processing /opt/airflow/dags/etl_postgres_to_clickhouse.py took 0.062 seconds
[2026-01-04T17:15:13.793+0000] {processor.py:161} INFO - Started process (PID=1043) to work on /opt/airflow/dags/etl_postgres_to_clickhouse.py
[2026-01-04T17:15:13.794+0000] {processor.py:830} INFO - Processing file /opt/airflow/dags/etl_postgres_to_clickhouse.py for tasks to queue
[2026-01-04T17:15:13.797+0000] {logging_mixin.py:188} INFO - [2026-01-04T17:15:13.796+0000] {dagbag.py:545} INFO - Filling up the DagBag from /opt/airflow/dags/etl_postgres_to_clickhouse.py
[2026-01-04T17:15:13.816+0000] {logging_mixin.py:188} INFO - [2026-01-04T17:15:13.812+0000] {dagbag.py:355} ERROR - Failed to import: /opt/airflow/dags/etl_postgres_to_clickhouse.py
Traceback (most recent call last):
  File "/home/airflow/.local/lib/python3.12/site-packages/airflow/models/dagbag.py", line 351, in parse
    loader.exec_module(new_module)
  File "<frozen importlib._bootstrap_external>", line 995, in exec_module
  File "<frozen importlib._bootstrap>", line 488, in _call_with_frames_removed
  File "/opt/airflow/dags/etl_postgres_to_clickhouse.py", line 5, in <module>
    from clickhouse_driver import Client
ModuleNotFoundError: No module named 'clickhouse_driver'
[2026-01-04T17:15:13.818+0000] {processor.py:842} WARNING - No viable dags retrieved from /opt/airflow/dags/etl_postgres_to_clickhouse.py
[2026-01-04T17:15:13.844+0000] {processor.py:183} INFO - Processing /opt/airflow/dags/etl_postgres_to_clickhouse.py took 0.058 seconds
[2026-01-04T17:15:44.081+0000] {processor.py:161} INFO - Started process (PID=1063) to work on /opt/airflow/dags/etl_postgres_to_clickhouse.py
[2026-01-04T17:15:44.082+0000] {processor.py:830} INFO - Processing file /opt/airflow/dags/etl_postgres_to_clickhouse.py for tasks to queue
[2026-01-04T17:15:44.085+0000] {logging_mixin.py:188} INFO - [2026-01-04T17:15:44.085+0000] {dagbag.py:545} INFO - Filling up the DagBag from /opt/airflow/dags/etl_postgres_to_clickhouse.py
[2026-01-04T17:15:44.113+0000] {logging_mixin.py:188} INFO - [2026-01-04T17:15:44.109+0000] {dagbag.py:355} ERROR - Failed to import: /opt/airflow/dags/etl_postgres_to_clickhouse.py
Traceback (most recent call last):
  File "/home/airflow/.local/lib/python3.12/site-packages/airflow/models/dagbag.py", line 351, in parse
    loader.exec_module(new_module)
  File "<frozen importlib._bootstrap_external>", line 995, in exec_module
  File "<frozen importlib._bootstrap>", line 488, in _call_with_frames_removed
  File "/opt/airflow/dags/etl_postgres_to_clickhouse.py", line 5, in <module>
    from clickhouse_driver import Client
ModuleNotFoundError: No module named 'clickhouse_driver'
[2026-01-04T17:15:44.115+0000] {processor.py:842} WARNING - No viable dags retrieved from /opt/airflow/dags/etl_postgres_to_clickhouse.py
[2026-01-04T17:15:44.142+0000] {processor.py:183} INFO - Processing /opt/airflow/dags/etl_postgres_to_clickhouse.py took 0.067 seconds
[2026-01-04T17:16:14.324+0000] {processor.py:161} INFO - Started process (PID=1082) to work on /opt/airflow/dags/etl_postgres_to_clickhouse.py
[2026-01-04T17:16:14.325+0000] {processor.py:830} INFO - Processing file /opt/airflow/dags/etl_postgres_to_clickhouse.py for tasks to queue
[2026-01-04T17:16:14.330+0000] {logging_mixin.py:188} INFO - [2026-01-04T17:16:14.329+0000] {dagbag.py:545} INFO - Filling up the DagBag from /opt/airflow/dags/etl_postgres_to_clickhouse.py
[2026-01-04T17:16:14.353+0000] {logging_mixin.py:188} INFO - [2026-01-04T17:16:14.349+0000] {dagbag.py:355} ERROR - Failed to import: /opt/airflow/dags/etl_postgres_to_clickhouse.py
Traceback (most recent call last):
  File "/home/airflow/.local/lib/python3.12/site-packages/airflow/models/dagbag.py", line 351, in parse
    loader.exec_module(new_module)
  File "<frozen importlib._bootstrap_external>", line 995, in exec_module
  File "<frozen importlib._bootstrap>", line 488, in _call_with_frames_removed
  File "/opt/airflow/dags/etl_postgres_to_clickhouse.py", line 5, in <module>
    from clickhouse_driver import Client
ModuleNotFoundError: No module named 'clickhouse_driver'
[2026-01-04T17:16:14.355+0000] {processor.py:842} WARNING - No viable dags retrieved from /opt/airflow/dags/etl_postgres_to_clickhouse.py
[2026-01-04T17:16:14.387+0000] {processor.py:183} INFO - Processing /opt/airflow/dags/etl_postgres_to_clickhouse.py took 0.072 seconds
[2026-01-04T17:16:44.591+0000] {processor.py:161} INFO - Started process (PID=1101) to work on /opt/airflow/dags/etl_postgres_to_clickhouse.py
[2026-01-04T17:16:44.592+0000] {processor.py:830} INFO - Processing file /opt/airflow/dags/etl_postgres_to_clickhouse.py for tasks to queue
[2026-01-04T17:16:44.595+0000] {logging_mixin.py:188} INFO - [2026-01-04T17:16:44.595+0000] {dagbag.py:545} INFO - Filling up the DagBag from /opt/airflow/dags/etl_postgres_to_clickhouse.py
[2026-01-04T17:16:44.620+0000] {logging_mixin.py:188} INFO - [2026-01-04T17:16:44.614+0000] {dagbag.py:355} ERROR - Failed to import: /opt/airflow/dags/etl_postgres_to_clickhouse.py
Traceback (most recent call last):
  File "/home/airflow/.local/lib/python3.12/site-packages/airflow/models/dagbag.py", line 351, in parse
    loader.exec_module(new_module)
  File "<frozen importlib._bootstrap_external>", line 995, in exec_module
  File "<frozen importlib._bootstrap>", line 488, in _call_with_frames_removed
  File "/opt/airflow/dags/etl_postgres_to_clickhouse.py", line 5, in <module>
    from clickhouse_driver import Client
ModuleNotFoundError: No module named 'clickhouse_driver'
[2026-01-04T17:16:44.623+0000] {processor.py:842} WARNING - No viable dags retrieved from /opt/airflow/dags/etl_postgres_to_clickhouse.py
[2026-01-04T17:16:44.664+0000] {processor.py:183} INFO - Processing /opt/airflow/dags/etl_postgres_to_clickhouse.py took 0.083 seconds
[2026-01-04T17:17:14.847+0000] {processor.py:161} INFO - Started process (PID=1120) to work on /opt/airflow/dags/etl_postgres_to_clickhouse.py
[2026-01-04T17:17:14.855+0000] {processor.py:830} INFO - Processing file /opt/airflow/dags/etl_postgres_to_clickhouse.py for tasks to queue
[2026-01-04T17:17:14.859+0000] {logging_mixin.py:188} INFO - [2026-01-04T17:17:14.858+0000] {dagbag.py:545} INFO - Filling up the DagBag from /opt/airflow/dags/etl_postgres_to_clickhouse.py
[2026-01-04T17:17:14.894+0000] {logging_mixin.py:188} INFO - [2026-01-04T17:17:14.889+0000] {dagbag.py:355} ERROR - Failed to import: /opt/airflow/dags/etl_postgres_to_clickhouse.py
Traceback (most recent call last):
  File "/home/airflow/.local/lib/python3.12/site-packages/airflow/models/dagbag.py", line 351, in parse
    loader.exec_module(new_module)
  File "<frozen importlib._bootstrap_external>", line 995, in exec_module
  File "<frozen importlib._bootstrap>", line 488, in _call_with_frames_removed
  File "/opt/airflow/dags/etl_postgres_to_clickhouse.py", line 5, in <module>
    from clickhouse_driver import Client
ModuleNotFoundError: No module named 'clickhouse_driver'
[2026-01-04T17:17:14.897+0000] {processor.py:842} WARNING - No viable dags retrieved from /opt/airflow/dags/etl_postgres_to_clickhouse.py
[2026-01-04T17:17:15.243+0000] {processor.py:183} INFO - Processing /opt/airflow/dags/etl_postgres_to_clickhouse.py took 0.410 seconds
[2026-01-04T17:17:45.531+0000] {processor.py:161} INFO - Started process (PID=1146) to work on /opt/airflow/dags/etl_postgres_to_clickhouse.py
[2026-01-04T17:17:45.533+0000] {processor.py:830} INFO - Processing file /opt/airflow/dags/etl_postgres_to_clickhouse.py for tasks to queue
[2026-01-04T17:17:45.537+0000] {logging_mixin.py:188} INFO - [2026-01-04T17:17:45.536+0000] {dagbag.py:545} INFO - Filling up the DagBag from /opt/airflow/dags/etl_postgres_to_clickhouse.py
[2026-01-04T17:17:45.583+0000] {logging_mixin.py:188} INFO - [2026-01-04T17:17:45.567+0000] {dagbag.py:355} ERROR - Failed to import: /opt/airflow/dags/etl_postgres_to_clickhouse.py
Traceback (most recent call last):
  File "/home/airflow/.local/lib/python3.12/site-packages/airflow/models/dagbag.py", line 351, in parse
    loader.exec_module(new_module)
  File "<frozen importlib._bootstrap_external>", line 995, in exec_module
  File "<frozen importlib._bootstrap>", line 488, in _call_with_frames_removed
  File "/opt/airflow/dags/etl_postgres_to_clickhouse.py", line 5, in <module>
    from clickhouse_driver import Client
ModuleNotFoundError: No module named 'clickhouse_driver'
[2026-01-04T17:17:45.590+0000] {processor.py:842} WARNING - No viable dags retrieved from /opt/airflow/dags/etl_postgres_to_clickhouse.py
[2026-01-04T17:17:45.643+0000] {processor.py:183} INFO - Processing /opt/airflow/dags/etl_postgres_to_clickhouse.py took 0.126 seconds
[2026-01-04T17:18:15.867+0000] {processor.py:161} INFO - Started process (PID=1165) to work on /opt/airflow/dags/etl_postgres_to_clickhouse.py
[2026-01-04T17:18:15.868+0000] {processor.py:830} INFO - Processing file /opt/airflow/dags/etl_postgres_to_clickhouse.py for tasks to queue
[2026-01-04T17:18:15.870+0000] {logging_mixin.py:188} INFO - [2026-01-04T17:18:15.870+0000] {dagbag.py:545} INFO - Filling up the DagBag from /opt/airflow/dags/etl_postgres_to_clickhouse.py
[2026-01-04T17:18:15.894+0000] {logging_mixin.py:188} INFO - [2026-01-04T17:18:15.889+0000] {dagbag.py:355} ERROR - Failed to import: /opt/airflow/dags/etl_postgres_to_clickhouse.py
Traceback (most recent call last):
  File "/home/airflow/.local/lib/python3.12/site-packages/airflow/models/dagbag.py", line 351, in parse
    loader.exec_module(new_module)
  File "<frozen importlib._bootstrap_external>", line 995, in exec_module
  File "<frozen importlib._bootstrap>", line 488, in _call_with_frames_removed
  File "/opt/airflow/dags/etl_postgres_to_clickhouse.py", line 5, in <module>
    from clickhouse_driver import Client
ModuleNotFoundError: No module named 'clickhouse_driver'
[2026-01-04T17:18:15.896+0000] {processor.py:842} WARNING - No viable dags retrieved from /opt/airflow/dags/etl_postgres_to_clickhouse.py
[2026-01-04T17:18:15.927+0000] {processor.py:183} INFO - Processing /opt/airflow/dags/etl_postgres_to_clickhouse.py took 0.068 seconds
[2026-01-04T17:18:46.120+0000] {processor.py:161} INFO - Started process (PID=1185) to work on /opt/airflow/dags/etl_postgres_to_clickhouse.py
[2026-01-04T17:18:46.122+0000] {processor.py:830} INFO - Processing file /opt/airflow/dags/etl_postgres_to_clickhouse.py for tasks to queue
[2026-01-04T17:18:46.125+0000] {logging_mixin.py:188} INFO - [2026-01-04T17:18:46.125+0000] {dagbag.py:545} INFO - Filling up the DagBag from /opt/airflow/dags/etl_postgres_to_clickhouse.py
[2026-01-04T17:18:46.150+0000] {logging_mixin.py:188} INFO - [2026-01-04T17:18:46.142+0000] {dagbag.py:355} ERROR - Failed to import: /opt/airflow/dags/etl_postgres_to_clickhouse.py
Traceback (most recent call last):
  File "/home/airflow/.local/lib/python3.12/site-packages/airflow/models/dagbag.py", line 351, in parse
    loader.exec_module(new_module)
  File "<frozen importlib._bootstrap_external>", line 995, in exec_module
  File "<frozen importlib._bootstrap>", line 488, in _call_with_frames_removed
  File "/opt/airflow/dags/etl_postgres_to_clickhouse.py", line 5, in <module>
    from clickhouse_driver import Client
ModuleNotFoundError: No module named 'clickhouse_driver'
[2026-01-04T17:18:46.152+0000] {processor.py:842} WARNING - No viable dags retrieved from /opt/airflow/dags/etl_postgres_to_clickhouse.py
[2026-01-04T17:18:46.185+0000] {processor.py:183} INFO - Processing /opt/airflow/dags/etl_postgres_to_clickhouse.py took 0.076 seconds
[2026-01-04T17:19:16.375+0000] {processor.py:161} INFO - Started process (PID=1204) to work on /opt/airflow/dags/etl_postgres_to_clickhouse.py
[2026-01-04T17:19:16.376+0000] {processor.py:830} INFO - Processing file /opt/airflow/dags/etl_postgres_to_clickhouse.py for tasks to queue
[2026-01-04T17:19:16.380+0000] {logging_mixin.py:188} INFO - [2026-01-04T17:19:16.379+0000] {dagbag.py:545} INFO - Filling up the DagBag from /opt/airflow/dags/etl_postgres_to_clickhouse.py
[2026-01-04T17:19:16.407+0000] {logging_mixin.py:188} INFO - [2026-01-04T17:19:16.402+0000] {dagbag.py:355} ERROR - Failed to import: /opt/airflow/dags/etl_postgres_to_clickhouse.py
Traceback (most recent call last):
  File "/home/airflow/.local/lib/python3.12/site-packages/airflow/models/dagbag.py", line 351, in parse
    loader.exec_module(new_module)
  File "<frozen importlib._bootstrap_external>", line 995, in exec_module
  File "<frozen importlib._bootstrap>", line 488, in _call_with_frames_removed
  File "/opt/airflow/dags/etl_postgres_to_clickhouse.py", line 5, in <module>
    from clickhouse_driver import Client
ModuleNotFoundError: No module named 'clickhouse_driver'
[2026-01-04T17:19:16.410+0000] {processor.py:842} WARNING - No viable dags retrieved from /opt/airflow/dags/etl_postgres_to_clickhouse.py
[2026-01-04T17:19:16.443+0000] {processor.py:183} INFO - Processing /opt/airflow/dags/etl_postgres_to_clickhouse.py took 0.078 seconds
[2026-01-04T17:19:46.656+0000] {processor.py:161} INFO - Started process (PID=1224) to work on /opt/airflow/dags/etl_postgres_to_clickhouse.py
[2026-01-04T17:19:46.658+0000] {processor.py:830} INFO - Processing file /opt/airflow/dags/etl_postgres_to_clickhouse.py for tasks to queue
[2026-01-04T17:19:46.663+0000] {logging_mixin.py:188} INFO - [2026-01-04T17:19:46.662+0000] {dagbag.py:545} INFO - Filling up the DagBag from /opt/airflow/dags/etl_postgres_to_clickhouse.py
[2026-01-04T17:19:46.696+0000] {logging_mixin.py:188} INFO - [2026-01-04T17:19:46.689+0000] {dagbag.py:355} ERROR - Failed to import: /opt/airflow/dags/etl_postgres_to_clickhouse.py
Traceback (most recent call last):
  File "/home/airflow/.local/lib/python3.12/site-packages/airflow/models/dagbag.py", line 351, in parse
    loader.exec_module(new_module)
  File "<frozen importlib._bootstrap_external>", line 995, in exec_module
  File "<frozen importlib._bootstrap>", line 488, in _call_with_frames_removed
  File "/opt/airflow/dags/etl_postgres_to_clickhouse.py", line 5, in <module>
    from clickhouse_driver import Client
ModuleNotFoundError: No module named 'clickhouse_driver'
[2026-01-04T17:19:46.700+0000] {processor.py:842} WARNING - No viable dags retrieved from /opt/airflow/dags/etl_postgres_to_clickhouse.py
[2026-01-04T17:19:46.740+0000] {processor.py:183} INFO - Processing /opt/airflow/dags/etl_postgres_to_clickhouse.py took 0.097 seconds
[2026-01-04T17:20:16.961+0000] {processor.py:161} INFO - Started process (PID=1243) to work on /opt/airflow/dags/etl_postgres_to_clickhouse.py
[2026-01-04T17:20:16.962+0000] {processor.py:830} INFO - Processing file /opt/airflow/dags/etl_postgres_to_clickhouse.py for tasks to queue
[2026-01-04T17:20:16.965+0000] {logging_mixin.py:188} INFO - [2026-01-04T17:20:16.965+0000] {dagbag.py:545} INFO - Filling up the DagBag from /opt/airflow/dags/etl_postgres_to_clickhouse.py
[2026-01-04T17:20:16.994+0000] {logging_mixin.py:188} INFO - [2026-01-04T17:20:16.988+0000] {dagbag.py:355} ERROR - Failed to import: /opt/airflow/dags/etl_postgres_to_clickhouse.py
Traceback (most recent call last):
  File "/home/airflow/.local/lib/python3.12/site-packages/airflow/models/dagbag.py", line 351, in parse
    loader.exec_module(new_module)
  File "<frozen importlib._bootstrap_external>", line 995, in exec_module
  File "<frozen importlib._bootstrap>", line 488, in _call_with_frames_removed
  File "/opt/airflow/dags/etl_postgres_to_clickhouse.py", line 5, in <module>
    from clickhouse_driver import Client
ModuleNotFoundError: No module named 'clickhouse_driver'
[2026-01-04T17:20:16.997+0000] {processor.py:842} WARNING - No viable dags retrieved from /opt/airflow/dags/etl_postgres_to_clickhouse.py
[2026-01-04T17:20:17.036+0000] {processor.py:183} INFO - Processing /opt/airflow/dags/etl_postgres_to_clickhouse.py took 0.085 seconds
[2026-01-04T17:20:47.340+0000] {processor.py:161} INFO - Started process (PID=1262) to work on /opt/airflow/dags/etl_postgres_to_clickhouse.py
[2026-01-04T17:20:47.341+0000] {processor.py:830} INFO - Processing file /opt/airflow/dags/etl_postgres_to_clickhouse.py for tasks to queue
[2026-01-04T17:20:47.343+0000] {logging_mixin.py:188} INFO - [2026-01-04T17:20:47.343+0000] {dagbag.py:545} INFO - Filling up the DagBag from /opt/airflow/dags/etl_postgres_to_clickhouse.py
[2026-01-04T17:20:47.371+0000] {logging_mixin.py:188} INFO - [2026-01-04T17:20:47.367+0000] {dagbag.py:355} ERROR - Failed to import: /opt/airflow/dags/etl_postgres_to_clickhouse.py
Traceback (most recent call last):
  File "/home/airflow/.local/lib/python3.12/site-packages/airflow/models/dagbag.py", line 351, in parse
    loader.exec_module(new_module)
  File "<frozen importlib._bootstrap_external>", line 995, in exec_module
  File "<frozen importlib._bootstrap>", line 488, in _call_with_frames_removed
  File "/opt/airflow/dags/etl_postgres_to_clickhouse.py", line 5, in <module>
    from clickhouse_driver import Client
ModuleNotFoundError: No module named 'clickhouse_driver'
[2026-01-04T17:20:47.373+0000] {processor.py:842} WARNING - No viable dags retrieved from /opt/airflow/dags/etl_postgres_to_clickhouse.py
[2026-01-04T17:20:47.402+0000] {processor.py:183} INFO - Processing /opt/airflow/dags/etl_postgres_to_clickhouse.py took 0.068 seconds
[2026-01-04T17:21:41.518+0000] {processor.py:161} INFO - Started process (PID=174) to work on /opt/airflow/dags/etl_postgres_to_clickhouse.py
[2026-01-04T17:21:41.520+0000] {processor.py:830} INFO - Processing file /opt/airflow/dags/etl_postgres_to_clickhouse.py for tasks to queue
[2026-01-04T17:21:41.523+0000] {logging_mixin.py:188} INFO - [2026-01-04T17:21:41.523+0000] {dagbag.py:545} INFO - Filling up the DagBag from /opt/airflow/dags/etl_postgres_to_clickhouse.py
[2026-01-04T17:21:41.554+0000] {logging_mixin.py:188} INFO - [2026-01-04T17:21:41.547+0000] {dagbag.py:355} ERROR - Failed to import: /opt/airflow/dags/etl_postgres_to_clickhouse.py
Traceback (most recent call last):
  File "/home/airflow/.local/lib/python3.12/site-packages/airflow/models/dagbag.py", line 351, in parse
    loader.exec_module(new_module)
  File "<frozen importlib._bootstrap_external>", line 995, in exec_module
  File "<frozen importlib._bootstrap>", line 488, in _call_with_frames_removed
  File "/opt/airflow/dags/etl_postgres_to_clickhouse.py", line 5, in <module>
    from clickhouse_driver import Client
ModuleNotFoundError: No module named 'clickhouse_driver'
[2026-01-04T17:21:41.564+0000] {processor.py:842} WARNING - No viable dags retrieved from /opt/airflow/dags/etl_postgres_to_clickhouse.py
[2026-01-04T17:21:41.637+0000] {processor.py:183} INFO - Processing /opt/airflow/dags/etl_postgres_to_clickhouse.py took 0.132 seconds
[2026-01-04T17:22:11.838+0000] {processor.py:161} INFO - Started process (PID=213) to work on /opt/airflow/dags/etl_postgres_to_clickhouse.py
[2026-01-04T17:22:11.841+0000] {processor.py:830} INFO - Processing file /opt/airflow/dags/etl_postgres_to_clickhouse.py for tasks to queue
[2026-01-04T17:22:11.845+0000] {logging_mixin.py:188} INFO - [2026-01-04T17:22:11.844+0000] {dagbag.py:545} INFO - Filling up the DagBag from /opt/airflow/dags/etl_postgres_to_clickhouse.py
[2026-01-04T17:22:11.877+0000] {logging_mixin.py:188} INFO - [2026-01-04T17:22:11.871+0000] {dagbag.py:355} ERROR - Failed to import: /opt/airflow/dags/etl_postgres_to_clickhouse.py
Traceback (most recent call last):
  File "/home/airflow/.local/lib/python3.12/site-packages/airflow/models/dagbag.py", line 351, in parse
    loader.exec_module(new_module)
  File "<frozen importlib._bootstrap_external>", line 995, in exec_module
  File "<frozen importlib._bootstrap>", line 488, in _call_with_frames_removed
  File "/opt/airflow/dags/etl_postgres_to_clickhouse.py", line 5, in <module>
    from clickhouse_driver import Client
ModuleNotFoundError: No module named 'clickhouse_driver'
[2026-01-04T17:22:11.879+0000] {processor.py:842} WARNING - No viable dags retrieved from /opt/airflow/dags/etl_postgres_to_clickhouse.py
[2026-01-04T17:22:11.964+0000] {processor.py:183} INFO - Processing /opt/airflow/dags/etl_postgres_to_clickhouse.py took 0.140 seconds
[2026-01-04T17:22:42.137+0000] {processor.py:161} INFO - Started process (PID=242) to work on /opt/airflow/dags/etl_postgres_to_clickhouse.py
[2026-01-04T17:22:42.139+0000] {processor.py:830} INFO - Processing file /opt/airflow/dags/etl_postgres_to_clickhouse.py for tasks to queue
[2026-01-04T17:22:42.144+0000] {logging_mixin.py:188} INFO - [2026-01-04T17:22:42.143+0000] {dagbag.py:545} INFO - Filling up the DagBag from /opt/airflow/dags/etl_postgres_to_clickhouse.py
[2026-01-04T17:22:42.175+0000] {logging_mixin.py:188} INFO - [2026-01-04T17:22:42.170+0000] {dagbag.py:355} ERROR - Failed to import: /opt/airflow/dags/etl_postgres_to_clickhouse.py
Traceback (most recent call last):
  File "/home/airflow/.local/lib/python3.12/site-packages/airflow/models/dagbag.py", line 351, in parse
    loader.exec_module(new_module)
  File "<frozen importlib._bootstrap_external>", line 995, in exec_module
  File "<frozen importlib._bootstrap>", line 488, in _call_with_frames_removed
  File "/opt/airflow/dags/etl_postgres_to_clickhouse.py", line 5, in <module>
    from clickhouse_driver import Client
ModuleNotFoundError: No module named 'clickhouse_driver'
[2026-01-04T17:22:42.178+0000] {processor.py:842} WARNING - No viable dags retrieved from /opt/airflow/dags/etl_postgres_to_clickhouse.py
[2026-01-04T17:22:42.222+0000] {processor.py:183} INFO - Processing /opt/airflow/dags/etl_postgres_to_clickhouse.py took 0.098 seconds
[2026-01-04T17:23:12.587+0000] {processor.py:161} INFO - Started process (PID=261) to work on /opt/airflow/dags/etl_postgres_to_clickhouse.py
[2026-01-04T17:23:12.589+0000] {processor.py:830} INFO - Processing file /opt/airflow/dags/etl_postgres_to_clickhouse.py for tasks to queue
[2026-01-04T17:23:12.594+0000] {logging_mixin.py:188} INFO - [2026-01-04T17:23:12.593+0000] {dagbag.py:545} INFO - Filling up the DagBag from /opt/airflow/dags/etl_postgres_to_clickhouse.py
[2026-01-04T17:23:12.635+0000] {logging_mixin.py:188} INFO - [2026-01-04T17:23:12.623+0000] {dagbag.py:355} ERROR - Failed to import: /opt/airflow/dags/etl_postgres_to_clickhouse.py
Traceback (most recent call last):
  File "/home/airflow/.local/lib/python3.12/site-packages/airflow/models/dagbag.py", line 351, in parse
    loader.exec_module(new_module)
  File "<frozen importlib._bootstrap_external>", line 995, in exec_module
  File "<frozen importlib._bootstrap>", line 488, in _call_with_frames_removed
  File "/opt/airflow/dags/etl_postgres_to_clickhouse.py", line 5, in <module>
    from clickhouse_driver import Client
ModuleNotFoundError: No module named 'clickhouse_driver'
[2026-01-04T17:23:12.638+0000] {processor.py:842} WARNING - No viable dags retrieved from /opt/airflow/dags/etl_postgres_to_clickhouse.py
[2026-01-04T17:23:12.692+0000] {processor.py:183} INFO - Processing /opt/airflow/dags/etl_postgres_to_clickhouse.py took 0.118 seconds
[2026-01-04T17:23:42.910+0000] {processor.py:161} INFO - Started process (PID=287) to work on /opt/airflow/dags/etl_postgres_to_clickhouse.py
[2026-01-04T17:23:42.911+0000] {processor.py:830} INFO - Processing file /opt/airflow/dags/etl_postgres_to_clickhouse.py for tasks to queue
[2026-01-04T17:23:42.913+0000] {logging_mixin.py:188} INFO - [2026-01-04T17:23:42.913+0000] {dagbag.py:545} INFO - Filling up the DagBag from /opt/airflow/dags/etl_postgres_to_clickhouse.py
[2026-01-04T17:23:42.945+0000] {logging_mixin.py:188} INFO - [2026-01-04T17:23:42.938+0000] {dagbag.py:355} ERROR - Failed to import: /opt/airflow/dags/etl_postgres_to_clickhouse.py
Traceback (most recent call last):
  File "/home/airflow/.local/lib/python3.12/site-packages/airflow/models/dagbag.py", line 351, in parse
    loader.exec_module(new_module)
  File "<frozen importlib._bootstrap_external>", line 995, in exec_module
  File "<frozen importlib._bootstrap>", line 488, in _call_with_frames_removed
  File "/opt/airflow/dags/etl_postgres_to_clickhouse.py", line 5, in <module>
    from clickhouse_driver import Client
ModuleNotFoundError: No module named 'clickhouse_driver'
[2026-01-04T17:23:42.947+0000] {processor.py:842} WARNING - No viable dags retrieved from /opt/airflow/dags/etl_postgres_to_clickhouse.py
[2026-01-04T17:23:42.981+0000] {processor.py:183} INFO - Processing /opt/airflow/dags/etl_postgres_to_clickhouse.py took 0.080 seconds
[2026-01-04T17:24:13.102+0000] {processor.py:161} INFO - Started process (PID=306) to work on /opt/airflow/dags/etl_postgres_to_clickhouse.py
[2026-01-04T17:24:13.103+0000] {processor.py:830} INFO - Processing file /opt/airflow/dags/etl_postgres_to_clickhouse.py for tasks to queue
[2026-01-04T17:24:13.106+0000] {logging_mixin.py:188} INFO - [2026-01-04T17:24:13.105+0000] {dagbag.py:545} INFO - Filling up the DagBag from /opt/airflow/dags/etl_postgres_to_clickhouse.py
[2026-01-04T17:24:13.128+0000] {logging_mixin.py:188} INFO - [2026-01-04T17:24:13.123+0000] {dagbag.py:355} ERROR - Failed to import: /opt/airflow/dags/etl_postgres_to_clickhouse.py
Traceback (most recent call last):
  File "/home/airflow/.local/lib/python3.12/site-packages/airflow/models/dagbag.py", line 351, in parse
    loader.exec_module(new_module)
  File "<frozen importlib._bootstrap_external>", line 995, in exec_module
  File "<frozen importlib._bootstrap>", line 488, in _call_with_frames_removed
  File "/opt/airflow/dags/etl_postgres_to_clickhouse.py", line 5, in <module>
    from clickhouse_driver import Client
ModuleNotFoundError: No module named 'clickhouse_driver'
[2026-01-04T17:24:13.129+0000] {processor.py:842} WARNING - No viable dags retrieved from /opt/airflow/dags/etl_postgres_to_clickhouse.py
[2026-01-04T17:24:13.157+0000] {processor.py:183} INFO - Processing /opt/airflow/dags/etl_postgres_to_clickhouse.py took 0.062 seconds
[2026-01-04T17:24:43.370+0000] {processor.py:161} INFO - Started process (PID=325) to work on /opt/airflow/dags/etl_postgres_to_clickhouse.py
[2026-01-04T17:24:43.372+0000] {processor.py:830} INFO - Processing file /opt/airflow/dags/etl_postgres_to_clickhouse.py for tasks to queue
[2026-01-04T17:24:43.374+0000] {logging_mixin.py:188} INFO - [2026-01-04T17:24:43.374+0000] {dagbag.py:545} INFO - Filling up the DagBag from /opt/airflow/dags/etl_postgres_to_clickhouse.py
[2026-01-04T17:24:43.399+0000] {logging_mixin.py:188} INFO - [2026-01-04T17:24:43.395+0000] {dagbag.py:355} ERROR - Failed to import: /opt/airflow/dags/etl_postgres_to_clickhouse.py
Traceback (most recent call last):
  File "/home/airflow/.local/lib/python3.12/site-packages/airflow/models/dagbag.py", line 351, in parse
    loader.exec_module(new_module)
  File "<frozen importlib._bootstrap_external>", line 995, in exec_module
  File "<frozen importlib._bootstrap>", line 488, in _call_with_frames_removed
  File "/opt/airflow/dags/etl_postgres_to_clickhouse.py", line 5, in <module>
    from clickhouse_driver import Client
ModuleNotFoundError: No module named 'clickhouse_driver'
[2026-01-04T17:24:43.401+0000] {processor.py:842} WARNING - No viable dags retrieved from /opt/airflow/dags/etl_postgres_to_clickhouse.py
[2026-01-04T17:24:43.434+0000] {processor.py:183} INFO - Processing /opt/airflow/dags/etl_postgres_to_clickhouse.py took 0.071 seconds
[2026-01-04T17:25:13.677+0000] {processor.py:161} INFO - Started process (PID=344) to work on /opt/airflow/dags/etl_postgres_to_clickhouse.py
[2026-01-04T17:25:13.680+0000] {processor.py:830} INFO - Processing file /opt/airflow/dags/etl_postgres_to_clickhouse.py for tasks to queue
[2026-01-04T17:25:13.687+0000] {logging_mixin.py:188} INFO - [2026-01-04T17:25:13.686+0000] {dagbag.py:545} INFO - Filling up the DagBag from /opt/airflow/dags/etl_postgres_to_clickhouse.py
[2026-01-04T17:25:13.763+0000] {logging_mixin.py:188} INFO - [2026-01-04T17:25:13.737+0000] {dagbag.py:355} ERROR - Failed to import: /opt/airflow/dags/etl_postgres_to_clickhouse.py
Traceback (most recent call last):
  File "/home/airflow/.local/lib/python3.12/site-packages/airflow/models/dagbag.py", line 351, in parse
    loader.exec_module(new_module)
  File "<frozen importlib._bootstrap_external>", line 995, in exec_module
  File "<frozen importlib._bootstrap>", line 488, in _call_with_frames_removed
  File "/opt/airflow/dags/etl_postgres_to_clickhouse.py", line 5, in <module>
    from clickhouse_driver import Client
ModuleNotFoundError: No module named 'clickhouse_driver'
[2026-01-04T17:25:13.768+0000] {processor.py:842} WARNING - No viable dags retrieved from /opt/airflow/dags/etl_postgres_to_clickhouse.py
[2026-01-04T17:25:13.845+0000] {processor.py:183} INFO - Processing /opt/airflow/dags/etl_postgres_to_clickhouse.py took 0.201 seconds
[2026-01-04T17:25:44.106+0000] {processor.py:161} INFO - Started process (PID=363) to work on /opt/airflow/dags/etl_postgres_to_clickhouse.py
[2026-01-04T17:25:44.107+0000] {processor.py:830} INFO - Processing file /opt/airflow/dags/etl_postgres_to_clickhouse.py for tasks to queue
[2026-01-04T17:25:44.114+0000] {logging_mixin.py:188} INFO - [2026-01-04T17:25:44.113+0000] {dagbag.py:545} INFO - Filling up the DagBag from /opt/airflow/dags/etl_postgres_to_clickhouse.py
[2026-01-04T17:25:44.144+0000] {logging_mixin.py:188} INFO - [2026-01-04T17:25:44.137+0000] {dagbag.py:355} ERROR - Failed to import: /opt/airflow/dags/etl_postgres_to_clickhouse.py
Traceback (most recent call last):
  File "/home/airflow/.local/lib/python3.12/site-packages/airflow/models/dagbag.py", line 351, in parse
    loader.exec_module(new_module)
  File "<frozen importlib._bootstrap_external>", line 995, in exec_module
  File "<frozen importlib._bootstrap>", line 488, in _call_with_frames_removed
  File "/opt/airflow/dags/etl_postgres_to_clickhouse.py", line 5, in <module>
    from clickhouse_driver import Client
ModuleNotFoundError: No module named 'clickhouse_driver'
[2026-01-04T17:25:44.147+0000] {processor.py:842} WARNING - No viable dags retrieved from /opt/airflow/dags/etl_postgres_to_clickhouse.py
[2026-01-04T17:25:44.194+0000] {processor.py:183} INFO - Processing /opt/airflow/dags/etl_postgres_to_clickhouse.py took 0.097 seconds
[2026-01-04T17:26:14.364+0000] {processor.py:161} INFO - Started process (PID=382) to work on /opt/airflow/dags/etl_postgres_to_clickhouse.py
[2026-01-04T17:26:14.368+0000] {processor.py:830} INFO - Processing file /opt/airflow/dags/etl_postgres_to_clickhouse.py for tasks to queue
[2026-01-04T17:26:14.375+0000] {logging_mixin.py:188} INFO - [2026-01-04T17:26:14.374+0000] {dagbag.py:545} INFO - Filling up the DagBag from /opt/airflow/dags/etl_postgres_to_clickhouse.py
[2026-01-04T17:26:14.413+0000] {logging_mixin.py:188} INFO - [2026-01-04T17:26:14.403+0000] {dagbag.py:355} ERROR - Failed to import: /opt/airflow/dags/etl_postgres_to_clickhouse.py
Traceback (most recent call last):
  File "/home/airflow/.local/lib/python3.12/site-packages/airflow/models/dagbag.py", line 351, in parse
    loader.exec_module(new_module)
  File "<frozen importlib._bootstrap_external>", line 995, in exec_module
  File "<frozen importlib._bootstrap>", line 488, in _call_with_frames_removed
  File "/opt/airflow/dags/etl_postgres_to_clickhouse.py", line 5, in <module>
    from clickhouse_driver import Client
ModuleNotFoundError: No module named 'clickhouse_driver'
[2026-01-04T17:26:14.417+0000] {processor.py:842} WARNING - No viable dags retrieved from /opt/airflow/dags/etl_postgres_to_clickhouse.py
[2026-01-04T17:26:14.466+0000] {processor.py:183} INFO - Processing /opt/airflow/dags/etl_postgres_to_clickhouse.py took 0.119 seconds
[2026-01-04T17:26:44.808+0000] {processor.py:161} INFO - Started process (PID=401) to work on /opt/airflow/dags/etl_postgres_to_clickhouse.py
[2026-01-04T17:26:44.809+0000] {processor.py:830} INFO - Processing file /opt/airflow/dags/etl_postgres_to_clickhouse.py for tasks to queue
[2026-01-04T17:26:44.812+0000] {logging_mixin.py:188} INFO - [2026-01-04T17:26:44.812+0000] {dagbag.py:545} INFO - Filling up the DagBag from /opt/airflow/dags/etl_postgres_to_clickhouse.py
[2026-01-04T17:26:44.841+0000] {logging_mixin.py:188} INFO - [2026-01-04T17:26:44.835+0000] {dagbag.py:355} ERROR - Failed to import: /opt/airflow/dags/etl_postgres_to_clickhouse.py
Traceback (most recent call last):
  File "/home/airflow/.local/lib/python3.12/site-packages/airflow/models/dagbag.py", line 351, in parse
    loader.exec_module(new_module)
  File "<frozen importlib._bootstrap_external>", line 995, in exec_module
  File "<frozen importlib._bootstrap>", line 488, in _call_with_frames_removed
  File "/opt/airflow/dags/etl_postgres_to_clickhouse.py", line 5, in <module>
    from clickhouse_driver import Client
ModuleNotFoundError: No module named 'clickhouse_driver'
[2026-01-04T17:26:44.844+0000] {processor.py:842} WARNING - No viable dags retrieved from /opt/airflow/dags/etl_postgres_to_clickhouse.py
[2026-01-04T17:26:44.877+0000] {processor.py:183} INFO - Processing /opt/airflow/dags/etl_postgres_to_clickhouse.py took 0.078 seconds
[2026-01-04T17:27:15.061+0000] {processor.py:161} INFO - Started process (PID=427) to work on /opt/airflow/dags/etl_postgres_to_clickhouse.py
[2026-01-04T17:27:15.067+0000] {processor.py:830} INFO - Processing file /opt/airflow/dags/etl_postgres_to_clickhouse.py for tasks to queue
[2026-01-04T17:27:15.072+0000] {logging_mixin.py:188} INFO - [2026-01-04T17:27:15.071+0000] {dagbag.py:545} INFO - Filling up the DagBag from /opt/airflow/dags/etl_postgres_to_clickhouse.py
[2026-01-04T17:27:15.118+0000] {logging_mixin.py:188} INFO - [2026-01-04T17:27:15.108+0000] {dagbag.py:355} ERROR - Failed to import: /opt/airflow/dags/etl_postgres_to_clickhouse.py
Traceback (most recent call last):
  File "/home/airflow/.local/lib/python3.12/site-packages/airflow/models/dagbag.py", line 351, in parse
    loader.exec_module(new_module)
  File "<frozen importlib._bootstrap_external>", line 995, in exec_module
  File "<frozen importlib._bootstrap>", line 488, in _call_with_frames_removed
  File "/opt/airflow/dags/etl_postgres_to_clickhouse.py", line 5, in <module>
    from clickhouse_driver import Client
ModuleNotFoundError: No module named 'clickhouse_driver'
[2026-01-04T17:27:15.120+0000] {processor.py:842} WARNING - No viable dags retrieved from /opt/airflow/dags/etl_postgres_to_clickhouse.py
[2026-01-04T17:27:15.157+0000] {processor.py:183} INFO - Processing /opt/airflow/dags/etl_postgres_to_clickhouse.py took 0.119 seconds
[2026-01-04T17:27:45.323+0000] {processor.py:161} INFO - Started process (PID=446) to work on /opt/airflow/dags/etl_postgres_to_clickhouse.py
[2026-01-04T17:27:45.324+0000] {processor.py:830} INFO - Processing file /opt/airflow/dags/etl_postgres_to_clickhouse.py for tasks to queue
[2026-01-04T17:27:45.327+0000] {logging_mixin.py:188} INFO - [2026-01-04T17:27:45.327+0000] {dagbag.py:545} INFO - Filling up the DagBag from /opt/airflow/dags/etl_postgres_to_clickhouse.py
[2026-01-04T17:27:45.348+0000] {logging_mixin.py:188} INFO - [2026-01-04T17:27:45.343+0000] {dagbag.py:355} ERROR - Failed to import: /opt/airflow/dags/etl_postgres_to_clickhouse.py
Traceback (most recent call last):
  File "/home/airflow/.local/lib/python3.12/site-packages/airflow/models/dagbag.py", line 351, in parse
    loader.exec_module(new_module)
  File "<frozen importlib._bootstrap_external>", line 995, in exec_module
  File "<frozen importlib._bootstrap>", line 488, in _call_with_frames_removed
  File "/opt/airflow/dags/etl_postgres_to_clickhouse.py", line 5, in <module>
    from clickhouse_driver import Client
ModuleNotFoundError: No module named 'clickhouse_driver'
[2026-01-04T17:27:45.354+0000] {processor.py:842} WARNING - No viable dags retrieved from /opt/airflow/dags/etl_postgres_to_clickhouse.py
[2026-01-04T17:27:45.386+0000] {processor.py:183} INFO - Processing /opt/airflow/dags/etl_postgres_to_clickhouse.py took 0.072 seconds
[2026-01-04T17:28:15.712+0000] {processor.py:161} INFO - Started process (PID=465) to work on /opt/airflow/dags/etl_postgres_to_clickhouse.py
[2026-01-04T17:28:15.713+0000] {processor.py:830} INFO - Processing file /opt/airflow/dags/etl_postgres_to_clickhouse.py for tasks to queue
[2026-01-04T17:28:15.718+0000] {logging_mixin.py:188} INFO - [2026-01-04T17:28:15.717+0000] {dagbag.py:545} INFO - Filling up the DagBag from /opt/airflow/dags/etl_postgres_to_clickhouse.py
[2026-01-04T17:28:15.741+0000] {logging_mixin.py:188} INFO - [2026-01-04T17:28:15.736+0000] {dagbag.py:355} ERROR - Failed to import: /opt/airflow/dags/etl_postgres_to_clickhouse.py
Traceback (most recent call last):
  File "/home/airflow/.local/lib/python3.12/site-packages/airflow/models/dagbag.py", line 351, in parse
    loader.exec_module(new_module)
  File "<frozen importlib._bootstrap_external>", line 995, in exec_module
  File "<frozen importlib._bootstrap>", line 488, in _call_with_frames_removed
  File "/opt/airflow/dags/etl_postgres_to_clickhouse.py", line 5, in <module>
    from clickhouse_driver import Client
ModuleNotFoundError: No module named 'clickhouse_driver'
[2026-01-04T17:28:15.743+0000] {processor.py:842} WARNING - No viable dags retrieved from /opt/airflow/dags/etl_postgres_to_clickhouse.py
[2026-01-04T17:28:15.778+0000] {processor.py:183} INFO - Processing /opt/airflow/dags/etl_postgres_to_clickhouse.py took 0.075 seconds
[2026-01-04T17:28:45.963+0000] {processor.py:161} INFO - Started process (PID=484) to work on /opt/airflow/dags/etl_postgres_to_clickhouse.py
[2026-01-04T17:28:45.964+0000] {processor.py:830} INFO - Processing file /opt/airflow/dags/etl_postgres_to_clickhouse.py for tasks to queue
[2026-01-04T17:28:45.968+0000] {logging_mixin.py:188} INFO - [2026-01-04T17:28:45.967+0000] {dagbag.py:545} INFO - Filling up the DagBag from /opt/airflow/dags/etl_postgres_to_clickhouse.py
[2026-01-04T17:28:46.016+0000] {logging_mixin.py:188} INFO - [2026-01-04T17:28:46.007+0000] {dagbag.py:355} ERROR - Failed to import: /opt/airflow/dags/etl_postgres_to_clickhouse.py
Traceback (most recent call last):
  File "/home/airflow/.local/lib/python3.12/site-packages/airflow/models/dagbag.py", line 351, in parse
    loader.exec_module(new_module)
  File "<frozen importlib._bootstrap_external>", line 995, in exec_module
  File "<frozen importlib._bootstrap>", line 488, in _call_with_frames_removed
  File "/opt/airflow/dags/etl_postgres_to_clickhouse.py", line 5, in <module>
    from clickhouse_driver import Client
ModuleNotFoundError: No module named 'clickhouse_driver'
[2026-01-04T17:28:46.020+0000] {processor.py:842} WARNING - No viable dags retrieved from /opt/airflow/dags/etl_postgres_to_clickhouse.py
[2026-01-04T17:28:46.089+0000] {processor.py:183} INFO - Processing /opt/airflow/dags/etl_postgres_to_clickhouse.py took 0.138 seconds
[2026-01-04T17:29:16.341+0000] {processor.py:161} INFO - Started process (PID=503) to work on /opt/airflow/dags/etl_postgres_to_clickhouse.py
[2026-01-04T17:29:16.343+0000] {processor.py:830} INFO - Processing file /opt/airflow/dags/etl_postgres_to_clickhouse.py for tasks to queue
[2026-01-04T17:29:16.347+0000] {logging_mixin.py:188} INFO - [2026-01-04T17:29:16.346+0000] {dagbag.py:545} INFO - Filling up the DagBag from /opt/airflow/dags/etl_postgres_to_clickhouse.py
[2026-01-04T17:29:16.381+0000] {logging_mixin.py:188} INFO - [2026-01-04T17:29:16.376+0000] {dagbag.py:355} ERROR - Failed to import: /opt/airflow/dags/etl_postgres_to_clickhouse.py
Traceback (most recent call last):
  File "/home/airflow/.local/lib/python3.12/site-packages/airflow/models/dagbag.py", line 351, in parse
    loader.exec_module(new_module)
  File "<frozen importlib._bootstrap_external>", line 995, in exec_module
  File "<frozen importlib._bootstrap>", line 488, in _call_with_frames_removed
  File "/opt/airflow/dags/etl_postgres_to_clickhouse.py", line 5, in <module>
    from clickhouse_driver import Client
ModuleNotFoundError: No module named 'clickhouse_driver'
[2026-01-04T17:29:16.383+0000] {processor.py:842} WARNING - No viable dags retrieved from /opt/airflow/dags/etl_postgres_to_clickhouse.py
[2026-01-04T17:29:16.427+0000] {processor.py:183} INFO - Processing /opt/airflow/dags/etl_postgres_to_clickhouse.py took 0.100 seconds
[2026-01-04T17:29:46.618+0000] {processor.py:161} INFO - Started process (PID=522) to work on /opt/airflow/dags/etl_postgres_to_clickhouse.py
[2026-01-04T17:29:46.619+0000] {processor.py:830} INFO - Processing file /opt/airflow/dags/etl_postgres_to_clickhouse.py for tasks to queue
[2026-01-04T17:29:46.625+0000] {logging_mixin.py:188} INFO - [2026-01-04T17:29:46.624+0000] {dagbag.py:545} INFO - Filling up the DagBag from /opt/airflow/dags/etl_postgres_to_clickhouse.py
[2026-01-04T17:29:46.670+0000] {logging_mixin.py:188} INFO - [2026-01-04T17:29:46.660+0000] {dagbag.py:355} ERROR - Failed to import: /opt/airflow/dags/etl_postgres_to_clickhouse.py
Traceback (most recent call last):
  File "/home/airflow/.local/lib/python3.12/site-packages/airflow/models/dagbag.py", line 351, in parse
    loader.exec_module(new_module)
  File "<frozen importlib._bootstrap_external>", line 995, in exec_module
  File "<frozen importlib._bootstrap>", line 488, in _call_with_frames_removed
  File "/opt/airflow/dags/etl_postgres_to_clickhouse.py", line 5, in <module>
    from clickhouse_driver import Client
ModuleNotFoundError: No module named 'clickhouse_driver'
[2026-01-04T17:29:46.676+0000] {processor.py:842} WARNING - No viable dags retrieved from /opt/airflow/dags/etl_postgres_to_clickhouse.py
[2026-01-04T17:29:46.754+0000] {processor.py:183} INFO - Processing /opt/airflow/dags/etl_postgres_to_clickhouse.py took 0.151 seconds
[2026-01-04T17:30:16.921+0000] {processor.py:161} INFO - Started process (PID=541) to work on /opt/airflow/dags/etl_postgres_to_clickhouse.py
[2026-01-04T17:30:16.923+0000] {processor.py:830} INFO - Processing file /opt/airflow/dags/etl_postgres_to_clickhouse.py for tasks to queue
[2026-01-04T17:30:16.927+0000] {logging_mixin.py:188} INFO - [2026-01-04T17:30:16.926+0000] {dagbag.py:545} INFO - Filling up the DagBag from /opt/airflow/dags/etl_postgres_to_clickhouse.py
[2026-01-04T17:30:16.965+0000] {logging_mixin.py:188} INFO - [2026-01-04T17:30:16.956+0000] {dagbag.py:355} ERROR - Failed to import: /opt/airflow/dags/etl_postgres_to_clickhouse.py
Traceback (most recent call last):
  File "/home/airflow/.local/lib/python3.12/site-packages/airflow/models/dagbag.py", line 351, in parse
    loader.exec_module(new_module)
  File "<frozen importlib._bootstrap_external>", line 995, in exec_module
  File "<frozen importlib._bootstrap>", line 488, in _call_with_frames_removed
  File "/opt/airflow/dags/etl_postgres_to_clickhouse.py", line 5, in <module>
    from clickhouse_driver import Client
ModuleNotFoundError: No module named 'clickhouse_driver'
[2026-01-04T17:30:16.967+0000] {processor.py:842} WARNING - No viable dags retrieved from /opt/airflow/dags/etl_postgres_to_clickhouse.py
[2026-01-04T17:30:17.023+0000] {processor.py:183} INFO - Processing /opt/airflow/dags/etl_postgres_to_clickhouse.py took 0.116 seconds
[2026-01-04T17:30:47.251+0000] {processor.py:161} INFO - Started process (PID=561) to work on /opt/airflow/dags/etl_postgres_to_clickhouse.py
[2026-01-04T17:30:47.253+0000] {processor.py:830} INFO - Processing file /opt/airflow/dags/etl_postgres_to_clickhouse.py for tasks to queue
[2026-01-04T17:30:47.257+0000] {logging_mixin.py:188} INFO - [2026-01-04T17:30:47.257+0000] {dagbag.py:545} INFO - Filling up the DagBag from /opt/airflow/dags/etl_postgres_to_clickhouse.py
[2026-01-04T17:30:47.293+0000] {logging_mixin.py:188} INFO - [2026-01-04T17:30:47.280+0000] {dagbag.py:355} ERROR - Failed to import: /opt/airflow/dags/etl_postgres_to_clickhouse.py
Traceback (most recent call last):
  File "/home/airflow/.local/lib/python3.12/site-packages/airflow/models/dagbag.py", line 351, in parse
    loader.exec_module(new_module)
  File "<frozen importlib._bootstrap_external>", line 995, in exec_module
  File "<frozen importlib._bootstrap>", line 488, in _call_with_frames_removed
  File "/opt/airflow/dags/etl_postgres_to_clickhouse.py", line 5, in <module>
    from clickhouse_driver import Client
ModuleNotFoundError: No module named 'clickhouse_driver'
[2026-01-04T17:30:47.296+0000] {processor.py:842} WARNING - No viable dags retrieved from /opt/airflow/dags/etl_postgres_to_clickhouse.py
[2026-01-04T17:30:47.332+0000] {processor.py:183} INFO - Processing /opt/airflow/dags/etl_postgres_to_clickhouse.py took 0.092 seconds
[2026-01-04T17:31:17.468+0000] {processor.py:161} INFO - Started process (PID=581) to work on /opt/airflow/dags/etl_postgres_to_clickhouse.py
[2026-01-04T17:31:17.469+0000] {processor.py:830} INFO - Processing file /opt/airflow/dags/etl_postgres_to_clickhouse.py for tasks to queue
[2026-01-04T17:31:17.472+0000] {logging_mixin.py:188} INFO - [2026-01-04T17:31:17.471+0000] {dagbag.py:545} INFO - Filling up the DagBag from /opt/airflow/dags/etl_postgres_to_clickhouse.py
[2026-01-04T17:31:17.493+0000] {logging_mixin.py:188} INFO - [2026-01-04T17:31:17.489+0000] {dagbag.py:355} ERROR - Failed to import: /opt/airflow/dags/etl_postgres_to_clickhouse.py
Traceback (most recent call last):
  File "/home/airflow/.local/lib/python3.12/site-packages/airflow/models/dagbag.py", line 351, in parse
    loader.exec_module(new_module)
  File "<frozen importlib._bootstrap_external>", line 995, in exec_module
  File "<frozen importlib._bootstrap>", line 488, in _call_with_frames_removed
  File "/opt/airflow/dags/etl_postgres_to_clickhouse.py", line 5, in <module>
    from clickhouse_driver import Client
ModuleNotFoundError: No module named 'clickhouse_driver'
[2026-01-04T17:31:17.495+0000] {processor.py:842} WARNING - No viable dags retrieved from /opt/airflow/dags/etl_postgres_to_clickhouse.py
[2026-01-04T17:31:17.537+0000] {processor.py:183} INFO - Processing /opt/airflow/dags/etl_postgres_to_clickhouse.py took 0.077 seconds
[2026-01-04T17:31:47.827+0000] {processor.py:161} INFO - Started process (PID=607) to work on /opt/airflow/dags/etl_postgres_to_clickhouse.py
[2026-01-04T17:31:47.829+0000] {processor.py:830} INFO - Processing file /opt/airflow/dags/etl_postgres_to_clickhouse.py for tasks to queue
[2026-01-04T17:31:47.832+0000] {logging_mixin.py:188} INFO - [2026-01-04T17:31:47.831+0000] {dagbag.py:545} INFO - Filling up the DagBag from /opt/airflow/dags/etl_postgres_to_clickhouse.py
[2026-01-04T17:31:47.858+0000] {logging_mixin.py:188} INFO - [2026-01-04T17:31:47.852+0000] {dagbag.py:355} ERROR - Failed to import: /opt/airflow/dags/etl_postgres_to_clickhouse.py
Traceback (most recent call last):
  File "/home/airflow/.local/lib/python3.12/site-packages/airflow/models/dagbag.py", line 351, in parse
    loader.exec_module(new_module)
  File "<frozen importlib._bootstrap_external>", line 995, in exec_module
  File "<frozen importlib._bootstrap>", line 488, in _call_with_frames_removed
  File "/opt/airflow/dags/etl_postgres_to_clickhouse.py", line 5, in <module>
    from clickhouse_driver import Client
ModuleNotFoundError: No module named 'clickhouse_driver'
[2026-01-04T17:31:47.859+0000] {processor.py:842} WARNING - No viable dags retrieved from /opt/airflow/dags/etl_postgres_to_clickhouse.py
[2026-01-04T17:31:47.894+0000] {processor.py:183} INFO - Processing /opt/airflow/dags/etl_postgres_to_clickhouse.py took 0.076 seconds
[2026-01-04T17:32:18.049+0000] {processor.py:161} INFO - Started process (PID=626) to work on /opt/airflow/dags/etl_postgres_to_clickhouse.py
[2026-01-04T17:32:18.050+0000] {processor.py:830} INFO - Processing file /opt/airflow/dags/etl_postgres_to_clickhouse.py for tasks to queue
[2026-01-04T17:32:18.053+0000] {logging_mixin.py:188} INFO - [2026-01-04T17:32:18.053+0000] {dagbag.py:545} INFO - Filling up the DagBag from /opt/airflow/dags/etl_postgres_to_clickhouse.py
[2026-01-04T17:32:18.089+0000] {logging_mixin.py:188} INFO - [2026-01-04T17:32:18.079+0000] {dagbag.py:355} ERROR - Failed to import: /opt/airflow/dags/etl_postgres_to_clickhouse.py
Traceback (most recent call last):
  File "/home/airflow/.local/lib/python3.12/site-packages/airflow/models/dagbag.py", line 351, in parse
    loader.exec_module(new_module)
  File "<frozen importlib._bootstrap_external>", line 995, in exec_module
  File "<frozen importlib._bootstrap>", line 488, in _call_with_frames_removed
  File "/opt/airflow/dags/etl_postgres_to_clickhouse.py", line 5, in <module>
    from clickhouse_driver import Client
ModuleNotFoundError: No module named 'clickhouse_driver'
[2026-01-04T17:32:18.092+0000] {processor.py:842} WARNING - No viable dags retrieved from /opt/airflow/dags/etl_postgres_to_clickhouse.py
[2026-01-04T17:32:18.147+0000] {processor.py:183} INFO - Processing /opt/airflow/dags/etl_postgres_to_clickhouse.py took 0.108 seconds
[2026-01-04T17:32:48.441+0000] {processor.py:161} INFO - Started process (PID=645) to work on /opt/airflow/dags/etl_postgres_to_clickhouse.py
[2026-01-04T17:32:48.443+0000] {processor.py:830} INFO - Processing file /opt/airflow/dags/etl_postgres_to_clickhouse.py for tasks to queue
[2026-01-04T17:32:48.446+0000] {logging_mixin.py:188} INFO - [2026-01-04T17:32:48.446+0000] {dagbag.py:545} INFO - Filling up the DagBag from /opt/airflow/dags/etl_postgres_to_clickhouse.py
[2026-01-04T17:32:48.489+0000] {logging_mixin.py:188} INFO - [2026-01-04T17:32:48.479+0000] {dagbag.py:355} ERROR - Failed to import: /opt/airflow/dags/etl_postgres_to_clickhouse.py
Traceback (most recent call last):
  File "/home/airflow/.local/lib/python3.12/site-packages/airflow/models/dagbag.py", line 351, in parse
    loader.exec_module(new_module)
  File "<frozen importlib._bootstrap_external>", line 995, in exec_module
  File "<frozen importlib._bootstrap>", line 488, in _call_with_frames_removed
  File "/opt/airflow/dags/etl_postgres_to_clickhouse.py", line 5, in <module>
    from clickhouse_driver import Client
ModuleNotFoundError: No module named 'clickhouse_driver'
[2026-01-04T17:32:48.497+0000] {processor.py:842} WARNING - No viable dags retrieved from /opt/airflow/dags/etl_postgres_to_clickhouse.py
[2026-01-04T17:32:48.552+0000] {processor.py:183} INFO - Processing /opt/airflow/dags/etl_postgres_to_clickhouse.py took 0.125 seconds
[2026-01-04T17:33:18.697+0000] {processor.py:161} INFO - Started process (PID=665) to work on /opt/airflow/dags/etl_postgres_to_clickhouse.py
[2026-01-04T17:33:18.699+0000] {processor.py:830} INFO - Processing file /opt/airflow/dags/etl_postgres_to_clickhouse.py for tasks to queue
[2026-01-04T17:33:18.704+0000] {logging_mixin.py:188} INFO - [2026-01-04T17:33:18.703+0000] {dagbag.py:545} INFO - Filling up the DagBag from /opt/airflow/dags/etl_postgres_to_clickhouse.py
[2026-01-04T17:33:18.737+0000] {logging_mixin.py:188} INFO - [2026-01-04T17:33:18.730+0000] {dagbag.py:355} ERROR - Failed to import: /opt/airflow/dags/etl_postgres_to_clickhouse.py
Traceback (most recent call last):
  File "/home/airflow/.local/lib/python3.12/site-packages/airflow/models/dagbag.py", line 351, in parse
    loader.exec_module(new_module)
  File "<frozen importlib._bootstrap_external>", line 995, in exec_module
  File "<frozen importlib._bootstrap>", line 488, in _call_with_frames_removed
  File "/opt/airflow/dags/etl_postgres_to_clickhouse.py", line 5, in <module>
    from clickhouse_driver import Client
ModuleNotFoundError: No module named 'clickhouse_driver'
[2026-01-04T17:33:18.739+0000] {processor.py:842} WARNING - No viable dags retrieved from /opt/airflow/dags/etl_postgres_to_clickhouse.py
[2026-01-04T17:33:18.777+0000] {processor.py:183} INFO - Processing /opt/airflow/dags/etl_postgres_to_clickhouse.py took 0.096 seconds
[2026-01-04T17:33:49.028+0000] {processor.py:161} INFO - Started process (PID=685) to work on /opt/airflow/dags/etl_postgres_to_clickhouse.py
[2026-01-04T17:33:49.030+0000] {processor.py:830} INFO - Processing file /opt/airflow/dags/etl_postgres_to_clickhouse.py for tasks to queue
[2026-01-04T17:33:49.033+0000] {logging_mixin.py:188} INFO - [2026-01-04T17:33:49.032+0000] {dagbag.py:545} INFO - Filling up the DagBag from /opt/airflow/dags/etl_postgres_to_clickhouse.py
[2026-01-04T17:33:49.056+0000] {logging_mixin.py:188} INFO - [2026-01-04T17:33:49.051+0000] {dagbag.py:355} ERROR - Failed to import: /opt/airflow/dags/etl_postgres_to_clickhouse.py
Traceback (most recent call last):
  File "/home/airflow/.local/lib/python3.12/site-packages/airflow/models/dagbag.py", line 351, in parse
    loader.exec_module(new_module)
  File "<frozen importlib._bootstrap_external>", line 995, in exec_module
  File "<frozen importlib._bootstrap>", line 488, in _call_with_frames_removed
  File "/opt/airflow/dags/etl_postgres_to_clickhouse.py", line 5, in <module>
    from clickhouse_driver import Client
ModuleNotFoundError: No module named 'clickhouse_driver'
[2026-01-04T17:33:49.058+0000] {processor.py:842} WARNING - No viable dags retrieved from /opt/airflow/dags/etl_postgres_to_clickhouse.py
[2026-01-04T17:33:49.092+0000] {processor.py:183} INFO - Processing /opt/airflow/dags/etl_postgres_to_clickhouse.py took 0.073 seconds
[2026-01-04T17:34:19.289+0000] {processor.py:161} INFO - Started process (PID=704) to work on /opt/airflow/dags/etl_postgres_to_clickhouse.py
[2026-01-04T17:34:19.291+0000] {processor.py:830} INFO - Processing file /opt/airflow/dags/etl_postgres_to_clickhouse.py for tasks to queue
[2026-01-04T17:34:19.295+0000] {logging_mixin.py:188} INFO - [2026-01-04T17:34:19.294+0000] {dagbag.py:545} INFO - Filling up the DagBag from /opt/airflow/dags/etl_postgres_to_clickhouse.py
[2026-01-04T17:34:19.320+0000] {logging_mixin.py:188} INFO - [2026-01-04T17:34:19.314+0000] {dagbag.py:355} ERROR - Failed to import: /opt/airflow/dags/etl_postgres_to_clickhouse.py
Traceback (most recent call last):
  File "/home/airflow/.local/lib/python3.12/site-packages/airflow/models/dagbag.py", line 351, in parse
    loader.exec_module(new_module)
  File "<frozen importlib._bootstrap_external>", line 995, in exec_module
  File "<frozen importlib._bootstrap>", line 488, in _call_with_frames_removed
  File "/opt/airflow/dags/etl_postgres_to_clickhouse.py", line 5, in <module>
    from clickhouse_driver import Client
ModuleNotFoundError: No module named 'clickhouse_driver'
[2026-01-04T17:34:19.323+0000] {processor.py:842} WARNING - No viable dags retrieved from /opt/airflow/dags/etl_postgres_to_clickhouse.py
[2026-01-04T17:34:19.364+0000] {processor.py:183} INFO - Processing /opt/airflow/dags/etl_postgres_to_clickhouse.py took 0.086 seconds
[2026-01-04T21:47:40.896+0000] {processor.py:161} INFO - Started process (PID=183) to work on /opt/airflow/dags/etl_postgres_to_clickhouse.py
[2026-01-04T21:47:40.897+0000] {processor.py:830} INFO - Processing file /opt/airflow/dags/etl_postgres_to_clickhouse.py for tasks to queue
[2026-01-04T21:47:40.900+0000] {logging_mixin.py:188} INFO - [2026-01-04T21:47:40.900+0000] {dagbag.py:545} INFO - Filling up the DagBag from /opt/airflow/dags/etl_postgres_to_clickhouse.py
[2026-01-04T21:47:40.921+0000] {logging_mixin.py:188} INFO - [2026-01-04T21:47:40.917+0000] {dagbag.py:355} ERROR - Failed to import: /opt/airflow/dags/etl_postgres_to_clickhouse.py
Traceback (most recent call last):
  File "/home/airflow/.local/lib/python3.12/site-packages/airflow/models/dagbag.py", line 351, in parse
    loader.exec_module(new_module)
  File "<frozen importlib._bootstrap_external>", line 995, in exec_module
  File "<frozen importlib._bootstrap>", line 488, in _call_with_frames_removed
  File "/opt/airflow/dags/etl_postgres_to_clickhouse.py", line 5, in <module>
    from clickhouse_driver import Client
ModuleNotFoundError: No module named 'clickhouse_driver'
[2026-01-04T21:47:40.923+0000] {processor.py:842} WARNING - No viable dags retrieved from /opt/airflow/dags/etl_postgres_to_clickhouse.py
[2026-01-04T21:47:40.953+0000] {processor.py:183} INFO - Processing /opt/airflow/dags/etl_postgres_to_clickhouse.py took 0.067 seconds
[2026-01-04T21:48:11.072+0000] {processor.py:161} INFO - Started process (PID=228) to work on /opt/airflow/dags/etl_postgres_to_clickhouse.py
[2026-01-04T21:48:11.076+0000] {processor.py:830} INFO - Processing file /opt/airflow/dags/etl_postgres_to_clickhouse.py for tasks to queue
[2026-01-04T21:48:11.079+0000] {logging_mixin.py:188} INFO - [2026-01-04T21:48:11.078+0000] {dagbag.py:545} INFO - Filling up the DagBag from /opt/airflow/dags/etl_postgres_to_clickhouse.py
[2026-01-04T21:48:11.105+0000] {logging_mixin.py:188} INFO - [2026-01-04T21:48:11.098+0000] {dagbag.py:355} ERROR - Failed to import: /opt/airflow/dags/etl_postgres_to_clickhouse.py
Traceback (most recent call last):
  File "/home/airflow/.local/lib/python3.12/site-packages/airflow/models/dagbag.py", line 351, in parse
    loader.exec_module(new_module)
  File "<frozen importlib._bootstrap_external>", line 995, in exec_module
  File "<frozen importlib._bootstrap>", line 488, in _call_with_frames_removed
  File "/opt/airflow/dags/etl_postgres_to_clickhouse.py", line 5, in <module>
    from clickhouse_driver import Client
ModuleNotFoundError: No module named 'clickhouse_driver'
[2026-01-04T21:48:11.107+0000] {processor.py:842} WARNING - No viable dags retrieved from /opt/airflow/dags/etl_postgres_to_clickhouse.py
[2026-01-04T21:48:11.148+0000] {processor.py:183} INFO - Processing /opt/airflow/dags/etl_postgres_to_clickhouse.py took 0.086 seconds
[2026-01-04T21:48:41.245+0000] {processor.py:161} INFO - Started process (PID=248) to work on /opt/airflow/dags/etl_postgres_to_clickhouse.py
[2026-01-04T21:48:41.247+0000] {processor.py:830} INFO - Processing file /opt/airflow/dags/etl_postgres_to_clickhouse.py for tasks to queue
[2026-01-04T21:48:41.250+0000] {logging_mixin.py:188} INFO - [2026-01-04T21:48:41.250+0000] {dagbag.py:545} INFO - Filling up the DagBag from /opt/airflow/dags/etl_postgres_to_clickhouse.py
[2026-01-04T21:48:41.272+0000] {logging_mixin.py:188} INFO - [2026-01-04T21:48:41.267+0000] {dagbag.py:355} ERROR - Failed to import: /opt/airflow/dags/etl_postgres_to_clickhouse.py
Traceback (most recent call last):
  File "/home/airflow/.local/lib/python3.12/site-packages/airflow/models/dagbag.py", line 351, in parse
    loader.exec_module(new_module)
  File "<frozen importlib._bootstrap_external>", line 995, in exec_module
  File "<frozen importlib._bootstrap>", line 488, in _call_with_frames_removed
  File "/opt/airflow/dags/etl_postgres_to_clickhouse.py", line 5, in <module>
    from clickhouse_driver import Client
ModuleNotFoundError: No module named 'clickhouse_driver'
[2026-01-04T21:48:41.274+0000] {processor.py:842} WARNING - No viable dags retrieved from /opt/airflow/dags/etl_postgres_to_clickhouse.py
[2026-01-04T21:48:41.305+0000] {processor.py:183} INFO - Processing /opt/airflow/dags/etl_postgres_to_clickhouse.py took 0.067 seconds
[2026-01-04T21:49:11.431+0000] {processor.py:161} INFO - Started process (PID=267) to work on /opt/airflow/dags/etl_postgres_to_clickhouse.py
[2026-01-04T21:49:11.432+0000] {processor.py:830} INFO - Processing file /opt/airflow/dags/etl_postgres_to_clickhouse.py for tasks to queue
[2026-01-04T21:49:11.434+0000] {logging_mixin.py:188} INFO - [2026-01-04T21:49:11.434+0000] {dagbag.py:545} INFO - Filling up the DagBag from /opt/airflow/dags/etl_postgres_to_clickhouse.py
[2026-01-04T21:49:11.458+0000] {logging_mixin.py:188} INFO - [2026-01-04T21:49:11.454+0000] {dagbag.py:355} ERROR - Failed to import: /opt/airflow/dags/etl_postgres_to_clickhouse.py
Traceback (most recent call last):
  File "/home/airflow/.local/lib/python3.12/site-packages/airflow/models/dagbag.py", line 351, in parse
    loader.exec_module(new_module)
  File "<frozen importlib._bootstrap_external>", line 995, in exec_module
  File "<frozen importlib._bootstrap>", line 488, in _call_with_frames_removed
  File "/opt/airflow/dags/etl_postgres_to_clickhouse.py", line 5, in <module>
    from clickhouse_driver import Client
ModuleNotFoundError: No module named 'clickhouse_driver'
[2026-01-04T21:49:11.460+0000] {processor.py:842} WARNING - No viable dags retrieved from /opt/airflow/dags/etl_postgres_to_clickhouse.py
[2026-01-04T21:49:11.487+0000] {processor.py:183} INFO - Processing /opt/airflow/dags/etl_postgres_to_clickhouse.py took 0.062 seconds
[2026-01-04T21:50:02.412+0000] {processor.py:161} INFO - Started process (PID=183) to work on /opt/airflow/dags/etl_postgres_to_clickhouse.py
[2026-01-04T21:50:02.414+0000] {processor.py:830} INFO - Processing file /opt/airflow/dags/etl_postgres_to_clickhouse.py for tasks to queue
[2026-01-04T21:50:02.416+0000] {logging_mixin.py:188} INFO - [2026-01-04T21:50:02.416+0000] {dagbag.py:545} INFO - Filling up the DagBag from /opt/airflow/dags/etl_postgres_to_clickhouse.py
[2026-01-04T21:50:02.665+0000] {processor.py:840} INFO - DAG(s) 'pg_to_clickhouse' retrieved from /opt/airflow/dags/etl_postgres_to_clickhouse.py
[2026-01-04T21:50:02.695+0000] {logging_mixin.py:188} INFO - [2026-01-04T21:50:02.695+0000] {dag.py:3096} INFO - Sync 1 DAGs
[2026-01-04T21:50:02.726+0000] {logging_mixin.py:188} INFO - [2026-01-04T21:50:02.725+0000] {dag.py:3954} INFO - Setting next_dagrun for pg_to_clickhouse to 2026-01-04 21:49:50+00:00, run_after=2026-01-04 21:50:00+00:00
[2026-01-04T21:50:02.752+0000] {processor.py:183} INFO - Processing /opt/airflow/dags/etl_postgres_to_clickhouse.py took 0.349 seconds
[2026-01-04T21:50:32.890+0000] {processor.py:161} INFO - Started process (PID=228) to work on /opt/airflow/dags/etl_postgres_to_clickhouse.py
[2026-01-04T21:50:32.892+0000] {processor.py:830} INFO - Processing file /opt/airflow/dags/etl_postgres_to_clickhouse.py for tasks to queue
[2026-01-04T21:50:32.897+0000] {logging_mixin.py:188} INFO - [2026-01-04T21:50:32.896+0000] {dagbag.py:545} INFO - Filling up the DagBag from /opt/airflow/dags/etl_postgres_to_clickhouse.py
[2026-01-04T21:50:33.255+0000] {processor.py:840} INFO - DAG(s) 'pg_to_clickhouse' retrieved from /opt/airflow/dags/etl_postgres_to_clickhouse.py
[2026-01-04T21:50:33.436+0000] {logging_mixin.py:188} INFO - [2026-01-04T21:50:33.436+0000] {dag.py:3096} INFO - Sync 1 DAGs
[2026-01-04T21:50:33.464+0000] {logging_mixin.py:188} INFO - [2026-01-04T21:50:33.464+0000] {dag.py:3954} INFO - Setting next_dagrun for pg_to_clickhouse to 2026-01-04 21:50:20+00:00, run_after=2026-01-04 21:50:30+00:00
[2026-01-04T21:50:33.489+0000] {processor.py:183} INFO - Processing /opt/airflow/dags/etl_postgres_to_clickhouse.py took 0.613 seconds
[2026-01-04T21:51:03.623+0000] {processor.py:161} INFO - Started process (PID=256) to work on /opt/airflow/dags/etl_postgres_to_clickhouse.py
[2026-01-04T21:51:03.625+0000] {processor.py:830} INFO - Processing file /opt/airflow/dags/etl_postgres_to_clickhouse.py for tasks to queue
[2026-01-04T21:51:03.627+0000] {logging_mixin.py:188} INFO - [2026-01-04T21:51:03.627+0000] {dagbag.py:545} INFO - Filling up the DagBag from /opt/airflow/dags/etl_postgres_to_clickhouse.py
[2026-01-04T21:51:03.861+0000] {processor.py:840} INFO - DAG(s) 'pg_to_clickhouse' retrieved from /opt/airflow/dags/etl_postgres_to_clickhouse.py
[2026-01-04T21:51:03.897+0000] {logging_mixin.py:188} INFO - [2026-01-04T21:51:03.896+0000] {dag.py:3096} INFO - Sync 1 DAGs
[2026-01-04T21:51:03.927+0000] {logging_mixin.py:188} INFO - [2026-01-04T21:51:03.927+0000] {dag.py:3954} INFO - Setting next_dagrun for pg_to_clickhouse to 2026-01-04 21:51:00+00:00, run_after=2026-01-04 21:51:10+00:00
[2026-01-04T21:51:03.956+0000] {processor.py:183} INFO - Processing /opt/airflow/dags/etl_postgres_to_clickhouse.py took 0.340 seconds
[2026-01-04T21:51:34.056+0000] {processor.py:161} INFO - Started process (PID=281) to work on /opt/airflow/dags/etl_postgres_to_clickhouse.py
[2026-01-04T21:51:34.057+0000] {processor.py:830} INFO - Processing file /opt/airflow/dags/etl_postgres_to_clickhouse.py for tasks to queue
[2026-01-04T21:51:34.060+0000] {logging_mixin.py:188} INFO - [2026-01-04T21:51:34.060+0000] {dagbag.py:545} INFO - Filling up the DagBag from /opt/airflow/dags/etl_postgres_to_clickhouse.py
[2026-01-04T21:51:34.376+0000] {processor.py:840} INFO - DAG(s) 'pg_to_clickhouse' retrieved from /opt/airflow/dags/etl_postgres_to_clickhouse.py
[2026-01-04T21:51:34.418+0000] {logging_mixin.py:188} INFO - [2026-01-04T21:51:34.417+0000] {dag.py:3096} INFO - Sync 1 DAGs
[2026-01-04T21:51:34.446+0000] {logging_mixin.py:188} INFO - [2026-01-04T21:51:34.446+0000] {dag.py:3954} INFO - Setting next_dagrun for pg_to_clickhouse to 2026-01-04 21:51:30+00:00, run_after=2026-01-04 21:51:40+00:00
[2026-01-04T21:51:34.471+0000] {processor.py:183} INFO - Processing /opt/airflow/dags/etl_postgres_to_clickhouse.py took 0.423 seconds
[2026-01-04T21:52:04.624+0000] {processor.py:161} INFO - Started process (PID=314) to work on /opt/airflow/dags/etl_postgres_to_clickhouse.py
[2026-01-04T21:52:04.625+0000] {processor.py:830} INFO - Processing file /opt/airflow/dags/etl_postgres_to_clickhouse.py for tasks to queue
[2026-01-04T21:52:04.628+0000] {logging_mixin.py:188} INFO - [2026-01-04T21:52:04.627+0000] {dagbag.py:545} INFO - Filling up the DagBag from /opt/airflow/dags/etl_postgres_to_clickhouse.py
[2026-01-04T21:52:04.876+0000] {processor.py:840} INFO - DAG(s) 'pg_to_clickhouse' retrieved from /opt/airflow/dags/etl_postgres_to_clickhouse.py
[2026-01-04T21:52:04.912+0000] {logging_mixin.py:188} INFO - [2026-01-04T21:52:04.912+0000] {dag.py:3096} INFO - Sync 1 DAGs
[2026-01-04T21:52:04.956+0000] {logging_mixin.py:188} INFO - [2026-01-04T21:52:04.956+0000] {dag.py:3954} INFO - Setting next_dagrun for pg_to_clickhouse to 2026-01-04 21:52:00+00:00, run_after=2026-01-04 21:52:10+00:00
[2026-01-04T21:52:04.988+0000] {processor.py:183} INFO - Processing /opt/airflow/dags/etl_postgres_to_clickhouse.py took 0.372 seconds
[2026-01-04T21:52:17.120+0000] {processor.py:161} INFO - Started process (PID=321) to work on /opt/airflow/dags/etl_postgres_to_clickhouse.py
[2026-01-04T21:52:17.121+0000] {processor.py:830} INFO - Processing file /opt/airflow/dags/etl_postgres_to_clickhouse.py for tasks to queue
[2026-01-04T21:52:17.123+0000] {logging_mixin.py:188} INFO - [2026-01-04T21:52:17.123+0000] {dagbag.py:545} INFO - Filling up the DagBag from /opt/airflow/dags/etl_postgres_to_clickhouse.py
[2026-01-04T21:52:17.396+0000] {processor.py:840} INFO - DAG(s) 'pg_to_clickhouse' retrieved from /opt/airflow/dags/etl_postgres_to_clickhouse.py
[2026-01-04T21:52:17.521+0000] {logging_mixin.py:188} INFO - [2026-01-04T21:52:17.521+0000] {dag.py:3096} INFO - Sync 1 DAGs
[2026-01-04T21:52:17.545+0000] {logging_mixin.py:188} INFO - [2026-01-04T21:52:17.545+0000] {dag.py:3954} INFO - Setting next_dagrun for pg_to_clickhouse to 2026-01-04 21:52:10+00:00, run_after=2026-01-04 21:52:20+00:00
[2026-01-04T21:52:17.574+0000] {processor.py:183} INFO - Processing /opt/airflow/dags/etl_postgres_to_clickhouse.py took 0.461 seconds
[2026-01-04T21:53:04.622+0000] {processor.py:161} INFO - Started process (PID=191) to work on /opt/airflow/dags/etl_postgres_to_clickhouse.py
[2026-01-04T21:53:04.625+0000] {processor.py:830} INFO - Processing file /opt/airflow/dags/etl_postgres_to_clickhouse.py for tasks to queue
[2026-01-04T21:53:04.630+0000] {logging_mixin.py:188} INFO - [2026-01-04T21:53:04.629+0000] {dagbag.py:545} INFO - Filling up the DagBag from /opt/airflow/dags/etl_postgres_to_clickhouse.py
[2026-01-04T21:53:04.970+0000] {processor.py:840} INFO - DAG(s) 'pg_to_clickhouse' retrieved from /opt/airflow/dags/etl_postgres_to_clickhouse.py
[2026-01-04T21:53:05.192+0000] {logging_mixin.py:188} INFO - [2026-01-04T21:53:05.191+0000] {override.py:1829} INFO - Created Permission View: can delete on DAG:pg_to_clickhouse
[2026-01-04T21:53:05.208+0000] {logging_mixin.py:188} INFO - [2026-01-04T21:53:05.208+0000] {override.py:1829} INFO - Created Permission View: can edit on DAG:pg_to_clickhouse
[2026-01-04T21:53:05.218+0000] {logging_mixin.py:188} INFO - [2026-01-04T21:53:05.218+0000] {override.py:1829} INFO - Created Permission View: can read on DAG:pg_to_clickhouse
[2026-01-04T21:53:05.219+0000] {logging_mixin.py:188} INFO - [2026-01-04T21:53:05.218+0000] {dag.py:3096} INFO - Sync 1 DAGs
[2026-01-04T21:53:05.234+0000] {logging_mixin.py:188} INFO - [2026-01-04T21:53:05.233+0000] {dag.py:3118} INFO - Creating ORM DAG for pg_to_clickhouse
[2026-01-04T21:53:05.250+0000] {logging_mixin.py:188} INFO - [2026-01-04T21:53:05.250+0000] {dag.py:3954} INFO - Setting next_dagrun for pg_to_clickhouse to 2026-01-04 21:52:50+00:00, run_after=2026-01-04 21:53:00+00:00
[2026-01-04T21:53:05.277+0000] {processor.py:183} INFO - Processing /opt/airflow/dags/etl_postgres_to_clickhouse.py took 0.664 seconds
[2026-01-04T21:53:35.524+0000] {processor.py:161} INFO - Started process (PID=237) to work on /opt/airflow/dags/etl_postgres_to_clickhouse.py
[2026-01-04T21:53:35.527+0000] {processor.py:830} INFO - Processing file /opt/airflow/dags/etl_postgres_to_clickhouse.py for tasks to queue
[2026-01-04T21:53:35.531+0000] {logging_mixin.py:188} INFO - [2026-01-04T21:53:35.530+0000] {dagbag.py:545} INFO - Filling up the DagBag from /opt/airflow/dags/etl_postgres_to_clickhouse.py
[2026-01-04T21:53:35.898+0000] {processor.py:840} INFO - DAG(s) 'pg_to_clickhouse' retrieved from /opt/airflow/dags/etl_postgres_to_clickhouse.py
[2026-01-04T21:53:35.957+0000] {logging_mixin.py:188} INFO - [2026-01-04T21:53:35.957+0000] {dag.py:3096} INFO - Sync 1 DAGs
[2026-01-04T21:53:35.998+0000] {logging_mixin.py:188} INFO - [2026-01-04T21:53:35.997+0000] {dag.py:3954} INFO - Setting next_dagrun for pg_to_clickhouse to 2026-01-04 21:53:30+00:00, run_after=2026-01-04 21:53:40+00:00
[2026-01-04T21:53:36.031+0000] {processor.py:183} INFO - Processing /opt/airflow/dags/etl_postgres_to_clickhouse.py took 0.519 seconds
[2026-01-04T21:54:06.163+0000] {processor.py:161} INFO - Started process (PID=263) to work on /opt/airflow/dags/etl_postgres_to_clickhouse.py
[2026-01-04T21:54:06.164+0000] {processor.py:830} INFO - Processing file /opt/airflow/dags/etl_postgres_to_clickhouse.py for tasks to queue
[2026-01-04T21:54:06.167+0000] {logging_mixin.py:188} INFO - [2026-01-04T21:54:06.166+0000] {dagbag.py:545} INFO - Filling up the DagBag from /opt/airflow/dags/etl_postgres_to_clickhouse.py
[2026-01-04T21:54:06.389+0000] {processor.py:840} INFO - DAG(s) 'pg_to_clickhouse' retrieved from /opt/airflow/dags/etl_postgres_to_clickhouse.py
[2026-01-04T21:54:06.422+0000] {logging_mixin.py:188} INFO - [2026-01-04T21:54:06.422+0000] {dag.py:3096} INFO - Sync 1 DAGs
[2026-01-04T21:54:06.445+0000] {logging_mixin.py:188} INFO - [2026-01-04T21:54:06.444+0000] {dag.py:3954} INFO - Setting next_dagrun for pg_to_clickhouse to 2026-01-04 21:54:00+00:00, run_after=2026-01-04 21:54:10+00:00
[2026-01-04T21:54:06.470+0000] {processor.py:183} INFO - Processing /opt/airflow/dags/etl_postgres_to_clickhouse.py took 0.316 seconds
[2026-01-04T21:54:36.614+0000] {processor.py:161} INFO - Started process (PID=289) to work on /opt/airflow/dags/etl_postgres_to_clickhouse.py
[2026-01-04T21:54:36.615+0000] {processor.py:830} INFO - Processing file /opt/airflow/dags/etl_postgres_to_clickhouse.py for tasks to queue
[2026-01-04T21:54:36.617+0000] {logging_mixin.py:188} INFO - [2026-01-04T21:54:36.617+0000] {dagbag.py:545} INFO - Filling up the DagBag from /opt/airflow/dags/etl_postgres_to_clickhouse.py
[2026-01-04T21:54:36.818+0000] {processor.py:840} INFO - DAG(s) 'pg_to_clickhouse' retrieved from /opt/airflow/dags/etl_postgres_to_clickhouse.py
[2026-01-04T21:54:36.853+0000] {logging_mixin.py:188} INFO - [2026-01-04T21:54:36.853+0000] {dag.py:3096} INFO - Sync 1 DAGs
[2026-01-04T21:54:36.878+0000] {logging_mixin.py:188} INFO - [2026-01-04T21:54:36.878+0000] {dag.py:3954} INFO - Setting next_dagrun for pg_to_clickhouse to 2026-01-04 21:54:30+00:00, run_after=2026-01-04 21:54:40+00:00
[2026-01-04T21:54:36.899+0000] {processor.py:183} INFO - Processing /opt/airflow/dags/etl_postgres_to_clickhouse.py took 0.292 seconds
[2026-01-04T21:55:07.105+0000] {processor.py:161} INFO - Started process (PID=321) to work on /opt/airflow/dags/etl_postgres_to_clickhouse.py
[2026-01-04T21:55:07.107+0000] {processor.py:830} INFO - Processing file /opt/airflow/dags/etl_postgres_to_clickhouse.py for tasks to queue
[2026-01-04T21:55:07.110+0000] {logging_mixin.py:188} INFO - [2026-01-04T21:55:07.109+0000] {dagbag.py:545} INFO - Filling up the DagBag from /opt/airflow/dags/etl_postgres_to_clickhouse.py
[2026-01-04T21:55:07.567+0000] {processor.py:840} INFO - DAG(s) 'pg_to_clickhouse' retrieved from /opt/airflow/dags/etl_postgres_to_clickhouse.py
[2026-01-04T21:55:07.630+0000] {logging_mixin.py:188} INFO - [2026-01-04T21:55:07.630+0000] {dag.py:3096} INFO - Sync 1 DAGs
[2026-01-04T21:55:07.680+0000] {logging_mixin.py:188} INFO - [2026-01-04T21:55:07.680+0000] {dag.py:3954} INFO - Setting next_dagrun for pg_to_clickhouse to 2026-01-04 21:55:00+00:00, run_after=2026-01-04 21:55:10+00:00
[2026-01-04T21:55:07.730+0000] {processor.py:183} INFO - Processing /opt/airflow/dags/etl_postgres_to_clickhouse.py took 0.637 seconds
[2026-01-04T21:55:37.919+0000] {processor.py:161} INFO - Started process (PID=346) to work on /opt/airflow/dags/etl_postgres_to_clickhouse.py
[2026-01-04T21:55:37.921+0000] {processor.py:830} INFO - Processing file /opt/airflow/dags/etl_postgres_to_clickhouse.py for tasks to queue
[2026-01-04T21:55:37.924+0000] {logging_mixin.py:188} INFO - [2026-01-04T21:55:37.923+0000] {dagbag.py:545} INFO - Filling up the DagBag from /opt/airflow/dags/etl_postgres_to_clickhouse.py
[2026-01-04T21:55:38.306+0000] {processor.py:840} INFO - DAG(s) 'pg_to_clickhouse' retrieved from /opt/airflow/dags/etl_postgres_to_clickhouse.py
[2026-01-04T21:55:38.357+0000] {logging_mixin.py:188} INFO - [2026-01-04T21:55:38.356+0000] {dag.py:3096} INFO - Sync 1 DAGs
[2026-01-04T21:55:38.393+0000] {logging_mixin.py:188} INFO - [2026-01-04T21:55:38.393+0000] {dag.py:3954} INFO - Setting next_dagrun for pg_to_clickhouse to 2026-01-04 21:55:30+00:00, run_after=2026-01-04 21:55:40+00:00
[2026-01-04T21:55:38.428+0000] {processor.py:183} INFO - Processing /opt/airflow/dags/etl_postgres_to_clickhouse.py took 0.522 seconds
[2026-01-04T21:56:08.679+0000] {processor.py:161} INFO - Started process (PID=371) to work on /opt/airflow/dags/etl_postgres_to_clickhouse.py
[2026-01-04T21:56:08.681+0000] {processor.py:830} INFO - Processing file /opt/airflow/dags/etl_postgres_to_clickhouse.py for tasks to queue
[2026-01-04T21:56:08.686+0000] {logging_mixin.py:188} INFO - [2026-01-04T21:56:08.685+0000] {dagbag.py:545} INFO - Filling up the DagBag from /opt/airflow/dags/etl_postgres_to_clickhouse.py
[2026-01-04T21:56:09.244+0000] {processor.py:840} INFO - DAG(s) 'pg_to_clickhouse' retrieved from /opt/airflow/dags/etl_postgres_to_clickhouse.py
[2026-01-04T21:56:09.304+0000] {logging_mixin.py:188} INFO - [2026-01-04T21:56:09.304+0000] {dag.py:3096} INFO - Sync 1 DAGs
[2026-01-04T21:56:09.351+0000] {logging_mixin.py:188} INFO - [2026-01-04T21:56:09.351+0000] {dag.py:3954} INFO - Setting next_dagrun for pg_to_clickhouse to 2026-01-04 21:56:00+00:00, run_after=2026-01-04 21:56:10+00:00
[2026-01-04T21:56:09.395+0000] {processor.py:183} INFO - Processing /opt/airflow/dags/etl_postgres_to_clickhouse.py took 0.734 seconds
[2026-01-04T21:56:39.581+0000] {processor.py:161} INFO - Started process (PID=395) to work on /opt/airflow/dags/etl_postgres_to_clickhouse.py
[2026-01-04T21:56:39.583+0000] {processor.py:830} INFO - Processing file /opt/airflow/dags/etl_postgres_to_clickhouse.py for tasks to queue
[2026-01-04T21:56:39.589+0000] {logging_mixin.py:188} INFO - [2026-01-04T21:56:39.588+0000] {dagbag.py:545} INFO - Filling up the DagBag from /opt/airflow/dags/etl_postgres_to_clickhouse.py
[2026-01-04T21:56:39.949+0000] {processor.py:840} INFO - DAG(s) 'pg_to_clickhouse' retrieved from /opt/airflow/dags/etl_postgres_to_clickhouse.py
[2026-01-04T21:56:39.996+0000] {logging_mixin.py:188} INFO - [2026-01-04T21:56:39.996+0000] {dag.py:3096} INFO - Sync 1 DAGs
[2026-01-04T21:56:40.030+0000] {logging_mixin.py:188} INFO - [2026-01-04T21:56:40.030+0000] {dag.py:3954} INFO - Setting next_dagrun for pg_to_clickhouse to 2026-01-04 21:56:30+00:00, run_after=2026-01-04 21:56:40+00:00
[2026-01-04T21:56:40.061+0000] {processor.py:183} INFO - Processing /opt/airflow/dags/etl_postgres_to_clickhouse.py took 0.489 seconds
[2026-01-04T21:57:10.218+0000] {processor.py:161} INFO - Started process (PID=420) to work on /opt/airflow/dags/etl_postgres_to_clickhouse.py
[2026-01-04T21:57:10.219+0000] {processor.py:830} INFO - Processing file /opt/airflow/dags/etl_postgres_to_clickhouse.py for tasks to queue
[2026-01-04T21:57:10.221+0000] {logging_mixin.py:188} INFO - [2026-01-04T21:57:10.221+0000] {dagbag.py:545} INFO - Filling up the DagBag from /opt/airflow/dags/etl_postgres_to_clickhouse.py
[2026-01-04T21:57:10.461+0000] {processor.py:840} INFO - DAG(s) 'pg_to_clickhouse' retrieved from /opt/airflow/dags/etl_postgres_to_clickhouse.py
[2026-01-04T21:57:10.507+0000] {logging_mixin.py:188} INFO - [2026-01-04T21:57:10.506+0000] {dag.py:3096} INFO - Sync 1 DAGs
[2026-01-04T21:57:10.541+0000] {logging_mixin.py:188} INFO - [2026-01-04T21:57:10.540+0000] {dag.py:3954} INFO - Setting next_dagrun for pg_to_clickhouse to 2026-01-04 21:57:00+00:00, run_after=2026-01-04 21:57:10+00:00
[2026-01-04T21:57:10.571+0000] {processor.py:183} INFO - Processing /opt/airflow/dags/etl_postgres_to_clickhouse.py took 0.359 seconds
[2026-01-04T21:57:40.757+0000] {processor.py:161} INFO - Started process (PID=445) to work on /opt/airflow/dags/etl_postgres_to_clickhouse.py
[2026-01-04T21:57:40.759+0000] {processor.py:830} INFO - Processing file /opt/airflow/dags/etl_postgres_to_clickhouse.py for tasks to queue
[2026-01-04T21:57:40.761+0000] {logging_mixin.py:188} INFO - [2026-01-04T21:57:40.761+0000] {dagbag.py:545} INFO - Filling up the DagBag from /opt/airflow/dags/etl_postgres_to_clickhouse.py
[2026-01-04T21:57:41.025+0000] {processor.py:840} INFO - DAG(s) 'pg_to_clickhouse' retrieved from /opt/airflow/dags/etl_postgres_to_clickhouse.py
[2026-01-04T21:57:41.065+0000] {logging_mixin.py:188} INFO - [2026-01-04T21:57:41.065+0000] {dag.py:3096} INFO - Sync 1 DAGs
[2026-01-04T21:57:41.101+0000] {logging_mixin.py:188} INFO - [2026-01-04T21:57:41.101+0000] {dag.py:3954} INFO - Setting next_dagrun for pg_to_clickhouse to 2026-01-04 21:57:40+00:00, run_after=2026-01-04 21:57:50+00:00
[2026-01-04T21:57:41.124+0000] {processor.py:183} INFO - Processing /opt/airflow/dags/etl_postgres_to_clickhouse.py took 0.374 seconds
[2026-01-04T21:58:11.248+0000] {processor.py:161} INFO - Started process (PID=471) to work on /opt/airflow/dags/etl_postgres_to_clickhouse.py
[2026-01-04T21:58:11.249+0000] {processor.py:830} INFO - Processing file /opt/airflow/dags/etl_postgres_to_clickhouse.py for tasks to queue
[2026-01-04T21:58:11.251+0000] {logging_mixin.py:188} INFO - [2026-01-04T21:58:11.251+0000] {dagbag.py:545} INFO - Filling up the DagBag from /opt/airflow/dags/etl_postgres_to_clickhouse.py
[2026-01-04T21:58:11.480+0000] {processor.py:840} INFO - DAG(s) 'pg_to_clickhouse' retrieved from /opt/airflow/dags/etl_postgres_to_clickhouse.py
[2026-01-04T21:58:11.518+0000] {logging_mixin.py:188} INFO - [2026-01-04T21:58:11.518+0000] {dag.py:3096} INFO - Sync 1 DAGs
[2026-01-04T21:58:11.547+0000] {logging_mixin.py:188} INFO - [2026-01-04T21:58:11.547+0000] {dag.py:3954} INFO - Setting next_dagrun for pg_to_clickhouse to 2026-01-04 21:58:10+00:00, run_after=2026-01-04 21:58:20+00:00
[2026-01-04T21:58:11.569+0000] {processor.py:183} INFO - Processing /opt/airflow/dags/etl_postgres_to_clickhouse.py took 0.328 seconds
[2026-01-04T21:58:41.739+0000] {processor.py:161} INFO - Started process (PID=506) to work on /opt/airflow/dags/etl_postgres_to_clickhouse.py
[2026-01-04T21:58:41.741+0000] {processor.py:830} INFO - Processing file /opt/airflow/dags/etl_postgres_to_clickhouse.py for tasks to queue
[2026-01-04T21:58:41.744+0000] {logging_mixin.py:188} INFO - [2026-01-04T21:58:41.744+0000] {dagbag.py:545} INFO - Filling up the DagBag from /opt/airflow/dags/etl_postgres_to_clickhouse.py
[2026-01-04T21:58:41.992+0000] {processor.py:840} INFO - DAG(s) 'pg_to_clickhouse' retrieved from /opt/airflow/dags/etl_postgres_to_clickhouse.py
[2026-01-04T21:58:42.027+0000] {logging_mixin.py:188} INFO - [2026-01-04T21:58:42.027+0000] {dag.py:3096} INFO - Sync 1 DAGs
[2026-01-04T21:58:42.050+0000] {logging_mixin.py:188} INFO - [2026-01-04T21:58:42.050+0000] {dag.py:3954} INFO - Setting next_dagrun for pg_to_clickhouse to 2026-01-04 21:58:40+00:00, run_after=2026-01-04 21:58:50+00:00
[2026-01-04T21:58:42.074+0000] {processor.py:183} INFO - Processing /opt/airflow/dags/etl_postgres_to_clickhouse.py took 0.344 seconds
[2026-01-04T21:59:12.228+0000] {processor.py:161} INFO - Started process (PID=531) to work on /opt/airflow/dags/etl_postgres_to_clickhouse.py
[2026-01-04T21:59:12.229+0000] {processor.py:830} INFO - Processing file /opt/airflow/dags/etl_postgres_to_clickhouse.py for tasks to queue
[2026-01-04T21:59:12.232+0000] {logging_mixin.py:188} INFO - [2026-01-04T21:59:12.232+0000] {dagbag.py:545} INFO - Filling up the DagBag from /opt/airflow/dags/etl_postgres_to_clickhouse.py
[2026-01-04T21:59:12.503+0000] {processor.py:840} INFO - DAG(s) 'pg_to_clickhouse' retrieved from /opt/airflow/dags/etl_postgres_to_clickhouse.py
[2026-01-04T21:59:12.544+0000] {logging_mixin.py:188} INFO - [2026-01-04T21:59:12.544+0000] {dag.py:3096} INFO - Sync 1 DAGs
[2026-01-04T21:59:12.579+0000] {logging_mixin.py:188} INFO - [2026-01-04T21:59:12.578+0000] {dag.py:3954} INFO - Setting next_dagrun for pg_to_clickhouse to 2026-01-04 21:59:10+00:00, run_after=2026-01-04 21:59:20+00:00
[2026-01-04T21:59:12.607+0000] {processor.py:183} INFO - Processing /opt/airflow/dags/etl_postgres_to_clickhouse.py took 0.388 seconds
[2026-01-04T21:59:42.297+0000] {processor.py:161} INFO - Started process (PID=557) to work on /opt/airflow/dags/etl_postgres_to_clickhouse.py
[2026-01-04T21:59:42.299+0000] {processor.py:830} INFO - Processing file /opt/airflow/dags/etl_postgres_to_clickhouse.py for tasks to queue
[2026-01-04T21:59:42.301+0000] {logging_mixin.py:188} INFO - [2026-01-04T21:59:42.300+0000] {dagbag.py:545} INFO - Filling up the DagBag from /opt/airflow/dags/etl_postgres_to_clickhouse.py
[2026-01-04T21:59:42.533+0000] {processor.py:840} INFO - DAG(s) 'pg_to_clickhouse' retrieved from /opt/airflow/dags/etl_postgres_to_clickhouse.py
[2026-01-04T21:59:42.668+0000] {logging_mixin.py:188} INFO - [2026-01-04T21:59:42.668+0000] {dag.py:3096} INFO - Sync 1 DAGs
[2026-01-04T21:59:42.692+0000] {logging_mixin.py:188} INFO - [2026-01-04T21:59:42.691+0000] {dag.py:3954} INFO - Setting next_dagrun for pg_to_clickhouse to 2026-01-04 21:59:40+00:00, run_after=2026-01-04 21:59:50+00:00
[2026-01-04T21:59:42.725+0000] {processor.py:183} INFO - Processing /opt/airflow/dags/etl_postgres_to_clickhouse.py took 0.434 seconds
[2026-01-04T22:00:12.852+0000] {processor.py:161} INFO - Started process (PID=582) to work on /opt/airflow/dags/etl_postgres_to_clickhouse.py
[2026-01-04T22:00:12.853+0000] {processor.py:830} INFO - Processing file /opt/airflow/dags/etl_postgres_to_clickhouse.py for tasks to queue
[2026-01-04T22:00:12.855+0000] {logging_mixin.py:188} INFO - [2026-01-04T22:00:12.855+0000] {dagbag.py:545} INFO - Filling up the DagBag from /opt/airflow/dags/etl_postgres_to_clickhouse.py
[2026-01-04T22:00:13.089+0000] {processor.py:840} INFO - DAG(s) 'pg_to_clickhouse' retrieved from /opt/airflow/dags/etl_postgres_to_clickhouse.py
[2026-01-04T22:00:13.122+0000] {logging_mixin.py:188} INFO - [2026-01-04T22:00:13.122+0000] {dag.py:3096} INFO - Sync 1 DAGs
[2026-01-04T22:00:13.146+0000] {logging_mixin.py:188} INFO - [2026-01-04T22:00:13.146+0000] {dag.py:3954} INFO - Setting next_dagrun for pg_to_clickhouse to 2026-01-04 22:00:10+00:00, run_after=2026-01-04 22:00:20+00:00
[2026-01-04T22:00:13.167+0000] {processor.py:183} INFO - Processing /opt/airflow/dags/etl_postgres_to_clickhouse.py took 0.323 seconds
[2026-01-04T22:01:21.386+0000] {processor.py:161} INFO - Started process (PID=190) to work on /opt/airflow/dags/etl_postgres_to_clickhouse.py
[2026-01-04T22:01:21.387+0000] {processor.py:830} INFO - Processing file /opt/airflow/dags/etl_postgres_to_clickhouse.py for tasks to queue
[2026-01-04T22:01:21.390+0000] {logging_mixin.py:188} INFO - [2026-01-04T22:01:21.390+0000] {dagbag.py:545} INFO - Filling up the DagBag from /opt/airflow/dags/etl_postgres_to_clickhouse.py
[2026-01-04T22:01:21.728+0000] {processor.py:840} INFO - DAG(s) 'pg_to_clickhouse' retrieved from /opt/airflow/dags/etl_postgres_to_clickhouse.py
[2026-01-04T22:01:21.945+0000] {logging_mixin.py:188} INFO - [2026-01-04T22:01:21.944+0000] {override.py:1829} INFO - Created Permission View: can read on DAG:pg_to_clickhouse
[2026-01-04T22:01:21.963+0000] {logging_mixin.py:188} INFO - [2026-01-04T22:01:21.962+0000] {override.py:1829} INFO - Created Permission View: can edit on DAG:pg_to_clickhouse
[2026-01-04T22:01:21.980+0000] {logging_mixin.py:188} INFO - [2026-01-04T22:01:21.979+0000] {override.py:1829} INFO - Created Permission View: can delete on DAG:pg_to_clickhouse
[2026-01-04T22:01:21.981+0000] {logging_mixin.py:188} INFO - [2026-01-04T22:01:21.981+0000] {dag.py:3096} INFO - Sync 1 DAGs
[2026-01-04T22:01:21.923+0000] {logging_mixin.py:188} INFO - [2026-01-04T22:01:21.923+0000] {dag.py:3118} INFO - Creating ORM DAG for pg_to_clickhouse
[2026-01-04T22:01:21.941+0000] {logging_mixin.py:188} INFO - [2026-01-04T22:01:21.940+0000] {dag.py:3954} INFO - Setting next_dagrun for pg_to_clickhouse to 2026-01-04 22:01:10+00:00, run_after=2026-01-04 22:01:20+00:00
[2026-01-04T22:01:21.981+0000] {processor.py:183} INFO - Processing /opt/airflow/dags/etl_postgres_to_clickhouse.py took 0.685 seconds
[2026-01-04T22:01:52.147+0000] {processor.py:161} INFO - Started process (PID=236) to work on /opt/airflow/dags/etl_postgres_to_clickhouse.py
[2026-01-04T22:01:52.148+0000] {processor.py:830} INFO - Processing file /opt/airflow/dags/etl_postgres_to_clickhouse.py for tasks to queue
[2026-01-04T22:01:52.150+0000] {logging_mixin.py:188} INFO - [2026-01-04T22:01:52.150+0000] {dagbag.py:545} INFO - Filling up the DagBag from /opt/airflow/dags/etl_postgres_to_clickhouse.py
[2026-01-04T22:01:52.476+0000] {processor.py:840} INFO - DAG(s) 'pg_to_clickhouse' retrieved from /opt/airflow/dags/etl_postgres_to_clickhouse.py
[2026-01-04T22:01:52.512+0000] {logging_mixin.py:188} INFO - [2026-01-04T22:01:52.511+0000] {dag.py:3096} INFO - Sync 1 DAGs
[2026-01-04T22:01:52.537+0000] {logging_mixin.py:188} INFO - [2026-01-04T22:01:52.537+0000] {dag.py:3954} INFO - Setting next_dagrun for pg_to_clickhouse to 2026-01-04 22:01:50+00:00, run_after=2026-01-04 22:02:00+00:00
[2026-01-04T22:01:52.558+0000] {processor.py:183} INFO - Processing /opt/airflow/dags/etl_postgres_to_clickhouse.py took 0.417 seconds
[2026-01-04T22:02:22.670+0000] {processor.py:161} INFO - Started process (PID=261) to work on /opt/airflow/dags/etl_postgres_to_clickhouse.py
[2026-01-04T22:02:22.671+0000] {processor.py:830} INFO - Processing file /opt/airflow/dags/etl_postgres_to_clickhouse.py for tasks to queue
[2026-01-04T22:02:22.673+0000] {logging_mixin.py:188} INFO - [2026-01-04T22:02:22.673+0000] {dagbag.py:545} INFO - Filling up the DagBag from /opt/airflow/dags/etl_postgres_to_clickhouse.py
[2026-01-04T22:02:22.894+0000] {processor.py:840} INFO - DAG(s) 'pg_to_clickhouse' retrieved from /opt/airflow/dags/etl_postgres_to_clickhouse.py
[2026-01-04T22:02:22.926+0000] {logging_mixin.py:188} INFO - [2026-01-04T22:02:22.926+0000] {dag.py:3096} INFO - Sync 1 DAGs
[2026-01-04T22:02:22.949+0000] {logging_mixin.py:188} INFO - [2026-01-04T22:02:22.948+0000] {dag.py:3954} INFO - Setting next_dagrun for pg_to_clickhouse to 2026-01-04 22:02:20+00:00, run_after=2026-01-04 22:02:30+00:00
[2026-01-04T22:02:22.970+0000] {processor.py:183} INFO - Processing /opt/airflow/dags/etl_postgres_to_clickhouse.py took 0.306 seconds
[2026-01-04T22:02:53.098+0000] {processor.py:161} INFO - Started process (PID=286) to work on /opt/airflow/dags/etl_postgres_to_clickhouse.py
[2026-01-04T22:02:53.099+0000] {processor.py:830} INFO - Processing file /opt/airflow/dags/etl_postgres_to_clickhouse.py for tasks to queue
[2026-01-04T22:02:53.101+0000] {logging_mixin.py:188} INFO - [2026-01-04T22:02:53.101+0000] {dagbag.py:545} INFO - Filling up the DagBag from /opt/airflow/dags/etl_postgres_to_clickhouse.py
[2026-01-04T22:02:53.308+0000] {processor.py:840} INFO - DAG(s) 'pg_to_clickhouse' retrieved from /opt/airflow/dags/etl_postgres_to_clickhouse.py
[2026-01-04T22:02:53.341+0000] {logging_mixin.py:188} INFO - [2026-01-04T22:02:53.341+0000] {dag.py:3096} INFO - Sync 1 DAGs
[2026-01-04T22:02:53.369+0000] {logging_mixin.py:188} INFO - [2026-01-04T22:02:53.369+0000] {dag.py:3954} INFO - Setting next_dagrun for pg_to_clickhouse to 2026-01-04 22:02:50+00:00, run_after=2026-01-04 22:03:00+00:00
[2026-01-04T22:02:53.393+0000] {processor.py:183} INFO - Processing /opt/airflow/dags/etl_postgres_to_clickhouse.py took 0.302 seconds
[2026-01-04T22:03:23.502+0000] {processor.py:161} INFO - Started process (PID=318) to work on /opt/airflow/dags/etl_postgres_to_clickhouse.py
[2026-01-04T22:03:23.503+0000] {processor.py:830} INFO - Processing file /opt/airflow/dags/etl_postgres_to_clickhouse.py for tasks to queue
[2026-01-04T22:03:23.505+0000] {logging_mixin.py:188} INFO - [2026-01-04T22:03:23.505+0000] {dagbag.py:545} INFO - Filling up the DagBag from /opt/airflow/dags/etl_postgres_to_clickhouse.py
[2026-01-04T22:03:23.704+0000] {processor.py:840} INFO - DAG(s) 'pg_to_clickhouse' retrieved from /opt/airflow/dags/etl_postgres_to_clickhouse.py
[2026-01-04T22:03:23.734+0000] {logging_mixin.py:188} INFO - [2026-01-04T22:03:23.734+0000] {dag.py:3096} INFO - Sync 1 DAGs
[2026-01-04T22:03:23.757+0000] {logging_mixin.py:188} INFO - [2026-01-04T22:03:23.757+0000] {dag.py:3954} INFO - Setting next_dagrun for pg_to_clickhouse to 2026-01-04 22:03:20+00:00, run_after=2026-01-04 22:03:30+00:00
[2026-01-04T22:03:23.778+0000] {processor.py:183} INFO - Processing /opt/airflow/dags/etl_postgres_to_clickhouse.py took 0.282 seconds
[2026-01-04T22:03:53.942+0000] {processor.py:161} INFO - Started process (PID=343) to work on /opt/airflow/dags/etl_postgres_to_clickhouse.py
[2026-01-04T22:03:53.944+0000] {processor.py:830} INFO - Processing file /opt/airflow/dags/etl_postgres_to_clickhouse.py for tasks to queue
[2026-01-04T22:03:53.946+0000] {logging_mixin.py:188} INFO - [2026-01-04T22:03:53.946+0000] {dagbag.py:545} INFO - Filling up the DagBag from /opt/airflow/dags/etl_postgres_to_clickhouse.py
[2026-01-04T22:03:54.190+0000] {processor.py:840} INFO - DAG(s) 'pg_to_clickhouse' retrieved from /opt/airflow/dags/etl_postgres_to_clickhouse.py
[2026-01-04T22:03:54.225+0000] {logging_mixin.py:188} INFO - [2026-01-04T22:03:54.224+0000] {dag.py:3096} INFO - Sync 1 DAGs
[2026-01-04T22:03:54.250+0000] {logging_mixin.py:188} INFO - [2026-01-04T22:03:54.250+0000] {dag.py:3954} INFO - Setting next_dagrun for pg_to_clickhouse to 2026-01-04 22:03:50+00:00, run_after=2026-01-04 22:04:00+00:00
[2026-01-04T22:03:54.272+0000] {processor.py:183} INFO - Processing /opt/airflow/dags/etl_postgres_to_clickhouse.py took 0.351 seconds
[2026-01-04T22:04:24.404+0000] {processor.py:161} INFO - Started process (PID=377) to work on /opt/airflow/dags/etl_postgres_to_clickhouse.py
[2026-01-04T22:04:24.405+0000] {processor.py:830} INFO - Processing file /opt/airflow/dags/etl_postgres_to_clickhouse.py for tasks to queue
[2026-01-04T22:04:24.408+0000] {logging_mixin.py:188} INFO - [2026-01-04T22:04:24.407+0000] {dagbag.py:545} INFO - Filling up the DagBag from /opt/airflow/dags/etl_postgres_to_clickhouse.py
[2026-01-04T22:04:24.684+0000] {processor.py:840} INFO - DAG(s) 'pg_to_clickhouse' retrieved from /opt/airflow/dags/etl_postgres_to_clickhouse.py
[2026-01-04T22:04:24.716+0000] {logging_mixin.py:188} INFO - [2026-01-04T22:04:24.716+0000] {dag.py:3096} INFO - Sync 1 DAGs
[2026-01-04T22:04:24.738+0000] {logging_mixin.py:188} INFO - [2026-01-04T22:04:24.738+0000] {dag.py:3954} INFO - Setting next_dagrun for pg_to_clickhouse to 2026-01-04 22:04:20+00:00, run_after=2026-01-04 22:04:30+00:00
[2026-01-04T22:04:24.760+0000] {processor.py:183} INFO - Processing /opt/airflow/dags/etl_postgres_to_clickhouse.py took 0.364 seconds
[2026-01-04T22:04:54.888+0000] {processor.py:161} INFO - Started process (PID=402) to work on /opt/airflow/dags/etl_postgres_to_clickhouse.py
[2026-01-04T22:04:54.889+0000] {processor.py:830} INFO - Processing file /opt/airflow/dags/etl_postgres_to_clickhouse.py for tasks to queue
[2026-01-04T22:04:54.891+0000] {logging_mixin.py:188} INFO - [2026-01-04T22:04:54.891+0000] {dagbag.py:545} INFO - Filling up the DagBag from /opt/airflow/dags/etl_postgres_to_clickhouse.py
[2026-01-04T22:04:55.109+0000] {processor.py:840} INFO - DAG(s) 'pg_to_clickhouse' retrieved from /opt/airflow/dags/etl_postgres_to_clickhouse.py
[2026-01-04T22:04:55.140+0000] {logging_mixin.py:188} INFO - [2026-01-04T22:04:55.140+0000] {dag.py:3096} INFO - Sync 1 DAGs
[2026-01-04T22:04:55.164+0000] {logging_mixin.py:188} INFO - [2026-01-04T22:04:55.164+0000] {dag.py:3954} INFO - Setting next_dagrun for pg_to_clickhouse to 2026-01-04 22:04:50+00:00, run_after=2026-01-04 22:05:00+00:00
[2026-01-04T22:04:55.187+0000] {processor.py:183} INFO - Processing /opt/airflow/dags/etl_postgres_to_clickhouse.py took 0.306 seconds
[2026-01-04T22:05:25.328+0000] {processor.py:161} INFO - Started process (PID=428) to work on /opt/airflow/dags/etl_postgres_to_clickhouse.py
[2026-01-04T22:05:25.330+0000] {processor.py:830} INFO - Processing file /opt/airflow/dags/etl_postgres_to_clickhouse.py for tasks to queue
[2026-01-04T22:05:25.332+0000] {logging_mixin.py:188} INFO - [2026-01-04T22:05:25.332+0000] {dagbag.py:545} INFO - Filling up the DagBag from /opt/airflow/dags/etl_postgres_to_clickhouse.py
[2026-01-04T22:05:25.639+0000] {processor.py:840} INFO - DAG(s) 'pg_to_clickhouse' retrieved from /opt/airflow/dags/etl_postgres_to_clickhouse.py
[2026-01-04T22:05:25.688+0000] {logging_mixin.py:188} INFO - [2026-01-04T22:05:25.688+0000] {dag.py:3096} INFO - Sync 1 DAGs
[2026-01-04T22:05:25.723+0000] {logging_mixin.py:188} INFO - [2026-01-04T22:05:25.723+0000] {dag.py:3954} INFO - Setting next_dagrun for pg_to_clickhouse to 2026-01-04 22:05:20+00:00, run_after=2026-01-04 22:05:30+00:00
[2026-01-04T22:05:25.754+0000] {processor.py:183} INFO - Processing /opt/airflow/dags/etl_postgres_to_clickhouse.py took 0.435 seconds
[2026-01-04T22:05:56.372+0000] {processor.py:161} INFO - Started process (PID=460) to work on /opt/airflow/dags/etl_postgres_to_clickhouse.py
[2026-01-04T22:05:56.382+0000] {processor.py:830} INFO - Processing file /opt/airflow/dags/etl_postgres_to_clickhouse.py for tasks to queue
[2026-01-04T22:05:56.400+0000] {logging_mixin.py:188} INFO - [2026-01-04T22:05:56.399+0000] {dagbag.py:545} INFO - Filling up the DagBag from /opt/airflow/dags/etl_postgres_to_clickhouse.py
[2026-01-04T22:05:57.219+0000] {processor.py:840} INFO - DAG(s) 'pg_to_clickhouse' retrieved from /opt/airflow/dags/etl_postgres_to_clickhouse.py
[2026-01-04T22:05:57.333+0000] {logging_mixin.py:188} INFO - [2026-01-04T22:05:57.333+0000] {dag.py:3096} INFO - Sync 1 DAGs
[2026-01-04T22:05:57.457+0000] {logging_mixin.py:188} INFO - [2026-01-04T22:05:57.456+0000] {dag.py:3954} INFO - Setting next_dagrun for pg_to_clickhouse to 2026-01-04 22:05:50+00:00, run_after=2026-01-04 22:06:00+00:00
[2026-01-04T22:05:57.529+0000] {processor.py:183} INFO - Processing /opt/airflow/dags/etl_postgres_to_clickhouse.py took 1.170 seconds
[2026-01-04T22:06:27.611+0000] {processor.py:161} INFO - Started process (PID=485) to work on /opt/airflow/dags/etl_postgres_to_clickhouse.py
[2026-01-04T22:06:27.613+0000] {processor.py:830} INFO - Processing file /opt/airflow/dags/etl_postgres_to_clickhouse.py for tasks to queue
[2026-01-04T22:06:27.616+0000] {logging_mixin.py:188} INFO - [2026-01-04T22:06:27.615+0000] {dagbag.py:545} INFO - Filling up the DagBag from /opt/airflow/dags/etl_postgres_to_clickhouse.py
[2026-01-04T22:06:27.904+0000] {processor.py:840} INFO - DAG(s) 'pg_to_clickhouse' retrieved from /opt/airflow/dags/etl_postgres_to_clickhouse.py
[2026-01-04T22:06:27.943+0000] {logging_mixin.py:188} INFO - [2026-01-04T22:06:27.943+0000] {dag.py:3096} INFO - Sync 1 DAGs
[2026-01-04T22:06:27.971+0000] {logging_mixin.py:188} INFO - [2026-01-04T22:06:27.970+0000] {dag.py:3954} INFO - Setting next_dagrun for pg_to_clickhouse to 2026-01-04 22:06:20+00:00, run_after=2026-01-04 22:06:30+00:00
[2026-01-04T22:06:28.002+0000] {processor.py:183} INFO - Processing /opt/airflow/dags/etl_postgres_to_clickhouse.py took 0.399 seconds
[2026-01-04T22:06:58.145+0000] {processor.py:161} INFO - Started process (PID=510) to work on /opt/airflow/dags/etl_postgres_to_clickhouse.py
[2026-01-04T22:06:58.146+0000] {processor.py:830} INFO - Processing file /opt/airflow/dags/etl_postgres_to_clickhouse.py for tasks to queue
[2026-01-04T22:06:58.149+0000] {logging_mixin.py:188} INFO - [2026-01-04T22:06:58.148+0000] {dagbag.py:545} INFO - Filling up the DagBag from /opt/airflow/dags/etl_postgres_to_clickhouse.py
[2026-01-04T22:06:58.422+0000] {processor.py:840} INFO - DAG(s) 'pg_to_clickhouse' retrieved from /opt/airflow/dags/etl_postgres_to_clickhouse.py
[2026-01-04T22:06:58.453+0000] {logging_mixin.py:188} INFO - [2026-01-04T22:06:58.453+0000] {dag.py:3096} INFO - Sync 1 DAGs
[2026-01-04T22:06:58.477+0000] {logging_mixin.py:188} INFO - [2026-01-04T22:06:58.476+0000] {dag.py:3954} INFO - Setting next_dagrun for pg_to_clickhouse to 2026-01-04 22:06:50+00:00, run_after=2026-01-04 22:07:00+00:00
[2026-01-04T22:06:58.498+0000] {processor.py:183} INFO - Processing /opt/airflow/dags/etl_postgres_to_clickhouse.py took 0.360 seconds
[2026-01-04T22:07:28.625+0000] {processor.py:161} INFO - Started process (PID=535) to work on /opt/airflow/dags/etl_postgres_to_clickhouse.py
[2026-01-04T22:07:28.628+0000] {processor.py:830} INFO - Processing file /opt/airflow/dags/etl_postgres_to_clickhouse.py for tasks to queue
[2026-01-04T22:07:28.631+0000] {logging_mixin.py:188} INFO - [2026-01-04T22:07:28.630+0000] {dagbag.py:545} INFO - Filling up the DagBag from /opt/airflow/dags/etl_postgres_to_clickhouse.py
[2026-01-04T22:07:28.863+0000] {processor.py:840} INFO - DAG(s) 'pg_to_clickhouse' retrieved from /opt/airflow/dags/etl_postgres_to_clickhouse.py
[2026-01-04T22:07:28.895+0000] {logging_mixin.py:188} INFO - [2026-01-04T22:07:28.895+0000] {dag.py:3096} INFO - Sync 1 DAGs
[2026-01-04T22:07:28.917+0000] {logging_mixin.py:188} INFO - [2026-01-04T22:07:28.917+0000] {dag.py:3954} INFO - Setting next_dagrun for pg_to_clickhouse to 2026-01-04 22:07:20+00:00, run_after=2026-01-04 22:07:30+00:00
[2026-01-04T22:07:28.937+0000] {processor.py:183} INFO - Processing /opt/airflow/dags/etl_postgres_to_clickhouse.py took 0.319 seconds
[2026-01-04T22:07:59.051+0000] {processor.py:161} INFO - Started process (PID=567) to work on /opt/airflow/dags/etl_postgres_to_clickhouse.py
[2026-01-04T22:07:59.053+0000] {processor.py:830} INFO - Processing file /opt/airflow/dags/etl_postgres_to_clickhouse.py for tasks to queue
[2026-01-04T22:07:59.055+0000] {logging_mixin.py:188} INFO - [2026-01-04T22:07:59.054+0000] {dagbag.py:545} INFO - Filling up the DagBag from /opt/airflow/dags/etl_postgres_to_clickhouse.py
[2026-01-04T22:07:59.257+0000] {processor.py:840} INFO - DAG(s) 'pg_to_clickhouse' retrieved from /opt/airflow/dags/etl_postgres_to_clickhouse.py
[2026-01-04T22:07:59.294+0000] {logging_mixin.py:188} INFO - [2026-01-04T22:07:59.294+0000] {dag.py:3096} INFO - Sync 1 DAGs
[2026-01-04T22:07:59.315+0000] {logging_mixin.py:188} INFO - [2026-01-04T22:07:59.315+0000] {dag.py:3954} INFO - Setting next_dagrun for pg_to_clickhouse to 2026-01-04 22:07:50+00:00, run_after=2026-01-04 22:08:00+00:00
[2026-01-04T22:07:59.341+0000] {processor.py:183} INFO - Processing /opt/airflow/dags/etl_postgres_to_clickhouse.py took 0.295 seconds
[2026-01-04T22:08:29.510+0000] {processor.py:161} INFO - Started process (PID=592) to work on /opt/airflow/dags/etl_postgres_to_clickhouse.py
[2026-01-04T22:08:29.513+0000] {processor.py:830} INFO - Processing file /opt/airflow/dags/etl_postgres_to_clickhouse.py for tasks to queue
[2026-01-04T22:08:29.515+0000] {logging_mixin.py:188} INFO - [2026-01-04T22:08:29.515+0000] {dagbag.py:545} INFO - Filling up the DagBag from /opt/airflow/dags/etl_postgres_to_clickhouse.py
[2026-01-04T22:08:29.736+0000] {processor.py:840} INFO - DAG(s) 'pg_to_clickhouse' retrieved from /opt/airflow/dags/etl_postgres_to_clickhouse.py
[2026-01-04T22:08:29.768+0000] {logging_mixin.py:188} INFO - [2026-01-04T22:08:29.768+0000] {dag.py:3096} INFO - Sync 1 DAGs
[2026-01-04T22:08:29.792+0000] {logging_mixin.py:188} INFO - [2026-01-04T22:08:29.792+0000] {dag.py:3954} INFO - Setting next_dagrun for pg_to_clickhouse to 2026-01-04 22:08:20+00:00, run_after=2026-01-04 22:08:30+00:00
[2026-01-04T22:08:29.815+0000] {processor.py:183} INFO - Processing /opt/airflow/dags/etl_postgres_to_clickhouse.py took 0.313 seconds
[2026-01-04T22:08:59.962+0000] {processor.py:161} INFO - Started process (PID=617) to work on /opt/airflow/dags/etl_postgres_to_clickhouse.py
[2026-01-04T22:08:59.963+0000] {processor.py:830} INFO - Processing file /opt/airflow/dags/etl_postgres_to_clickhouse.py for tasks to queue
[2026-01-04T22:08:59.966+0000] {logging_mixin.py:188} INFO - [2026-01-04T22:08:59.966+0000] {dagbag.py:545} INFO - Filling up the DagBag from /opt/airflow/dags/etl_postgres_to_clickhouse.py
[2026-01-04T22:09:00.211+0000] {processor.py:840} INFO - DAG(s) 'pg_to_clickhouse' retrieved from /opt/airflow/dags/etl_postgres_to_clickhouse.py
[2026-01-04T22:09:00.250+0000] {logging_mixin.py:188} INFO - [2026-01-04T22:09:00.250+0000] {dag.py:3096} INFO - Sync 1 DAGs
[2026-01-04T22:09:00.281+0000] {logging_mixin.py:188} INFO - [2026-01-04T22:09:00.281+0000] {dag.py:3954} INFO - Setting next_dagrun for pg_to_clickhouse to 2026-01-04 22:09:00+00:00, run_after=2026-01-04 22:09:10+00:00
[2026-01-04T22:09:00.307+0000] {processor.py:183} INFO - Processing /opt/airflow/dags/etl_postgres_to_clickhouse.py took 0.355 seconds
[2026-01-04T22:09:30.445+0000] {processor.py:161} INFO - Started process (PID=650) to work on /opt/airflow/dags/etl_postgres_to_clickhouse.py
[2026-01-04T22:09:30.447+0000] {processor.py:830} INFO - Processing file /opt/airflow/dags/etl_postgres_to_clickhouse.py for tasks to queue
[2026-01-04T22:09:30.451+0000] {logging_mixin.py:188} INFO - [2026-01-04T22:09:30.450+0000] {dagbag.py:545} INFO - Filling up the DagBag from /opt/airflow/dags/etl_postgres_to_clickhouse.py
[2026-01-04T22:09:30.787+0000] {processor.py:840} INFO - DAG(s) 'pg_to_clickhouse' retrieved from /opt/airflow/dags/etl_postgres_to_clickhouse.py
[2026-01-04T22:09:30.844+0000] {logging_mixin.py:188} INFO - [2026-01-04T22:09:30.844+0000] {dag.py:3096} INFO - Sync 1 DAGs
[2026-01-04T22:09:30.880+0000] {logging_mixin.py:188} INFO - [2026-01-04T22:09:30.880+0000] {dag.py:3954} INFO - Setting next_dagrun for pg_to_clickhouse to 2026-01-04 22:09:30+00:00, run_after=2026-01-04 22:09:40+00:00
[2026-01-04T22:09:30.908+0000] {processor.py:183} INFO - Processing /opt/airflow/dags/etl_postgres_to_clickhouse.py took 0.472 seconds
[2026-01-04T22:10:01.029+0000] {processor.py:161} INFO - Started process (PID=676) to work on /opt/airflow/dags/etl_postgres_to_clickhouse.py
[2026-01-04T22:10:01.030+0000] {processor.py:830} INFO - Processing file /opt/airflow/dags/etl_postgres_to_clickhouse.py for tasks to queue
[2026-01-04T22:10:01.033+0000] {logging_mixin.py:188} INFO - [2026-01-04T22:10:01.033+0000] {dagbag.py:545} INFO - Filling up the DagBag from /opt/airflow/dags/etl_postgres_to_clickhouse.py
[2026-01-04T22:10:01.272+0000] {processor.py:840} INFO - DAG(s) 'pg_to_clickhouse' retrieved from /opt/airflow/dags/etl_postgres_to_clickhouse.py
[2026-01-04T22:10:01.304+0000] {logging_mixin.py:188} INFO - [2026-01-04T22:10:01.304+0000] {dag.py:3096} INFO - Sync 1 DAGs
[2026-01-04T22:10:01.328+0000] {logging_mixin.py:188} INFO - [2026-01-04T22:10:01.327+0000] {dag.py:3954} INFO - Setting next_dagrun for pg_to_clickhouse to 2026-01-04 22:10:00+00:00, run_after=2026-01-04 22:10:10+00:00
[2026-01-04T22:10:01.349+0000] {processor.py:183} INFO - Processing /opt/airflow/dags/etl_postgres_to_clickhouse.py took 0.326 seconds
[2026-01-04T22:12:40.638+0000] {processor.py:161} INFO - Started process (PID=190) to work on /opt/airflow/dags/etl_postgres_to_clickhouse.py
[2026-01-04T22:12:40.642+0000] {processor.py:830} INFO - Processing file /opt/airflow/dags/etl_postgres_to_clickhouse.py for tasks to queue
[2026-01-04T22:12:40.650+0000] {logging_mixin.py:188} INFO - [2026-01-04T22:12:40.649+0000] {dagbag.py:545} INFO - Filling up the DagBag from /opt/airflow/dags/etl_postgres_to_clickhouse.py
[2026-01-04T22:12:41.115+0000] {processor.py:840} INFO - DAG(s) 'pg_to_clickhouse_sliding_window' retrieved from /opt/airflow/dags/etl_postgres_to_clickhouse.py
[2026-01-04T22:12:41.433+0000] {logging_mixin.py:188} INFO - [2026-01-04T22:12:41.432+0000] {override.py:1829} INFO - Created Permission View: can edit on DAG:pg_to_clickhouse_sliding_window
[2026-01-04T22:12:41.466+0000] {logging_mixin.py:188} INFO - [2026-01-04T22:12:41.466+0000] {override.py:1829} INFO - Created Permission View: can delete on DAG:pg_to_clickhouse_sliding_window
[2026-01-04T22:12:41.490+0000] {logging_mixin.py:188} INFO - [2026-01-04T22:12:41.490+0000] {override.py:1829} INFO - Created Permission View: can read on DAG:pg_to_clickhouse_sliding_window
[2026-01-04T22:12:41.493+0000] {logging_mixin.py:188} INFO - [2026-01-04T22:12:41.492+0000] {dag.py:3096} INFO - Sync 1 DAGs
[2026-01-04T22:12:41.521+0000] {logging_mixin.py:188} INFO - [2026-01-04T22:12:41.520+0000] {dag.py:3118} INFO - Creating ORM DAG for pg_to_clickhouse_sliding_window
[2026-01-04T22:12:41.550+0000] {logging_mixin.py:188} INFO - [2026-01-04T22:12:41.550+0000] {dag.py:3954} INFO - Setting next_dagrun for pg_to_clickhouse_sliding_window to 2026-01-04 22:11:00+00:00, run_after=2026-01-04 22:12:00+00:00
[2026-01-04T22:12:41.598+0000] {processor.py:183} INFO - Processing /opt/airflow/dags/etl_postgres_to_clickhouse.py took 0.971 seconds
[2026-01-04T22:13:11.749+0000] {processor.py:161} INFO - Started process (PID=232) to work on /opt/airflow/dags/etl_postgres_to_clickhouse.py
[2026-01-04T22:13:11.751+0000] {processor.py:830} INFO - Processing file /opt/airflow/dags/etl_postgres_to_clickhouse.py for tasks to queue
[2026-01-04T22:13:11.753+0000] {logging_mixin.py:188} INFO - [2026-01-04T22:13:11.752+0000] {dagbag.py:545} INFO - Filling up the DagBag from /opt/airflow/dags/etl_postgres_to_clickhouse.py
[2026-01-04T22:13:12.035+0000] {processor.py:840} INFO - DAG(s) 'pg_to_clickhouse_sliding_window' retrieved from /opt/airflow/dags/etl_postgres_to_clickhouse.py
[2026-01-04T22:13:12.065+0000] {logging_mixin.py:188} INFO - [2026-01-04T22:13:12.065+0000] {dag.py:3096} INFO - Sync 1 DAGs
[2026-01-04T22:13:12.090+0000] {logging_mixin.py:188} INFO - [2026-01-04T22:13:12.089+0000] {dag.py:3954} INFO - Setting next_dagrun for pg_to_clickhouse_sliding_window to 2026-01-04 22:13:00+00:00, run_after=2026-01-04 22:14:00+00:00
[2026-01-04T22:13:12.113+0000] {processor.py:183} INFO - Processing /opt/airflow/dags/etl_postgres_to_clickhouse.py took 0.373 seconds
[2026-01-04T22:13:34.805+0000] {processor.py:161} INFO - Started process (PID=244) to work on /opt/airflow/dags/etl_postgres_to_clickhouse.py
[2026-01-04T22:13:34.806+0000] {processor.py:830} INFO - Processing file /opt/airflow/dags/etl_postgres_to_clickhouse.py for tasks to queue
[2026-01-04T22:13:34.808+0000] {logging_mixin.py:188} INFO - [2026-01-04T22:13:34.808+0000] {dagbag.py:545} INFO - Filling up the DagBag from /opt/airflow/dags/etl_postgres_to_clickhouse.py
[2026-01-04T22:13:35.027+0000] {processor.py:840} INFO - DAG(s) 'pg_to_clickhouse_sliding_window' retrieved from /opt/airflow/dags/etl_postgres_to_clickhouse.py
[2026-01-04T22:13:35.163+0000] {logging_mixin.py:188} INFO - [2026-01-04T22:13:35.163+0000] {dag.py:3096} INFO - Sync 1 DAGs
[2026-01-04T22:13:35.188+0000] {logging_mixin.py:188} INFO - [2026-01-04T22:13:35.188+0000] {dag.py:3954} INFO - Setting next_dagrun for pg_to_clickhouse_sliding_window to 2026-01-04 22:13:20+00:00, run_after=2026-01-04 22:13:30+00:00
[2026-01-04T22:13:35.219+0000] {processor.py:183} INFO - Processing /opt/airflow/dags/etl_postgres_to_clickhouse.py took 0.421 seconds
[2026-01-04T22:14:05.385+0000] {processor.py:161} INFO - Started process (PID=278) to work on /opt/airflow/dags/etl_postgres_to_clickhouse.py
[2026-01-04T22:14:05.387+0000] {processor.py:830} INFO - Processing file /opt/airflow/dags/etl_postgres_to_clickhouse.py for tasks to queue
[2026-01-04T22:14:05.392+0000] {logging_mixin.py:188} INFO - [2026-01-04T22:14:05.391+0000] {dagbag.py:545} INFO - Filling up the DagBag from /opt/airflow/dags/etl_postgres_to_clickhouse.py
[2026-01-04T22:14:05.754+0000] {processor.py:840} INFO - DAG(s) 'pg_to_clickhouse_sliding_window' retrieved from /opt/airflow/dags/etl_postgres_to_clickhouse.py
[2026-01-04T22:14:05.790+0000] {logging_mixin.py:188} INFO - [2026-01-04T22:14:05.789+0000] {dag.py:3096} INFO - Sync 1 DAGs
[2026-01-04T22:14:05.822+0000] {logging_mixin.py:188} INFO - [2026-01-04T22:14:05.822+0000] {dag.py:3954} INFO - Setting next_dagrun for pg_to_clickhouse_sliding_window to 2026-01-04 22:14:00+00:00, run_after=2026-01-04 22:14:10+00:00
[2026-01-04T22:14:05.848+0000] {processor.py:183} INFO - Processing /opt/airflow/dags/etl_postgres_to_clickhouse.py took 0.474 seconds
[2026-01-04T22:33:40.528+0000] {processor.py:161} INFO - Started process (PID=184) to work on /opt/airflow/dags/etl_postgres_to_clickhouse.py
[2026-01-04T22:33:40.530+0000] {processor.py:830} INFO - Processing file /opt/airflow/dags/etl_postgres_to_clickhouse.py for tasks to queue
[2026-01-04T22:33:40.535+0000] {logging_mixin.py:188} INFO - [2026-01-04T22:33:40.535+0000] {dagbag.py:545} INFO - Filling up the DagBag from /opt/airflow/dags/etl_postgres_to_clickhouse.py
[2026-01-04T22:33:41.299+0000] {processor.py:840} INFO - DAG(s) 'pg_to_clickhouse_sliding_window' retrieved from /opt/airflow/dags/etl_postgres_to_clickhouse.py
[2026-01-04T22:33:41.655+0000] {logging_mixin.py:188} INFO - [2026-01-04T22:33:41.654+0000] {override.py:1829} INFO - Created Permission View: can delete on DAG:pg_to_clickhouse_sliding_window
[2026-01-04T22:33:41.674+0000] {logging_mixin.py:188} INFO - [2026-01-04T22:33:41.674+0000] {override.py:1829} INFO - Created Permission View: can edit on DAG:pg_to_clickhouse_sliding_window
[2026-01-04T22:33:41.686+0000] {logging_mixin.py:188} INFO - [2026-01-04T22:33:41.686+0000] {override.py:1829} INFO - Created Permission View: can read on DAG:pg_to_clickhouse_sliding_window
[2026-01-04T22:33:41.687+0000] {logging_mixin.py:188} INFO - [2026-01-04T22:33:41.687+0000] {dag.py:3096} INFO - Sync 1 DAGs
[2026-01-04T22:33:41.705+0000] {logging_mixin.py:188} INFO - [2026-01-04T22:33:41.705+0000] {dag.py:3118} INFO - Creating ORM DAG for pg_to_clickhouse_sliding_window
[2026-01-04T22:33:41.722+0000] {logging_mixin.py:188} INFO - [2026-01-04T22:33:41.722+0000] {dag.py:3954} INFO - Setting next_dagrun for pg_to_clickhouse_sliding_window to 2026-01-04 22:33:30+00:00, run_after=2026-01-04 22:33:40+00:00
[2026-01-04T22:33:41.749+0000] {processor.py:183} INFO - Processing /opt/airflow/dags/etl_postgres_to_clickhouse.py took 1.235 seconds
[2026-01-04T22:34:11.966+0000] {processor.py:161} INFO - Started process (PID=221) to work on /opt/airflow/dags/etl_postgres_to_clickhouse.py
[2026-01-04T22:34:11.969+0000] {processor.py:830} INFO - Processing file /opt/airflow/dags/etl_postgres_to_clickhouse.py for tasks to queue
[2026-01-04T22:34:11.972+0000] {logging_mixin.py:188} INFO - [2026-01-04T22:34:11.972+0000] {dagbag.py:545} INFO - Filling up the DagBag from /opt/airflow/dags/etl_postgres_to_clickhouse.py
[2026-01-04T22:34:12.449+0000] {processor.py:840} INFO - DAG(s) 'pg_to_clickhouse_sliding_window' retrieved from /opt/airflow/dags/etl_postgres_to_clickhouse.py
[2026-01-04T22:34:12.555+0000] {logging_mixin.py:188} INFO - [2026-01-04T22:34:12.554+0000] {dag.py:3096} INFO - Sync 1 DAGs
[2026-01-04T22:34:12.616+0000] {logging_mixin.py:188} INFO - [2026-01-04T22:34:12.616+0000] {dag.py:3954} INFO - Setting next_dagrun for pg_to_clickhouse_sliding_window to 2026-01-04 22:34:10+00:00, run_after=2026-01-04 22:34:20+00:00
[2026-01-04T22:34:12.660+0000] {processor.py:183} INFO - Processing /opt/airflow/dags/etl_postgres_to_clickhouse.py took 0.709 seconds
[2026-01-04T22:34:42.849+0000] {processor.py:161} INFO - Started process (PID=262) to work on /opt/airflow/dags/etl_postgres_to_clickhouse.py
[2026-01-04T22:34:42.853+0000] {processor.py:830} INFO - Processing file /opt/airflow/dags/etl_postgres_to_clickhouse.py for tasks to queue
[2026-01-04T22:34:42.858+0000] {logging_mixin.py:188} INFO - [2026-01-04T22:34:42.857+0000] {dagbag.py:545} INFO - Filling up the DagBag from /opt/airflow/dags/etl_postgres_to_clickhouse.py
[2026-01-04T22:34:43.343+0000] {processor.py:840} INFO - DAG(s) 'pg_to_clickhouse_sliding_window' retrieved from /opt/airflow/dags/etl_postgres_to_clickhouse.py
[2026-01-04T22:34:43.404+0000] {logging_mixin.py:188} INFO - [2026-01-04T22:34:43.404+0000] {dag.py:3096} INFO - Sync 1 DAGs
[2026-01-04T22:34:43.451+0000] {logging_mixin.py:188} INFO - [2026-01-04T22:34:43.451+0000] {dag.py:3954} INFO - Setting next_dagrun for pg_to_clickhouse_sliding_window to 2026-01-04 22:34:40+00:00, run_after=2026-01-04 22:34:50+00:00
[2026-01-04T22:34:43.486+0000] {processor.py:183} INFO - Processing /opt/airflow/dags/etl_postgres_to_clickhouse.py took 0.655 seconds
[2026-01-04T22:35:13.677+0000] {processor.py:161} INFO - Started process (PID=287) to work on /opt/airflow/dags/etl_postgres_to_clickhouse.py
[2026-01-04T22:35:13.678+0000] {processor.py:830} INFO - Processing file /opt/airflow/dags/etl_postgres_to_clickhouse.py for tasks to queue
[2026-01-04T22:35:13.682+0000] {logging_mixin.py:188} INFO - [2026-01-04T22:35:13.681+0000] {dagbag.py:545} INFO - Filling up the DagBag from /opt/airflow/dags/etl_postgres_to_clickhouse.py
[2026-01-04T22:35:13.975+0000] {processor.py:840} INFO - DAG(s) 'pg_to_clickhouse_sliding_window' retrieved from /opt/airflow/dags/etl_postgres_to_clickhouse.py
[2026-01-04T22:35:14.021+0000] {logging_mixin.py:188} INFO - [2026-01-04T22:35:14.021+0000] {dag.py:3096} INFO - Sync 1 DAGs
[2026-01-04T22:35:14.060+0000] {logging_mixin.py:188} INFO - [2026-01-04T22:35:14.060+0000] {dag.py:3954} INFO - Setting next_dagrun for pg_to_clickhouse_sliding_window to 2026-01-04 22:35:10+00:00, run_after=2026-01-04 22:35:20+00:00
[2026-01-04T22:35:14.091+0000] {processor.py:183} INFO - Processing /opt/airflow/dags/etl_postgres_to_clickhouse.py took 0.425 seconds
[2026-01-04T22:35:44.300+0000] {processor.py:161} INFO - Started process (PID=312) to work on /opt/airflow/dags/etl_postgres_to_clickhouse.py
[2026-01-04T22:35:44.302+0000] {processor.py:830} INFO - Processing file /opt/airflow/dags/etl_postgres_to_clickhouse.py for tasks to queue
[2026-01-04T22:35:44.304+0000] {logging_mixin.py:188} INFO - [2026-01-04T22:35:44.304+0000] {dagbag.py:545} INFO - Filling up the DagBag from /opt/airflow/dags/etl_postgres_to_clickhouse.py
[2026-01-04T22:35:44.625+0000] {processor.py:840} INFO - DAG(s) 'pg_to_clickhouse_sliding_window' retrieved from /opt/airflow/dags/etl_postgres_to_clickhouse.py
[2026-01-04T22:35:44.668+0000] {logging_mixin.py:188} INFO - [2026-01-04T22:35:44.668+0000] {dag.py:3096} INFO - Sync 1 DAGs
[2026-01-04T22:35:44.702+0000] {logging_mixin.py:188} INFO - [2026-01-04T22:35:44.702+0000] {dag.py:3954} INFO - Setting next_dagrun for pg_to_clickhouse_sliding_window to 2026-01-04 22:35:40+00:00, run_after=2026-01-04 22:35:50+00:00
[2026-01-04T22:35:44.733+0000] {processor.py:183} INFO - Processing /opt/airflow/dags/etl_postgres_to_clickhouse.py took 0.444 seconds
[2026-01-04T22:36:14.915+0000] {processor.py:161} INFO - Started process (PID=337) to work on /opt/airflow/dags/etl_postgres_to_clickhouse.py
[2026-01-04T22:36:14.917+0000] {processor.py:830} INFO - Processing file /opt/airflow/dags/etl_postgres_to_clickhouse.py for tasks to queue
[2026-01-04T22:36:14.920+0000] {logging_mixin.py:188} INFO - [2026-01-04T22:36:14.919+0000] {dagbag.py:545} INFO - Filling up the DagBag from /opt/airflow/dags/etl_postgres_to_clickhouse.py
[2026-01-04T22:36:15.201+0000] {processor.py:840} INFO - DAG(s) 'pg_to_clickhouse_sliding_window' retrieved from /opt/airflow/dags/etl_postgres_to_clickhouse.py
[2026-01-04T22:36:15.247+0000] {logging_mixin.py:188} INFO - [2026-01-04T22:36:15.247+0000] {dag.py:3096} INFO - Sync 1 DAGs
[2026-01-04T22:36:15.290+0000] {logging_mixin.py:188} INFO - [2026-01-04T22:36:15.290+0000] {dag.py:3954} INFO - Setting next_dagrun for pg_to_clickhouse_sliding_window to 2026-01-04 22:36:10+00:00, run_after=2026-01-04 22:36:20+00:00
[2026-01-04T22:36:15.317+0000] {processor.py:183} INFO - Processing /opt/airflow/dags/etl_postgres_to_clickhouse.py took 0.413 seconds
[2026-01-04T22:36:45.578+0000] {processor.py:161} INFO - Started process (PID=363) to work on /opt/airflow/dags/etl_postgres_to_clickhouse.py
[2026-01-04T22:36:45.580+0000] {processor.py:830} INFO - Processing file /opt/airflow/dags/etl_postgres_to_clickhouse.py for tasks to queue
[2026-01-04T22:36:45.583+0000] {logging_mixin.py:188} INFO - [2026-01-04T22:36:45.582+0000] {dagbag.py:545} INFO - Filling up the DagBag from /opt/airflow/dags/etl_postgres_to_clickhouse.py
[2026-01-04T22:36:45.827+0000] {processor.py:840} INFO - DAG(s) 'pg_to_clickhouse_sliding_window' retrieved from /opt/airflow/dags/etl_postgres_to_clickhouse.py
[2026-01-04T22:36:45.866+0000] {logging_mixin.py:188} INFO - [2026-01-04T22:36:45.865+0000] {dag.py:3096} INFO - Sync 1 DAGs
[2026-01-04T22:36:45.925+0000] {logging_mixin.py:188} INFO - [2026-01-04T22:36:45.924+0000] {dag.py:3954} INFO - Setting next_dagrun for pg_to_clickhouse_sliding_window to 2026-01-04 22:36:40+00:00, run_after=2026-01-04 22:36:50+00:00
[2026-01-04T22:36:45.977+0000] {processor.py:183} INFO - Processing /opt/airflow/dags/etl_postgres_to_clickhouse.py took 0.406 seconds
[2026-01-04T22:37:16.141+0000] {processor.py:161} INFO - Started process (PID=389) to work on /opt/airflow/dags/etl_postgres_to_clickhouse.py
[2026-01-04T22:37:16.143+0000] {processor.py:830} INFO - Processing file /opt/airflow/dags/etl_postgres_to_clickhouse.py for tasks to queue
[2026-01-04T22:37:16.146+0000] {logging_mixin.py:188} INFO - [2026-01-04T22:37:16.145+0000] {dagbag.py:545} INFO - Filling up the DagBag from /opt/airflow/dags/etl_postgres_to_clickhouse.py
[2026-01-04T22:37:16.444+0000] {processor.py:840} INFO - DAG(s) 'pg_to_clickhouse_sliding_window' retrieved from /opt/airflow/dags/etl_postgres_to_clickhouse.py
[2026-01-04T22:37:16.509+0000] {logging_mixin.py:188} INFO - [2026-01-04T22:37:16.509+0000] {dag.py:3096} INFO - Sync 1 DAGs
[2026-01-04T22:37:16.557+0000] {logging_mixin.py:188} INFO - [2026-01-04T22:37:16.556+0000] {dag.py:3954} INFO - Setting next_dagrun for pg_to_clickhouse_sliding_window to 2026-01-04 22:37:10+00:00, run_after=2026-01-04 22:37:20+00:00
[2026-01-04T22:37:16.594+0000] {processor.py:183} INFO - Processing /opt/airflow/dags/etl_postgres_to_clickhouse.py took 0.559 seconds
[2026-01-04T22:37:46.805+0000] {processor.py:161} INFO - Started process (PID=414) to work on /opt/airflow/dags/etl_postgres_to_clickhouse.py
[2026-01-04T22:37:46.806+0000] {processor.py:830} INFO - Processing file /opt/airflow/dags/etl_postgres_to_clickhouse.py for tasks to queue
[2026-01-04T22:37:46.808+0000] {logging_mixin.py:188} INFO - [2026-01-04T22:37:46.808+0000] {dagbag.py:545} INFO - Filling up the DagBag from /opt/airflow/dags/etl_postgres_to_clickhouse.py
[2026-01-04T22:37:47.045+0000] {processor.py:840} INFO - DAG(s) 'pg_to_clickhouse_sliding_window' retrieved from /opt/airflow/dags/etl_postgres_to_clickhouse.py
[2026-01-04T22:37:47.080+0000] {logging_mixin.py:188} INFO - [2026-01-04T22:37:47.080+0000] {dag.py:3096} INFO - Sync 1 DAGs
[2026-01-04T22:37:47.104+0000] {logging_mixin.py:188} INFO - [2026-01-04T22:37:47.104+0000] {dag.py:3954} INFO - Setting next_dagrun for pg_to_clickhouse_sliding_window to 2026-01-04 22:37:40+00:00, run_after=2026-01-04 22:37:50+00:00
[2026-01-04T22:37:47.127+0000] {processor.py:183} INFO - Processing /opt/airflow/dags/etl_postgres_to_clickhouse.py took 0.330 seconds
[2026-01-04T22:38:17.279+0000] {processor.py:161} INFO - Started process (PID=446) to work on /opt/airflow/dags/etl_postgres_to_clickhouse.py
[2026-01-04T22:38:17.281+0000] {processor.py:830} INFO - Processing file /opt/airflow/dags/etl_postgres_to_clickhouse.py for tasks to queue
[2026-01-04T22:38:17.284+0000] {logging_mixin.py:188} INFO - [2026-01-04T22:38:17.284+0000] {dagbag.py:545} INFO - Filling up the DagBag from /opt/airflow/dags/etl_postgres_to_clickhouse.py
[2026-01-04T22:38:17.592+0000] {processor.py:840} INFO - DAG(s) 'pg_to_clickhouse_sliding_window' retrieved from /opt/airflow/dags/etl_postgres_to_clickhouse.py
[2026-01-04T22:38:17.649+0000] {logging_mixin.py:188} INFO - [2026-01-04T22:38:17.648+0000] {dag.py:3096} INFO - Sync 1 DAGs
[2026-01-04T22:38:17.699+0000] {logging_mixin.py:188} INFO - [2026-01-04T22:38:17.699+0000] {dag.py:3954} INFO - Setting next_dagrun for pg_to_clickhouse_sliding_window to 2026-01-04 22:38:10+00:00, run_after=2026-01-04 22:38:20+00:00
[2026-01-04T22:38:17.738+0000] {processor.py:183} INFO - Processing /opt/airflow/dags/etl_postgres_to_clickhouse.py took 0.468 seconds
[2026-01-04T22:38:47.904+0000] {processor.py:161} INFO - Started process (PID=471) to work on /opt/airflow/dags/etl_postgres_to_clickhouse.py
[2026-01-04T22:38:47.905+0000] {processor.py:830} INFO - Processing file /opt/airflow/dags/etl_postgres_to_clickhouse.py for tasks to queue
[2026-01-04T22:38:47.909+0000] {logging_mixin.py:188} INFO - [2026-01-04T22:38:47.908+0000] {dagbag.py:545} INFO - Filling up the DagBag from /opt/airflow/dags/etl_postgres_to_clickhouse.py
[2026-01-04T22:38:48.242+0000] {processor.py:840} INFO - DAG(s) 'pg_to_clickhouse_sliding_window' retrieved from /opt/airflow/dags/etl_postgres_to_clickhouse.py
[2026-01-04T22:38:48.295+0000] {logging_mixin.py:188} INFO - [2026-01-04T22:38:48.295+0000] {dag.py:3096} INFO - Sync 1 DAGs
[2026-01-04T22:38:48.334+0000] {logging_mixin.py:188} INFO - [2026-01-04T22:38:48.334+0000] {dag.py:3954} INFO - Setting next_dagrun for pg_to_clickhouse_sliding_window to 2026-01-04 22:38:40+00:00, run_after=2026-01-04 22:38:50+00:00
[2026-01-04T22:38:48.373+0000] {processor.py:183} INFO - Processing /opt/airflow/dags/etl_postgres_to_clickhouse.py took 0.478 seconds
[2026-01-04T22:39:18.519+0000] {processor.py:161} INFO - Started process (PID=496) to work on /opt/airflow/dags/etl_postgres_to_clickhouse.py
[2026-01-04T22:39:18.520+0000] {processor.py:830} INFO - Processing file /opt/airflow/dags/etl_postgres_to_clickhouse.py for tasks to queue
[2026-01-04T22:39:18.522+0000] {logging_mixin.py:188} INFO - [2026-01-04T22:39:18.522+0000] {dagbag.py:545} INFO - Filling up the DagBag from /opt/airflow/dags/etl_postgres_to_clickhouse.py
[2026-01-04T22:39:18.817+0000] {processor.py:840} INFO - DAG(s) 'pg_to_clickhouse_sliding_window' retrieved from /opt/airflow/dags/etl_postgres_to_clickhouse.py
[2026-01-04T22:39:18.863+0000] {logging_mixin.py:188} INFO - [2026-01-04T22:39:18.862+0000] {dag.py:3096} INFO - Sync 1 DAGs
[2026-01-04T22:39:18.903+0000] {logging_mixin.py:188} INFO - [2026-01-04T22:39:18.903+0000] {dag.py:3954} INFO - Setting next_dagrun for pg_to_clickhouse_sliding_window to 2026-01-04 22:39:10+00:00, run_after=2026-01-04 22:39:20+00:00
[2026-01-04T22:39:18.930+0000] {processor.py:183} INFO - Processing /opt/airflow/dags/etl_postgres_to_clickhouse.py took 0.420 seconds
[2026-01-04T22:39:49.122+0000] {processor.py:161} INFO - Started process (PID=521) to work on /opt/airflow/dags/etl_postgres_to_clickhouse.py
[2026-01-04T22:39:49.124+0000] {processor.py:830} INFO - Processing file /opt/airflow/dags/etl_postgres_to_clickhouse.py for tasks to queue
[2026-01-04T22:39:49.128+0000] {logging_mixin.py:188} INFO - [2026-01-04T22:39:49.127+0000] {dagbag.py:545} INFO - Filling up the DagBag from /opt/airflow/dags/etl_postgres_to_clickhouse.py
[2026-01-04T22:39:49.497+0000] {processor.py:840} INFO - DAG(s) 'pg_to_clickhouse_sliding_window' retrieved from /opt/airflow/dags/etl_postgres_to_clickhouse.py
[2026-01-04T22:39:49.543+0000] {logging_mixin.py:188} INFO - [2026-01-04T22:39:49.543+0000] {dag.py:3096} INFO - Sync 1 DAGs
[2026-01-04T22:39:49.577+0000] {logging_mixin.py:188} INFO - [2026-01-04T22:39:49.577+0000] {dag.py:3954} INFO - Setting next_dagrun for pg_to_clickhouse_sliding_window to 2026-01-04 22:39:40+00:00, run_after=2026-01-04 22:39:50+00:00
[2026-01-04T22:39:49.608+0000] {processor.py:183} INFO - Processing /opt/airflow/dags/etl_postgres_to_clickhouse.py took 0.498 seconds
[2026-01-04T22:40:20.150+0000] {processor.py:161} INFO - Started process (PID=549) to work on /opt/airflow/dags/etl_postgres_to_clickhouse.py
[2026-01-04T22:40:20.155+0000] {processor.py:830} INFO - Processing file /opt/airflow/dags/etl_postgres_to_clickhouse.py for tasks to queue
[2026-01-04T22:40:20.166+0000] {logging_mixin.py:188} INFO - [2026-01-04T22:40:20.160+0000] {dagbag.py:545} INFO - Filling up the DagBag from /opt/airflow/dags/etl_postgres_to_clickhouse.py
[2026-01-04T22:40:21.299+0000] {processor.py:840} INFO - DAG(s) 'pg_to_clickhouse_sliding_window' retrieved from /opt/airflow/dags/etl_postgres_to_clickhouse.py
[2026-01-04T22:40:21.510+0000] {logging_mixin.py:188} INFO - [2026-01-04T22:40:21.509+0000] {dag.py:3096} INFO - Sync 1 DAGs
[2026-01-04T22:40:21.846+0000] {logging_mixin.py:188} INFO - [2026-01-04T22:40:21.845+0000] {dag.py:3954} INFO - Setting next_dagrun for pg_to_clickhouse_sliding_window to 2026-01-04 22:40:20+00:00, run_after=2026-01-04 22:40:30+00:00
[2026-01-04T22:40:21.939+0000] {processor.py:183} INFO - Processing /opt/airflow/dags/etl_postgres_to_clickhouse.py took 1.921 seconds
[2026-01-04T22:40:52.529+0000] {processor.py:161} INFO - Started process (PID=575) to work on /opt/airflow/dags/etl_postgres_to_clickhouse.py
[2026-01-04T22:40:52.538+0000] {processor.py:830} INFO - Processing file /opt/airflow/dags/etl_postgres_to_clickhouse.py for tasks to queue
[2026-01-04T22:40:52.545+0000] {logging_mixin.py:188} INFO - [2026-01-04T22:40:52.544+0000] {dagbag.py:545} INFO - Filling up the DagBag from /opt/airflow/dags/etl_postgres_to_clickhouse.py
[2026-01-04T22:40:53.138+0000] {processor.py:840} INFO - DAG(s) 'pg_to_clickhouse_sliding_window' retrieved from /opt/airflow/dags/etl_postgres_to_clickhouse.py
[2026-01-04T22:40:53.213+0000] {logging_mixin.py:188} INFO - [2026-01-04T22:40:53.213+0000] {dag.py:3096} INFO - Sync 1 DAGs
[2026-01-04T22:40:53.271+0000] {logging_mixin.py:188} INFO - [2026-01-04T22:40:53.270+0000] {dag.py:3954} INFO - Setting next_dagrun for pg_to_clickhouse_sliding_window to 2026-01-04 22:40:50+00:00, run_after=2026-01-04 22:41:00+00:00
[2026-01-04T22:40:53.319+0000] {processor.py:183} INFO - Processing /opt/airflow/dags/etl_postgres_to_clickhouse.py took 0.830 seconds
[2026-01-04T22:41:23.606+0000] {processor.py:161} INFO - Started process (PID=600) to work on /opt/airflow/dags/etl_postgres_to_clickhouse.py
[2026-01-04T22:41:23.609+0000] {processor.py:830} INFO - Processing file /opt/airflow/dags/etl_postgres_to_clickhouse.py for tasks to queue
[2026-01-04T22:41:23.612+0000] {logging_mixin.py:188} INFO - [2026-01-04T22:41:23.612+0000] {dagbag.py:545} INFO - Filling up the DagBag from /opt/airflow/dags/etl_postgres_to_clickhouse.py
[2026-01-04T22:41:23.960+0000] {processor.py:840} INFO - DAG(s) 'pg_to_clickhouse_sliding_window' retrieved from /opt/airflow/dags/etl_postgres_to_clickhouse.py
[2026-01-04T22:41:24.014+0000] {logging_mixin.py:188} INFO - [2026-01-04T22:41:24.014+0000] {dag.py:3096} INFO - Sync 1 DAGs
[2026-01-04T22:41:24.062+0000] {logging_mixin.py:188} INFO - [2026-01-04T22:41:24.062+0000] {dag.py:3954} INFO - Setting next_dagrun for pg_to_clickhouse_sliding_window to 2026-01-04 22:41:20+00:00, run_after=2026-01-04 22:41:30+00:00
[2026-01-04T22:41:24.101+0000] {processor.py:183} INFO - Processing /opt/airflow/dags/etl_postgres_to_clickhouse.py took 0.502 seconds
[2026-01-04T22:41:54.337+0000] {processor.py:161} INFO - Started process (PID=625) to work on /opt/airflow/dags/etl_postgres_to_clickhouse.py
[2026-01-04T22:41:54.339+0000] {processor.py:830} INFO - Processing file /opt/airflow/dags/etl_postgres_to_clickhouse.py for tasks to queue
[2026-01-04T22:41:54.344+0000] {logging_mixin.py:188} INFO - [2026-01-04T22:41:54.343+0000] {dagbag.py:545} INFO - Filling up the DagBag from /opt/airflow/dags/etl_postgres_to_clickhouse.py
[2026-01-04T22:41:54.711+0000] {processor.py:840} INFO - DAG(s) 'pg_to_clickhouse_sliding_window' retrieved from /opt/airflow/dags/etl_postgres_to_clickhouse.py
[2026-01-04T22:41:54.769+0000] {logging_mixin.py:188} INFO - [2026-01-04T22:41:54.769+0000] {dag.py:3096} INFO - Sync 1 DAGs
[2026-01-04T22:41:54.816+0000] {logging_mixin.py:188} INFO - [2026-01-04T22:41:54.816+0000] {dag.py:3954} INFO - Setting next_dagrun for pg_to_clickhouse_sliding_window to 2026-01-04 22:41:50+00:00, run_after=2026-01-04 22:42:00+00:00
[2026-01-04T22:41:54.855+0000] {processor.py:183} INFO - Processing /opt/airflow/dags/etl_postgres_to_clickhouse.py took 0.530 seconds
[2026-01-04T22:42:25.054+0000] {processor.py:161} INFO - Started process (PID=650) to work on /opt/airflow/dags/etl_postgres_to_clickhouse.py
[2026-01-04T22:42:25.055+0000] {processor.py:830} INFO - Processing file /opt/airflow/dags/etl_postgres_to_clickhouse.py for tasks to queue
[2026-01-04T22:42:25.058+0000] {logging_mixin.py:188} INFO - [2026-01-04T22:42:25.057+0000] {dagbag.py:545} INFO - Filling up the DagBag from /opt/airflow/dags/etl_postgres_to_clickhouse.py
[2026-01-04T22:42:25.307+0000] {processor.py:840} INFO - DAG(s) 'pg_to_clickhouse_sliding_window' retrieved from /opt/airflow/dags/etl_postgres_to_clickhouse.py
[2026-01-04T22:42:25.345+0000] {logging_mixin.py:188} INFO - [2026-01-04T22:42:25.344+0000] {dag.py:3096} INFO - Sync 1 DAGs
[2026-01-04T22:42:25.375+0000] {logging_mixin.py:188} INFO - [2026-01-04T22:42:25.375+0000] {dag.py:3954} INFO - Setting next_dagrun for pg_to_clickhouse_sliding_window to 2026-01-04 22:42:20+00:00, run_after=2026-01-04 22:42:30+00:00
[2026-01-04T22:42:25.400+0000] {processor.py:183} INFO - Processing /opt/airflow/dags/etl_postgres_to_clickhouse.py took 0.356 seconds
[2026-01-04T22:42:55.548+0000] {processor.py:161} INFO - Started process (PID=675) to work on /opt/airflow/dags/etl_postgres_to_clickhouse.py
[2026-01-04T22:42:55.549+0000] {processor.py:830} INFO - Processing file /opt/airflow/dags/etl_postgres_to_clickhouse.py for tasks to queue
[2026-01-04T22:42:55.551+0000] {logging_mixin.py:188} INFO - [2026-01-04T22:42:55.551+0000] {dagbag.py:545} INFO - Filling up the DagBag from /opt/airflow/dags/etl_postgres_to_clickhouse.py
[2026-01-04T22:42:55.888+0000] {processor.py:840} INFO - DAG(s) 'pg_to_clickhouse_sliding_window' retrieved from /opt/airflow/dags/etl_postgres_to_clickhouse.py
[2026-01-04T22:42:55.963+0000] {logging_mixin.py:188} INFO - [2026-01-04T22:42:55.962+0000] {dag.py:3096} INFO - Sync 1 DAGs
[2026-01-04T22:42:56.012+0000] {logging_mixin.py:188} INFO - [2026-01-04T22:42:56.012+0000] {dag.py:3954} INFO - Setting next_dagrun for pg_to_clickhouse_sliding_window to 2026-01-04 22:42:50+00:00, run_after=2026-01-04 22:43:00+00:00
[2026-01-04T22:42:56.049+0000] {processor.py:183} INFO - Processing /opt/airflow/dags/etl_postgres_to_clickhouse.py took 0.511 seconds
[2026-01-04T22:43:26.301+0000] {processor.py:161} INFO - Started process (PID=700) to work on /opt/airflow/dags/etl_postgres_to_clickhouse.py
[2026-01-04T22:43:26.303+0000] {processor.py:830} INFO - Processing file /opt/airflow/dags/etl_postgres_to_clickhouse.py for tasks to queue
[2026-01-04T22:43:26.307+0000] {logging_mixin.py:188} INFO - [2026-01-04T22:43:26.306+0000] {dagbag.py:545} INFO - Filling up the DagBag from /opt/airflow/dags/etl_postgres_to_clickhouse.py
[2026-01-04T22:43:26.680+0000] {processor.py:840} INFO - DAG(s) 'pg_to_clickhouse_sliding_window' retrieved from /opt/airflow/dags/etl_postgres_to_clickhouse.py
[2026-01-04T22:43:26.731+0000] {logging_mixin.py:188} INFO - [2026-01-04T22:43:26.730+0000] {dag.py:3096} INFO - Sync 1 DAGs
[2026-01-04T22:43:26.771+0000] {logging_mixin.py:188} INFO - [2026-01-04T22:43:26.771+0000] {dag.py:3954} INFO - Setting next_dagrun for pg_to_clickhouse_sliding_window to 2026-01-04 22:43:20+00:00, run_after=2026-01-04 22:43:30+00:00
[2026-01-04T22:43:26.797+0000] {processor.py:183} INFO - Processing /opt/airflow/dags/etl_postgres_to_clickhouse.py took 0.508 seconds
[2026-01-04T22:43:56.939+0000] {processor.py:161} INFO - Started process (PID=725) to work on /opt/airflow/dags/etl_postgres_to_clickhouse.py
[2026-01-04T22:43:56.941+0000] {processor.py:830} INFO - Processing file /opt/airflow/dags/etl_postgres_to_clickhouse.py for tasks to queue
[2026-01-04T22:43:56.945+0000] {logging_mixin.py:188} INFO - [2026-01-04T22:43:56.944+0000] {dagbag.py:545} INFO - Filling up the DagBag from /opt/airflow/dags/etl_postgres_to_clickhouse.py
[2026-01-04T22:43:57.366+0000] {processor.py:840} INFO - DAG(s) 'pg_to_clickhouse_sliding_window' retrieved from /opt/airflow/dags/etl_postgres_to_clickhouse.py
[2026-01-04T22:43:57.421+0000] {logging_mixin.py:188} INFO - [2026-01-04T22:43:57.421+0000] {dag.py:3096} INFO - Sync 1 DAGs
[2026-01-04T22:43:57.483+0000] {logging_mixin.py:188} INFO - [2026-01-04T22:43:57.482+0000] {dag.py:3954} INFO - Setting next_dagrun for pg_to_clickhouse_sliding_window to 2026-01-04 22:43:50+00:00, run_after=2026-01-04 22:44:00+00:00
[2026-01-04T22:43:57.525+0000] {processor.py:183} INFO - Processing /opt/airflow/dags/etl_postgres_to_clickhouse.py took 0.605 seconds
[2026-01-04T22:44:27.763+0000] {processor.py:161} INFO - Started process (PID=751) to work on /opt/airflow/dags/etl_postgres_to_clickhouse.py
[2026-01-04T22:44:27.765+0000] {processor.py:830} INFO - Processing file /opt/airflow/dags/etl_postgres_to_clickhouse.py for tasks to queue
[2026-01-04T22:44:27.769+0000] {logging_mixin.py:188} INFO - [2026-01-04T22:44:27.768+0000] {dagbag.py:545} INFO - Filling up the DagBag from /opt/airflow/dags/etl_postgres_to_clickhouse.py
[2026-01-04T22:44:28.150+0000] {processor.py:840} INFO - DAG(s) 'pg_to_clickhouse_sliding_window' retrieved from /opt/airflow/dags/etl_postgres_to_clickhouse.py
[2026-01-04T22:44:28.205+0000] {logging_mixin.py:188} INFO - [2026-01-04T22:44:28.205+0000] {dag.py:3096} INFO - Sync 1 DAGs
[2026-01-04T22:44:28.270+0000] {logging_mixin.py:188} INFO - [2026-01-04T22:44:28.269+0000] {dag.py:3954} INFO - Setting next_dagrun for pg_to_clickhouse_sliding_window to 2026-01-04 22:44:20+00:00, run_after=2026-01-04 22:44:30+00:00
[2026-01-04T22:44:28.300+0000] {processor.py:183} INFO - Processing /opt/airflow/dags/etl_postgres_to_clickhouse.py took 0.549 seconds
[2026-01-04T22:44:58.520+0000] {processor.py:161} INFO - Started process (PID=777) to work on /opt/airflow/dags/etl_postgres_to_clickhouse.py
[2026-01-04T22:44:58.522+0000] {processor.py:830} INFO - Processing file /opt/airflow/dags/etl_postgres_to_clickhouse.py for tasks to queue
[2026-01-04T22:44:58.526+0000] {logging_mixin.py:188} INFO - [2026-01-04T22:44:58.525+0000] {dagbag.py:545} INFO - Filling up the DagBag from /opt/airflow/dags/etl_postgres_to_clickhouse.py
[2026-01-04T22:44:58.979+0000] {processor.py:840} INFO - DAG(s) 'pg_to_clickhouse_sliding_window' retrieved from /opt/airflow/dags/etl_postgres_to_clickhouse.py
[2026-01-04T22:44:59.028+0000] {logging_mixin.py:188} INFO - [2026-01-04T22:44:59.027+0000] {dag.py:3096} INFO - Sync 1 DAGs
[2026-01-04T22:44:59.065+0000] {logging_mixin.py:188} INFO - [2026-01-04T22:44:59.064+0000] {dag.py:3954} INFO - Setting next_dagrun for pg_to_clickhouse_sliding_window to 2026-01-04 22:44:50+00:00, run_after=2026-01-04 22:45:00+00:00
[2026-01-04T22:44:59.101+0000] {processor.py:183} INFO - Processing /opt/airflow/dags/etl_postgres_to_clickhouse.py took 0.594 seconds
[2026-01-04T22:45:29.366+0000] {processor.py:161} INFO - Started process (PID=802) to work on /opt/airflow/dags/etl_postgres_to_clickhouse.py
[2026-01-04T22:45:29.368+0000] {processor.py:830} INFO - Processing file /opt/airflow/dags/etl_postgres_to_clickhouse.py for tasks to queue
[2026-01-04T22:45:29.372+0000] {logging_mixin.py:188} INFO - [2026-01-04T22:45:29.372+0000] {dagbag.py:545} INFO - Filling up the DagBag from /opt/airflow/dags/etl_postgres_to_clickhouse.py
[2026-01-04T22:45:29.721+0000] {processor.py:840} INFO - DAG(s) 'pg_to_clickhouse_sliding_window' retrieved from /opt/airflow/dags/etl_postgres_to_clickhouse.py
[2026-01-04T22:45:29.768+0000] {logging_mixin.py:188} INFO - [2026-01-04T22:45:29.767+0000] {dag.py:3096} INFO - Sync 1 DAGs
[2026-01-04T22:45:29.803+0000] {logging_mixin.py:188} INFO - [2026-01-04T22:45:29.803+0000] {dag.py:3954} INFO - Setting next_dagrun for pg_to_clickhouse_sliding_window to 2026-01-04 22:45:20+00:00, run_after=2026-01-04 22:45:30+00:00
[2026-01-04T22:45:29.840+0000] {processor.py:183} INFO - Processing /opt/airflow/dags/etl_postgres_to_clickhouse.py took 0.489 seconds
[2026-01-04T22:46:00.067+0000] {processor.py:161} INFO - Started process (PID=827) to work on /opt/airflow/dags/etl_postgres_to_clickhouse.py
[2026-01-04T22:46:00.068+0000] {processor.py:830} INFO - Processing file /opt/airflow/dags/etl_postgres_to_clickhouse.py for tasks to queue
[2026-01-04T22:46:00.071+0000] {logging_mixin.py:188} INFO - [2026-01-04T22:46:00.070+0000] {dagbag.py:545} INFO - Filling up the DagBag from /opt/airflow/dags/etl_postgres_to_clickhouse.py
[2026-01-04T22:46:00.442+0000] {processor.py:840} INFO - DAG(s) 'pg_to_clickhouse_sliding_window' retrieved from /opt/airflow/dags/etl_postgres_to_clickhouse.py
[2026-01-04T22:46:00.491+0000] {logging_mixin.py:188} INFO - [2026-01-04T22:46:00.490+0000] {dag.py:3096} INFO - Sync 1 DAGs
[2026-01-04T22:46:00.532+0000] {logging_mixin.py:188} INFO - [2026-01-04T22:46:00.532+0000] {dag.py:3954} INFO - Setting next_dagrun for pg_to_clickhouse_sliding_window to 2026-01-04 22:46:00+00:00, run_after=2026-01-04 22:46:10+00:00
[2026-01-04T22:46:00.570+0000] {processor.py:183} INFO - Processing /opt/airflow/dags/etl_postgres_to_clickhouse.py took 0.512 seconds
[2026-01-04T22:46:30.789+0000] {processor.py:161} INFO - Started process (PID=852) to work on /opt/airflow/dags/etl_postgres_to_clickhouse.py
[2026-01-04T22:46:30.791+0000] {processor.py:830} INFO - Processing file /opt/airflow/dags/etl_postgres_to_clickhouse.py for tasks to queue
[2026-01-04T22:46:30.794+0000] {logging_mixin.py:188} INFO - [2026-01-04T22:46:30.793+0000] {dagbag.py:545} INFO - Filling up the DagBag from /opt/airflow/dags/etl_postgres_to_clickhouse.py
[2026-01-04T22:46:31.134+0000] {processor.py:840} INFO - DAG(s) 'pg_to_clickhouse_sliding_window' retrieved from /opt/airflow/dags/etl_postgres_to_clickhouse.py
[2026-01-04T22:46:31.185+0000] {logging_mixin.py:188} INFO - [2026-01-04T22:46:31.185+0000] {dag.py:3096} INFO - Sync 1 DAGs
[2026-01-04T22:46:31.226+0000] {logging_mixin.py:188} INFO - [2026-01-04T22:46:31.226+0000] {dag.py:3954} INFO - Setting next_dagrun for pg_to_clickhouse_sliding_window to 2026-01-04 22:46:20+00:00, run_after=2026-01-04 22:46:30+00:00
[2026-01-04T22:46:31.254+0000] {processor.py:183} INFO - Processing /opt/airflow/dags/etl_postgres_to_clickhouse.py took 0.475 seconds
[2026-01-04T22:47:01.588+0000] {processor.py:161} INFO - Started process (PID=879) to work on /opt/airflow/dags/etl_postgres_to_clickhouse.py
[2026-01-04T22:47:01.593+0000] {processor.py:830} INFO - Processing file /opt/airflow/dags/etl_postgres_to_clickhouse.py for tasks to queue
[2026-01-04T22:47:01.599+0000] {logging_mixin.py:188} INFO - [2026-01-04T22:47:01.598+0000] {dagbag.py:545} INFO - Filling up the DagBag from /opt/airflow/dags/etl_postgres_to_clickhouse.py
[2026-01-04T22:47:02.097+0000] {processor.py:840} INFO - DAG(s) 'pg_to_clickhouse_sliding_window' retrieved from /opt/airflow/dags/etl_postgres_to_clickhouse.py
[2026-01-04T22:47:02.162+0000] {logging_mixin.py:188} INFO - [2026-01-04T22:47:02.162+0000] {dag.py:3096} INFO - Sync 1 DAGs
[2026-01-04T22:47:02.224+0000] {logging_mixin.py:188} INFO - [2026-01-04T22:47:02.224+0000] {dag.py:3954} INFO - Setting next_dagrun for pg_to_clickhouse_sliding_window to 2026-01-04 22:47:00+00:00, run_after=2026-01-04 22:47:10+00:00
[2026-01-04T22:47:02.274+0000] {processor.py:183} INFO - Processing /opt/airflow/dags/etl_postgres_to_clickhouse.py took 0.697 seconds
[2026-01-04T22:47:32.459+0000] {processor.py:161} INFO - Started process (PID=904) to work on /opt/airflow/dags/etl_postgres_to_clickhouse.py
[2026-01-04T22:47:32.461+0000] {processor.py:830} INFO - Processing file /opt/airflow/dags/etl_postgres_to_clickhouse.py for tasks to queue
[2026-01-04T22:47:32.464+0000] {logging_mixin.py:188} INFO - [2026-01-04T22:47:32.463+0000] {dagbag.py:545} INFO - Filling up the DagBag from /opt/airflow/dags/etl_postgres_to_clickhouse.py
[2026-01-04T22:47:32.812+0000] {processor.py:840} INFO - DAG(s) 'pg_to_clickhouse_sliding_window' retrieved from /opt/airflow/dags/etl_postgres_to_clickhouse.py
[2026-01-04T22:47:32.855+0000] {logging_mixin.py:188} INFO - [2026-01-04T22:47:32.855+0000] {dag.py:3096} INFO - Sync 1 DAGs
[2026-01-04T22:47:32.890+0000] {logging_mixin.py:188} INFO - [2026-01-04T22:47:32.890+0000] {dag.py:3954} INFO - Setting next_dagrun for pg_to_clickhouse_sliding_window to 2026-01-04 22:47:30+00:00, run_after=2026-01-04 22:47:40+00:00
[2026-01-04T22:47:32.938+0000] {processor.py:183} INFO - Processing /opt/airflow/dags/etl_postgres_to_clickhouse.py took 0.489 seconds
[2026-01-04T22:48:03.128+0000] {processor.py:161} INFO - Started process (PID=936) to work on /opt/airflow/dags/etl_postgres_to_clickhouse.py
[2026-01-04T22:48:03.130+0000] {processor.py:830} INFO - Processing file /opt/airflow/dags/etl_postgres_to_clickhouse.py for tasks to queue
[2026-01-04T22:48:03.133+0000] {logging_mixin.py:188} INFO - [2026-01-04T22:48:03.133+0000] {dagbag.py:545} INFO - Filling up the DagBag from /opt/airflow/dags/etl_postgres_to_clickhouse.py
[2026-01-04T22:48:03.508+0000] {processor.py:840} INFO - DAG(s) 'pg_to_clickhouse_sliding_window' retrieved from /opt/airflow/dags/etl_postgres_to_clickhouse.py
[2026-01-04T22:48:03.559+0000] {logging_mixin.py:188} INFO - [2026-01-04T22:48:03.559+0000] {dag.py:3096} INFO - Sync 1 DAGs
[2026-01-04T22:48:03.595+0000] {logging_mixin.py:188} INFO - [2026-01-04T22:48:03.594+0000] {dag.py:3954} INFO - Setting next_dagrun for pg_to_clickhouse_sliding_window to 2026-01-04 22:48:00+00:00, run_after=2026-01-04 22:48:10+00:00
[2026-01-04T22:48:03.627+0000] {processor.py:183} INFO - Processing /opt/airflow/dags/etl_postgres_to_clickhouse.py took 0.510 seconds
[2026-01-04T22:48:33.796+0000] {processor.py:161} INFO - Started process (PID=962) to work on /opt/airflow/dags/etl_postgres_to_clickhouse.py
[2026-01-04T22:48:33.797+0000] {processor.py:830} INFO - Processing file /opt/airflow/dags/etl_postgres_to_clickhouse.py for tasks to queue
[2026-01-04T22:48:33.801+0000] {logging_mixin.py:188} INFO - [2026-01-04T22:48:33.800+0000] {dagbag.py:545} INFO - Filling up the DagBag from /opt/airflow/dags/etl_postgres_to_clickhouse.py
[2026-01-04T22:48:34.204+0000] {processor.py:840} INFO - DAG(s) 'pg_to_clickhouse_sliding_window' retrieved from /opt/airflow/dags/etl_postgres_to_clickhouse.py
[2026-01-04T22:48:34.244+0000] {logging_mixin.py:188} INFO - [2026-01-04T22:48:34.243+0000] {dag.py:3096} INFO - Sync 1 DAGs
[2026-01-04T22:48:34.273+0000] {logging_mixin.py:188} INFO - [2026-01-04T22:48:34.272+0000] {dag.py:3954} INFO - Setting next_dagrun for pg_to_clickhouse_sliding_window to 2026-01-04 22:48:30+00:00, run_after=2026-01-04 22:48:40+00:00
[2026-01-04T22:48:34.310+0000] {processor.py:183} INFO - Processing /opt/airflow/dags/etl_postgres_to_clickhouse.py took 0.525 seconds
[2026-01-04T22:49:04.457+0000] {processor.py:161} INFO - Started process (PID=987) to work on /opt/airflow/dags/etl_postgres_to_clickhouse.py
[2026-01-04T22:49:04.458+0000] {processor.py:830} INFO - Processing file /opt/airflow/dags/etl_postgres_to_clickhouse.py for tasks to queue
[2026-01-04T22:49:04.462+0000] {logging_mixin.py:188} INFO - [2026-01-04T22:49:04.462+0000] {dagbag.py:545} INFO - Filling up the DagBag from /opt/airflow/dags/etl_postgres_to_clickhouse.py
[2026-01-04T22:49:04.775+0000] {processor.py:840} INFO - DAG(s) 'pg_to_clickhouse_sliding_window' retrieved from /opt/airflow/dags/etl_postgres_to_clickhouse.py
[2026-01-04T22:49:04.825+0000] {logging_mixin.py:188} INFO - [2026-01-04T22:49:04.825+0000] {dag.py:3096} INFO - Sync 1 DAGs
[2026-01-04T22:49:04.864+0000] {logging_mixin.py:188} INFO - [2026-01-04T22:49:04.863+0000] {dag.py:3954} INFO - Setting next_dagrun for pg_to_clickhouse_sliding_window to 2026-01-04 22:49:00+00:00, run_after=2026-01-04 22:49:10+00:00
[2026-01-04T22:49:04.895+0000] {processor.py:183} INFO - Processing /opt/airflow/dags/etl_postgres_to_clickhouse.py took 0.447 seconds
[2026-01-04T22:49:35.073+0000] {processor.py:161} INFO - Started process (PID=1012) to work on /opt/airflow/dags/etl_postgres_to_clickhouse.py
[2026-01-04T22:49:35.074+0000] {processor.py:830} INFO - Processing file /opt/airflow/dags/etl_postgres_to_clickhouse.py for tasks to queue
[2026-01-04T22:49:35.077+0000] {logging_mixin.py:188} INFO - [2026-01-04T22:49:35.077+0000] {dagbag.py:545} INFO - Filling up the DagBag from /opt/airflow/dags/etl_postgres_to_clickhouse.py
[2026-01-04T22:49:35.420+0000] {processor.py:840} INFO - DAG(s) 'pg_to_clickhouse_sliding_window' retrieved from /opt/airflow/dags/etl_postgres_to_clickhouse.py
[2026-01-04T22:49:35.464+0000] {logging_mixin.py:188} INFO - [2026-01-04T22:49:35.464+0000] {dag.py:3096} INFO - Sync 1 DAGs
[2026-01-04T22:49:35.501+0000] {logging_mixin.py:188} INFO - [2026-01-04T22:49:35.500+0000] {dag.py:3954} INFO - Setting next_dagrun for pg_to_clickhouse_sliding_window to 2026-01-04 22:49:30+00:00, run_after=2026-01-04 22:49:40+00:00
[2026-01-04T22:49:35.533+0000] {processor.py:183} INFO - Processing /opt/airflow/dags/etl_postgres_to_clickhouse.py took 0.470 seconds
[2026-01-04T22:50:05.740+0000] {processor.py:161} INFO - Started process (PID=1038) to work on /opt/airflow/dags/etl_postgres_to_clickhouse.py
[2026-01-04T22:50:05.742+0000] {processor.py:830} INFO - Processing file /opt/airflow/dags/etl_postgres_to_clickhouse.py for tasks to queue
[2026-01-04T22:50:05.744+0000] {logging_mixin.py:188} INFO - [2026-01-04T22:50:05.744+0000] {dagbag.py:545} INFO - Filling up the DagBag from /opt/airflow/dags/etl_postgres_to_clickhouse.py
[2026-01-04T22:50:06.087+0000] {processor.py:840} INFO - DAG(s) 'pg_to_clickhouse_sliding_window' retrieved from /opt/airflow/dags/etl_postgres_to_clickhouse.py
[2026-01-04T22:50:06.131+0000] {logging_mixin.py:188} INFO - [2026-01-04T22:50:06.131+0000] {dag.py:3096} INFO - Sync 1 DAGs
[2026-01-04T22:50:06.166+0000] {logging_mixin.py:188} INFO - [2026-01-04T22:50:06.166+0000] {dag.py:3954} INFO - Setting next_dagrun for pg_to_clickhouse_sliding_window to 2026-01-04 22:50:00+00:00, run_after=2026-01-04 22:50:10+00:00
[2026-01-04T22:50:06.233+0000] {processor.py:183} INFO - Processing /opt/airflow/dags/etl_postgres_to_clickhouse.py took 0.504 seconds
[2026-01-04T22:50:36.551+0000] {processor.py:161} INFO - Started process (PID=1063) to work on /opt/airflow/dags/etl_postgres_to_clickhouse.py
[2026-01-04T22:50:36.554+0000] {processor.py:830} INFO - Processing file /opt/airflow/dags/etl_postgres_to_clickhouse.py for tasks to queue
[2026-01-04T22:50:36.560+0000] {logging_mixin.py:188} INFO - [2026-01-04T22:50:36.558+0000] {dagbag.py:545} INFO - Filling up the DagBag from /opt/airflow/dags/etl_postgres_to_clickhouse.py
[2026-01-04T22:50:37.087+0000] {processor.py:840} INFO - DAG(s) 'pg_to_clickhouse_sliding_window' retrieved from /opt/airflow/dags/etl_postgres_to_clickhouse.py
[2026-01-04T22:50:37.156+0000] {logging_mixin.py:188} INFO - [2026-01-04T22:50:37.155+0000] {dag.py:3096} INFO - Sync 1 DAGs
[2026-01-04T22:50:37.202+0000] {logging_mixin.py:188} INFO - [2026-01-04T22:50:37.202+0000] {dag.py:3954} INFO - Setting next_dagrun for pg_to_clickhouse_sliding_window to 2026-01-04 22:50:30+00:00, run_after=2026-01-04 22:50:40+00:00
[2026-01-04T22:50:37.238+0000] {processor.py:183} INFO - Processing /opt/airflow/dags/etl_postgres_to_clickhouse.py took 0.716 seconds
[2026-01-04T22:51:07.580+0000] {processor.py:161} INFO - Started process (PID=1088) to work on /opt/airflow/dags/etl_postgres_to_clickhouse.py
[2026-01-04T22:51:07.582+0000] {processor.py:830} INFO - Processing file /opt/airflow/dags/etl_postgres_to_clickhouse.py for tasks to queue
[2026-01-04T22:51:07.586+0000] {logging_mixin.py:188} INFO - [2026-01-04T22:51:07.585+0000] {dagbag.py:545} INFO - Filling up the DagBag from /opt/airflow/dags/etl_postgres_to_clickhouse.py
[2026-01-04T22:51:07.989+0000] {processor.py:840} INFO - DAG(s) 'pg_to_clickhouse_sliding_window' retrieved from /opt/airflow/dags/etl_postgres_to_clickhouse.py
[2026-01-04T22:51:08.050+0000] {logging_mixin.py:188} INFO - [2026-01-04T22:51:08.049+0000] {dag.py:3096} INFO - Sync 1 DAGs
[2026-01-04T22:51:08.091+0000] {logging_mixin.py:188} INFO - [2026-01-04T22:51:08.091+0000] {dag.py:3954} INFO - Setting next_dagrun for pg_to_clickhouse_sliding_window to 2026-01-04 22:51:00+00:00, run_after=2026-01-04 22:51:10+00:00
[2026-01-04T22:51:08.142+0000] {processor.py:183} INFO - Processing /opt/airflow/dags/etl_postgres_to_clickhouse.py took 0.575 seconds
[2026-01-04T22:52:14.669+0000] {processor.py:161} INFO - Started process (PID=189) to work on /opt/airflow/dags/etl_postgres_to_clickhouse.py
[2026-01-04T22:52:14.672+0000] {processor.py:830} INFO - Processing file /opt/airflow/dags/etl_postgres_to_clickhouse.py for tasks to queue
[2026-01-04T22:52:14.680+0000] {logging_mixin.py:188} INFO - [2026-01-04T22:52:14.679+0000] {dagbag.py:545} INFO - Filling up the DagBag from /opt/airflow/dags/etl_postgres_to_clickhouse.py
[2026-01-04T22:52:15.012+0000] {processor.py:840} INFO - DAG(s) 'pg_to_clickhouse_sliding_window' retrieved from /opt/airflow/dags/etl_postgres_to_clickhouse.py
[2026-01-04T22:52:15.205+0000] {logging_mixin.py:188} INFO - [2026-01-04T22:52:15.204+0000] {override.py:1829} INFO - Created Permission View: can edit on DAG:pg_to_clickhouse_sliding_window
[2026-01-04T22:52:15.221+0000] {logging_mixin.py:188} INFO - [2026-01-04T22:52:15.220+0000] {override.py:1829} INFO - Created Permission View: can read on DAG:pg_to_clickhouse_sliding_window
[2026-01-04T22:52:15.228+0000] {logging_mixin.py:188} INFO - [2026-01-04T22:52:15.228+0000] {override.py:1829} INFO - Created Permission View: can delete on DAG:pg_to_clickhouse_sliding_window
[2026-01-04T22:52:15.229+0000] {logging_mixin.py:188} INFO - [2026-01-04T22:52:15.229+0000] {dag.py:3096} INFO - Sync 1 DAGs
[2026-01-04T22:52:15.243+0000] {logging_mixin.py:188} INFO - [2026-01-04T22:52:15.243+0000] {dag.py:3118} INFO - Creating ORM DAG for pg_to_clickhouse_sliding_window
[2026-01-04T22:52:15.259+0000] {logging_mixin.py:188} INFO - [2026-01-04T22:52:15.259+0000] {dag.py:3954} INFO - Setting next_dagrun for pg_to_clickhouse_sliding_window to 2026-01-04 22:52:00+00:00, run_after=2026-01-04 22:52:10+00:00
[2026-01-04T22:52:15.286+0000] {processor.py:183} INFO - Processing /opt/airflow/dags/etl_postgres_to_clickhouse.py took 0.630 seconds
[2026-01-04T22:52:45.529+0000] {processor.py:161} INFO - Started process (PID=235) to work on /opt/airflow/dags/etl_postgres_to_clickhouse.py
[2026-01-04T22:52:45.532+0000] {processor.py:830} INFO - Processing file /opt/airflow/dags/etl_postgres_to_clickhouse.py for tasks to queue
[2026-01-04T22:52:45.539+0000] {logging_mixin.py:188} INFO - [2026-01-04T22:52:45.538+0000] {dagbag.py:545} INFO - Filling up the DagBag from /opt/airflow/dags/etl_postgres_to_clickhouse.py
[2026-01-04T22:52:46.054+0000] {processor.py:840} INFO - DAG(s) 'pg_to_clickhouse_sliding_window' retrieved from /opt/airflow/dags/etl_postgres_to_clickhouse.py
[2026-01-04T22:52:46.128+0000] {logging_mixin.py:188} INFO - [2026-01-04T22:52:46.128+0000] {dag.py:3096} INFO - Sync 1 DAGs
[2026-01-04T22:52:46.171+0000] {logging_mixin.py:188} INFO - [2026-01-04T22:52:46.170+0000] {dag.py:3954} INFO - Setting next_dagrun for pg_to_clickhouse_sliding_window to 2026-01-04 22:52:40+00:00, run_after=2026-01-04 22:52:50+00:00
[2026-01-04T22:52:46.200+0000] {processor.py:183} INFO - Processing /opt/airflow/dags/etl_postgres_to_clickhouse.py took 0.692 seconds
[2026-01-04T22:53:16.618+0000] {processor.py:161} INFO - Started process (PID=260) to work on /opt/airflow/dags/etl_postgres_to_clickhouse.py
[2026-01-04T22:53:16.619+0000] {processor.py:830} INFO - Processing file /opt/airflow/dags/etl_postgres_to_clickhouse.py for tasks to queue
[2026-01-04T22:53:16.621+0000] {logging_mixin.py:188} INFO - [2026-01-04T22:53:16.621+0000] {dagbag.py:545} INFO - Filling up the DagBag from /opt/airflow/dags/etl_postgres_to_clickhouse.py
[2026-01-04T22:53:16.833+0000] {processor.py:840} INFO - DAG(s) 'pg_to_clickhouse_sliding_window' retrieved from /opt/airflow/dags/etl_postgres_to_clickhouse.py
[2026-01-04T22:53:16.867+0000] {logging_mixin.py:188} INFO - [2026-01-04T22:53:16.867+0000] {dag.py:3096} INFO - Sync 1 DAGs
[2026-01-04T22:53:16.890+0000] {logging_mixin.py:188} INFO - [2026-01-04T22:53:16.890+0000] {dag.py:3954} INFO - Setting next_dagrun for pg_to_clickhouse_sliding_window to 2026-01-04 22:53:10+00:00, run_after=2026-01-04 22:53:20+00:00
[2026-01-04T22:53:16.911+0000] {processor.py:183} INFO - Processing /opt/airflow/dags/etl_postgres_to_clickhouse.py took 0.300 seconds
[2026-01-04T22:53:47.038+0000] {processor.py:161} INFO - Started process (PID=292) to work on /opt/airflow/dags/etl_postgres_to_clickhouse.py
[2026-01-04T22:53:47.040+0000] {processor.py:830} INFO - Processing file /opt/airflow/dags/etl_postgres_to_clickhouse.py for tasks to queue
[2026-01-04T22:53:47.043+0000] {logging_mixin.py:188} INFO - [2026-01-04T22:53:47.043+0000] {dagbag.py:545} INFO - Filling up the DagBag from /opt/airflow/dags/etl_postgres_to_clickhouse.py
[2026-01-04T22:53:47.385+0000] {processor.py:840} INFO - DAG(s) 'pg_to_clickhouse_sliding_window' retrieved from /opt/airflow/dags/etl_postgres_to_clickhouse.py
[2026-01-04T22:53:47.441+0000] {logging_mixin.py:188} INFO - [2026-01-04T22:53:47.441+0000] {dag.py:3096} INFO - Sync 1 DAGs
[2026-01-04T22:53:47.492+0000] {logging_mixin.py:188} INFO - [2026-01-04T22:53:47.492+0000] {dag.py:3954} INFO - Setting next_dagrun for pg_to_clickhouse_sliding_window to 2026-01-04 22:53:40+00:00, run_after=2026-01-04 22:53:50+00:00
[2026-01-04T22:53:47.528+0000] {processor.py:183} INFO - Processing /opt/airflow/dags/etl_postgres_to_clickhouse.py took 0.501 seconds
[2026-01-04T22:54:17.665+0000] {processor.py:161} INFO - Started process (PID=318) to work on /opt/airflow/dags/etl_postgres_to_clickhouse.py
[2026-01-04T22:54:17.667+0000] {processor.py:830} INFO - Processing file /opt/airflow/dags/etl_postgres_to_clickhouse.py for tasks to queue
[2026-01-04T22:54:17.671+0000] {logging_mixin.py:188} INFO - [2026-01-04T22:54:17.670+0000] {dagbag.py:545} INFO - Filling up the DagBag from /opt/airflow/dags/etl_postgres_to_clickhouse.py
[2026-01-04T22:54:17.978+0000] {processor.py:840} INFO - DAG(s) 'pg_to_clickhouse_sliding_window' retrieved from /opt/airflow/dags/etl_postgres_to_clickhouse.py
[2026-01-04T22:54:18.026+0000] {logging_mixin.py:188} INFO - [2026-01-04T22:54:18.026+0000] {dag.py:3096} INFO - Sync 1 DAGs
[2026-01-04T22:54:18.068+0000] {logging_mixin.py:188} INFO - [2026-01-04T22:54:18.068+0000] {dag.py:3954} INFO - Setting next_dagrun for pg_to_clickhouse_sliding_window to 2026-01-04 22:54:10+00:00, run_after=2026-01-04 22:54:20+00:00
[2026-01-04T22:54:18.095+0000] {processor.py:183} INFO - Processing /opt/airflow/dags/etl_postgres_to_clickhouse.py took 0.438 seconds
[2026-01-04T22:54:48.208+0000] {processor.py:161} INFO - Started process (PID=344) to work on /opt/airflow/dags/etl_postgres_to_clickhouse.py
[2026-01-04T22:54:48.210+0000] {processor.py:830} INFO - Processing file /opt/airflow/dags/etl_postgres_to_clickhouse.py for tasks to queue
[2026-01-04T22:54:48.212+0000] {logging_mixin.py:188} INFO - [2026-01-04T22:54:48.212+0000] {dagbag.py:545} INFO - Filling up the DagBag from /opt/airflow/dags/etl_postgres_to_clickhouse.py
[2026-01-04T22:54:48.449+0000] {processor.py:840} INFO - DAG(s) 'pg_to_clickhouse_sliding_window' retrieved from /opt/airflow/dags/etl_postgres_to_clickhouse.py
[2026-01-04T22:54:48.481+0000] {logging_mixin.py:188} INFO - [2026-01-04T22:54:48.481+0000] {dag.py:3096} INFO - Sync 1 DAGs
[2026-01-04T22:54:48.505+0000] {logging_mixin.py:188} INFO - [2026-01-04T22:54:48.504+0000] {dag.py:3954} INFO - Setting next_dagrun for pg_to_clickhouse_sliding_window to 2026-01-04 22:54:40+00:00, run_after=2026-01-04 22:54:50+00:00
[2026-01-04T22:54:48.525+0000] {processor.py:183} INFO - Processing /opt/airflow/dags/etl_postgres_to_clickhouse.py took 0.323 seconds
[2026-01-04T22:55:18.680+0000] {processor.py:161} INFO - Started process (PID=369) to work on /opt/airflow/dags/etl_postgres_to_clickhouse.py
[2026-01-04T22:55:18.681+0000] {processor.py:830} INFO - Processing file /opt/airflow/dags/etl_postgres_to_clickhouse.py for tasks to queue
[2026-01-04T22:55:18.684+0000] {logging_mixin.py:188} INFO - [2026-01-04T22:55:18.683+0000] {dagbag.py:545} INFO - Filling up the DagBag from /opt/airflow/dags/etl_postgres_to_clickhouse.py
[2026-01-04T22:55:18.930+0000] {processor.py:840} INFO - DAG(s) 'pg_to_clickhouse_sliding_window' retrieved from /opt/airflow/dags/etl_postgres_to_clickhouse.py
[2026-01-04T22:55:18.965+0000] {logging_mixin.py:188} INFO - [2026-01-04T22:55:18.965+0000] {dag.py:3096} INFO - Sync 1 DAGs
[2026-01-04T22:55:18.992+0000] {logging_mixin.py:188} INFO - [2026-01-04T22:55:18.992+0000] {dag.py:3954} INFO - Setting next_dagrun for pg_to_clickhouse_sliding_window to 2026-01-04 22:55:10+00:00, run_after=2026-01-04 22:55:20+00:00
[2026-01-04T22:55:19.015+0000] {processor.py:183} INFO - Processing /opt/airflow/dags/etl_postgres_to_clickhouse.py took 0.342 seconds
[2026-01-04T22:55:49.157+0000] {processor.py:161} INFO - Started process (PID=402) to work on /opt/airflow/dags/etl_postgres_to_clickhouse.py
[2026-01-04T22:55:49.159+0000] {processor.py:830} INFO - Processing file /opt/airflow/dags/etl_postgres_to_clickhouse.py for tasks to queue
[2026-01-04T22:55:49.162+0000] {logging_mixin.py:188} INFO - [2026-01-04T22:55:49.161+0000] {dagbag.py:545} INFO - Filling up the DagBag from /opt/airflow/dags/etl_postgres_to_clickhouse.py
[2026-01-04T22:55:49.501+0000] {processor.py:840} INFO - DAG(s) 'pg_to_clickhouse_sliding_window' retrieved from /opt/airflow/dags/etl_postgres_to_clickhouse.py
[2026-01-04T22:55:49.551+0000] {logging_mixin.py:188} INFO - [2026-01-04T22:55:49.551+0000] {dag.py:3096} INFO - Sync 1 DAGs
[2026-01-04T22:55:49.596+0000] {logging_mixin.py:188} INFO - [2026-01-04T22:55:49.596+0000] {dag.py:3954} INFO - Setting next_dagrun for pg_to_clickhouse_sliding_window to 2026-01-04 22:55:40+00:00, run_after=2026-01-04 22:55:50+00:00
[2026-01-04T22:55:49.623+0000] {processor.py:183} INFO - Processing /opt/airflow/dags/etl_postgres_to_clickhouse.py took 0.476 seconds
[2026-01-04T22:56:19.864+0000] {processor.py:161} INFO - Started process (PID=427) to work on /opt/airflow/dags/etl_postgres_to_clickhouse.py
[2026-01-04T22:56:19.866+0000] {processor.py:830} INFO - Processing file /opt/airflow/dags/etl_postgres_to_clickhouse.py for tasks to queue
[2026-01-04T22:56:19.869+0000] {logging_mixin.py:188} INFO - [2026-01-04T22:56:19.868+0000] {dagbag.py:545} INFO - Filling up the DagBag from /opt/airflow/dags/etl_postgres_to_clickhouse.py
[2026-01-04T22:56:20.286+0000] {processor.py:840} INFO - DAG(s) 'pg_to_clickhouse_sliding_window' retrieved from /opt/airflow/dags/etl_postgres_to_clickhouse.py
[2026-01-04T22:56:20.343+0000] {logging_mixin.py:188} INFO - [2026-01-04T22:56:20.342+0000] {dag.py:3096} INFO - Sync 1 DAGs
[2026-01-04T22:56:20.384+0000] {logging_mixin.py:188} INFO - [2026-01-04T22:56:20.384+0000] {dag.py:3954} INFO - Setting next_dagrun for pg_to_clickhouse_sliding_window to 2026-01-04 22:56:10+00:00, run_after=2026-01-04 22:56:20+00:00
[2026-01-04T22:56:20.424+0000] {processor.py:183} INFO - Processing /opt/airflow/dags/etl_postgres_to_clickhouse.py took 0.568 seconds
[2026-01-04T22:56:50.599+0000] {processor.py:161} INFO - Started process (PID=454) to work on /opt/airflow/dags/etl_postgres_to_clickhouse.py
[2026-01-04T22:56:50.601+0000] {processor.py:830} INFO - Processing file /opt/airflow/dags/etl_postgres_to_clickhouse.py for tasks to queue
[2026-01-04T22:56:50.604+0000] {logging_mixin.py:188} INFO - [2026-01-04T22:56:50.604+0000] {dagbag.py:545} INFO - Filling up the DagBag from /opt/airflow/dags/etl_postgres_to_clickhouse.py
[2026-01-04T22:56:50.983+0000] {processor.py:840} INFO - DAG(s) 'pg_to_clickhouse_sliding_window' retrieved from /opt/airflow/dags/etl_postgres_to_clickhouse.py
[2026-01-04T22:56:51.036+0000] {logging_mixin.py:188} INFO - [2026-01-04T22:56:51.036+0000] {dag.py:3096} INFO - Sync 1 DAGs
[2026-01-04T22:56:51.085+0000] {logging_mixin.py:188} INFO - [2026-01-04T22:56:51.084+0000] {dag.py:3954} INFO - Setting next_dagrun for pg_to_clickhouse_sliding_window to 2026-01-04 22:56:50+00:00, run_after=2026-01-04 22:57:00+00:00
[2026-01-04T22:56:51.122+0000] {processor.py:183} INFO - Processing /opt/airflow/dags/etl_postgres_to_clickhouse.py took 0.533 seconds
[2026-01-04T22:57:21.323+0000] {processor.py:161} INFO - Started process (PID=480) to work on /opt/airflow/dags/etl_postgres_to_clickhouse.py
[2026-01-04T22:57:21.325+0000] {processor.py:830} INFO - Processing file /opt/airflow/dags/etl_postgres_to_clickhouse.py for tasks to queue
[2026-01-04T22:57:21.327+0000] {logging_mixin.py:188} INFO - [2026-01-04T22:57:21.326+0000] {dagbag.py:545} INFO - Filling up the DagBag from /opt/airflow/dags/etl_postgres_to_clickhouse.py
[2026-01-04T22:57:21.659+0000] {processor.py:840} INFO - DAG(s) 'pg_to_clickhouse_sliding_window' retrieved from /opt/airflow/dags/etl_postgres_to_clickhouse.py
[2026-01-04T22:57:21.707+0000] {logging_mixin.py:188} INFO - [2026-01-04T22:57:21.707+0000] {dag.py:3096} INFO - Sync 1 DAGs
[2026-01-04T22:57:21.741+0000] {logging_mixin.py:188} INFO - [2026-01-04T22:57:21.740+0000] {dag.py:3954} INFO - Setting next_dagrun for pg_to_clickhouse_sliding_window to 2026-01-04 22:57:20+00:00, run_after=2026-01-04 22:57:30+00:00
[2026-01-04T22:57:21.770+0000] {processor.py:183} INFO - Processing /opt/airflow/dags/etl_postgres_to_clickhouse.py took 0.454 seconds
[2026-01-04T22:57:51.917+0000] {processor.py:161} INFO - Started process (PID=505) to work on /opt/airflow/dags/etl_postgres_to_clickhouse.py
[2026-01-04T22:57:51.918+0000] {processor.py:830} INFO - Processing file /opt/airflow/dags/etl_postgres_to_clickhouse.py for tasks to queue
[2026-01-04T22:57:51.920+0000] {logging_mixin.py:188} INFO - [2026-01-04T22:57:51.920+0000] {dagbag.py:545} INFO - Filling up the DagBag from /opt/airflow/dags/etl_postgres_to_clickhouse.py
[2026-01-04T22:57:52.209+0000] {processor.py:840} INFO - DAG(s) 'pg_to_clickhouse_sliding_window' retrieved from /opt/airflow/dags/etl_postgres_to_clickhouse.py
[2026-01-04T22:57:52.243+0000] {logging_mixin.py:188} INFO - [2026-01-04T22:57:52.243+0000] {dag.py:3096} INFO - Sync 1 DAGs
[2026-01-04T22:57:52.268+0000] {logging_mixin.py:188} INFO - [2026-01-04T22:57:52.268+0000] {dag.py:3954} INFO - Setting next_dagrun for pg_to_clickhouse_sliding_window to 2026-01-04 22:57:50+00:00, run_after=2026-01-04 22:58:00+00:00
[2026-01-04T22:57:52.296+0000] {processor.py:183} INFO - Processing /opt/airflow/dags/etl_postgres_to_clickhouse.py took 0.386 seconds
[2026-01-04T22:58:22.435+0000] {processor.py:161} INFO - Started process (PID=530) to work on /opt/airflow/dags/etl_postgres_to_clickhouse.py
[2026-01-04T22:58:22.436+0000] {processor.py:830} INFO - Processing file /opt/airflow/dags/etl_postgres_to_clickhouse.py for tasks to queue
[2026-01-04T22:58:22.438+0000] {logging_mixin.py:188} INFO - [2026-01-04T22:58:22.438+0000] {dagbag.py:545} INFO - Filling up the DagBag from /opt/airflow/dags/etl_postgres_to_clickhouse.py
[2026-01-04T22:58:22.767+0000] {processor.py:840} INFO - DAG(s) 'pg_to_clickhouse_sliding_window' retrieved from /opt/airflow/dags/etl_postgres_to_clickhouse.py
[2026-01-04T22:58:22.814+0000] {logging_mixin.py:188} INFO - [2026-01-04T22:58:22.814+0000] {dag.py:3096} INFO - Sync 1 DAGs
[2026-01-04T22:58:22.853+0000] {logging_mixin.py:188} INFO - [2026-01-04T22:58:22.852+0000] {dag.py:3954} INFO - Setting next_dagrun for pg_to_clickhouse_sliding_window to 2026-01-04 22:58:20+00:00, run_after=2026-01-04 22:58:30+00:00
[2026-01-04T22:58:22.920+0000] {processor.py:183} INFO - Processing /opt/airflow/dags/etl_postgres_to_clickhouse.py took 0.492 seconds
[2026-01-04T22:58:53.176+0000] {processor.py:161} INFO - Started process (PID=555) to work on /opt/airflow/dags/etl_postgres_to_clickhouse.py
[2026-01-04T22:58:53.179+0000] {processor.py:830} INFO - Processing file /opt/airflow/dags/etl_postgres_to_clickhouse.py for tasks to queue
[2026-01-04T22:58:53.181+0000] {logging_mixin.py:188} INFO - [2026-01-04T22:58:53.181+0000] {dagbag.py:545} INFO - Filling up the DagBag from /opt/airflow/dags/etl_postgres_to_clickhouse.py
[2026-01-04T22:58:53.520+0000] {processor.py:840} INFO - DAG(s) 'pg_to_clickhouse_sliding_window' retrieved from /opt/airflow/dags/etl_postgres_to_clickhouse.py
[2026-01-04T22:58:53.564+0000] {logging_mixin.py:188} INFO - [2026-01-04T22:58:53.563+0000] {dag.py:3096} INFO - Sync 1 DAGs
[2026-01-04T22:58:53.599+0000] {logging_mixin.py:188} INFO - [2026-01-04T22:58:53.599+0000] {dag.py:3954} INFO - Setting next_dagrun for pg_to_clickhouse_sliding_window to 2026-01-04 22:58:50+00:00, run_after=2026-01-04 22:59:00+00:00
[2026-01-04T22:58:53.624+0000] {processor.py:183} INFO - Processing /opt/airflow/dags/etl_postgres_to_clickhouse.py took 0.458 seconds
[2026-01-04T22:59:23.702+0000] {processor.py:161} INFO - Started process (PID=586) to work on /opt/airflow/dags/etl_postgres_to_clickhouse.py
[2026-01-04T22:59:23.704+0000] {processor.py:830} INFO - Processing file /opt/airflow/dags/etl_postgres_to_clickhouse.py for tasks to queue
[2026-01-04T22:59:23.707+0000] {logging_mixin.py:188} INFO - [2026-01-04T22:59:23.707+0000] {dagbag.py:545} INFO - Filling up the DagBag from /opt/airflow/dags/etl_postgres_to_clickhouse.py
[2026-01-04T22:59:24.090+0000] {processor.py:840} INFO - DAG(s) 'pg_to_clickhouse_sliding_window' retrieved from /opt/airflow/dags/etl_postgres_to_clickhouse.py
[2026-01-04T22:59:24.136+0000] {logging_mixin.py:188} INFO - [2026-01-04T22:59:24.136+0000] {dag.py:3096} INFO - Sync 1 DAGs
[2026-01-04T22:59:24.170+0000] {logging_mixin.py:188} INFO - [2026-01-04T22:59:24.169+0000] {dag.py:3954} INFO - Setting next_dagrun for pg_to_clickhouse_sliding_window to 2026-01-04 22:59:20+00:00, run_after=2026-01-04 22:59:30+00:00
[2026-01-04T22:59:24.198+0000] {processor.py:183} INFO - Processing /opt/airflow/dags/etl_postgres_to_clickhouse.py took 0.507 seconds
[2026-01-04T22:59:54.367+0000] {processor.py:161} INFO - Started process (PID=611) to work on /opt/airflow/dags/etl_postgres_to_clickhouse.py
[2026-01-04T22:59:54.373+0000] {processor.py:830} INFO - Processing file /opt/airflow/dags/etl_postgres_to_clickhouse.py for tasks to queue
[2026-01-04T22:59:54.376+0000] {logging_mixin.py:188} INFO - [2026-01-04T22:59:54.376+0000] {dagbag.py:545} INFO - Filling up the DagBag from /opt/airflow/dags/etl_postgres_to_clickhouse.py
[2026-01-04T22:59:54.738+0000] {processor.py:840} INFO - DAG(s) 'pg_to_clickhouse_sliding_window' retrieved from /opt/airflow/dags/etl_postgres_to_clickhouse.py
[2026-01-04T22:59:54.784+0000] {logging_mixin.py:188} INFO - [2026-01-04T22:59:54.784+0000] {dag.py:3096} INFO - Sync 1 DAGs
[2026-01-04T22:59:54.820+0000] {logging_mixin.py:188} INFO - [2026-01-04T22:59:54.820+0000] {dag.py:3954} INFO - Setting next_dagrun for pg_to_clickhouse_sliding_window to 2026-01-04 22:59:50+00:00, run_after=2026-01-04 23:00:00+00:00
[2026-01-04T22:59:54.853+0000] {processor.py:183} INFO - Processing /opt/airflow/dags/etl_postgres_to_clickhouse.py took 0.496 seconds
[2026-01-04T23:00:24.986+0000] {processor.py:161} INFO - Started process (PID=636) to work on /opt/airflow/dags/etl_postgres_to_clickhouse.py
[2026-01-04T23:00:24.987+0000] {processor.py:830} INFO - Processing file /opt/airflow/dags/etl_postgres_to_clickhouse.py for tasks to queue
[2026-01-04T23:00:24.990+0000] {logging_mixin.py:188} INFO - [2026-01-04T23:00:24.990+0000] {dagbag.py:545} INFO - Filling up the DagBag from /opt/airflow/dags/etl_postgres_to_clickhouse.py
[2026-01-04T23:00:25.263+0000] {processor.py:840} INFO - DAG(s) 'pg_to_clickhouse_sliding_window' retrieved from /opt/airflow/dags/etl_postgres_to_clickhouse.py
[2026-01-04T23:00:25.304+0000] {logging_mixin.py:188} INFO - [2026-01-04T23:00:25.304+0000] {dag.py:3096} INFO - Sync 1 DAGs
[2026-01-04T23:00:25.335+0000] {logging_mixin.py:188} INFO - [2026-01-04T23:00:25.335+0000] {dag.py:3954} INFO - Setting next_dagrun for pg_to_clickhouse_sliding_window to 2026-01-04 23:00:20+00:00, run_after=2026-01-04 23:00:30+00:00
[2026-01-04T23:00:25.367+0000] {processor.py:183} INFO - Processing /opt/airflow/dags/etl_postgres_to_clickhouse.py took 0.391 seconds
[2026-01-04T23:00:55.573+0000] {processor.py:161} INFO - Started process (PID=661) to work on /opt/airflow/dags/etl_postgres_to_clickhouse.py
[2026-01-04T23:00:55.575+0000] {processor.py:830} INFO - Processing file /opt/airflow/dags/etl_postgres_to_clickhouse.py for tasks to queue
[2026-01-04T23:00:55.577+0000] {logging_mixin.py:188} INFO - [2026-01-04T23:00:55.577+0000] {dagbag.py:545} INFO - Filling up the DagBag from /opt/airflow/dags/etl_postgres_to_clickhouse.py
[2026-01-04T23:00:55.896+0000] {processor.py:840} INFO - DAG(s) 'pg_to_clickhouse_sliding_window' retrieved from /opt/airflow/dags/etl_postgres_to_clickhouse.py
[2026-01-04T23:00:55.942+0000] {logging_mixin.py:188} INFO - [2026-01-04T23:00:55.942+0000] {dag.py:3096} INFO - Sync 1 DAGs
[2026-01-04T23:00:55.970+0000] {logging_mixin.py:188} INFO - [2026-01-04T23:00:55.970+0000] {dag.py:3954} INFO - Setting next_dagrun for pg_to_clickhouse_sliding_window to 2026-01-04 23:00:50+00:00, run_after=2026-01-04 23:01:00+00:00
[2026-01-04T23:00:55.996+0000] {processor.py:183} INFO - Processing /opt/airflow/dags/etl_postgres_to_clickhouse.py took 0.433 seconds
[2026-01-04T23:01:26.227+0000] {processor.py:161} INFO - Started process (PID=686) to work on /opt/airflow/dags/etl_postgres_to_clickhouse.py
[2026-01-04T23:01:26.230+0000] {processor.py:830} INFO - Processing file /opt/airflow/dags/etl_postgres_to_clickhouse.py for tasks to queue
[2026-01-04T23:01:26.233+0000] {logging_mixin.py:188} INFO - [2026-01-04T23:01:26.232+0000] {dagbag.py:545} INFO - Filling up the DagBag from /opt/airflow/dags/etl_postgres_to_clickhouse.py
[2026-01-04T23:01:26.543+0000] {processor.py:840} INFO - DAG(s) 'pg_to_clickhouse_sliding_window' retrieved from /opt/airflow/dags/etl_postgres_to_clickhouse.py
[2026-01-04T23:01:26.591+0000] {logging_mixin.py:188} INFO - [2026-01-04T23:01:26.591+0000] {dag.py:3096} INFO - Sync 1 DAGs
[2026-01-04T23:01:26.628+0000] {logging_mixin.py:188} INFO - [2026-01-04T23:01:26.627+0000] {dag.py:3954} INFO - Setting next_dagrun for pg_to_clickhouse_sliding_window to 2026-01-04 23:01:20+00:00, run_after=2026-01-04 23:01:30+00:00
[2026-01-04T23:01:26.665+0000] {processor.py:183} INFO - Processing /opt/airflow/dags/etl_postgres_to_clickhouse.py took 0.447 seconds
[2026-01-04T23:01:56.799+0000] {processor.py:161} INFO - Started process (PID=711) to work on /opt/airflow/dags/etl_postgres_to_clickhouse.py
[2026-01-04T23:01:56.800+0000] {processor.py:830} INFO - Processing file /opt/airflow/dags/etl_postgres_to_clickhouse.py for tasks to queue
[2026-01-04T23:01:56.803+0000] {logging_mixin.py:188} INFO - [2026-01-04T23:01:56.803+0000] {dagbag.py:545} INFO - Filling up the DagBag from /opt/airflow/dags/etl_postgres_to_clickhouse.py
[2026-01-04T23:01:57.093+0000] {processor.py:840} INFO - DAG(s) 'pg_to_clickhouse_sliding_window' retrieved from /opt/airflow/dags/etl_postgres_to_clickhouse.py
[2026-01-04T23:01:57.137+0000] {logging_mixin.py:188} INFO - [2026-01-04T23:01:57.136+0000] {dag.py:3096} INFO - Sync 1 DAGs
[2026-01-04T23:01:57.176+0000] {logging_mixin.py:188} INFO - [2026-01-04T23:01:57.176+0000] {dag.py:3954} INFO - Setting next_dagrun for pg_to_clickhouse_sliding_window to 2026-01-04 23:01:50+00:00, run_after=2026-01-04 23:02:00+00:00
[2026-01-04T23:01:57.207+0000] {processor.py:183} INFO - Processing /opt/airflow/dags/etl_postgres_to_clickhouse.py took 0.416 seconds
[2026-01-04T23:02:27.392+0000] {processor.py:161} INFO - Started process (PID=736) to work on /opt/airflow/dags/etl_postgres_to_clickhouse.py
[2026-01-04T23:02:27.394+0000] {processor.py:830} INFO - Processing file /opt/airflow/dags/etl_postgres_to_clickhouse.py for tasks to queue
[2026-01-04T23:02:27.397+0000] {logging_mixin.py:188} INFO - [2026-01-04T23:02:27.397+0000] {dagbag.py:545} INFO - Filling up the DagBag from /opt/airflow/dags/etl_postgres_to_clickhouse.py
[2026-01-04T23:02:27.704+0000] {processor.py:840} INFO - DAG(s) 'pg_to_clickhouse_sliding_window' retrieved from /opt/airflow/dags/etl_postgres_to_clickhouse.py
[2026-01-04T23:02:27.753+0000] {logging_mixin.py:188} INFO - [2026-01-04T23:02:27.753+0000] {dag.py:3096} INFO - Sync 1 DAGs
[2026-01-04T23:02:27.800+0000] {logging_mixin.py:188} INFO - [2026-01-04T23:02:27.800+0000] {dag.py:3954} INFO - Setting next_dagrun for pg_to_clickhouse_sliding_window to 2026-01-04 23:02:20+00:00, run_after=2026-01-04 23:02:30+00:00
[2026-01-04T23:02:27.836+0000] {processor.py:183} INFO - Processing /opt/airflow/dags/etl_postgres_to_clickhouse.py took 0.451 seconds
[2026-01-04T23:02:58.027+0000] {processor.py:161} INFO - Started process (PID=769) to work on /opt/airflow/dags/etl_postgres_to_clickhouse.py
[2026-01-04T23:02:58.029+0000] {processor.py:830} INFO - Processing file /opt/airflow/dags/etl_postgres_to_clickhouse.py for tasks to queue
[2026-01-04T23:02:58.032+0000] {logging_mixin.py:188} INFO - [2026-01-04T23:02:58.032+0000] {dagbag.py:545} INFO - Filling up the DagBag from /opt/airflow/dags/etl_postgres_to_clickhouse.py
[2026-01-04T23:02:58.604+0000] {processor.py:840} INFO - DAG(s) 'pg_to_clickhouse_sliding_window' retrieved from /opt/airflow/dags/etl_postgres_to_clickhouse.py
[2026-01-04T23:02:58.683+0000] {logging_mixin.py:188} INFO - [2026-01-04T23:02:58.682+0000] {dag.py:3096} INFO - Sync 1 DAGs
[2026-01-04T23:02:58.743+0000] {logging_mixin.py:188} INFO - [2026-01-04T23:02:58.743+0000] {dag.py:3954} INFO - Setting next_dagrun for pg_to_clickhouse_sliding_window to 2026-01-04 23:02:50+00:00, run_after=2026-01-04 23:03:00+00:00
[2026-01-04T23:02:58.784+0000] {processor.py:183} INFO - Processing /opt/airflow/dags/etl_postgres_to_clickhouse.py took 0.768 seconds
[2026-01-04T23:03:28.970+0000] {processor.py:161} INFO - Started process (PID=794) to work on /opt/airflow/dags/etl_postgres_to_clickhouse.py
[2026-01-04T23:03:28.972+0000] {processor.py:830} INFO - Processing file /opt/airflow/dags/etl_postgres_to_clickhouse.py for tasks to queue
[2026-01-04T23:03:28.975+0000] {logging_mixin.py:188} INFO - [2026-01-04T23:03:28.974+0000] {dagbag.py:545} INFO - Filling up the DagBag from /opt/airflow/dags/etl_postgres_to_clickhouse.py
[2026-01-04T23:03:29.283+0000] {processor.py:840} INFO - DAG(s) 'pg_to_clickhouse_sliding_window' retrieved from /opt/airflow/dags/etl_postgres_to_clickhouse.py
[2026-01-04T23:03:29.328+0000] {logging_mixin.py:188} INFO - [2026-01-04T23:03:29.328+0000] {dag.py:3096} INFO - Sync 1 DAGs
[2026-01-04T23:03:29.365+0000] {logging_mixin.py:188} INFO - [2026-01-04T23:03:29.364+0000] {dag.py:3954} INFO - Setting next_dagrun for pg_to_clickhouse_sliding_window to 2026-01-04 23:03:20+00:00, run_after=2026-01-04 23:03:30+00:00
[2026-01-04T23:03:29.392+0000] {processor.py:183} INFO - Processing /opt/airflow/dags/etl_postgres_to_clickhouse.py took 0.430 seconds
[2026-01-04T23:03:59.564+0000] {processor.py:161} INFO - Started process (PID=820) to work on /opt/airflow/dags/etl_postgres_to_clickhouse.py
[2026-01-04T23:03:59.565+0000] {processor.py:830} INFO - Processing file /opt/airflow/dags/etl_postgres_to_clickhouse.py for tasks to queue
[2026-01-04T23:03:59.568+0000] {logging_mixin.py:188} INFO - [2026-01-04T23:03:59.567+0000] {dagbag.py:545} INFO - Filling up the DagBag from /opt/airflow/dags/etl_postgres_to_clickhouse.py
[2026-01-04T23:03:59.790+0000] {processor.py:840} INFO - DAG(s) 'pg_to_clickhouse_sliding_window' retrieved from /opt/airflow/dags/etl_postgres_to_clickhouse.py
[2026-01-04T23:03:59.823+0000] {logging_mixin.py:188} INFO - [2026-01-04T23:03:59.823+0000] {dag.py:3096} INFO - Sync 1 DAGs
[2026-01-04T23:03:59.849+0000] {logging_mixin.py:188} INFO - [2026-01-04T23:03:59.849+0000] {dag.py:3954} INFO - Setting next_dagrun for pg_to_clickhouse_sliding_window to 2026-01-04 23:03:50+00:00, run_after=2026-01-04 23:04:00+00:00
[2026-01-04T23:03:59.872+0000] {processor.py:183} INFO - Processing /opt/airflow/dags/etl_postgres_to_clickhouse.py took 0.315 seconds
[2026-01-04T23:04:30.019+0000] {processor.py:161} INFO - Started process (PID=845) to work on /opt/airflow/dags/etl_postgres_to_clickhouse.py
[2026-01-04T23:04:30.021+0000] {processor.py:830} INFO - Processing file /opt/airflow/dags/etl_postgres_to_clickhouse.py for tasks to queue
[2026-01-04T23:04:30.025+0000] {logging_mixin.py:188} INFO - [2026-01-04T23:04:30.024+0000] {dagbag.py:545} INFO - Filling up the DagBag from /opt/airflow/dags/etl_postgres_to_clickhouse.py
[2026-01-04T23:04:30.332+0000] {processor.py:840} INFO - DAG(s) 'pg_to_clickhouse_sliding_window' retrieved from /opt/airflow/dags/etl_postgres_to_clickhouse.py
[2026-01-04T23:04:30.410+0000] {logging_mixin.py:188} INFO - [2026-01-04T23:04:30.409+0000] {dag.py:3096} INFO - Sync 1 DAGs
[2026-01-04T23:04:30.460+0000] {logging_mixin.py:188} INFO - [2026-01-04T23:04:30.460+0000] {dag.py:3954} INFO - Setting next_dagrun for pg_to_clickhouse_sliding_window to 2026-01-04 23:04:30+00:00, run_after=2026-01-04 23:04:40+00:00
[2026-01-04T23:04:30.502+0000] {processor.py:183} INFO - Processing /opt/airflow/dags/etl_postgres_to_clickhouse.py took 0.491 seconds
[2026-01-04T23:05:00.664+0000] {processor.py:161} INFO - Started process (PID=871) to work on /opt/airflow/dags/etl_postgres_to_clickhouse.py
[2026-01-04T23:05:00.666+0000] {processor.py:830} INFO - Processing file /opt/airflow/dags/etl_postgres_to_clickhouse.py for tasks to queue
[2026-01-04T23:05:00.669+0000] {logging_mixin.py:188} INFO - [2026-01-04T23:05:00.668+0000] {dagbag.py:545} INFO - Filling up the DagBag from /opt/airflow/dags/etl_postgres_to_clickhouse.py
[2026-01-04T23:05:01.002+0000] {processor.py:840} INFO - DAG(s) 'pg_to_clickhouse_sliding_window' retrieved from /opt/airflow/dags/etl_postgres_to_clickhouse.py
[2026-01-04T23:05:01.045+0000] {logging_mixin.py:188} INFO - [2026-01-04T23:05:01.045+0000] {dag.py:3096} INFO - Sync 1 DAGs
[2026-01-04T23:05:01.083+0000] {logging_mixin.py:188} INFO - [2026-01-04T23:05:01.083+0000] {dag.py:3954} INFO - Setting next_dagrun for pg_to_clickhouse_sliding_window to 2026-01-04 23:05:00+00:00, run_after=2026-01-04 23:05:10+00:00
[2026-01-04T23:05:01.113+0000] {processor.py:183} INFO - Processing /opt/airflow/dags/etl_postgres_to_clickhouse.py took 0.459 seconds
[2026-01-04T23:05:31.275+0000] {processor.py:161} INFO - Started process (PID=904) to work on /opt/airflow/dags/etl_postgres_to_clickhouse.py
[2026-01-04T23:05:31.277+0000] {processor.py:830} INFO - Processing file /opt/airflow/dags/etl_postgres_to_clickhouse.py for tasks to queue
[2026-01-04T23:05:31.281+0000] {logging_mixin.py:188} INFO - [2026-01-04T23:05:31.281+0000] {dagbag.py:545} INFO - Filling up the DagBag from /opt/airflow/dags/etl_postgres_to_clickhouse.py
[2026-01-04T23:05:31.858+0000] {processor.py:840} INFO - DAG(s) 'pg_to_clickhouse_sliding_window' retrieved from /opt/airflow/dags/etl_postgres_to_clickhouse.py
[2026-01-04T23:05:31.928+0000] {logging_mixin.py:188} INFO - [2026-01-04T23:05:31.928+0000] {dag.py:3096} INFO - Sync 1 DAGs
[2026-01-04T23:05:31.988+0000] {logging_mixin.py:188} INFO - [2026-01-04T23:05:31.986+0000] {dag.py:3954} INFO - Setting next_dagrun for pg_to_clickhouse_sliding_window to 2026-01-04 23:05:30+00:00, run_after=2026-01-04 23:05:40+00:00
[2026-01-04T23:05:32.037+0000] {processor.py:183} INFO - Processing /opt/airflow/dags/etl_postgres_to_clickhouse.py took 0.778 seconds
[2026-01-04T23:06:02.295+0000] {processor.py:161} INFO - Started process (PID=930) to work on /opt/airflow/dags/etl_postgres_to_clickhouse.py
[2026-01-04T23:06:02.296+0000] {processor.py:830} INFO - Processing file /opt/airflow/dags/etl_postgres_to_clickhouse.py for tasks to queue
[2026-01-04T23:06:02.300+0000] {logging_mixin.py:188} INFO - [2026-01-04T23:06:02.299+0000] {dagbag.py:545} INFO - Filling up the DagBag from /opt/airflow/dags/etl_postgres_to_clickhouse.py
[2026-01-04T23:06:02.672+0000] {processor.py:840} INFO - DAG(s) 'pg_to_clickhouse_sliding_window' retrieved from /opt/airflow/dags/etl_postgres_to_clickhouse.py
[2026-01-04T23:06:02.721+0000] {logging_mixin.py:188} INFO - [2026-01-04T23:06:02.721+0000] {dag.py:3096} INFO - Sync 1 DAGs
[2026-01-04T23:06:02.763+0000] {logging_mixin.py:188} INFO - [2026-01-04T23:06:02.763+0000] {dag.py:3954} INFO - Setting next_dagrun for pg_to_clickhouse_sliding_window to 2026-01-04 23:06:00+00:00, run_after=2026-01-04 23:06:10+00:00
[2026-01-04T23:06:02.796+0000] {processor.py:183} INFO - Processing /opt/airflow/dags/etl_postgres_to_clickhouse.py took 0.512 seconds
[2026-01-04T23:06:33.042+0000] {processor.py:161} INFO - Started process (PID=954) to work on /opt/airflow/dags/etl_postgres_to_clickhouse.py
[2026-01-04T23:06:33.044+0000] {processor.py:830} INFO - Processing file /opt/airflow/dags/etl_postgres_to_clickhouse.py for tasks to queue
[2026-01-04T23:06:33.047+0000] {logging_mixin.py:188} INFO - [2026-01-04T23:06:33.047+0000] {dagbag.py:545} INFO - Filling up the DagBag from /opt/airflow/dags/etl_postgres_to_clickhouse.py
[2026-01-04T23:06:33.512+0000] {processor.py:840} INFO - DAG(s) 'pg_to_clickhouse_sliding_window' retrieved from /opt/airflow/dags/etl_postgres_to_clickhouse.py
[2026-01-04T23:06:33.579+0000] {logging_mixin.py:188} INFO - [2026-01-04T23:06:33.578+0000] {dag.py:3096} INFO - Sync 1 DAGs
[2026-01-04T23:06:33.637+0000] {logging_mixin.py:188} INFO - [2026-01-04T23:06:33.636+0000] {dag.py:3954} INFO - Setting next_dagrun for pg_to_clickhouse_sliding_window to 2026-01-04 23:06:30+00:00, run_after=2026-01-04 23:06:40+00:00
[2026-01-04T23:06:33.685+0000] {processor.py:183} INFO - Processing /opt/airflow/dags/etl_postgres_to_clickhouse.py took 0.656 seconds
[2026-01-04T23:07:03.925+0000] {processor.py:161} INFO - Started process (PID=978) to work on /opt/airflow/dags/etl_postgres_to_clickhouse.py
[2026-01-04T23:07:03.927+0000] {processor.py:830} INFO - Processing file /opt/airflow/dags/etl_postgres_to_clickhouse.py for tasks to queue
[2026-01-04T23:07:03.930+0000] {logging_mixin.py:188} INFO - [2026-01-04T23:07:03.929+0000] {dagbag.py:545} INFO - Filling up the DagBag from /opt/airflow/dags/etl_postgres_to_clickhouse.py
[2026-01-04T23:07:04.394+0000] {processor.py:840} INFO - DAG(s) 'pg_to_clickhouse_sliding_window' retrieved from /opt/airflow/dags/etl_postgres_to_clickhouse.py
[2026-01-04T23:07:04.466+0000] {logging_mixin.py:188} INFO - [2026-01-04T23:07:04.465+0000] {dag.py:3096} INFO - Sync 1 DAGs
[2026-01-04T23:07:04.515+0000] {logging_mixin.py:188} INFO - [2026-01-04T23:07:04.514+0000] {dag.py:3954} INFO - Setting next_dagrun for pg_to_clickhouse_sliding_window to 2026-01-04 23:07:00+00:00, run_after=2026-01-04 23:07:10+00:00
[2026-01-04T23:07:04.559+0000] {processor.py:183} INFO - Processing /opt/airflow/dags/etl_postgres_to_clickhouse.py took 0.648 seconds
[2026-01-04T23:07:34.856+0000] {processor.py:161} INFO - Started process (PID=1002) to work on /opt/airflow/dags/etl_postgres_to_clickhouse.py
[2026-01-04T23:07:34.859+0000] {processor.py:830} INFO - Processing file /opt/airflow/dags/etl_postgres_to_clickhouse.py for tasks to queue
[2026-01-04T23:07:34.864+0000] {logging_mixin.py:188} INFO - [2026-01-04T23:07:34.864+0000] {dagbag.py:545} INFO - Filling up the DagBag from /opt/airflow/dags/etl_postgres_to_clickhouse.py
[2026-01-04T23:07:35.267+0000] {processor.py:840} INFO - DAG(s) 'pg_to_clickhouse_sliding_window' retrieved from /opt/airflow/dags/etl_postgres_to_clickhouse.py
[2026-01-04T23:07:35.326+0000] {logging_mixin.py:188} INFO - [2026-01-04T23:07:35.326+0000] {dag.py:3096} INFO - Sync 1 DAGs
[2026-01-04T23:07:35.371+0000] {logging_mixin.py:188} INFO - [2026-01-04T23:07:35.371+0000] {dag.py:3954} INFO - Setting next_dagrun for pg_to_clickhouse_sliding_window to 2026-01-04 23:07:30+00:00, run_after=2026-01-04 23:07:40+00:00
[2026-01-04T23:07:35.405+0000] {processor.py:183} INFO - Processing /opt/airflow/dags/etl_postgres_to_clickhouse.py took 0.571 seconds
