[2026-01-08T10:07:13.679+0000] {processor.py:161} INFO - Started process (PID=189) to work on /opt/airflow/dags/etl_postgres_to_clickhouse.py
[2026-01-08T10:07:13.680+0000] {processor.py:830} INFO - Processing file /opt/airflow/dags/etl_postgres_to_clickhouse.py for tasks to queue
[2026-01-08T10:07:13.684+0000] {logging_mixin.py:188} INFO - [2026-01-08T10:07:13.683+0000] {dagbag.py:545} INFO - Filling up the DagBag from /opt/airflow/dags/etl_postgres_to_clickhouse.py
[2026-01-08T10:07:14.050+0000] {processor.py:840} INFO - DAG(s) 'pg_to_clickhouse_payload_parsing' retrieved from /opt/airflow/dags/etl_postgres_to_clickhouse.py
[2026-01-08T10:07:14.402+0000] {logging_mixin.py:188} INFO - [2026-01-08T10:07:14.401+0000] {override.py:1829} INFO - Created Permission View: can edit on DAG:pg_to_clickhouse_payload_parsing
[2026-01-08T10:07:14.425+0000] {logging_mixin.py:188} INFO - [2026-01-08T10:07:14.424+0000] {override.py:1829} INFO - Created Permission View: can read on DAG:pg_to_clickhouse_payload_parsing
[2026-01-08T10:07:14.437+0000] {logging_mixin.py:188} INFO - [2026-01-08T10:07:14.436+0000] {override.py:1829} INFO - Created Permission View: can delete on DAG:pg_to_clickhouse_payload_parsing
[2026-01-08T10:07:14.438+0000] {logging_mixin.py:188} INFO - [2026-01-08T10:07:14.437+0000] {dag.py:3096} INFO - Sync 1 DAGs
[2026-01-08T10:07:14.456+0000] {logging_mixin.py:188} INFO - [2026-01-08T10:07:14.456+0000] {dag.py:3118} INFO - Creating ORM DAG for pg_to_clickhouse_payload_parsing
[2026-01-08T10:07:14.473+0000] {logging_mixin.py:188} INFO - [2026-01-08T10:07:14.473+0000] {dag.py:3954} INFO - Setting next_dagrun for pg_to_clickhouse_payload_parsing to 2026-01-08 10:07:00+00:00, run_after=2026-01-08 10:07:10+00:00
[2026-01-08T10:07:14.503+0000] {processor.py:183} INFO - Processing /opt/airflow/dags/etl_postgres_to_clickhouse.py took 0.836 seconds
[2026-01-08T10:07:44.747+0000] {processor.py:161} INFO - Started process (PID=226) to work on /opt/airflow/dags/etl_postgres_to_clickhouse.py
[2026-01-08T10:07:44.749+0000] {processor.py:830} INFO - Processing file /opt/airflow/dags/etl_postgres_to_clickhouse.py for tasks to queue
[2026-01-08T10:07:44.751+0000] {logging_mixin.py:188} INFO - [2026-01-08T10:07:44.750+0000] {dagbag.py:545} INFO - Filling up the DagBag from /opt/airflow/dags/etl_postgres_to_clickhouse.py
[2026-01-08T10:07:45.117+0000] {processor.py:840} INFO - DAG(s) 'pg_to_clickhouse_payload_parsing' retrieved from /opt/airflow/dags/etl_postgres_to_clickhouse.py
[2026-01-08T10:07:45.181+0000] {logging_mixin.py:188} INFO - [2026-01-08T10:07:45.180+0000] {dag.py:3096} INFO - Sync 1 DAGs
[2026-01-08T10:07:45.228+0000] {logging_mixin.py:188} INFO - [2026-01-08T10:07:45.227+0000] {dag.py:3954} INFO - Setting next_dagrun for pg_to_clickhouse_payload_parsing to 2026-01-08 10:07:40+00:00, run_after=2026-01-08 10:07:50+00:00
[2026-01-08T10:07:45.261+0000] {processor.py:183} INFO - Processing /opt/airflow/dags/etl_postgres_to_clickhouse.py took 0.523 seconds
[2026-01-08T10:08:15.832+0000] {processor.py:161} INFO - Started process (PID=267) to work on /opt/airflow/dags/etl_postgres_to_clickhouse.py
[2026-01-08T10:08:15.834+0000] {processor.py:830} INFO - Processing file /opt/airflow/dags/etl_postgres_to_clickhouse.py for tasks to queue
[2026-01-08T10:08:15.839+0000] {logging_mixin.py:188} INFO - [2026-01-08T10:08:15.838+0000] {dagbag.py:545} INFO - Filling up the DagBag from /opt/airflow/dags/etl_postgres_to_clickhouse.py
[2026-01-08T10:08:16.273+0000] {processor.py:840} INFO - DAG(s) 'pg_to_clickhouse_payload_parsing' retrieved from /opt/airflow/dags/etl_postgres_to_clickhouse.py
[2026-01-08T10:08:16.349+0000] {logging_mixin.py:188} INFO - [2026-01-08T10:08:16.349+0000] {dag.py:3096} INFO - Sync 1 DAGs
[2026-01-08T10:08:16.466+0000] {logging_mixin.py:188} INFO - [2026-01-08T10:08:16.454+0000] {dag.py:3954} INFO - Setting next_dagrun for pg_to_clickhouse_payload_parsing to 2026-01-08 10:08:10+00:00, run_after=2026-01-08 10:08:20+00:00
[2026-01-08T10:08:16.540+0000] {processor.py:183} INFO - Processing /opt/airflow/dags/etl_postgres_to_clickhouse.py took 0.721 seconds
[2026-01-08T10:08:46.666+0000] {processor.py:161} INFO - Started process (PID=292) to work on /opt/airflow/dags/etl_postgres_to_clickhouse.py
[2026-01-08T10:08:46.668+0000] {processor.py:830} INFO - Processing file /opt/airflow/dags/etl_postgres_to_clickhouse.py for tasks to queue
[2026-01-08T10:08:46.670+0000] {logging_mixin.py:188} INFO - [2026-01-08T10:08:46.670+0000] {dagbag.py:545} INFO - Filling up the DagBag from /opt/airflow/dags/etl_postgres_to_clickhouse.py
[2026-01-08T10:08:46.894+0000] {processor.py:840} INFO - DAG(s) 'pg_to_clickhouse_payload_parsing' retrieved from /opt/airflow/dags/etl_postgres_to_clickhouse.py
[2026-01-08T10:08:46.930+0000] {logging_mixin.py:188} INFO - [2026-01-08T10:08:46.930+0000] {dag.py:3096} INFO - Sync 1 DAGs
[2026-01-08T10:08:46.968+0000] {logging_mixin.py:188} INFO - [2026-01-08T10:08:46.968+0000] {dag.py:3954} INFO - Setting next_dagrun for pg_to_clickhouse_payload_parsing to 2026-01-08 10:08:40+00:00, run_after=2026-01-08 10:08:50+00:00
[2026-01-08T10:08:46.997+0000] {processor.py:183} INFO - Processing /opt/airflow/dags/etl_postgres_to_clickhouse.py took 0.340 seconds
[2026-01-08T10:09:45.547+0000] {processor.py:161} INFO - Started process (PID=190) to work on /opt/airflow/dags/etl_postgres_to_clickhouse.py
[2026-01-08T10:09:45.549+0000] {processor.py:830} INFO - Processing file /opt/airflow/dags/etl_postgres_to_clickhouse.py for tasks to queue
[2026-01-08T10:09:45.553+0000] {logging_mixin.py:188} INFO - [2026-01-08T10:09:45.552+0000] {dagbag.py:545} INFO - Filling up the DagBag from /opt/airflow/dags/etl_postgres_to_clickhouse.py
[2026-01-08T10:09:45.890+0000] {processor.py:840} INFO - DAG(s) 'pg_to_clickhouse_payload_parsing' retrieved from /opt/airflow/dags/etl_postgres_to_clickhouse.py
[2026-01-08T10:09:46.132+0000] {logging_mixin.py:188} INFO - [2026-01-08T10:09:46.131+0000] {override.py:1829} INFO - Created Permission View: can read on DAG:pg_to_clickhouse_payload_parsing
[2026-01-08T10:09:46.150+0000] {logging_mixin.py:188} INFO - [2026-01-08T10:09:46.150+0000] {override.py:1829} INFO - Created Permission View: can delete on DAG:pg_to_clickhouse_payload_parsing
[2026-01-08T10:09:46.162+0000] {logging_mixin.py:188} INFO - [2026-01-08T10:09:46.161+0000] {override.py:1829} INFO - Created Permission View: can edit on DAG:pg_to_clickhouse_payload_parsing
[2026-01-08T10:09:46.163+0000] {logging_mixin.py:188} INFO - [2026-01-08T10:09:46.162+0000] {dag.py:3096} INFO - Sync 1 DAGs
[2026-01-08T10:09:46.192+0000] {logging_mixin.py:188} INFO - [2026-01-08T10:09:46.191+0000] {dag.py:3118} INFO - Creating ORM DAG for pg_to_clickhouse_payload_parsing
[2026-01-08T10:09:46.232+0000] {logging_mixin.py:188} INFO - [2026-01-08T10:09:46.232+0000] {dag.py:3954} INFO - Setting next_dagrun for pg_to_clickhouse_payload_parsing to 2026-01-08 10:09:30+00:00, run_after=2026-01-08 10:09:40+00:00
[2026-01-08T10:09:46.275+0000] {processor.py:183} INFO - Processing /opt/airflow/dags/etl_postgres_to_clickhouse.py took 0.736 seconds
[2026-01-08T10:10:16.412+0000] {processor.py:161} INFO - Started process (PID=237) to work on /opt/airflow/dags/etl_postgres_to_clickhouse.py
[2026-01-08T10:10:16.413+0000] {processor.py:830} INFO - Processing file /opt/airflow/dags/etl_postgres_to_clickhouse.py for tasks to queue
[2026-01-08T10:10:16.417+0000] {logging_mixin.py:188} INFO - [2026-01-08T10:10:16.416+0000] {dagbag.py:545} INFO - Filling up the DagBag from /opt/airflow/dags/etl_postgres_to_clickhouse.py
[2026-01-08T10:10:16.871+0000] {processor.py:840} INFO - DAG(s) 'pg_to_clickhouse_payload_parsing' retrieved from /opt/airflow/dags/etl_postgres_to_clickhouse.py
[2026-01-08T10:10:16.922+0000] {logging_mixin.py:188} INFO - [2026-01-08T10:10:16.922+0000] {dag.py:3096} INFO - Sync 1 DAGs
[2026-01-08T10:10:16.975+0000] {logging_mixin.py:188} INFO - [2026-01-08T10:10:16.975+0000] {dag.py:3954} INFO - Setting next_dagrun for pg_to_clickhouse_payload_parsing to 2026-01-08 10:10:10+00:00, run_after=2026-01-08 10:10:20+00:00
[2026-01-08T10:10:17.013+0000] {processor.py:183} INFO - Processing /opt/airflow/dags/etl_postgres_to_clickhouse.py took 0.612 seconds
[2026-01-08T10:10:47.700+0000] {processor.py:161} INFO - Started process (PID=269) to work on /opt/airflow/dags/etl_postgres_to_clickhouse.py
[2026-01-08T10:10:47.702+0000] {processor.py:830} INFO - Processing file /opt/airflow/dags/etl_postgres_to_clickhouse.py for tasks to queue
[2026-01-08T10:10:47.706+0000] {logging_mixin.py:188} INFO - [2026-01-08T10:10:47.705+0000] {dagbag.py:545} INFO - Filling up the DagBag from /opt/airflow/dags/etl_postgres_to_clickhouse.py
[2026-01-08T10:10:48.068+0000] {processor.py:840} INFO - DAG(s) 'pg_to_clickhouse_payload_parsing' retrieved from /opt/airflow/dags/etl_postgres_to_clickhouse.py
[2026-01-08T10:10:48.120+0000] {logging_mixin.py:188} INFO - [2026-01-08T10:10:48.120+0000] {dag.py:3096} INFO - Sync 1 DAGs
[2026-01-08T10:10:48.156+0000] {logging_mixin.py:188} INFO - [2026-01-08T10:10:48.156+0000] {dag.py:3954} INFO - Setting next_dagrun for pg_to_clickhouse_payload_parsing to 2026-01-08 10:10:40+00:00, run_after=2026-01-08 10:10:50+00:00
[2026-01-08T10:10:48.189+0000] {processor.py:183} INFO - Processing /opt/airflow/dags/etl_postgres_to_clickhouse.py took 0.500 seconds
[2026-01-08T10:11:18.323+0000] {processor.py:161} INFO - Started process (PID=294) to work on /opt/airflow/dags/etl_postgres_to_clickhouse.py
[2026-01-08T10:11:18.325+0000] {processor.py:830} INFO - Processing file /opt/airflow/dags/etl_postgres_to_clickhouse.py for tasks to queue
[2026-01-08T10:11:18.328+0000] {logging_mixin.py:188} INFO - [2026-01-08T10:11:18.327+0000] {dagbag.py:545} INFO - Filling up the DagBag from /opt/airflow/dags/etl_postgres_to_clickhouse.py
[2026-01-08T10:11:18.723+0000] {processor.py:840} INFO - DAG(s) 'pg_to_clickhouse_payload_parsing' retrieved from /opt/airflow/dags/etl_postgres_to_clickhouse.py
[2026-01-08T10:11:18.782+0000] {logging_mixin.py:188} INFO - [2026-01-08T10:11:18.782+0000] {dag.py:3096} INFO - Sync 1 DAGs
[2026-01-08T10:11:18.825+0000] {logging_mixin.py:188} INFO - [2026-01-08T10:11:18.825+0000] {dag.py:3954} INFO - Setting next_dagrun for pg_to_clickhouse_payload_parsing to 2026-01-08 10:11:10+00:00, run_after=2026-01-08 10:11:20+00:00
[2026-01-08T10:11:18.856+0000] {processor.py:183} INFO - Processing /opt/airflow/dags/etl_postgres_to_clickhouse.py took 0.544 seconds
[2026-01-08T10:11:48.951+0000] {processor.py:161} INFO - Started process (PID=320) to work on /opt/airflow/dags/etl_postgres_to_clickhouse.py
[2026-01-08T10:11:48.952+0000] {processor.py:830} INFO - Processing file /opt/airflow/dags/etl_postgres_to_clickhouse.py for tasks to queue
[2026-01-08T10:11:48.955+0000] {logging_mixin.py:188} INFO - [2026-01-08T10:11:48.954+0000] {dagbag.py:545} INFO - Filling up the DagBag from /opt/airflow/dags/etl_postgres_to_clickhouse.py
[2026-01-08T10:11:49.215+0000] {processor.py:840} INFO - DAG(s) 'pg_to_clickhouse_payload_parsing' retrieved from /opt/airflow/dags/etl_postgres_to_clickhouse.py
[2026-01-08T10:11:49.258+0000] {logging_mixin.py:188} INFO - [2026-01-08T10:11:49.258+0000] {dag.py:3096} INFO - Sync 1 DAGs
[2026-01-08T10:11:49.298+0000] {logging_mixin.py:188} INFO - [2026-01-08T10:11:49.297+0000] {dag.py:3954} INFO - Setting next_dagrun for pg_to_clickhouse_payload_parsing to 2026-01-08 10:11:40+00:00, run_after=2026-01-08 10:11:50+00:00
[2026-01-08T10:11:49.327+0000] {processor.py:183} INFO - Processing /opt/airflow/dags/etl_postgres_to_clickhouse.py took 0.384 seconds
[2026-01-08T10:12:20.451+0000] {processor.py:161} INFO - Started process (PID=345) to work on /opt/airflow/dags/etl_postgres_to_clickhouse.py
[2026-01-08T10:12:20.454+0000] {processor.py:830} INFO - Processing file /opt/airflow/dags/etl_postgres_to_clickhouse.py for tasks to queue
[2026-01-08T10:12:20.459+0000] {logging_mixin.py:188} INFO - [2026-01-08T10:12:20.459+0000] {dagbag.py:545} INFO - Filling up the DagBag from /opt/airflow/dags/etl_postgres_to_clickhouse.py
[2026-01-08T10:12:21.080+0000] {processor.py:840} INFO - DAG(s) 'pg_to_clickhouse_payload_parsing' retrieved from /opt/airflow/dags/etl_postgres_to_clickhouse.py
[2026-01-08T10:12:21.196+0000] {logging_mixin.py:188} INFO - [2026-01-08T10:12:21.195+0000] {dag.py:3096} INFO - Sync 1 DAGs
[2026-01-08T10:12:21.246+0000] {logging_mixin.py:188} INFO - [2026-01-08T10:12:21.245+0000] {dag.py:3954} INFO - Setting next_dagrun for pg_to_clickhouse_payload_parsing to 2026-01-08 10:12:20+00:00, run_after=2026-01-08 10:12:30+00:00
[2026-01-08T10:12:21.294+0000] {processor.py:183} INFO - Processing /opt/airflow/dags/etl_postgres_to_clickhouse.py took 0.855 seconds
[2026-01-08T10:12:51.482+0000] {processor.py:161} INFO - Started process (PID=378) to work on /opt/airflow/dags/etl_postgres_to_clickhouse.py
[2026-01-08T10:12:51.483+0000] {processor.py:830} INFO - Processing file /opt/airflow/dags/etl_postgres_to_clickhouse.py for tasks to queue
[2026-01-08T10:12:51.486+0000] {logging_mixin.py:188} INFO - [2026-01-08T10:12:51.486+0000] {dagbag.py:545} INFO - Filling up the DagBag from /opt/airflow/dags/etl_postgres_to_clickhouse.py
[2026-01-08T10:12:51.866+0000] {processor.py:840} INFO - DAG(s) 'pg_to_clickhouse_payload_parsing' retrieved from /opt/airflow/dags/etl_postgres_to_clickhouse.py
[2026-01-08T10:12:51.925+0000] {logging_mixin.py:188} INFO - [2026-01-08T10:12:51.924+0000] {dag.py:3096} INFO - Sync 1 DAGs
[2026-01-08T10:12:51.971+0000] {logging_mixin.py:188} INFO - [2026-01-08T10:12:51.971+0000] {dag.py:3954} INFO - Setting next_dagrun for pg_to_clickhouse_payload_parsing to 2026-01-08 10:12:50+00:00, run_after=2026-01-08 10:13:00+00:00
[2026-01-08T10:12:52.011+0000] {processor.py:183} INFO - Processing /opt/airflow/dags/etl_postgres_to_clickhouse.py took 0.539 seconds
[2026-01-08T10:13:22.394+0000] {processor.py:161} INFO - Started process (PID=404) to work on /opt/airflow/dags/etl_postgres_to_clickhouse.py
[2026-01-08T10:13:22.396+0000] {processor.py:830} INFO - Processing file /opt/airflow/dags/etl_postgres_to_clickhouse.py for tasks to queue
[2026-01-08T10:13:22.402+0000] {logging_mixin.py:188} INFO - [2026-01-08T10:13:22.401+0000] {dagbag.py:545} INFO - Filling up the DagBag from /opt/airflow/dags/etl_postgres_to_clickhouse.py
[2026-01-08T10:13:22.796+0000] {processor.py:840} INFO - DAG(s) 'pg_to_clickhouse_payload_parsing' retrieved from /opt/airflow/dags/etl_postgres_to_clickhouse.py
[2026-01-08T10:13:22.847+0000] {logging_mixin.py:188} INFO - [2026-01-08T10:13:22.846+0000] {dag.py:3096} INFO - Sync 1 DAGs
[2026-01-08T10:13:22.896+0000] {logging_mixin.py:188} INFO - [2026-01-08T10:13:22.895+0000] {dag.py:3954} INFO - Setting next_dagrun for pg_to_clickhouse_payload_parsing to 2026-01-08 10:13:20+00:00, run_after=2026-01-08 10:13:30+00:00
[2026-01-08T10:13:22.927+0000] {processor.py:183} INFO - Processing /opt/airflow/dags/etl_postgres_to_clickhouse.py took 0.545 seconds
[2026-01-08T10:13:53.878+0000] {processor.py:161} INFO - Started process (PID=430) to work on /opt/airflow/dags/etl_postgres_to_clickhouse.py
[2026-01-08T10:13:53.887+0000] {processor.py:830} INFO - Processing file /opt/airflow/dags/etl_postgres_to_clickhouse.py for tasks to queue
[2026-01-08T10:13:53.891+0000] {logging_mixin.py:188} INFO - [2026-01-08T10:13:53.890+0000] {dagbag.py:545} INFO - Filling up the DagBag from /opt/airflow/dags/etl_postgres_to_clickhouse.py
[2026-01-08T10:13:54.369+0000] {processor.py:840} INFO - DAG(s) 'pg_to_clickhouse_payload_parsing' retrieved from /opt/airflow/dags/etl_postgres_to_clickhouse.py
[2026-01-08T10:13:54.423+0000] {logging_mixin.py:188} INFO - [2026-01-08T10:13:54.423+0000] {dag.py:3096} INFO - Sync 1 DAGs
[2026-01-08T10:13:54.467+0000] {logging_mixin.py:188} INFO - [2026-01-08T10:13:54.467+0000] {dag.py:3954} INFO - Setting next_dagrun for pg_to_clickhouse_payload_parsing to 2026-01-08 10:13:50+00:00, run_after=2026-01-08 10:14:00+00:00
[2026-01-08T10:13:54.527+0000] {processor.py:183} INFO - Processing /opt/airflow/dags/etl_postgres_to_clickhouse.py took 0.663 seconds
[2026-01-08T10:14:24.898+0000] {processor.py:161} INFO - Started process (PID=455) to work on /opt/airflow/dags/etl_postgres_to_clickhouse.py
[2026-01-08T10:14:24.899+0000] {processor.py:830} INFO - Processing file /opt/airflow/dags/etl_postgres_to_clickhouse.py for tasks to queue
[2026-01-08T10:14:24.902+0000] {logging_mixin.py:188} INFO - [2026-01-08T10:14:24.902+0000] {dagbag.py:545} INFO - Filling up the DagBag from /opt/airflow/dags/etl_postgres_to_clickhouse.py
[2026-01-08T10:14:25.195+0000] {processor.py:840} INFO - DAG(s) 'pg_to_clickhouse_payload_parsing' retrieved from /opt/airflow/dags/etl_postgres_to_clickhouse.py
[2026-01-08T10:14:25.232+0000] {logging_mixin.py:188} INFO - [2026-01-08T10:14:25.232+0000] {dag.py:3096} INFO - Sync 1 DAGs
[2026-01-08T10:14:25.260+0000] {logging_mixin.py:188} INFO - [2026-01-08T10:14:25.259+0000] {dag.py:3954} INFO - Setting next_dagrun for pg_to_clickhouse_payload_parsing to 2026-01-08 10:14:20+00:00, run_after=2026-01-08 10:14:30+00:00
[2026-01-08T10:14:25.293+0000] {processor.py:183} INFO - Processing /opt/airflow/dags/etl_postgres_to_clickhouse.py took 0.406 seconds
[2026-01-08T10:14:55.426+0000] {processor.py:161} INFO - Started process (PID=480) to work on /opt/airflow/dags/etl_postgres_to_clickhouse.py
[2026-01-08T10:14:55.427+0000] {processor.py:830} INFO - Processing file /opt/airflow/dags/etl_postgres_to_clickhouse.py for tasks to queue
[2026-01-08T10:14:55.431+0000] {logging_mixin.py:188} INFO - [2026-01-08T10:14:55.430+0000] {dagbag.py:545} INFO - Filling up the DagBag from /opt/airflow/dags/etl_postgres_to_clickhouse.py
[2026-01-08T10:14:55.698+0000] {processor.py:840} INFO - DAG(s) 'pg_to_clickhouse_payload_parsing' retrieved from /opt/airflow/dags/etl_postgres_to_clickhouse.py
[2026-01-08T10:14:55.809+0000] {logging_mixin.py:188} INFO - [2026-01-08T10:14:55.808+0000] {dag.py:3096} INFO - Sync 1 DAGs
[2026-01-08T10:14:55.863+0000] {logging_mixin.py:188} INFO - [2026-01-08T10:14:55.863+0000] {dag.py:3954} INFO - Setting next_dagrun for pg_to_clickhouse_payload_parsing to 2026-01-08 10:14:50+00:00, run_after=2026-01-08 10:15:00+00:00
[2026-01-08T10:14:55.906+0000] {processor.py:183} INFO - Processing /opt/airflow/dags/etl_postgres_to_clickhouse.py took 0.493 seconds
[2026-01-08T10:15:26.855+0000] {processor.py:161} INFO - Started process (PID=512) to work on /opt/airflow/dags/etl_postgres_to_clickhouse.py
[2026-01-08T10:15:26.856+0000] {processor.py:830} INFO - Processing file /opt/airflow/dags/etl_postgres_to_clickhouse.py for tasks to queue
[2026-01-08T10:15:26.859+0000] {logging_mixin.py:188} INFO - [2026-01-08T10:15:26.858+0000] {dagbag.py:545} INFO - Filling up the DagBag from /opt/airflow/dags/etl_postgres_to_clickhouse.py
[2026-01-08T10:15:27.099+0000] {processor.py:840} INFO - DAG(s) 'pg_to_clickhouse_payload_parsing' retrieved from /opt/airflow/dags/etl_postgres_to_clickhouse.py
[2026-01-08T10:15:27.134+0000] {logging_mixin.py:188} INFO - [2026-01-08T10:15:27.133+0000] {dag.py:3096} INFO - Sync 1 DAGs
[2026-01-08T10:15:27.159+0000] {logging_mixin.py:188} INFO - [2026-01-08T10:15:27.158+0000] {dag.py:3954} INFO - Setting next_dagrun for pg_to_clickhouse_payload_parsing to 2026-01-08 10:15:20+00:00, run_after=2026-01-08 10:15:30+00:00
[2026-01-08T10:15:27.580+0000] {processor.py:183} INFO - Processing /opt/airflow/dags/etl_postgres_to_clickhouse.py took 0.738 seconds
[2026-01-08T10:15:57.859+0000] {processor.py:161} INFO - Started process (PID=537) to work on /opt/airflow/dags/etl_postgres_to_clickhouse.py
[2026-01-08T10:15:57.860+0000] {processor.py:830} INFO - Processing file /opt/airflow/dags/etl_postgres_to_clickhouse.py for tasks to queue
[2026-01-08T10:15:57.863+0000] {logging_mixin.py:188} INFO - [2026-01-08T10:15:57.862+0000] {dagbag.py:545} INFO - Filling up the DagBag from /opt/airflow/dags/etl_postgres_to_clickhouse.py
[2026-01-08T10:15:58.101+0000] {processor.py:840} INFO - DAG(s) 'pg_to_clickhouse_payload_parsing' retrieved from /opt/airflow/dags/etl_postgres_to_clickhouse.py
[2026-01-08T10:15:58.140+0000] {logging_mixin.py:188} INFO - [2026-01-08T10:15:58.140+0000] {dag.py:3096} INFO - Sync 1 DAGs
[2026-01-08T10:15:58.171+0000] {logging_mixin.py:188} INFO - [2026-01-08T10:15:58.171+0000] {dag.py:3954} INFO - Setting next_dagrun for pg_to_clickhouse_payload_parsing to 2026-01-08 10:15:50+00:00, run_after=2026-01-08 10:16:00+00:00
[2026-01-08T10:15:58.197+0000] {processor.py:183} INFO - Processing /opt/airflow/dags/etl_postgres_to_clickhouse.py took 0.345 seconds
[2026-01-08T10:16:28.867+0000] {processor.py:161} INFO - Started process (PID=563) to work on /opt/airflow/dags/etl_postgres_to_clickhouse.py
[2026-01-08T10:16:28.869+0000] {processor.py:830} INFO - Processing file /opt/airflow/dags/etl_postgres_to_clickhouse.py for tasks to queue
[2026-01-08T10:16:28.871+0000] {logging_mixin.py:188} INFO - [2026-01-08T10:16:28.870+0000] {dagbag.py:545} INFO - Filling up the DagBag from /opt/airflow/dags/etl_postgres_to_clickhouse.py
[2026-01-08T10:16:29.142+0000] {processor.py:840} INFO - DAG(s) 'pg_to_clickhouse_payload_parsing' retrieved from /opt/airflow/dags/etl_postgres_to_clickhouse.py
[2026-01-08T10:16:29.180+0000] {logging_mixin.py:188} INFO - [2026-01-08T10:16:29.179+0000] {dag.py:3096} INFO - Sync 1 DAGs
[2026-01-08T10:16:29.206+0000] {logging_mixin.py:188} INFO - [2026-01-08T10:16:29.206+0000] {dag.py:3954} INFO - Setting next_dagrun for pg_to_clickhouse_payload_parsing to 2026-01-08 10:16:20+00:00, run_after=2026-01-08 10:16:30+00:00
[2026-01-08T10:16:29.229+0000] {processor.py:183} INFO - Processing /opt/airflow/dags/etl_postgres_to_clickhouse.py took 0.370 seconds
[2026-01-08T10:17:00.169+0000] {processor.py:161} INFO - Started process (PID=597) to work on /opt/airflow/dags/etl_postgres_to_clickhouse.py
[2026-01-08T10:17:00.171+0000] {processor.py:830} INFO - Processing file /opt/airflow/dags/etl_postgres_to_clickhouse.py for tasks to queue
[2026-01-08T10:17:00.174+0000] {logging_mixin.py:188} INFO - [2026-01-08T10:17:00.174+0000] {dagbag.py:545} INFO - Filling up the DagBag from /opt/airflow/dags/etl_postgres_to_clickhouse.py
[2026-01-08T10:17:00.466+0000] {processor.py:840} INFO - DAG(s) 'pg_to_clickhouse_payload_parsing' retrieved from /opt/airflow/dags/etl_postgres_to_clickhouse.py
[2026-01-08T10:17:00.504+0000] {logging_mixin.py:188} INFO - [2026-01-08T10:17:00.504+0000] {dag.py:3096} INFO - Sync 1 DAGs
[2026-01-08T10:17:00.542+0000] {logging_mixin.py:188} INFO - [2026-01-08T10:17:00.542+0000] {dag.py:3954} INFO - Setting next_dagrun for pg_to_clickhouse_payload_parsing to 2026-01-08 10:16:50+00:00, run_after=2026-01-08 10:17:00+00:00
[2026-01-08T10:17:00.571+0000] {processor.py:183} INFO - Processing /opt/airflow/dags/etl_postgres_to_clickhouse.py took 0.413 seconds
[2026-01-08T10:17:31.205+0000] {processor.py:161} INFO - Started process (PID=623) to work on /opt/airflow/dags/etl_postgres_to_clickhouse.py
[2026-01-08T10:17:31.207+0000] {processor.py:830} INFO - Processing file /opt/airflow/dags/etl_postgres_to_clickhouse.py for tasks to queue
[2026-01-08T10:17:31.211+0000] {logging_mixin.py:188} INFO - [2026-01-08T10:17:31.211+0000] {dagbag.py:545} INFO - Filling up the DagBag from /opt/airflow/dags/etl_postgres_to_clickhouse.py
[2026-01-08T10:17:31.587+0000] {processor.py:840} INFO - DAG(s) 'pg_to_clickhouse_payload_parsing' retrieved from /opt/airflow/dags/etl_postgres_to_clickhouse.py
[2026-01-08T10:17:31.628+0000] {logging_mixin.py:188} INFO - [2026-01-08T10:17:31.627+0000] {dag.py:3096} INFO - Sync 1 DAGs
[2026-01-08T10:17:31.662+0000] {logging_mixin.py:188} INFO - [2026-01-08T10:17:31.661+0000] {dag.py:3954} INFO - Setting next_dagrun for pg_to_clickhouse_payload_parsing to 2026-01-08 10:17:30+00:00, run_after=2026-01-08 10:17:40+00:00
[2026-01-08T10:17:31.691+0000] {processor.py:183} INFO - Processing /opt/airflow/dags/etl_postgres_to_clickhouse.py took 0.499 seconds
[2026-01-08T10:18:02.487+0000] {processor.py:161} INFO - Started process (PID=649) to work on /opt/airflow/dags/etl_postgres_to_clickhouse.py
[2026-01-08T10:18:02.488+0000] {processor.py:830} INFO - Processing file /opt/airflow/dags/etl_postgres_to_clickhouse.py for tasks to queue
[2026-01-08T10:18:02.491+0000] {logging_mixin.py:188} INFO - [2026-01-08T10:18:02.490+0000] {dagbag.py:545} INFO - Filling up the DagBag from /opt/airflow/dags/etl_postgres_to_clickhouse.py
[2026-01-08T10:18:02.803+0000] {processor.py:840} INFO - DAG(s) 'pg_to_clickhouse_payload_parsing' retrieved from /opt/airflow/dags/etl_postgres_to_clickhouse.py
[2026-01-08T10:18:02.848+0000] {logging_mixin.py:188} INFO - [2026-01-08T10:18:02.848+0000] {dag.py:3096} INFO - Sync 1 DAGs
[2026-01-08T10:18:02.882+0000] {logging_mixin.py:188} INFO - [2026-01-08T10:18:02.882+0000] {dag.py:3954} INFO - Setting next_dagrun for pg_to_clickhouse_payload_parsing to 2026-01-08 10:18:00+00:00, run_after=2026-01-08 10:18:10+00:00
[2026-01-08T10:18:02.910+0000] {processor.py:183} INFO - Processing /opt/airflow/dags/etl_postgres_to_clickhouse.py took 0.433 seconds
[2026-01-08T10:18:33.650+0000] {processor.py:161} INFO - Started process (PID=681) to work on /opt/airflow/dags/etl_postgres_to_clickhouse.py
[2026-01-08T10:18:33.653+0000] {processor.py:830} INFO - Processing file /opt/airflow/dags/etl_postgres_to_clickhouse.py for tasks to queue
[2026-01-08T10:18:33.659+0000] {logging_mixin.py:188} INFO - [2026-01-08T10:18:33.659+0000] {dagbag.py:545} INFO - Filling up the DagBag from /opt/airflow/dags/etl_postgres_to_clickhouse.py
[2026-01-08T10:18:34.064+0000] {processor.py:840} INFO - DAG(s) 'pg_to_clickhouse_payload_parsing' retrieved from /opt/airflow/dags/etl_postgres_to_clickhouse.py
[2026-01-08T10:18:34.119+0000] {logging_mixin.py:188} INFO - [2026-01-08T10:18:34.119+0000] {dag.py:3096} INFO - Sync 1 DAGs
[2026-01-08T10:18:34.154+0000] {logging_mixin.py:188} INFO - [2026-01-08T10:18:34.154+0000] {dag.py:3954} INFO - Setting next_dagrun for pg_to_clickhouse_payload_parsing to 2026-01-08 10:18:30+00:00, run_after=2026-01-08 10:18:40+00:00
[2026-01-08T10:18:34.184+0000] {processor.py:183} INFO - Processing /opt/airflow/dags/etl_postgres_to_clickhouse.py took 0.542 seconds
[2026-01-08T10:19:05.001+0000] {processor.py:161} INFO - Started process (PID=706) to work on /opt/airflow/dags/etl_postgres_to_clickhouse.py
[2026-01-08T10:19:05.015+0000] {processor.py:830} INFO - Processing file /opt/airflow/dags/etl_postgres_to_clickhouse.py for tasks to queue
[2026-01-08T10:19:05.019+0000] {logging_mixin.py:188} INFO - [2026-01-08T10:19:05.019+0000] {dagbag.py:545} INFO - Filling up the DagBag from /opt/airflow/dags/etl_postgres_to_clickhouse.py
[2026-01-08T10:19:05.567+0000] {processor.py:840} INFO - DAG(s) 'pg_to_clickhouse_payload_parsing' retrieved from /opt/airflow/dags/etl_postgres_to_clickhouse.py
[2026-01-08T10:19:05.618+0000] {logging_mixin.py:188} INFO - [2026-01-08T10:19:05.618+0000] {dag.py:3096} INFO - Sync 1 DAGs
[2026-01-08T10:19:05.652+0000] {logging_mixin.py:188} INFO - [2026-01-08T10:19:05.652+0000] {dag.py:3954} INFO - Setting next_dagrun for pg_to_clickhouse_payload_parsing to 2026-01-08 10:19:00+00:00, run_after=2026-01-08 10:19:10+00:00
[2026-01-08T10:19:05.682+0000] {processor.py:183} INFO - Processing /opt/airflow/dags/etl_postgres_to_clickhouse.py took 0.699 seconds
[2026-01-08T10:19:36.208+0000] {processor.py:161} INFO - Started process (PID=730) to work on /opt/airflow/dags/etl_postgres_to_clickhouse.py
[2026-01-08T10:19:36.211+0000] {processor.py:830} INFO - Processing file /opt/airflow/dags/etl_postgres_to_clickhouse.py for tasks to queue
[2026-01-08T10:19:36.215+0000] {logging_mixin.py:188} INFO - [2026-01-08T10:19:36.214+0000] {dagbag.py:545} INFO - Filling up the DagBag from /opt/airflow/dags/etl_postgres_to_clickhouse.py
[2026-01-08T10:19:36.612+0000] {processor.py:840} INFO - DAG(s) 'pg_to_clickhouse_payload_parsing' retrieved from /opt/airflow/dags/etl_postgres_to_clickhouse.py
[2026-01-08T10:19:36.664+0000] {logging_mixin.py:188} INFO - [2026-01-08T10:19:36.664+0000] {dag.py:3096} INFO - Sync 1 DAGs
[2026-01-08T10:19:36.708+0000] {logging_mixin.py:188} INFO - [2026-01-08T10:19:36.707+0000] {dag.py:3954} INFO - Setting next_dagrun for pg_to_clickhouse_payload_parsing to 2026-01-08 10:19:30+00:00, run_after=2026-01-08 10:19:40+00:00
[2026-01-08T10:19:36.740+0000] {processor.py:183} INFO - Processing /opt/airflow/dags/etl_postgres_to_clickhouse.py took 0.546 seconds
[2026-01-08T10:20:07.540+0000] {processor.py:161} INFO - Started process (PID=755) to work on /opt/airflow/dags/etl_postgres_to_clickhouse.py
[2026-01-08T10:20:07.541+0000] {processor.py:830} INFO - Processing file /opt/airflow/dags/etl_postgres_to_clickhouse.py for tasks to queue
[2026-01-08T10:20:07.545+0000] {logging_mixin.py:188} INFO - [2026-01-08T10:20:07.544+0000] {dagbag.py:545} INFO - Filling up the DagBag from /opt/airflow/dags/etl_postgres_to_clickhouse.py
[2026-01-08T10:20:07.863+0000] {processor.py:840} INFO - DAG(s) 'pg_to_clickhouse_payload_parsing' retrieved from /opt/airflow/dags/etl_postgres_to_clickhouse.py
[2026-01-08T10:20:07.951+0000] {logging_mixin.py:188} INFO - [2026-01-08T10:20:07.951+0000] {dag.py:3096} INFO - Sync 1 DAGs
[2026-01-08T10:20:07.991+0000] {logging_mixin.py:188} INFO - [2026-01-08T10:20:07.991+0000] {dag.py:3954} INFO - Setting next_dagrun for pg_to_clickhouse_payload_parsing to 2026-01-08 10:20:00+00:00, run_after=2026-01-08 10:20:10+00:00
[2026-01-08T10:20:08.028+0000] {processor.py:183} INFO - Processing /opt/airflow/dags/etl_postgres_to_clickhouse.py took 0.498 seconds
[2026-01-08T10:20:38.501+0000] {processor.py:161} INFO - Started process (PID=787) to work on /opt/airflow/dags/etl_postgres_to_clickhouse.py
[2026-01-08T10:20:38.503+0000] {processor.py:830} INFO - Processing file /opt/airflow/dags/etl_postgres_to_clickhouse.py for tasks to queue
[2026-01-08T10:20:38.506+0000] {logging_mixin.py:188} INFO - [2026-01-08T10:20:38.505+0000] {dagbag.py:545} INFO - Filling up the DagBag from /opt/airflow/dags/etl_postgres_to_clickhouse.py
[2026-01-08T10:20:38.875+0000] {processor.py:840} INFO - DAG(s) 'pg_to_clickhouse_payload_parsing' retrieved from /opt/airflow/dags/etl_postgres_to_clickhouse.py
[2026-01-08T10:20:38.922+0000] {logging_mixin.py:188} INFO - [2026-01-08T10:20:38.922+0000] {dag.py:3096} INFO - Sync 1 DAGs
[2026-01-08T10:20:38.960+0000] {logging_mixin.py:188} INFO - [2026-01-08T10:20:38.960+0000] {dag.py:3954} INFO - Setting next_dagrun for pg_to_clickhouse_payload_parsing to 2026-01-08 10:20:30+00:00, run_after=2026-01-08 10:20:40+00:00
[2026-01-08T10:20:38.995+0000] {processor.py:183} INFO - Processing /opt/airflow/dags/etl_postgres_to_clickhouse.py took 0.505 seconds
[2026-01-08T10:21:09.954+0000] {processor.py:161} INFO - Started process (PID=812) to work on /opt/airflow/dags/etl_postgres_to_clickhouse.py
[2026-01-08T10:21:09.955+0000] {processor.py:830} INFO - Processing file /opt/airflow/dags/etl_postgres_to_clickhouse.py for tasks to queue
[2026-01-08T10:21:09.958+0000] {logging_mixin.py:188} INFO - [2026-01-08T10:21:09.957+0000] {dagbag.py:545} INFO - Filling up the DagBag from /opt/airflow/dags/etl_postgres_to_clickhouse.py
[2026-01-08T10:21:10.224+0000] {processor.py:840} INFO - DAG(s) 'pg_to_clickhouse_payload_parsing' retrieved from /opt/airflow/dags/etl_postgres_to_clickhouse.py
[2026-01-08T10:21:10.261+0000] {logging_mixin.py:188} INFO - [2026-01-08T10:21:10.261+0000] {dag.py:3096} INFO - Sync 1 DAGs
[2026-01-08T10:21:10.299+0000] {logging_mixin.py:188} INFO - [2026-01-08T10:21:10.299+0000] {dag.py:3954} INFO - Setting next_dagrun for pg_to_clickhouse_payload_parsing to 2026-01-08 10:21:10+00:00, run_after=2026-01-08 10:21:20+00:00
[2026-01-08T10:21:10.329+0000] {processor.py:183} INFO - Processing /opt/airflow/dags/etl_postgres_to_clickhouse.py took 0.382 seconds
[2026-01-08T10:21:40.927+0000] {processor.py:161} INFO - Started process (PID=839) to work on /opt/airflow/dags/etl_postgres_to_clickhouse.py
[2026-01-08T10:21:40.930+0000] {processor.py:830} INFO - Processing file /opt/airflow/dags/etl_postgres_to_clickhouse.py for tasks to queue
[2026-01-08T10:21:40.934+0000] {logging_mixin.py:188} INFO - [2026-01-08T10:21:40.934+0000] {dagbag.py:545} INFO - Filling up the DagBag from /opt/airflow/dags/etl_postgres_to_clickhouse.py
[2026-01-08T10:21:41.474+0000] {processor.py:840} INFO - DAG(s) 'pg_to_clickhouse_payload_parsing' retrieved from /opt/airflow/dags/etl_postgres_to_clickhouse.py
[2026-01-08T10:21:41.535+0000] {logging_mixin.py:188} INFO - [2026-01-08T10:21:41.535+0000] {dag.py:3096} INFO - Sync 1 DAGs
[2026-01-08T10:21:41.588+0000] {logging_mixin.py:188} INFO - [2026-01-08T10:21:41.588+0000] {dag.py:3954} INFO - Setting next_dagrun for pg_to_clickhouse_payload_parsing to 2026-01-08 10:21:40+00:00, run_after=2026-01-08 10:21:50+00:00
[2026-01-08T10:21:41.638+0000] {processor.py:183} INFO - Processing /opt/airflow/dags/etl_postgres_to_clickhouse.py took 0.723 seconds
[2026-01-08T10:22:12.258+0000] {processor.py:161} INFO - Started process (PID=864) to work on /opt/airflow/dags/etl_postgres_to_clickhouse.py
[2026-01-08T10:22:12.259+0000] {processor.py:830} INFO - Processing file /opt/airflow/dags/etl_postgres_to_clickhouse.py for tasks to queue
[2026-01-08T10:22:12.262+0000] {logging_mixin.py:188} INFO - [2026-01-08T10:22:12.262+0000] {dagbag.py:545} INFO - Filling up the DagBag from /opt/airflow/dags/etl_postgres_to_clickhouse.py
[2026-01-08T10:22:12.571+0000] {processor.py:840} INFO - DAG(s) 'pg_to_clickhouse_payload_parsing' retrieved from /opt/airflow/dags/etl_postgres_to_clickhouse.py
[2026-01-08T10:22:12.616+0000] {logging_mixin.py:188} INFO - [2026-01-08T10:22:12.616+0000] {dag.py:3096} INFO - Sync 1 DAGs
[2026-01-08T10:22:12.663+0000] {logging_mixin.py:188} INFO - [2026-01-08T10:22:12.662+0000] {dag.py:3954} INFO - Setting next_dagrun for pg_to_clickhouse_payload_parsing to 2026-01-08 10:22:10+00:00, run_after=2026-01-08 10:22:20+00:00
[2026-01-08T10:22:12.702+0000] {processor.py:183} INFO - Processing /opt/airflow/dags/etl_postgres_to_clickhouse.py took 0.452 seconds
[2026-01-08T10:22:43.584+0000] {processor.py:161} INFO - Started process (PID=898) to work on /opt/airflow/dags/etl_postgres_to_clickhouse.py
[2026-01-08T10:22:43.586+0000] {processor.py:830} INFO - Processing file /opt/airflow/dags/etl_postgres_to_clickhouse.py for tasks to queue
[2026-01-08T10:22:43.590+0000] {logging_mixin.py:188} INFO - [2026-01-08T10:22:43.589+0000] {dagbag.py:545} INFO - Filling up the DagBag from /opt/airflow/dags/etl_postgres_to_clickhouse.py
[2026-01-08T10:22:43.916+0000] {processor.py:840} INFO - DAG(s) 'pg_to_clickhouse_payload_parsing' retrieved from /opt/airflow/dags/etl_postgres_to_clickhouse.py
[2026-01-08T10:22:43.958+0000] {logging_mixin.py:188} INFO - [2026-01-08T10:22:43.957+0000] {dag.py:3096} INFO - Sync 1 DAGs
[2026-01-08T10:22:43.984+0000] {logging_mixin.py:188} INFO - [2026-01-08T10:22:43.984+0000] {dag.py:3954} INFO - Setting next_dagrun for pg_to_clickhouse_payload_parsing to 2026-01-08 10:22:40+00:00, run_after=2026-01-08 10:22:50+00:00
[2026-01-08T10:22:44.007+0000] {processor.py:183} INFO - Processing /opt/airflow/dags/etl_postgres_to_clickhouse.py took 0.435 seconds
[2026-01-08T10:23:14.612+0000] {processor.py:161} INFO - Started process (PID=923) to work on /opt/airflow/dags/etl_postgres_to_clickhouse.py
[2026-01-08T10:23:14.613+0000] {processor.py:830} INFO - Processing file /opt/airflow/dags/etl_postgres_to_clickhouse.py for tasks to queue
[2026-01-08T10:23:14.616+0000] {logging_mixin.py:188} INFO - [2026-01-08T10:23:14.615+0000] {dagbag.py:545} INFO - Filling up the DagBag from /opt/airflow/dags/etl_postgres_to_clickhouse.py
[2026-01-08T10:23:15.026+0000] {processor.py:840} INFO - DAG(s) 'pg_to_clickhouse_payload_parsing' retrieved from /opt/airflow/dags/etl_postgres_to_clickhouse.py
[2026-01-08T10:23:15.093+0000] {logging_mixin.py:188} INFO - [2026-01-08T10:23:15.092+0000] {dag.py:3096} INFO - Sync 1 DAGs
[2026-01-08T10:23:15.127+0000] {logging_mixin.py:188} INFO - [2026-01-08T10:23:15.127+0000] {dag.py:3954} INFO - Setting next_dagrun for pg_to_clickhouse_payload_parsing to 2026-01-08 10:23:10+00:00, run_after=2026-01-08 10:23:20+00:00
[2026-01-08T10:23:15.173+0000] {processor.py:183} INFO - Processing /opt/airflow/dags/etl_postgres_to_clickhouse.py took 0.573 seconds
[2026-01-08T10:23:45.906+0000] {processor.py:161} INFO - Started process (PID=948) to work on /opt/airflow/dags/etl_postgres_to_clickhouse.py
[2026-01-08T10:23:45.907+0000] {processor.py:830} INFO - Processing file /opt/airflow/dags/etl_postgres_to_clickhouse.py for tasks to queue
[2026-01-08T10:23:45.910+0000] {logging_mixin.py:188} INFO - [2026-01-08T10:23:45.909+0000] {dagbag.py:545} INFO - Filling up the DagBag from /opt/airflow/dags/etl_postgres_to_clickhouse.py
[2026-01-08T10:23:46.296+0000] {processor.py:840} INFO - DAG(s) 'pg_to_clickhouse_payload_parsing' retrieved from /opt/airflow/dags/etl_postgres_to_clickhouse.py
[2026-01-08T10:23:46.346+0000] {logging_mixin.py:188} INFO - [2026-01-08T10:23:46.345+0000] {dag.py:3096} INFO - Sync 1 DAGs
[2026-01-08T10:23:46.395+0000] {logging_mixin.py:188} INFO - [2026-01-08T10:23:46.395+0000] {dag.py:3954} INFO - Setting next_dagrun for pg_to_clickhouse_payload_parsing to 2026-01-08 10:23:40+00:00, run_after=2026-01-08 10:23:50+00:00
[2026-01-08T10:23:46.432+0000] {processor.py:183} INFO - Processing /opt/airflow/dags/etl_postgres_to_clickhouse.py took 0.537 seconds
[2026-01-08T10:24:17.024+0000] {processor.py:161} INFO - Started process (PID=980) to work on /opt/airflow/dags/etl_postgres_to_clickhouse.py
[2026-01-08T10:24:17.026+0000] {processor.py:830} INFO - Processing file /opt/airflow/dags/etl_postgres_to_clickhouse.py for tasks to queue
[2026-01-08T10:24:17.028+0000] {logging_mixin.py:188} INFO - [2026-01-08T10:24:17.028+0000] {dagbag.py:545} INFO - Filling up the DagBag from /opt/airflow/dags/etl_postgres_to_clickhouse.py
[2026-01-08T10:24:17.360+0000] {processor.py:840} INFO - DAG(s) 'pg_to_clickhouse_payload_parsing' retrieved from /opt/airflow/dags/etl_postgres_to_clickhouse.py
[2026-01-08T10:24:17.423+0000] {logging_mixin.py:188} INFO - [2026-01-08T10:24:17.423+0000] {dag.py:3096} INFO - Sync 1 DAGs
[2026-01-08T10:24:17.505+0000] {logging_mixin.py:188} INFO - [2026-01-08T10:24:17.504+0000] {dag.py:3954} INFO - Setting next_dagrun for pg_to_clickhouse_payload_parsing to 2026-01-08 10:24:10+00:00, run_after=2026-01-08 10:24:20+00:00
[2026-01-08T10:24:17.552+0000] {processor.py:183} INFO - Processing /opt/airflow/dags/etl_postgres_to_clickhouse.py took 0.538 seconds
[2026-01-08T10:24:48.392+0000] {processor.py:161} INFO - Started process (PID=1005) to work on /opt/airflow/dags/etl_postgres_to_clickhouse.py
[2026-01-08T10:24:48.394+0000] {processor.py:830} INFO - Processing file /opt/airflow/dags/etl_postgres_to_clickhouse.py for tasks to queue
[2026-01-08T10:24:48.396+0000] {logging_mixin.py:188} INFO - [2026-01-08T10:24:48.396+0000] {dagbag.py:545} INFO - Filling up the DagBag from /opt/airflow/dags/etl_postgres_to_clickhouse.py
[2026-01-08T10:24:48.768+0000] {processor.py:840} INFO - DAG(s) 'pg_to_clickhouse_payload_parsing' retrieved from /opt/airflow/dags/etl_postgres_to_clickhouse.py
[2026-01-08T10:24:48.833+0000] {logging_mixin.py:188} INFO - [2026-01-08T10:24:48.833+0000] {dag.py:3096} INFO - Sync 1 DAGs
[2026-01-08T10:24:48.884+0000] {logging_mixin.py:188} INFO - [2026-01-08T10:24:48.883+0000] {dag.py:3954} INFO - Setting next_dagrun for pg_to_clickhouse_payload_parsing to 2026-01-08 10:24:40+00:00, run_after=2026-01-08 10:24:50+00:00
[2026-01-08T10:24:48.922+0000] {processor.py:183} INFO - Processing /opt/airflow/dags/etl_postgres_to_clickhouse.py took 0.538 seconds
[2026-01-08T10:25:19.489+0000] {processor.py:161} INFO - Started process (PID=1030) to work on /opt/airflow/dags/etl_postgres_to_clickhouse.py
[2026-01-08T10:25:19.491+0000] {processor.py:830} INFO - Processing file /opt/airflow/dags/etl_postgres_to_clickhouse.py for tasks to queue
[2026-01-08T10:25:19.497+0000] {logging_mixin.py:188} INFO - [2026-01-08T10:25:19.495+0000] {dagbag.py:545} INFO - Filling up the DagBag from /opt/airflow/dags/etl_postgres_to_clickhouse.py
[2026-01-08T10:25:19.840+0000] {processor.py:840} INFO - DAG(s) 'pg_to_clickhouse_payload_parsing' retrieved from /opt/airflow/dags/etl_postgres_to_clickhouse.py
[2026-01-08T10:25:19.880+0000] {logging_mixin.py:188} INFO - [2026-01-08T10:25:19.879+0000] {dag.py:3096} INFO - Sync 1 DAGs
[2026-01-08T10:25:19.906+0000] {logging_mixin.py:188} INFO - [2026-01-08T10:25:19.906+0000] {dag.py:3954} INFO - Setting next_dagrun for pg_to_clickhouse_payload_parsing to 2026-01-08 10:25:10+00:00, run_after=2026-01-08 10:25:20+00:00
[2026-01-08T10:25:19.937+0000] {processor.py:183} INFO - Processing /opt/airflow/dags/etl_postgres_to_clickhouse.py took 0.468 seconds
[2026-01-08T10:25:50.527+0000] {processor.py:161} INFO - Started process (PID=1065) to work on /opt/airflow/dags/etl_postgres_to_clickhouse.py
[2026-01-08T10:25:50.529+0000] {processor.py:830} INFO - Processing file /opt/airflow/dags/etl_postgres_to_clickhouse.py for tasks to queue
[2026-01-08T10:25:50.532+0000] {logging_mixin.py:188} INFO - [2026-01-08T10:25:50.531+0000] {dagbag.py:545} INFO - Filling up the DagBag from /opt/airflow/dags/etl_postgres_to_clickhouse.py
[2026-01-08T10:25:50.863+0000] {processor.py:840} INFO - DAG(s) 'pg_to_clickhouse_payload_parsing' retrieved from /opt/airflow/dags/etl_postgres_to_clickhouse.py
[2026-01-08T10:25:50.910+0000] {logging_mixin.py:188} INFO - [2026-01-08T10:25:50.909+0000] {dag.py:3096} INFO - Sync 1 DAGs
[2026-01-08T10:25:50.944+0000] {logging_mixin.py:188} INFO - [2026-01-08T10:25:50.943+0000] {dag.py:3954} INFO - Setting next_dagrun for pg_to_clickhouse_payload_parsing to 2026-01-08 10:25:50+00:00, run_after=2026-01-08 10:26:00+00:00
[2026-01-08T10:25:50.969+0000] {processor.py:183} INFO - Processing /opt/airflow/dags/etl_postgres_to_clickhouse.py took 0.453 seconds
[2026-01-08T10:26:21.542+0000] {processor.py:161} INFO - Started process (PID=1089) to work on /opt/airflow/dags/etl_postgres_to_clickhouse.py
[2026-01-08T10:26:21.543+0000] {processor.py:830} INFO - Processing file /opt/airflow/dags/etl_postgres_to_clickhouse.py for tasks to queue
[2026-01-08T10:26:21.546+0000] {logging_mixin.py:188} INFO - [2026-01-08T10:26:21.546+0000] {dagbag.py:545} INFO - Filling up the DagBag from /opt/airflow/dags/etl_postgres_to_clickhouse.py
[2026-01-08T10:26:21.810+0000] {processor.py:840} INFO - DAG(s) 'pg_to_clickhouse_payload_parsing' retrieved from /opt/airflow/dags/etl_postgres_to_clickhouse.py
[2026-01-08T10:26:21.859+0000] {logging_mixin.py:188} INFO - [2026-01-08T10:26:21.859+0000] {dag.py:3096} INFO - Sync 1 DAGs
[2026-01-08T10:26:21.907+0000] {logging_mixin.py:188} INFO - [2026-01-08T10:26:21.905+0000] {dag.py:3954} INFO - Setting next_dagrun for pg_to_clickhouse_payload_parsing to 2026-01-08 10:26:20+00:00, run_after=2026-01-08 10:26:30+00:00
[2026-01-08T10:26:21.940+0000] {processor.py:183} INFO - Processing /opt/airflow/dags/etl_postgres_to_clickhouse.py took 0.410 seconds
[2026-01-08T10:26:52.836+0000] {processor.py:161} INFO - Started process (PID=1115) to work on /opt/airflow/dags/etl_postgres_to_clickhouse.py
[2026-01-08T10:26:52.838+0000] {processor.py:830} INFO - Processing file /opt/airflow/dags/etl_postgres_to_clickhouse.py for tasks to queue
[2026-01-08T10:26:52.844+0000] {logging_mixin.py:188} INFO - [2026-01-08T10:26:52.844+0000] {dagbag.py:545} INFO - Filling up the DagBag from /opt/airflow/dags/etl_postgres_to_clickhouse.py
[2026-01-08T10:26:53.210+0000] {processor.py:840} INFO - DAG(s) 'pg_to_clickhouse_payload_parsing' retrieved from /opt/airflow/dags/etl_postgres_to_clickhouse.py
[2026-01-08T10:26:53.261+0000] {logging_mixin.py:188} INFO - [2026-01-08T10:26:53.261+0000] {dag.py:3096} INFO - Sync 1 DAGs
[2026-01-08T10:26:53.297+0000] {logging_mixin.py:188} INFO - [2026-01-08T10:26:53.297+0000] {dag.py:3954} INFO - Setting next_dagrun for pg_to_clickhouse_payload_parsing to 2026-01-08 10:26:50+00:00, run_after=2026-01-08 10:27:00+00:00
[2026-01-08T10:26:53.354+0000] {processor.py:183} INFO - Processing /opt/airflow/dags/etl_postgres_to_clickhouse.py took 0.528 seconds
[2026-01-08T10:27:23.752+0000] {processor.py:161} INFO - Started process (PID=1140) to work on /opt/airflow/dags/etl_postgres_to_clickhouse.py
[2026-01-08T10:27:23.754+0000] {processor.py:830} INFO - Processing file /opt/airflow/dags/etl_postgres_to_clickhouse.py for tasks to queue
[2026-01-08T10:27:23.759+0000] {logging_mixin.py:188} INFO - [2026-01-08T10:27:23.758+0000] {dagbag.py:545} INFO - Filling up the DagBag from /opt/airflow/dags/etl_postgres_to_clickhouse.py
[2026-01-08T10:27:24.113+0000] {processor.py:840} INFO - DAG(s) 'pg_to_clickhouse_payload_parsing' retrieved from /opt/airflow/dags/etl_postgres_to_clickhouse.py
[2026-01-08T10:27:24.154+0000] {logging_mixin.py:188} INFO - [2026-01-08T10:27:24.153+0000] {dag.py:3096} INFO - Sync 1 DAGs
[2026-01-08T10:27:24.185+0000] {logging_mixin.py:188} INFO - [2026-01-08T10:27:24.185+0000] {dag.py:3954} INFO - Setting next_dagrun for pg_to_clickhouse_payload_parsing to 2026-01-08 10:27:20+00:00, run_after=2026-01-08 10:27:30+00:00
[2026-01-08T10:27:24.215+0000] {processor.py:183} INFO - Processing /opt/airflow/dags/etl_postgres_to_clickhouse.py took 0.473 seconds
[2026-01-08T10:27:54.677+0000] {processor.py:161} INFO - Started process (PID=1171) to work on /opt/airflow/dags/etl_postgres_to_clickhouse.py
[2026-01-08T10:27:54.679+0000] {processor.py:830} INFO - Processing file /opt/airflow/dags/etl_postgres_to_clickhouse.py for tasks to queue
[2026-01-08T10:27:54.685+0000] {logging_mixin.py:188} INFO - [2026-01-08T10:27:54.683+0000] {dagbag.py:545} INFO - Filling up the DagBag from /opt/airflow/dags/etl_postgres_to_clickhouse.py
[2026-01-08T10:27:55.090+0000] {processor.py:840} INFO - DAG(s) 'pg_to_clickhouse_payload_parsing' retrieved from /opt/airflow/dags/etl_postgres_to_clickhouse.py
[2026-01-08T10:27:55.151+0000] {logging_mixin.py:188} INFO - [2026-01-08T10:27:55.151+0000] {dag.py:3096} INFO - Sync 1 DAGs
[2026-01-08T10:27:55.210+0000] {logging_mixin.py:188} INFO - [2026-01-08T10:27:55.210+0000] {dag.py:3954} INFO - Setting next_dagrun for pg_to_clickhouse_payload_parsing to 2026-01-08 10:27:50+00:00, run_after=2026-01-08 10:28:00+00:00
[2026-01-08T10:27:55.258+0000] {processor.py:183} INFO - Processing /opt/airflow/dags/etl_postgres_to_clickhouse.py took 0.592 seconds
[2026-01-08T10:28:26.134+0000] {processor.py:161} INFO - Started process (PID=1196) to work on /opt/airflow/dags/etl_postgres_to_clickhouse.py
[2026-01-08T10:28:26.139+0000] {processor.py:830} INFO - Processing file /opt/airflow/dags/etl_postgres_to_clickhouse.py for tasks to queue
[2026-01-08T10:28:26.142+0000] {logging_mixin.py:188} INFO - [2026-01-08T10:28:26.141+0000] {dagbag.py:545} INFO - Filling up the DagBag from /opt/airflow/dags/etl_postgres_to_clickhouse.py
[2026-01-08T10:28:26.533+0000] {processor.py:840} INFO - DAG(s) 'pg_to_clickhouse_payload_parsing' retrieved from /opt/airflow/dags/etl_postgres_to_clickhouse.py
[2026-01-08T10:28:26.611+0000] {logging_mixin.py:188} INFO - [2026-01-08T10:28:26.610+0000] {dag.py:3096} INFO - Sync 1 DAGs
[2026-01-08T10:28:26.679+0000] {logging_mixin.py:188} INFO - [2026-01-08T10:28:26.678+0000] {dag.py:3954} INFO - Setting next_dagrun for pg_to_clickhouse_payload_parsing to 2026-01-08 10:28:20+00:00, run_after=2026-01-08 10:28:30+00:00
[2026-01-08T10:28:26.762+0000] {processor.py:183} INFO - Processing /opt/airflow/dags/etl_postgres_to_clickhouse.py took 0.640 seconds
[2026-01-08T10:28:57.151+0000] {processor.py:161} INFO - Started process (PID=1221) to work on /opt/airflow/dags/etl_postgres_to_clickhouse.py
[2026-01-08T10:28:57.153+0000] {processor.py:830} INFO - Processing file /opt/airflow/dags/etl_postgres_to_clickhouse.py for tasks to queue
[2026-01-08T10:28:57.156+0000] {logging_mixin.py:188} INFO - [2026-01-08T10:28:57.155+0000] {dagbag.py:545} INFO - Filling up the DagBag from /opt/airflow/dags/etl_postgres_to_clickhouse.py
[2026-01-08T10:28:57.424+0000] {processor.py:840} INFO - DAG(s) 'pg_to_clickhouse_payload_parsing' retrieved from /opt/airflow/dags/etl_postgres_to_clickhouse.py
[2026-01-08T10:28:57.464+0000] {logging_mixin.py:188} INFO - [2026-01-08T10:28:57.463+0000] {dag.py:3096} INFO - Sync 1 DAGs
[2026-01-08T10:28:57.495+0000] {logging_mixin.py:188} INFO - [2026-01-08T10:28:57.494+0000] {dag.py:3954} INFO - Setting next_dagrun for pg_to_clickhouse_payload_parsing to 2026-01-08 10:28:50+00:00, run_after=2026-01-08 10:29:00+00:00
[2026-01-08T10:28:57.534+0000] {processor.py:183} INFO - Processing /opt/airflow/dags/etl_postgres_to_clickhouse.py took 0.391 seconds
[2026-01-08T10:29:27.992+0000] {processor.py:161} INFO - Started process (PID=1254) to work on /opt/airflow/dags/etl_postgres_to_clickhouse.py
[2026-01-08T10:29:27.993+0000] {processor.py:830} INFO - Processing file /opt/airflow/dags/etl_postgres_to_clickhouse.py for tasks to queue
[2026-01-08T10:29:27.996+0000] {logging_mixin.py:188} INFO - [2026-01-08T10:29:27.996+0000] {dagbag.py:545} INFO - Filling up the DagBag from /opt/airflow/dags/etl_postgres_to_clickhouse.py
[2026-01-08T10:29:28.255+0000] {processor.py:840} INFO - DAG(s) 'pg_to_clickhouse_payload_parsing' retrieved from /opt/airflow/dags/etl_postgres_to_clickhouse.py
[2026-01-08T10:29:28.295+0000] {logging_mixin.py:188} INFO - [2026-01-08T10:29:28.295+0000] {dag.py:3096} INFO - Sync 1 DAGs
[2026-01-08T10:29:28.323+0000] {logging_mixin.py:188} INFO - [2026-01-08T10:29:28.323+0000] {dag.py:3954} INFO - Setting next_dagrun for pg_to_clickhouse_payload_parsing to 2026-01-08 10:29:20+00:00, run_after=2026-01-08 10:29:30+00:00
[2026-01-08T10:29:28.354+0000] {processor.py:183} INFO - Processing /opt/airflow/dags/etl_postgres_to_clickhouse.py took 0.373 seconds
[2026-01-08T10:29:58.994+0000] {processor.py:161} INFO - Started process (PID=1279) to work on /opt/airflow/dags/etl_postgres_to_clickhouse.py
[2026-01-08T10:29:58.997+0000] {processor.py:830} INFO - Processing file /opt/airflow/dags/etl_postgres_to_clickhouse.py for tasks to queue
[2026-01-08T10:29:59.000+0000] {logging_mixin.py:188} INFO - [2026-01-08T10:29:58.999+0000] {dagbag.py:545} INFO - Filling up the DagBag from /opt/airflow/dags/etl_postgres_to_clickhouse.py
[2026-01-08T10:29:59.262+0000] {processor.py:840} INFO - DAG(s) 'pg_to_clickhouse_payload_parsing' retrieved from /opt/airflow/dags/etl_postgres_to_clickhouse.py
[2026-01-08T10:29:59.305+0000] {logging_mixin.py:188} INFO - [2026-01-08T10:29:59.305+0000] {dag.py:3096} INFO - Sync 1 DAGs
[2026-01-08T10:29:59.337+0000] {logging_mixin.py:188} INFO - [2026-01-08T10:29:59.336+0000] {dag.py:3954} INFO - Setting next_dagrun for pg_to_clickhouse_payload_parsing to 2026-01-08 10:29:50+00:00, run_after=2026-01-08 10:30:00+00:00
[2026-01-08T10:29:59.365+0000] {processor.py:183} INFO - Processing /opt/airflow/dags/etl_postgres_to_clickhouse.py took 0.379 seconds
[2026-01-08T10:30:30.208+0000] {processor.py:161} INFO - Started process (PID=1304) to work on /opt/airflow/dags/etl_postgres_to_clickhouse.py
[2026-01-08T10:30:30.209+0000] {processor.py:830} INFO - Processing file /opt/airflow/dags/etl_postgres_to_clickhouse.py for tasks to queue
[2026-01-08T10:30:30.212+0000] {logging_mixin.py:188} INFO - [2026-01-08T10:30:30.212+0000] {dagbag.py:545} INFO - Filling up the DagBag from /opt/airflow/dags/etl_postgres_to_clickhouse.py
[2026-01-08T10:30:30.518+0000] {processor.py:840} INFO - DAG(s) 'pg_to_clickhouse_payload_parsing' retrieved from /opt/airflow/dags/etl_postgres_to_clickhouse.py
[2026-01-08T10:30:30.564+0000] {logging_mixin.py:188} INFO - [2026-01-08T10:30:30.564+0000] {dag.py:3096} INFO - Sync 1 DAGs
[2026-01-08T10:30:30.593+0000] {logging_mixin.py:188} INFO - [2026-01-08T10:30:30.593+0000] {dag.py:3954} INFO - Setting next_dagrun for pg_to_clickhouse_payload_parsing to 2026-01-08 10:30:30+00:00, run_after=2026-01-08 10:30:40+00:00
[2026-01-08T10:30:30.617+0000] {processor.py:183} INFO - Processing /opt/airflow/dags/etl_postgres_to_clickhouse.py took 0.418 seconds
[2026-01-08T10:31:01.173+0000] {processor.py:161} INFO - Started process (PID=1331) to work on /opt/airflow/dags/etl_postgres_to_clickhouse.py
[2026-01-08T10:31:01.175+0000] {processor.py:830} INFO - Processing file /opt/airflow/dags/etl_postgres_to_clickhouse.py for tasks to queue
[2026-01-08T10:31:01.177+0000] {logging_mixin.py:188} INFO - [2026-01-08T10:31:01.177+0000] {dagbag.py:545} INFO - Filling up the DagBag from /opt/airflow/dags/etl_postgres_to_clickhouse.py
[2026-01-08T10:31:01.540+0000] {processor.py:840} INFO - DAG(s) 'pg_to_clickhouse_payload_parsing' retrieved from /opt/airflow/dags/etl_postgres_to_clickhouse.py
[2026-01-08T10:31:01.594+0000] {logging_mixin.py:188} INFO - [2026-01-08T10:31:01.594+0000] {dag.py:3096} INFO - Sync 1 DAGs
[2026-01-08T10:31:01.634+0000] {logging_mixin.py:188} INFO - [2026-01-08T10:31:01.634+0000] {dag.py:3954} INFO - Setting next_dagrun for pg_to_clickhouse_payload_parsing to 2026-01-08 10:31:00+00:00, run_after=2026-01-08 10:31:10+00:00
[2026-01-08T10:31:01.715+0000] {processor.py:183} INFO - Processing /opt/airflow/dags/etl_postgres_to_clickhouse.py took 0.552 seconds
[2026-01-08T10:31:32.501+0000] {processor.py:161} INFO - Started process (PID=1364) to work on /opt/airflow/dags/etl_postgres_to_clickhouse.py
[2026-01-08T10:31:32.503+0000] {processor.py:830} INFO - Processing file /opt/airflow/dags/etl_postgres_to_clickhouse.py for tasks to queue
[2026-01-08T10:31:32.509+0000] {logging_mixin.py:188} INFO - [2026-01-08T10:31:32.508+0000] {dagbag.py:545} INFO - Filling up the DagBag from /opt/airflow/dags/etl_postgres_to_clickhouse.py
[2026-01-08T10:31:33.053+0000] {processor.py:840} INFO - DAG(s) 'pg_to_clickhouse_payload_parsing' retrieved from /opt/airflow/dags/etl_postgres_to_clickhouse.py
[2026-01-08T10:31:33.115+0000] {logging_mixin.py:188} INFO - [2026-01-08T10:31:33.115+0000] {dag.py:3096} INFO - Sync 1 DAGs
[2026-01-08T10:31:33.169+0000] {logging_mixin.py:188} INFO - [2026-01-08T10:31:33.168+0000] {dag.py:3954} INFO - Setting next_dagrun for pg_to_clickhouse_payload_parsing to 2026-01-08 10:31:30+00:00, run_after=2026-01-08 10:31:40+00:00
[2026-01-08T10:31:33.214+0000] {processor.py:183} INFO - Processing /opt/airflow/dags/etl_postgres_to_clickhouse.py took 0.730 seconds
[2026-01-08T10:32:03.572+0000] {processor.py:161} INFO - Started process (PID=1389) to work on /opt/airflow/dags/etl_postgres_to_clickhouse.py
[2026-01-08T10:32:03.574+0000] {processor.py:830} INFO - Processing file /opt/airflow/dags/etl_postgres_to_clickhouse.py for tasks to queue
[2026-01-08T10:32:03.576+0000] {logging_mixin.py:188} INFO - [2026-01-08T10:32:03.576+0000] {dagbag.py:545} INFO - Filling up the DagBag from /opt/airflow/dags/etl_postgres_to_clickhouse.py
[2026-01-08T10:32:03.836+0000] {processor.py:840} INFO - DAG(s) 'pg_to_clickhouse_payload_parsing' retrieved from /opt/airflow/dags/etl_postgres_to_clickhouse.py
[2026-01-08T10:32:03.873+0000] {logging_mixin.py:188} INFO - [2026-01-08T10:32:03.873+0000] {dag.py:3096} INFO - Sync 1 DAGs
[2026-01-08T10:32:03.907+0000] {logging_mixin.py:188} INFO - [2026-01-08T10:32:03.907+0000] {dag.py:3954} INFO - Setting next_dagrun for pg_to_clickhouse_payload_parsing to 2026-01-08 10:32:00+00:00, run_after=2026-01-08 10:32:10+00:00
[2026-01-08T10:32:03.946+0000] {processor.py:183} INFO - Processing /opt/airflow/dags/etl_postgres_to_clickhouse.py took 0.381 seconds
[2026-01-08T10:32:34.149+0000] {processor.py:161} INFO - Started process (PID=1414) to work on /opt/airflow/dags/etl_postgres_to_clickhouse.py
[2026-01-08T10:32:34.152+0000] {processor.py:830} INFO - Processing file /opt/airflow/dags/etl_postgres_to_clickhouse.py for tasks to queue
[2026-01-08T10:32:34.155+0000] {logging_mixin.py:188} INFO - [2026-01-08T10:32:34.155+0000] {dagbag.py:545} INFO - Filling up the DagBag from /opt/airflow/dags/etl_postgres_to_clickhouse.py
[2026-01-08T10:32:34.544+0000] {processor.py:840} INFO - DAG(s) 'pg_to_clickhouse_payload_parsing' retrieved from /opt/airflow/dags/etl_postgres_to_clickhouse.py
[2026-01-08T10:32:34.592+0000] {logging_mixin.py:188} INFO - [2026-01-08T10:32:34.592+0000] {dag.py:3096} INFO - Sync 1 DAGs
[2026-01-08T10:32:34.653+0000] {logging_mixin.py:188} INFO - [2026-01-08T10:32:34.652+0000] {dag.py:3954} INFO - Setting next_dagrun for pg_to_clickhouse_payload_parsing to 2026-01-08 10:32:30+00:00, run_after=2026-01-08 10:32:40+00:00
[2026-01-08T10:32:34.705+0000] {processor.py:183} INFO - Processing /opt/airflow/dags/etl_postgres_to_clickhouse.py took 0.569 seconds
[2026-01-08T10:33:05.432+0000] {processor.py:161} INFO - Started process (PID=1447) to work on /opt/airflow/dags/etl_postgres_to_clickhouse.py
[2026-01-08T10:33:05.434+0000] {processor.py:830} INFO - Processing file /opt/airflow/dags/etl_postgres_to_clickhouse.py for tasks to queue
[2026-01-08T10:33:05.438+0000] {logging_mixin.py:188} INFO - [2026-01-08T10:33:05.438+0000] {dagbag.py:545} INFO - Filling up the DagBag from /opt/airflow/dags/etl_postgres_to_clickhouse.py
[2026-01-08T10:33:05.880+0000] {processor.py:840} INFO - DAG(s) 'pg_to_clickhouse_payload_parsing' retrieved from /opt/airflow/dags/etl_postgres_to_clickhouse.py
[2026-01-08T10:33:05.929+0000] {logging_mixin.py:188} INFO - [2026-01-08T10:33:05.929+0000] {dag.py:3096} INFO - Sync 1 DAGs
[2026-01-08T10:33:05.963+0000] {logging_mixin.py:188} INFO - [2026-01-08T10:33:05.962+0000] {dag.py:3954} INFO - Setting next_dagrun for pg_to_clickhouse_payload_parsing to 2026-01-08 10:33:00+00:00, run_after=2026-01-08 10:33:10+00:00
[2026-01-08T10:33:05.994+0000] {processor.py:183} INFO - Processing /opt/airflow/dags/etl_postgres_to_clickhouse.py took 0.573 seconds
[2026-01-08T10:33:36.602+0000] {processor.py:161} INFO - Started process (PID=1472) to work on /opt/airflow/dags/etl_postgres_to_clickhouse.py
[2026-01-08T10:33:36.604+0000] {processor.py:830} INFO - Processing file /opt/airflow/dags/etl_postgres_to_clickhouse.py for tasks to queue
[2026-01-08T10:33:36.607+0000] {logging_mixin.py:188} INFO - [2026-01-08T10:33:36.606+0000] {dagbag.py:545} INFO - Filling up the DagBag from /opt/airflow/dags/etl_postgres_to_clickhouse.py
[2026-01-08T10:33:36.970+0000] {processor.py:840} INFO - DAG(s) 'pg_to_clickhouse_payload_parsing' retrieved from /opt/airflow/dags/etl_postgres_to_clickhouse.py
[2026-01-08T10:33:37.022+0000] {logging_mixin.py:188} INFO - [2026-01-08T10:33:37.022+0000] {dag.py:3096} INFO - Sync 1 DAGs
[2026-01-08T10:33:37.064+0000] {logging_mixin.py:188} INFO - [2026-01-08T10:33:37.063+0000] {dag.py:3954} INFO - Setting next_dagrun for pg_to_clickhouse_payload_parsing to 2026-01-08 10:33:30+00:00, run_after=2026-01-08 10:33:40+00:00
[2026-01-08T10:33:37.100+0000] {processor.py:183} INFO - Processing /opt/airflow/dags/etl_postgres_to_clickhouse.py took 0.508 seconds
[2026-01-08T10:34:07.840+0000] {processor.py:161} INFO - Started process (PID=1497) to work on /opt/airflow/dags/etl_postgres_to_clickhouse.py
[2026-01-08T10:34:07.842+0000] {processor.py:830} INFO - Processing file /opt/airflow/dags/etl_postgres_to_clickhouse.py for tasks to queue
[2026-01-08T10:34:07.848+0000] {logging_mixin.py:188} INFO - [2026-01-08T10:34:07.847+0000] {dagbag.py:545} INFO - Filling up the DagBag from /opt/airflow/dags/etl_postgres_to_clickhouse.py
[2026-01-08T10:34:09.889+0000] {processor.py:840} INFO - DAG(s) 'pg_to_clickhouse_payload_parsing' retrieved from /opt/airflow/dags/etl_postgres_to_clickhouse.py
[2026-01-08T10:34:10.083+0000] {logging_mixin.py:188} INFO - [2026-01-08T10:34:10.082+0000] {dag.py:3096} INFO - Sync 1 DAGs
[2026-01-08T10:34:10.142+0000] {logging_mixin.py:188} INFO - [2026-01-08T10:34:10.141+0000] {dag.py:3954} INFO - Setting next_dagrun for pg_to_clickhouse_payload_parsing to 2026-01-08 10:34:00+00:00, run_after=2026-01-08 10:34:10+00:00
[2026-01-08T10:34:10.242+0000] {processor.py:183} INFO - Processing /opt/airflow/dags/etl_postgres_to_clickhouse.py took 2.414 seconds
[2026-01-08T10:34:40.973+0000] {processor.py:161} INFO - Started process (PID=1531) to work on /opt/airflow/dags/etl_postgres_to_clickhouse.py
[2026-01-08T10:34:40.974+0000] {processor.py:830} INFO - Processing file /opt/airflow/dags/etl_postgres_to_clickhouse.py for tasks to queue
[2026-01-08T10:34:40.977+0000] {logging_mixin.py:188} INFO - [2026-01-08T10:34:40.977+0000] {dagbag.py:545} INFO - Filling up the DagBag from /opt/airflow/dags/etl_postgres_to_clickhouse.py
[2026-01-08T10:34:41.240+0000] {processor.py:840} INFO - DAG(s) 'pg_to_clickhouse_payload_parsing' retrieved from /opt/airflow/dags/etl_postgres_to_clickhouse.py
[2026-01-08T10:34:41.275+0000] {logging_mixin.py:188} INFO - [2026-01-08T10:34:41.275+0000] {dag.py:3096} INFO - Sync 1 DAGs
[2026-01-08T10:34:41.298+0000] {logging_mixin.py:188} INFO - [2026-01-08T10:34:41.297+0000] {dag.py:3954} INFO - Setting next_dagrun for pg_to_clickhouse_payload_parsing to 2026-01-08 10:34:40+00:00, run_after=2026-01-08 10:34:50+00:00
[2026-01-08T10:34:41.340+0000] {processor.py:183} INFO - Processing /opt/airflow/dags/etl_postgres_to_clickhouse.py took 0.374 seconds
[2026-01-08T10:35:12.133+0000] {processor.py:161} INFO - Started process (PID=1557) to work on /opt/airflow/dags/etl_postgres_to_clickhouse.py
[2026-01-08T10:35:12.134+0000] {processor.py:830} INFO - Processing file /opt/airflow/dags/etl_postgres_to_clickhouse.py for tasks to queue
[2026-01-08T10:35:12.137+0000] {logging_mixin.py:188} INFO - [2026-01-08T10:35:12.136+0000] {dagbag.py:545} INFO - Filling up the DagBag from /opt/airflow/dags/etl_postgres_to_clickhouse.py
[2026-01-08T10:35:12.391+0000] {processor.py:840} INFO - DAG(s) 'pg_to_clickhouse_payload_parsing' retrieved from /opt/airflow/dags/etl_postgres_to_clickhouse.py
[2026-01-08T10:35:12.425+0000] {logging_mixin.py:188} INFO - [2026-01-08T10:35:12.425+0000] {dag.py:3096} INFO - Sync 1 DAGs
[2026-01-08T10:35:12.455+0000] {logging_mixin.py:188} INFO - [2026-01-08T10:35:12.455+0000] {dag.py:3954} INFO - Setting next_dagrun for pg_to_clickhouse_payload_parsing to 2026-01-08 10:35:10+00:00, run_after=2026-01-08 10:35:20+00:00
[2026-01-08T10:35:12.479+0000] {processor.py:183} INFO - Processing /opt/airflow/dags/etl_postgres_to_clickhouse.py took 0.355 seconds
[2026-01-08T10:35:43.063+0000] {processor.py:161} INFO - Started process (PID=1589) to work on /opt/airflow/dags/etl_postgres_to_clickhouse.py
[2026-01-08T10:35:43.064+0000] {processor.py:830} INFO - Processing file /opt/airflow/dags/etl_postgres_to_clickhouse.py for tasks to queue
[2026-01-08T10:35:43.066+0000] {logging_mixin.py:188} INFO - [2026-01-08T10:35:43.066+0000] {dagbag.py:545} INFO - Filling up the DagBag from /opt/airflow/dags/etl_postgres_to_clickhouse.py
[2026-01-08T10:35:43.341+0000] {processor.py:840} INFO - DAG(s) 'pg_to_clickhouse_payload_parsing' retrieved from /opt/airflow/dags/etl_postgres_to_clickhouse.py
[2026-01-08T10:35:43.386+0000] {logging_mixin.py:188} INFO - [2026-01-08T10:35:43.386+0000] {dag.py:3096} INFO - Sync 1 DAGs
[2026-01-08T10:35:43.419+0000] {logging_mixin.py:188} INFO - [2026-01-08T10:35:43.419+0000] {dag.py:3954} INFO - Setting next_dagrun for pg_to_clickhouse_payload_parsing to 2026-01-08 10:35:40+00:00, run_after=2026-01-08 10:35:50+00:00
[2026-01-08T10:35:43.465+0000] {processor.py:183} INFO - Processing /opt/airflow/dags/etl_postgres_to_clickhouse.py took 0.409 seconds
[2026-01-08T10:36:14.191+0000] {processor.py:161} INFO - Started process (PID=1614) to work on /opt/airflow/dags/etl_postgres_to_clickhouse.py
[2026-01-08T10:36:14.192+0000] {processor.py:830} INFO - Processing file /opt/airflow/dags/etl_postgres_to_clickhouse.py for tasks to queue
[2026-01-08T10:36:14.195+0000] {logging_mixin.py:188} INFO - [2026-01-08T10:36:14.194+0000] {dagbag.py:545} INFO - Filling up the DagBag from /opt/airflow/dags/etl_postgres_to_clickhouse.py
[2026-01-08T10:36:14.462+0000] {processor.py:840} INFO - DAG(s) 'pg_to_clickhouse_payload_parsing' retrieved from /opt/airflow/dags/etl_postgres_to_clickhouse.py
[2026-01-08T10:36:14.500+0000] {logging_mixin.py:188} INFO - [2026-01-08T10:36:14.500+0000] {dag.py:3096} INFO - Sync 1 DAGs
[2026-01-08T10:36:14.526+0000] {logging_mixin.py:188} INFO - [2026-01-08T10:36:14.526+0000] {dag.py:3954} INFO - Setting next_dagrun for pg_to_clickhouse_payload_parsing to 2026-01-08 10:36:10+00:00, run_after=2026-01-08 10:36:20+00:00
[2026-01-08T10:36:14.553+0000] {processor.py:183} INFO - Processing /opt/airflow/dags/etl_postgres_to_clickhouse.py took 0.372 seconds
[2026-01-08T10:36:45.210+0000] {processor.py:161} INFO - Started process (PID=1639) to work on /opt/airflow/dags/etl_postgres_to_clickhouse.py
[2026-01-08T10:36:45.211+0000] {processor.py:830} INFO - Processing file /opt/airflow/dags/etl_postgres_to_clickhouse.py for tasks to queue
[2026-01-08T10:36:45.214+0000] {logging_mixin.py:188} INFO - [2026-01-08T10:36:45.213+0000] {dagbag.py:545} INFO - Filling up the DagBag from /opt/airflow/dags/etl_postgres_to_clickhouse.py
[2026-01-08T10:36:45.535+0000] {processor.py:840} INFO - DAG(s) 'pg_to_clickhouse_payload_parsing' retrieved from /opt/airflow/dags/etl_postgres_to_clickhouse.py
[2026-01-08T10:36:45.593+0000] {logging_mixin.py:188} INFO - [2026-01-08T10:36:45.592+0000] {dag.py:3096} INFO - Sync 1 DAGs
[2026-01-08T10:36:45.634+0000] {logging_mixin.py:188} INFO - [2026-01-08T10:36:45.634+0000] {dag.py:3954} INFO - Setting next_dagrun for pg_to_clickhouse_payload_parsing to 2026-01-08 10:36:40+00:00, run_after=2026-01-08 10:36:50+00:00
[2026-01-08T10:36:45.673+0000] {processor.py:183} INFO - Processing /opt/airflow/dags/etl_postgres_to_clickhouse.py took 0.472 seconds
[2026-01-08T10:37:16.328+0000] {processor.py:161} INFO - Started process (PID=1671) to work on /opt/airflow/dags/etl_postgres_to_clickhouse.py
[2026-01-08T10:37:16.329+0000] {processor.py:830} INFO - Processing file /opt/airflow/dags/etl_postgres_to_clickhouse.py for tasks to queue
[2026-01-08T10:37:16.331+0000] {logging_mixin.py:188} INFO - [2026-01-08T10:37:16.331+0000] {dagbag.py:545} INFO - Filling up the DagBag from /opt/airflow/dags/etl_postgres_to_clickhouse.py
[2026-01-08T10:37:16.538+0000] {processor.py:840} INFO - DAG(s) 'pg_to_clickhouse_payload_parsing' retrieved from /opt/airflow/dags/etl_postgres_to_clickhouse.py
[2026-01-08T10:37:16.573+0000] {logging_mixin.py:188} INFO - [2026-01-08T10:37:16.572+0000] {dag.py:3096} INFO - Sync 1 DAGs
[2026-01-08T10:37:16.599+0000] {logging_mixin.py:188} INFO - [2026-01-08T10:37:16.599+0000] {dag.py:3954} INFO - Setting next_dagrun for pg_to_clickhouse_payload_parsing to 2026-01-08 10:37:10+00:00, run_after=2026-01-08 10:37:20+00:00
[2026-01-08T10:37:16.625+0000] {processor.py:183} INFO - Processing /opt/airflow/dags/etl_postgres_to_clickhouse.py took 0.303 seconds
[2026-01-08T10:37:47.442+0000] {processor.py:161} INFO - Started process (PID=1696) to work on /opt/airflow/dags/etl_postgres_to_clickhouse.py
[2026-01-08T10:37:47.444+0000] {processor.py:830} INFO - Processing file /opt/airflow/dags/etl_postgres_to_clickhouse.py for tasks to queue
[2026-01-08T10:37:47.446+0000] {logging_mixin.py:188} INFO - [2026-01-08T10:37:47.445+0000] {dagbag.py:545} INFO - Filling up the DagBag from /opt/airflow/dags/etl_postgres_to_clickhouse.py
[2026-01-08T10:37:47.669+0000] {processor.py:840} INFO - DAG(s) 'pg_to_clickhouse_payload_parsing' retrieved from /opt/airflow/dags/etl_postgres_to_clickhouse.py
[2026-01-08T10:37:47.702+0000] {logging_mixin.py:188} INFO - [2026-01-08T10:37:47.701+0000] {dag.py:3096} INFO - Sync 1 DAGs
[2026-01-08T10:37:47.725+0000] {logging_mixin.py:188} INFO - [2026-01-08T10:37:47.725+0000] {dag.py:3954} INFO - Setting next_dagrun for pg_to_clickhouse_payload_parsing to 2026-01-08 10:37:40+00:00, run_after=2026-01-08 10:37:50+00:00
[2026-01-08T10:37:47.748+0000] {processor.py:183} INFO - Processing /opt/airflow/dags/etl_postgres_to_clickhouse.py took 0.312 seconds
[2026-01-08T10:38:18.017+0000] {processor.py:161} INFO - Started process (PID=1728) to work on /opt/airflow/dags/etl_postgres_to_clickhouse.py
[2026-01-08T10:38:18.019+0000] {processor.py:830} INFO - Processing file /opt/airflow/dags/etl_postgres_to_clickhouse.py for tasks to queue
[2026-01-08T10:38:18.021+0000] {logging_mixin.py:188} INFO - [2026-01-08T10:38:18.021+0000] {dagbag.py:545} INFO - Filling up the DagBag from /opt/airflow/dags/etl_postgres_to_clickhouse.py
[2026-01-08T10:38:18.326+0000] {processor.py:840} INFO - DAG(s) 'pg_to_clickhouse_payload_parsing' retrieved from /opt/airflow/dags/etl_postgres_to_clickhouse.py
[2026-01-08T10:38:18.370+0000] {logging_mixin.py:188} INFO - [2026-01-08T10:38:18.369+0000] {dag.py:3096} INFO - Sync 1 DAGs
[2026-01-08T10:38:18.402+0000] {logging_mixin.py:188} INFO - [2026-01-08T10:38:18.402+0000] {dag.py:3954} INFO - Setting next_dagrun for pg_to_clickhouse_payload_parsing to 2026-01-08 10:38:10+00:00, run_after=2026-01-08 10:38:20+00:00
[2026-01-08T10:38:18.428+0000] {processor.py:183} INFO - Processing /opt/airflow/dags/etl_postgres_to_clickhouse.py took 0.420 seconds
[2026-01-08T10:38:49.138+0000] {processor.py:161} INFO - Started process (PID=1753) to work on /opt/airflow/dags/etl_postgres_to_clickhouse.py
[2026-01-08T10:38:49.144+0000] {processor.py:830} INFO - Processing file /opt/airflow/dags/etl_postgres_to_clickhouse.py for tasks to queue
[2026-01-08T10:38:49.147+0000] {logging_mixin.py:188} INFO - [2026-01-08T10:38:49.146+0000] {dagbag.py:545} INFO - Filling up the DagBag from /opt/airflow/dags/etl_postgres_to_clickhouse.py
[2026-01-08T10:38:49.370+0000] {processor.py:840} INFO - DAG(s) 'pg_to_clickhouse_payload_parsing' retrieved from /opt/airflow/dags/etl_postgres_to_clickhouse.py
[2026-01-08T10:38:49.409+0000] {logging_mixin.py:188} INFO - [2026-01-08T10:38:49.409+0000] {dag.py:3096} INFO - Sync 1 DAGs
[2026-01-08T10:38:49.433+0000] {logging_mixin.py:188} INFO - [2026-01-08T10:38:49.432+0000] {dag.py:3954} INFO - Setting next_dagrun for pg_to_clickhouse_payload_parsing to 2026-01-08 10:38:40+00:00, run_after=2026-01-08 10:38:50+00:00
[2026-01-08T10:38:49.460+0000] {processor.py:183} INFO - Processing /opt/airflow/dags/etl_postgres_to_clickhouse.py took 0.329 seconds
[2026-01-08T10:39:20.152+0000] {processor.py:161} INFO - Started process (PID=1778) to work on /opt/airflow/dags/etl_postgres_to_clickhouse.py
[2026-01-08T10:39:20.153+0000] {processor.py:830} INFO - Processing file /opt/airflow/dags/etl_postgres_to_clickhouse.py for tasks to queue
[2026-01-08T10:39:20.156+0000] {logging_mixin.py:188} INFO - [2026-01-08T10:39:20.156+0000] {dagbag.py:545} INFO - Filling up the DagBag from /opt/airflow/dags/etl_postgres_to_clickhouse.py
[2026-01-08T10:39:20.415+0000] {processor.py:840} INFO - DAG(s) 'pg_to_clickhouse_payload_parsing' retrieved from /opt/airflow/dags/etl_postgres_to_clickhouse.py
[2026-01-08T10:39:20.453+0000] {logging_mixin.py:188} INFO - [2026-01-08T10:39:20.453+0000] {dag.py:3096} INFO - Sync 1 DAGs
[2026-01-08T10:39:20.479+0000] {logging_mixin.py:188} INFO - [2026-01-08T10:39:20.479+0000] {dag.py:3954} INFO - Setting next_dagrun for pg_to_clickhouse_payload_parsing to 2026-01-08 10:39:20+00:00, run_after=2026-01-08 10:39:30+00:00
[2026-01-08T10:39:20.518+0000] {processor.py:183} INFO - Processing /opt/airflow/dags/etl_postgres_to_clickhouse.py took 0.375 seconds
[2026-01-08T10:39:51.198+0000] {processor.py:161} INFO - Started process (PID=1810) to work on /opt/airflow/dags/etl_postgres_to_clickhouse.py
[2026-01-08T10:39:51.200+0000] {processor.py:830} INFO - Processing file /opt/airflow/dags/etl_postgres_to_clickhouse.py for tasks to queue
[2026-01-08T10:39:51.204+0000] {logging_mixin.py:188} INFO - [2026-01-08T10:39:51.203+0000] {dagbag.py:545} INFO - Filling up the DagBag from /opt/airflow/dags/etl_postgres_to_clickhouse.py
[2026-01-08T10:39:51.512+0000] {processor.py:840} INFO - DAG(s) 'pg_to_clickhouse_payload_parsing' retrieved from /opt/airflow/dags/etl_postgres_to_clickhouse.py
[2026-01-08T10:39:51.547+0000] {logging_mixin.py:188} INFO - [2026-01-08T10:39:51.546+0000] {dag.py:3096} INFO - Sync 1 DAGs
[2026-01-08T10:39:51.573+0000] {logging_mixin.py:188} INFO - [2026-01-08T10:39:51.572+0000] {dag.py:3954} INFO - Setting next_dagrun for pg_to_clickhouse_payload_parsing to 2026-01-08 10:39:50+00:00, run_after=2026-01-08 10:40:00+00:00
[2026-01-08T10:39:51.597+0000] {processor.py:183} INFO - Processing /opt/airflow/dags/etl_postgres_to_clickhouse.py took 0.409 seconds
[2026-01-08T10:40:22.282+0000] {processor.py:161} INFO - Started process (PID=1836) to work on /opt/airflow/dags/etl_postgres_to_clickhouse.py
[2026-01-08T10:40:22.284+0000] {processor.py:830} INFO - Processing file /opt/airflow/dags/etl_postgres_to_clickhouse.py for tasks to queue
[2026-01-08T10:40:22.287+0000] {logging_mixin.py:188} INFO - [2026-01-08T10:40:22.286+0000] {dagbag.py:545} INFO - Filling up the DagBag from /opt/airflow/dags/etl_postgres_to_clickhouse.py
[2026-01-08T10:40:22.589+0000] {processor.py:840} INFO - DAG(s) 'pg_to_clickhouse_payload_parsing' retrieved from /opt/airflow/dags/etl_postgres_to_clickhouse.py
[2026-01-08T10:40:22.631+0000] {logging_mixin.py:188} INFO - [2026-01-08T10:40:22.631+0000] {dag.py:3096} INFO - Sync 1 DAGs
[2026-01-08T10:40:22.665+0000] {logging_mixin.py:188} INFO - [2026-01-08T10:40:22.665+0000] {dag.py:3954} INFO - Setting next_dagrun for pg_to_clickhouse_payload_parsing to 2026-01-08 10:40:20+00:00, run_after=2026-01-08 10:40:30+00:00
[2026-01-08T10:40:22.694+0000] {processor.py:183} INFO - Processing /opt/airflow/dags/etl_postgres_to_clickhouse.py took 0.423 seconds
[2026-01-08T10:40:53.321+0000] {processor.py:161} INFO - Started process (PID=1868) to work on /opt/airflow/dags/etl_postgres_to_clickhouse.py
[2026-01-08T10:40:53.323+0000] {processor.py:830} INFO - Processing file /opt/airflow/dags/etl_postgres_to_clickhouse.py for tasks to queue
[2026-01-08T10:40:53.327+0000] {logging_mixin.py:188} INFO - [2026-01-08T10:40:53.326+0000] {dagbag.py:545} INFO - Filling up the DagBag from /opt/airflow/dags/etl_postgres_to_clickhouse.py
[2026-01-08T10:40:53.713+0000] {processor.py:840} INFO - DAG(s) 'pg_to_clickhouse_payload_parsing' retrieved from /opt/airflow/dags/etl_postgres_to_clickhouse.py
[2026-01-08T10:40:53.762+0000] {logging_mixin.py:188} INFO - [2026-01-08T10:40:53.762+0000] {dag.py:3096} INFO - Sync 1 DAGs
[2026-01-08T10:40:53.803+0000] {logging_mixin.py:188} INFO - [2026-01-08T10:40:53.803+0000] {dag.py:3954} INFO - Setting next_dagrun for pg_to_clickhouse_payload_parsing to 2026-01-08 10:40:50+00:00, run_after=2026-01-08 10:41:00+00:00
[2026-01-08T10:40:53.838+0000] {processor.py:183} INFO - Processing /opt/airflow/dags/etl_postgres_to_clickhouse.py took 0.526 seconds
[2026-01-08T10:41:24.419+0000] {processor.py:161} INFO - Started process (PID=1894) to work on /opt/airflow/dags/etl_postgres_to_clickhouse.py
[2026-01-08T10:41:24.420+0000] {processor.py:830} INFO - Processing file /opt/airflow/dags/etl_postgres_to_clickhouse.py for tasks to queue
[2026-01-08T10:41:24.425+0000] {logging_mixin.py:188} INFO - [2026-01-08T10:41:24.424+0000] {dagbag.py:545} INFO - Filling up the DagBag from /opt/airflow/dags/etl_postgres_to_clickhouse.py
[2026-01-08T10:41:24.746+0000] {processor.py:840} INFO - DAG(s) 'pg_to_clickhouse_payload_parsing' retrieved from /opt/airflow/dags/etl_postgres_to_clickhouse.py
[2026-01-08T10:41:24.789+0000] {logging_mixin.py:188} INFO - [2026-01-08T10:41:24.788+0000] {dag.py:3096} INFO - Sync 1 DAGs
[2026-01-08T10:41:24.823+0000] {logging_mixin.py:188} INFO - [2026-01-08T10:41:24.822+0000] {dag.py:3954} INFO - Setting next_dagrun for pg_to_clickhouse_payload_parsing to 2026-01-08 10:41:20+00:00, run_after=2026-01-08 10:41:30+00:00
[2026-01-08T10:41:24.846+0000] {processor.py:183} INFO - Processing /opt/airflow/dags/etl_postgres_to_clickhouse.py took 0.436 seconds
[2026-01-08T10:41:55.555+0000] {processor.py:161} INFO - Started process (PID=1919) to work on /opt/airflow/dags/etl_postgres_to_clickhouse.py
[2026-01-08T10:41:55.557+0000] {processor.py:830} INFO - Processing file /opt/airflow/dags/etl_postgres_to_clickhouse.py for tasks to queue
[2026-01-08T10:41:55.566+0000] {logging_mixin.py:188} INFO - [2026-01-08T10:41:55.565+0000] {dagbag.py:545} INFO - Filling up the DagBag from /opt/airflow/dags/etl_postgres_to_clickhouse.py
[2026-01-08T10:41:55.970+0000] {processor.py:840} INFO - DAG(s) 'pg_to_clickhouse_payload_parsing' retrieved from /opt/airflow/dags/etl_postgres_to_clickhouse.py
[2026-01-08T10:41:56.037+0000] {logging_mixin.py:188} INFO - [2026-01-08T10:41:56.036+0000] {dag.py:3096} INFO - Sync 1 DAGs
[2026-01-08T10:41:56.072+0000] {logging_mixin.py:188} INFO - [2026-01-08T10:41:56.072+0000] {dag.py:3954} INFO - Setting next_dagrun for pg_to_clickhouse_payload_parsing to 2026-01-08 10:41:50+00:00, run_after=2026-01-08 10:42:00+00:00
[2026-01-08T10:41:56.099+0000] {processor.py:183} INFO - Processing /opt/airflow/dags/etl_postgres_to_clickhouse.py took 0.557 seconds
[2026-01-08T10:42:26.522+0000] {processor.py:161} INFO - Started process (PID=1951) to work on /opt/airflow/dags/etl_postgres_to_clickhouse.py
[2026-01-08T10:42:26.524+0000] {processor.py:830} INFO - Processing file /opt/airflow/dags/etl_postgres_to_clickhouse.py for tasks to queue
[2026-01-08T10:42:26.527+0000] {logging_mixin.py:188} INFO - [2026-01-08T10:42:26.526+0000] {dagbag.py:545} INFO - Filling up the DagBag from /opt/airflow/dags/etl_postgres_to_clickhouse.py
[2026-01-08T10:42:26.869+0000] {processor.py:840} INFO - DAG(s) 'pg_to_clickhouse_payload_parsing' retrieved from /opt/airflow/dags/etl_postgres_to_clickhouse.py
[2026-01-08T10:42:26.913+0000] {logging_mixin.py:188} INFO - [2026-01-08T10:42:26.912+0000] {dag.py:3096} INFO - Sync 1 DAGs
[2026-01-08T10:42:26.946+0000] {logging_mixin.py:188} INFO - [2026-01-08T10:42:26.946+0000] {dag.py:3954} INFO - Setting next_dagrun for pg_to_clickhouse_payload_parsing to 2026-01-08 10:42:20+00:00, run_after=2026-01-08 10:42:30+00:00
[2026-01-08T10:42:26.978+0000] {processor.py:183} INFO - Processing /opt/airflow/dags/etl_postgres_to_clickhouse.py took 0.467 seconds
[2026-01-08T10:42:57.921+0000] {processor.py:161} INFO - Started process (PID=1977) to work on /opt/airflow/dags/etl_postgres_to_clickhouse.py
[2026-01-08T10:42:57.926+0000] {processor.py:830} INFO - Processing file /opt/airflow/dags/etl_postgres_to_clickhouse.py for tasks to queue
[2026-01-08T10:42:57.928+0000] {logging_mixin.py:188} INFO - [2026-01-08T10:42:57.928+0000] {dagbag.py:545} INFO - Filling up the DagBag from /opt/airflow/dags/etl_postgres_to_clickhouse.py
[2026-01-08T10:42:58.254+0000] {processor.py:840} INFO - DAG(s) 'pg_to_clickhouse_payload_parsing' retrieved from /opt/airflow/dags/etl_postgres_to_clickhouse.py
[2026-01-08T10:42:58.320+0000] {logging_mixin.py:188} INFO - [2026-01-08T10:42:58.320+0000] {dag.py:3096} INFO - Sync 1 DAGs
[2026-01-08T10:42:58.361+0000] {logging_mixin.py:188} INFO - [2026-01-08T10:42:58.361+0000] {dag.py:3954} INFO - Setting next_dagrun for pg_to_clickhouse_payload_parsing to 2026-01-08 10:42:50+00:00, run_after=2026-01-08 10:43:00+00:00
[2026-01-08T10:42:58.391+0000] {processor.py:183} INFO - Processing /opt/airflow/dags/etl_postgres_to_clickhouse.py took 0.477 seconds
[2026-01-08T10:43:28.786+0000] {processor.py:161} INFO - Started process (PID=2002) to work on /opt/airflow/dags/etl_postgres_to_clickhouse.py
[2026-01-08T10:43:28.788+0000] {processor.py:830} INFO - Processing file /opt/airflow/dags/etl_postgres_to_clickhouse.py for tasks to queue
[2026-01-08T10:43:28.791+0000] {logging_mixin.py:188} INFO - [2026-01-08T10:43:28.790+0000] {dagbag.py:545} INFO - Filling up the DagBag from /opt/airflow/dags/etl_postgres_to_clickhouse.py
[2026-01-08T10:43:29.058+0000] {processor.py:840} INFO - DAG(s) 'pg_to_clickhouse_payload_parsing' retrieved from /opt/airflow/dags/etl_postgres_to_clickhouse.py
[2026-01-08T10:43:29.095+0000] {logging_mixin.py:188} INFO - [2026-01-08T10:43:29.095+0000] {dag.py:3096} INFO - Sync 1 DAGs
[2026-01-08T10:43:29.127+0000] {logging_mixin.py:188} INFO - [2026-01-08T10:43:29.127+0000] {dag.py:3954} INFO - Setting next_dagrun for pg_to_clickhouse_payload_parsing to 2026-01-08 10:43:20+00:00, run_after=2026-01-08 10:43:30+00:00
[2026-01-08T10:43:29.158+0000] {processor.py:183} INFO - Processing /opt/airflow/dags/etl_postgres_to_clickhouse.py took 0.380 seconds
[2026-01-08T10:43:59.661+0000] {processor.py:161} INFO - Started process (PID=2027) to work on /opt/airflow/dags/etl_postgres_to_clickhouse.py
[2026-01-08T10:43:59.662+0000] {processor.py:830} INFO - Processing file /opt/airflow/dags/etl_postgres_to_clickhouse.py for tasks to queue
[2026-01-08T10:43:59.665+0000] {logging_mixin.py:188} INFO - [2026-01-08T10:43:59.665+0000] {dagbag.py:545} INFO - Filling up the DagBag from /opt/airflow/dags/etl_postgres_to_clickhouse.py
[2026-01-08T10:43:59.919+0000] {processor.py:840} INFO - DAG(s) 'pg_to_clickhouse_payload_parsing' retrieved from /opt/airflow/dags/etl_postgres_to_clickhouse.py
[2026-01-08T10:43:59.961+0000] {logging_mixin.py:188} INFO - [2026-01-08T10:43:59.961+0000] {dag.py:3096} INFO - Sync 1 DAGs
[2026-01-08T10:43:59.999+0000] {logging_mixin.py:188} INFO - [2026-01-08T10:43:59.999+0000] {dag.py:3954} INFO - Setting next_dagrun for pg_to_clickhouse_payload_parsing to 2026-01-08 10:43:50+00:00, run_after=2026-01-08 10:44:00+00:00
[2026-01-08T10:44:00.031+0000] {processor.py:183} INFO - Processing /opt/airflow/dags/etl_postgres_to_clickhouse.py took 0.377 seconds
[2026-01-08T10:44:30.534+0000] {processor.py:161} INFO - Started process (PID=2061) to work on /opt/airflow/dags/etl_postgres_to_clickhouse.py
[2026-01-08T10:44:30.535+0000] {processor.py:830} INFO - Processing file /opt/airflow/dags/etl_postgres_to_clickhouse.py for tasks to queue
[2026-01-08T10:44:30.538+0000] {logging_mixin.py:188} INFO - [2026-01-08T10:44:30.538+0000] {dagbag.py:545} INFO - Filling up the DagBag from /opt/airflow/dags/etl_postgres_to_clickhouse.py
[2026-01-08T10:44:30.812+0000] {processor.py:840} INFO - DAG(s) 'pg_to_clickhouse_payload_parsing' retrieved from /opt/airflow/dags/etl_postgres_to_clickhouse.py
[2026-01-08T10:44:30.852+0000] {logging_mixin.py:188} INFO - [2026-01-08T10:44:30.851+0000] {dag.py:3096} INFO - Sync 1 DAGs
[2026-01-08T10:44:30.880+0000] {logging_mixin.py:188} INFO - [2026-01-08T10:44:30.880+0000] {dag.py:3954} INFO - Setting next_dagrun for pg_to_clickhouse_payload_parsing to 2026-01-08 10:44:30+00:00, run_after=2026-01-08 10:44:40+00:00
[2026-01-08T10:44:30.907+0000] {processor.py:183} INFO - Processing /opt/airflow/dags/etl_postgres_to_clickhouse.py took 0.380 seconds
[2026-01-08T10:45:01.393+0000] {processor.py:161} INFO - Started process (PID=2086) to work on /opt/airflow/dags/etl_postgres_to_clickhouse.py
[2026-01-08T10:45:01.395+0000] {processor.py:830} INFO - Processing file /opt/airflow/dags/etl_postgres_to_clickhouse.py for tasks to queue
[2026-01-08T10:45:01.404+0000] {logging_mixin.py:188} INFO - [2026-01-08T10:45:01.403+0000] {dagbag.py:545} INFO - Filling up the DagBag from /opt/airflow/dags/etl_postgres_to_clickhouse.py
[2026-01-08T10:45:01.753+0000] {processor.py:840} INFO - DAG(s) 'pg_to_clickhouse_payload_parsing' retrieved from /opt/airflow/dags/etl_postgres_to_clickhouse.py
[2026-01-08T10:45:01.824+0000] {logging_mixin.py:188} INFO - [2026-01-08T10:45:01.824+0000] {dag.py:3096} INFO - Sync 1 DAGs
[2026-01-08T10:45:01.883+0000] {logging_mixin.py:188} INFO - [2026-01-08T10:45:01.883+0000] {dag.py:3954} INFO - Setting next_dagrun for pg_to_clickhouse_payload_parsing to 2026-01-08 10:45:00+00:00, run_after=2026-01-08 10:45:10+00:00
[2026-01-08T10:45:01.937+0000] {processor.py:183} INFO - Processing /opt/airflow/dags/etl_postgres_to_clickhouse.py took 0.553 seconds
[2026-01-08T10:45:32.545+0000] {processor.py:161} INFO - Started process (PID=2119) to work on /opt/airflow/dags/etl_postgres_to_clickhouse.py
[2026-01-08T10:45:32.546+0000] {processor.py:830} INFO - Processing file /opt/airflow/dags/etl_postgres_to_clickhouse.py for tasks to queue
[2026-01-08T10:45:32.549+0000] {logging_mixin.py:188} INFO - [2026-01-08T10:45:32.548+0000] {dagbag.py:545} INFO - Filling up the DagBag from /opt/airflow/dags/etl_postgres_to_clickhouse.py
[2026-01-08T10:45:32.880+0000] {processor.py:840} INFO - DAG(s) 'pg_to_clickhouse_payload_parsing' retrieved from /opt/airflow/dags/etl_postgres_to_clickhouse.py
[2026-01-08T10:45:32.928+0000] {logging_mixin.py:188} INFO - [2026-01-08T10:45:32.928+0000] {dag.py:3096} INFO - Sync 1 DAGs
[2026-01-08T10:45:32.970+0000] {logging_mixin.py:188} INFO - [2026-01-08T10:45:32.969+0000] {dag.py:3954} INFO - Setting next_dagrun for pg_to_clickhouse_payload_parsing to 2026-01-08 10:45:30+00:00, run_after=2026-01-08 10:45:40+00:00
[2026-01-08T10:45:33.009+0000] {processor.py:183} INFO - Processing /opt/airflow/dags/etl_postgres_to_clickhouse.py took 0.472 seconds
[2026-01-08T10:46:03.695+0000] {processor.py:161} INFO - Started process (PID=2144) to work on /opt/airflow/dags/etl_postgres_to_clickhouse.py
[2026-01-08T10:46:03.697+0000] {processor.py:830} INFO - Processing file /opt/airflow/dags/etl_postgres_to_clickhouse.py for tasks to queue
[2026-01-08T10:46:03.699+0000] {logging_mixin.py:188} INFO - [2026-01-08T10:46:03.699+0000] {dagbag.py:545} INFO - Filling up the DagBag from /opt/airflow/dags/etl_postgres_to_clickhouse.py
[2026-01-08T10:46:03.962+0000] {processor.py:840} INFO - DAG(s) 'pg_to_clickhouse_payload_parsing' retrieved from /opt/airflow/dags/etl_postgres_to_clickhouse.py
[2026-01-08T10:46:03.999+0000] {logging_mixin.py:188} INFO - [2026-01-08T10:46:03.998+0000] {dag.py:3096} INFO - Sync 1 DAGs
[2026-01-08T10:46:04.029+0000] {logging_mixin.py:188} INFO - [2026-01-08T10:46:04.028+0000] {dag.py:3954} INFO - Setting next_dagrun for pg_to_clickhouse_payload_parsing to 2026-01-08 10:46:00+00:00, run_after=2026-01-08 10:46:10+00:00
[2026-01-08T10:46:04.056+0000] {processor.py:183} INFO - Processing /opt/airflow/dags/etl_postgres_to_clickhouse.py took 0.371 seconds
[2026-01-08T10:47:34.236+0000] {processor.py:161} INFO - Started process (PID=189) to work on /opt/airflow/dags/etl_postgres_to_clickhouse.py
[2026-01-08T10:47:34.240+0000] {processor.py:830} INFO - Processing file /opt/airflow/dags/etl_postgres_to_clickhouse.py for tasks to queue
[2026-01-08T10:47:34.243+0000] {logging_mixin.py:188} INFO - [2026-01-08T10:47:34.243+0000] {dagbag.py:545} INFO - Filling up the DagBag from /opt/airflow/dags/etl_postgres_to_clickhouse.py
[2026-01-08T10:47:34.641+0000] {processor.py:840} INFO - DAG(s) 'pg_to_clickhouse_payload_parsing' retrieved from /opt/airflow/dags/etl_postgres_to_clickhouse.py
[2026-01-08T10:47:34.942+0000] {logging_mixin.py:188} INFO - [2026-01-08T10:47:34.940+0000] {override.py:1829} INFO - Created Permission View: can delete on DAG:pg_to_clickhouse_payload_parsing
[2026-01-08T10:47:34.968+0000] {logging_mixin.py:188} INFO - [2026-01-08T10:47:34.968+0000] {override.py:1829} INFO - Created Permission View: can edit on DAG:pg_to_clickhouse_payload_parsing
[2026-01-08T10:47:34.983+0000] {logging_mixin.py:188} INFO - [2026-01-08T10:47:34.982+0000] {override.py:1829} INFO - Created Permission View: can read on DAG:pg_to_clickhouse_payload_parsing
[2026-01-08T10:47:34.984+0000] {logging_mixin.py:188} INFO - [2026-01-08T10:47:34.984+0000] {dag.py:3096} INFO - Sync 1 DAGs
[2026-01-08T10:47:35.015+0000] {logging_mixin.py:188} INFO - [2026-01-08T10:47:35.014+0000] {dag.py:3118} INFO - Creating ORM DAG for pg_to_clickhouse_payload_parsing
[2026-01-08T10:47:35.039+0000] {logging_mixin.py:188} INFO - [2026-01-08T10:47:35.038+0000] {dag.py:3954} INFO - Setting next_dagrun for pg_to_clickhouse_payload_parsing to 2026-01-08 10:47:20+00:00, run_after=2026-01-08 10:47:30+00:00
[2026-01-08T10:47:35.077+0000] {processor.py:183} INFO - Processing /opt/airflow/dags/etl_postgres_to_clickhouse.py took 0.856 seconds
[2026-01-08T10:48:05.243+0000] {processor.py:161} INFO - Started process (PID=233) to work on /opt/airflow/dags/etl_postgres_to_clickhouse.py
[2026-01-08T10:48:05.245+0000] {processor.py:830} INFO - Processing file /opt/airflow/dags/etl_postgres_to_clickhouse.py for tasks to queue
[2026-01-08T10:48:05.248+0000] {logging_mixin.py:188} INFO - [2026-01-08T10:48:05.247+0000] {dagbag.py:545} INFO - Filling up the DagBag from /opt/airflow/dags/etl_postgres_to_clickhouse.py
[2026-01-08T10:48:05.581+0000] {processor.py:840} INFO - DAG(s) 'pg_to_clickhouse_payload_parsing' retrieved from /opt/airflow/dags/etl_postgres_to_clickhouse.py
[2026-01-08T10:48:05.643+0000] {logging_mixin.py:188} INFO - [2026-01-08T10:48:05.642+0000] {dag.py:3096} INFO - Sync 1 DAGs
[2026-01-08T10:48:05.684+0000] {logging_mixin.py:188} INFO - [2026-01-08T10:48:05.684+0000] {dag.py:3954} INFO - Setting next_dagrun for pg_to_clickhouse_payload_parsing to 2026-01-08 10:48:00+00:00, run_after=2026-01-08 10:48:10+00:00
[2026-01-08T10:48:05.723+0000] {processor.py:183} INFO - Processing /opt/airflow/dags/etl_postgres_to_clickhouse.py took 0.492 seconds
[2026-01-08T10:48:36.101+0000] {processor.py:161} INFO - Started process (PID=269) to work on /opt/airflow/dags/etl_postgres_to_clickhouse.py
[2026-01-08T10:48:36.103+0000] {processor.py:830} INFO - Processing file /opt/airflow/dags/etl_postgres_to_clickhouse.py for tasks to queue
[2026-01-08T10:48:36.107+0000] {logging_mixin.py:188} INFO - [2026-01-08T10:48:36.106+0000] {dagbag.py:545} INFO - Filling up the DagBag from /opt/airflow/dags/etl_postgres_to_clickhouse.py
[2026-01-08T10:48:36.461+0000] {processor.py:840} INFO - DAG(s) 'pg_to_clickhouse_payload_parsing' retrieved from /opt/airflow/dags/etl_postgres_to_clickhouse.py
[2026-01-08T10:48:36.501+0000] {logging_mixin.py:188} INFO - [2026-01-08T10:48:36.501+0000] {dag.py:3096} INFO - Sync 1 DAGs
[2026-01-08T10:48:36.544+0000] {logging_mixin.py:188} INFO - [2026-01-08T10:48:36.543+0000] {dag.py:3954} INFO - Setting next_dagrun for pg_to_clickhouse_payload_parsing to 2026-01-08 10:48:30+00:00, run_after=2026-01-08 10:48:40+00:00
[2026-01-08T10:48:36.591+0000] {processor.py:183} INFO - Processing /opt/airflow/dags/etl_postgres_to_clickhouse.py took 0.503 seconds
[2026-01-08T10:49:07.557+0000] {processor.py:161} INFO - Started process (PID=294) to work on /opt/airflow/dags/etl_postgres_to_clickhouse.py
[2026-01-08T10:49:07.559+0000] {processor.py:830} INFO - Processing file /opt/airflow/dags/etl_postgres_to_clickhouse.py for tasks to queue
[2026-01-08T10:49:07.563+0000] {logging_mixin.py:188} INFO - [2026-01-08T10:49:07.562+0000] {dagbag.py:545} INFO - Filling up the DagBag from /opt/airflow/dags/etl_postgres_to_clickhouse.py
[2026-01-08T10:49:07.924+0000] {processor.py:840} INFO - DAG(s) 'pg_to_clickhouse_payload_parsing' retrieved from /opt/airflow/dags/etl_postgres_to_clickhouse.py
[2026-01-08T10:49:07.982+0000] {logging_mixin.py:188} INFO - [2026-01-08T10:49:07.981+0000] {dag.py:3096} INFO - Sync 1 DAGs
[2026-01-08T10:49:08.026+0000] {logging_mixin.py:188} INFO - [2026-01-08T10:49:08.026+0000] {dag.py:3954} INFO - Setting next_dagrun for pg_to_clickhouse_payload_parsing to 2026-01-08 10:49:00+00:00, run_after=2026-01-08 10:49:10+00:00
[2026-01-08T10:49:08.064+0000] {processor.py:183} INFO - Processing /opt/airflow/dags/etl_postgres_to_clickhouse.py took 0.515 seconds
[2026-01-08T10:49:38.548+0000] {processor.py:161} INFO - Started process (PID=319) to work on /opt/airflow/dags/etl_postgres_to_clickhouse.py
[2026-01-08T10:49:38.550+0000] {processor.py:830} INFO - Processing file /opt/airflow/dags/etl_postgres_to_clickhouse.py for tasks to queue
[2026-01-08T10:49:38.554+0000] {logging_mixin.py:188} INFO - [2026-01-08T10:49:38.553+0000] {dagbag.py:545} INFO - Filling up the DagBag from /opt/airflow/dags/etl_postgres_to_clickhouse.py
[2026-01-08T10:49:38.964+0000] {processor.py:840} INFO - DAG(s) 'pg_to_clickhouse_payload_parsing' retrieved from /opt/airflow/dags/etl_postgres_to_clickhouse.py
[2026-01-08T10:49:39.013+0000] {logging_mixin.py:188} INFO - [2026-01-08T10:49:39.012+0000] {dag.py:3096} INFO - Sync 1 DAGs
[2026-01-08T10:49:39.056+0000] {logging_mixin.py:188} INFO - [2026-01-08T10:49:39.055+0000] {dag.py:3954} INFO - Setting next_dagrun for pg_to_clickhouse_payload_parsing to 2026-01-08 10:49:30+00:00, run_after=2026-01-08 10:49:40+00:00
[2026-01-08T10:49:39.086+0000] {processor.py:183} INFO - Processing /opt/airflow/dags/etl_postgres_to_clickhouse.py took 0.555 seconds
[2026-01-08T10:50:09.879+0000] {processor.py:161} INFO - Started process (PID=344) to work on /opt/airflow/dags/etl_postgres_to_clickhouse.py
[2026-01-08T10:50:09.881+0000] {processor.py:830} INFO - Processing file /opt/airflow/dags/etl_postgres_to_clickhouse.py for tasks to queue
[2026-01-08T10:50:09.884+0000] {logging_mixin.py:188} INFO - [2026-01-08T10:50:09.883+0000] {dagbag.py:545} INFO - Filling up the DagBag from /opt/airflow/dags/etl_postgres_to_clickhouse.py
[2026-01-08T10:50:10.184+0000] {processor.py:840} INFO - DAG(s) 'pg_to_clickhouse_payload_parsing' retrieved from /opt/airflow/dags/etl_postgres_to_clickhouse.py
[2026-01-08T10:50:10.236+0000] {logging_mixin.py:188} INFO - [2026-01-08T10:50:10.235+0000] {dag.py:3096} INFO - Sync 1 DAGs
[2026-01-08T10:50:10.270+0000] {logging_mixin.py:188} INFO - [2026-01-08T10:50:10.270+0000] {dag.py:3954} INFO - Setting next_dagrun for pg_to_clickhouse_payload_parsing to 2026-01-08 10:50:00+00:00, run_after=2026-01-08 10:50:10+00:00
[2026-01-08T10:50:10.307+0000] {processor.py:183} INFO - Processing /opt/airflow/dags/etl_postgres_to_clickhouse.py took 0.435 seconds
[2026-01-08T10:50:40.915+0000] {processor.py:161} INFO - Started process (PID=378) to work on /opt/airflow/dags/etl_postgres_to_clickhouse.py
[2026-01-08T10:50:40.916+0000] {processor.py:830} INFO - Processing file /opt/airflow/dags/etl_postgres_to_clickhouse.py for tasks to queue
[2026-01-08T10:50:40.920+0000] {logging_mixin.py:188} INFO - [2026-01-08T10:50:40.920+0000] {dagbag.py:545} INFO - Filling up the DagBag from /opt/airflow/dags/etl_postgres_to_clickhouse.py
[2026-01-08T10:50:40.893+0000] {processor.py:840} INFO - DAG(s) 'pg_to_clickhouse_payload_parsing' retrieved from /opt/airflow/dags/etl_postgres_to_clickhouse.py
[2026-01-08T10:50:40.218+0000] {logging_mixin.py:188} INFO - [2026-01-08T10:50:40.217+0000] {dag.py:3096} INFO - Sync 1 DAGs
[2026-01-08T10:50:40.283+0000] {logging_mixin.py:188} INFO - [2026-01-08T10:50:40.283+0000] {dag.py:3954} INFO - Setting next_dagrun for pg_to_clickhouse_payload_parsing to 2026-01-08 10:50:40+00:00, run_after=2026-01-08 10:50:50+00:00
[2026-01-08T10:50:40.324+0000] {processor.py:183} INFO - Processing /opt/airflow/dags/etl_postgres_to_clickhouse.py took 0.806 seconds
[2026-01-08T10:51:10.819+0000] {processor.py:161} INFO - Started process (PID=404) to work on /opt/airflow/dags/etl_postgres_to_clickhouse.py
[2026-01-08T10:51:10.821+0000] {processor.py:830} INFO - Processing file /opt/airflow/dags/etl_postgres_to_clickhouse.py for tasks to queue
[2026-01-08T10:51:10.825+0000] {logging_mixin.py:188} INFO - [2026-01-08T10:51:10.825+0000] {dagbag.py:545} INFO - Filling up the DagBag from /opt/airflow/dags/etl_postgres_to_clickhouse.py
[2026-01-08T10:51:11.264+0000] {processor.py:840} INFO - DAG(s) 'pg_to_clickhouse_payload_parsing' retrieved from /opt/airflow/dags/etl_postgres_to_clickhouse.py
[2026-01-08T10:51:11.346+0000] {logging_mixin.py:188} INFO - [2026-01-08T10:51:11.346+0000] {dag.py:3096} INFO - Sync 1 DAGs
[2026-01-08T10:51:11.417+0000] {logging_mixin.py:188} INFO - [2026-01-08T10:51:11.417+0000] {dag.py:3954} INFO - Setting next_dagrun for pg_to_clickhouse_payload_parsing to 2026-01-08 10:51:10+00:00, run_after=2026-01-08 10:51:20+00:00
[2026-01-08T10:51:11.476+0000] {processor.py:183} INFO - Processing /opt/airflow/dags/etl_postgres_to_clickhouse.py took 0.668 seconds
[2026-01-08T10:51:42.234+0000] {processor.py:161} INFO - Started process (PID=429) to work on /opt/airflow/dags/etl_postgres_to_clickhouse.py
[2026-01-08T10:51:42.237+0000] {processor.py:830} INFO - Processing file /opt/airflow/dags/etl_postgres_to_clickhouse.py for tasks to queue
[2026-01-08T10:51:42.241+0000] {logging_mixin.py:188} INFO - [2026-01-08T10:51:42.241+0000] {dagbag.py:545} INFO - Filling up the DagBag from /opt/airflow/dags/etl_postgres_to_clickhouse.py
[2026-01-08T10:51:42.845+0000] {processor.py:840} INFO - DAG(s) 'pg_to_clickhouse_payload_parsing' retrieved from /opt/airflow/dags/etl_postgres_to_clickhouse.py
[2026-01-08T10:51:42.908+0000] {logging_mixin.py:188} INFO - [2026-01-08T10:51:42.908+0000] {dag.py:3096} INFO - Sync 1 DAGs
[2026-01-08T10:51:42.956+0000] {logging_mixin.py:188} INFO - [2026-01-08T10:51:42.955+0000] {dag.py:3954} INFO - Setting next_dagrun for pg_to_clickhouse_payload_parsing to 2026-01-08 10:51:40+00:00, run_after=2026-01-08 10:51:50+00:00
[2026-01-08T10:51:42.992+0000] {processor.py:183} INFO - Processing /opt/airflow/dags/etl_postgres_to_clickhouse.py took 0.769 seconds
[2026-01-08T10:52:13.288+0000] {processor.py:161} INFO - Started process (PID=454) to work on /opt/airflow/dags/etl_postgres_to_clickhouse.py
[2026-01-08T10:52:13.289+0000] {processor.py:830} INFO - Processing file /opt/airflow/dags/etl_postgres_to_clickhouse.py for tasks to queue
[2026-01-08T10:52:13.293+0000] {logging_mixin.py:188} INFO - [2026-01-08T10:52:13.292+0000] {dagbag.py:545} INFO - Filling up the DagBag from /opt/airflow/dags/etl_postgres_to_clickhouse.py
[2026-01-08T10:52:13.606+0000] {processor.py:840} INFO - DAG(s) 'pg_to_clickhouse_payload_parsing' retrieved from /opt/airflow/dags/etl_postgres_to_clickhouse.py
[2026-01-08T10:52:13.646+0000] {logging_mixin.py:188} INFO - [2026-01-08T10:52:13.646+0000] {dag.py:3096} INFO - Sync 1 DAGs
[2026-01-08T10:52:13.679+0000] {logging_mixin.py:188} INFO - [2026-01-08T10:52:13.679+0000] {dag.py:3954} INFO - Setting next_dagrun for pg_to_clickhouse_payload_parsing to 2026-01-08 10:52:10+00:00, run_after=2026-01-08 10:52:20+00:00
[2026-01-08T10:52:13.709+0000] {processor.py:183} INFO - Processing /opt/airflow/dags/etl_postgres_to_clickhouse.py took 0.432 seconds
[2026-01-08T10:52:44.168+0000] {processor.py:161} INFO - Started process (PID=479) to work on /opt/airflow/dags/etl_postgres_to_clickhouse.py
[2026-01-08T10:52:44.170+0000] {processor.py:830} INFO - Processing file /opt/airflow/dags/etl_postgres_to_clickhouse.py for tasks to queue
[2026-01-08T10:52:44.174+0000] {logging_mixin.py:188} INFO - [2026-01-08T10:52:44.174+0000] {dagbag.py:545} INFO - Filling up the DagBag from /opt/airflow/dags/etl_postgres_to_clickhouse.py
[2026-01-08T10:52:44.452+0000] {processor.py:840} INFO - DAG(s) 'pg_to_clickhouse_payload_parsing' retrieved from /opt/airflow/dags/etl_postgres_to_clickhouse.py
[2026-01-08T10:52:44.490+0000] {logging_mixin.py:188} INFO - [2026-01-08T10:52:44.490+0000] {dag.py:3096} INFO - Sync 1 DAGs
[2026-01-08T10:52:44.514+0000] {logging_mixin.py:188} INFO - [2026-01-08T10:52:44.514+0000] {dag.py:3954} INFO - Setting next_dagrun for pg_to_clickhouse_payload_parsing to 2026-01-08 10:52:40+00:00, run_after=2026-01-08 10:52:50+00:00
[2026-01-08T10:52:44.536+0000] {processor.py:183} INFO - Processing /opt/airflow/dags/etl_postgres_to_clickhouse.py took 0.375 seconds
[2026-01-08T10:53:15.116+0000] {processor.py:161} INFO - Started process (PID=512) to work on /opt/airflow/dags/etl_postgres_to_clickhouse.py
[2026-01-08T10:53:15.118+0000] {processor.py:830} INFO - Processing file /opt/airflow/dags/etl_postgres_to_clickhouse.py for tasks to queue
[2026-01-08T10:53:15.122+0000] {logging_mixin.py:188} INFO - [2026-01-08T10:53:15.121+0000] {dagbag.py:545} INFO - Filling up the DagBag from /opt/airflow/dags/etl_postgres_to_clickhouse.py
[2026-01-08T10:53:15.431+0000] {processor.py:840} INFO - DAG(s) 'pg_to_clickhouse_payload_parsing' retrieved from /opt/airflow/dags/etl_postgres_to_clickhouse.py
[2026-01-08T10:53:15.483+0000] {logging_mixin.py:188} INFO - [2026-01-08T10:53:15.482+0000] {dag.py:3096} INFO - Sync 1 DAGs
[2026-01-08T10:53:15.521+0000] {logging_mixin.py:188} INFO - [2026-01-08T10:53:15.521+0000] {dag.py:3954} INFO - Setting next_dagrun for pg_to_clickhouse_payload_parsing to 2026-01-08 10:53:10+00:00, run_after=2026-01-08 10:53:20+00:00
[2026-01-08T10:53:15.553+0000] {processor.py:183} INFO - Processing /opt/airflow/dags/etl_postgres_to_clickhouse.py took 0.447 seconds
[2026-01-08T10:53:46.314+0000] {processor.py:161} INFO - Started process (PID=538) to work on /opt/airflow/dags/etl_postgres_to_clickhouse.py
[2026-01-08T10:53:46.316+0000] {processor.py:830} INFO - Processing file /opt/airflow/dags/etl_postgres_to_clickhouse.py for tasks to queue
[2026-01-08T10:53:46.319+0000] {logging_mixin.py:188} INFO - [2026-01-08T10:53:46.318+0000] {dagbag.py:545} INFO - Filling up the DagBag from /opt/airflow/dags/etl_postgres_to_clickhouse.py
[2026-01-08T10:53:46.581+0000] {processor.py:840} INFO - DAG(s) 'pg_to_clickhouse_payload_parsing' retrieved from /opt/airflow/dags/etl_postgres_to_clickhouse.py
[2026-01-08T10:53:46.614+0000] {logging_mixin.py:188} INFO - [2026-01-08T10:53:46.614+0000] {dag.py:3096} INFO - Sync 1 DAGs
[2026-01-08T10:53:46.638+0000] {logging_mixin.py:188} INFO - [2026-01-08T10:53:46.638+0000] {dag.py:3954} INFO - Setting next_dagrun for pg_to_clickhouse_payload_parsing to 2026-01-08 10:53:40+00:00, run_after=2026-01-08 10:53:50+00:00
[2026-01-08T10:53:46.661+0000] {processor.py:183} INFO - Processing /opt/airflow/dags/etl_postgres_to_clickhouse.py took 0.355 seconds
[2026-01-08T10:54:17.334+0000] {processor.py:161} INFO - Started process (PID=563) to work on /opt/airflow/dags/etl_postgres_to_clickhouse.py
[2026-01-08T10:54:17.336+0000] {processor.py:830} INFO - Processing file /opt/airflow/dags/etl_postgres_to_clickhouse.py for tasks to queue
[2026-01-08T10:54:17.341+0000] {logging_mixin.py:188} INFO - [2026-01-08T10:54:17.340+0000] {dagbag.py:545} INFO - Filling up the DagBag from /opt/airflow/dags/etl_postgres_to_clickhouse.py
[2026-01-08T10:54:17.601+0000] {processor.py:840} INFO - DAG(s) 'pg_to_clickhouse_payload_parsing' retrieved from /opt/airflow/dags/etl_postgres_to_clickhouse.py
[2026-01-08T10:54:17.639+0000] {logging_mixin.py:188} INFO - [2026-01-08T10:54:17.639+0000] {dag.py:3096} INFO - Sync 1 DAGs
[2026-01-08T10:54:17.662+0000] {logging_mixin.py:188} INFO - [2026-01-08T10:54:17.662+0000] {dag.py:3954} INFO - Setting next_dagrun for pg_to_clickhouse_payload_parsing to 2026-01-08 10:54:10+00:00, run_after=2026-01-08 10:54:20+00:00
[2026-01-08T10:54:17.687+0000] {processor.py:183} INFO - Processing /opt/airflow/dags/etl_postgres_to_clickhouse.py took 0.359 seconds
[2026-01-08T10:54:48.417+0000] {processor.py:161} INFO - Started process (PID=594) to work on /opt/airflow/dags/etl_postgres_to_clickhouse.py
[2026-01-08T10:54:48.418+0000] {processor.py:830} INFO - Processing file /opt/airflow/dags/etl_postgres_to_clickhouse.py for tasks to queue
[2026-01-08T10:54:48.420+0000] {logging_mixin.py:188} INFO - [2026-01-08T10:54:48.420+0000] {dagbag.py:545} INFO - Filling up the DagBag from /opt/airflow/dags/etl_postgres_to_clickhouse.py
[2026-01-08T10:54:48.808+0000] {processor.py:840} INFO - DAG(s) 'pg_to_clickhouse_payload_parsing' retrieved from /opt/airflow/dags/etl_postgres_to_clickhouse.py
[2026-01-08T10:54:48.853+0000] {logging_mixin.py:188} INFO - [2026-01-08T10:54:48.853+0000] {dag.py:3096} INFO - Sync 1 DAGs
[2026-01-08T10:54:48.889+0000] {logging_mixin.py:188} INFO - [2026-01-08T10:54:48.889+0000] {dag.py:3954} INFO - Setting next_dagrun for pg_to_clickhouse_payload_parsing to 2026-01-08 10:54:40+00:00, run_after=2026-01-08 10:54:50+00:00
[2026-01-08T10:54:48.917+0000] {processor.py:183} INFO - Processing /opt/airflow/dags/etl_postgres_to_clickhouse.py took 0.509 seconds
[2026-01-08T10:55:19.433+0000] {processor.py:161} INFO - Started process (PID=619) to work on /opt/airflow/dags/etl_postgres_to_clickhouse.py
[2026-01-08T10:55:19.434+0000] {processor.py:830} INFO - Processing file /opt/airflow/dags/etl_postgres_to_clickhouse.py for tasks to queue
[2026-01-08T10:55:19.437+0000] {logging_mixin.py:188} INFO - [2026-01-08T10:55:19.437+0000] {dagbag.py:545} INFO - Filling up the DagBag from /opt/airflow/dags/etl_postgres_to_clickhouse.py
[2026-01-08T10:55:19.708+0000] {processor.py:840} INFO - DAG(s) 'pg_to_clickhouse_payload_parsing' retrieved from /opt/airflow/dags/etl_postgres_to_clickhouse.py
[2026-01-08T10:55:19.745+0000] {logging_mixin.py:188} INFO - [2026-01-08T10:55:19.745+0000] {dag.py:3096} INFO - Sync 1 DAGs
[2026-01-08T10:55:19.775+0000] {logging_mixin.py:188} INFO - [2026-01-08T10:55:19.775+0000] {dag.py:3954} INFO - Setting next_dagrun for pg_to_clickhouse_payload_parsing to 2026-01-08 10:55:10+00:00, run_after=2026-01-08 10:55:20+00:00
[2026-01-08T10:55:19.801+0000] {processor.py:183} INFO - Processing /opt/airflow/dags/etl_postgres_to_clickhouse.py took 0.377 seconds
[2026-01-08T10:55:50.664+0000] {processor.py:161} INFO - Started process (PID=646) to work on /opt/airflow/dags/etl_postgres_to_clickhouse.py
[2026-01-08T10:55:50.665+0000] {processor.py:830} INFO - Processing file /opt/airflow/dags/etl_postgres_to_clickhouse.py for tasks to queue
[2026-01-08T10:55:50.668+0000] {logging_mixin.py:188} INFO - [2026-01-08T10:55:50.668+0000] {dagbag.py:545} INFO - Filling up the DagBag from /opt/airflow/dags/etl_postgres_to_clickhouse.py
[2026-01-08T10:55:51.018+0000] {processor.py:840} INFO - DAG(s) 'pg_to_clickhouse_payload_parsing' retrieved from /opt/airflow/dags/etl_postgres_to_clickhouse.py
[2026-01-08T10:55:51.065+0000] {logging_mixin.py:188} INFO - [2026-01-08T10:55:51.064+0000] {dag.py:3096} INFO - Sync 1 DAGs
[2026-01-08T10:55:51.103+0000] {logging_mixin.py:188} INFO - [2026-01-08T10:55:51.103+0000] {dag.py:3954} INFO - Setting next_dagrun for pg_to_clickhouse_payload_parsing to 2026-01-08 10:55:50+00:00, run_after=2026-01-08 10:56:00+00:00
[2026-01-08T10:55:51.153+0000] {processor.py:183} INFO - Processing /opt/airflow/dags/etl_postgres_to_clickhouse.py took 0.497 seconds
[2026-01-08T10:56:21.680+0000] {processor.py:161} INFO - Started process (PID=678) to work on /opt/airflow/dags/etl_postgres_to_clickhouse.py
[2026-01-08T10:56:21.682+0000] {processor.py:830} INFO - Processing file /opt/airflow/dags/etl_postgres_to_clickhouse.py for tasks to queue
[2026-01-08T10:56:21.697+0000] {logging_mixin.py:188} INFO - [2026-01-08T10:56:21.696+0000] {dagbag.py:545} INFO - Filling up the DagBag from /opt/airflow/dags/etl_postgres_to_clickhouse.py
[2026-01-08T10:56:22.157+0000] {processor.py:840} INFO - DAG(s) 'pg_to_clickhouse_payload_parsing' retrieved from /opt/airflow/dags/etl_postgres_to_clickhouse.py
[2026-01-08T10:56:22.209+0000] {logging_mixin.py:188} INFO - [2026-01-08T10:56:22.209+0000] {dag.py:3096} INFO - Sync 1 DAGs
[2026-01-08T10:56:22.250+0000] {logging_mixin.py:188} INFO - [2026-01-08T10:56:22.250+0000] {dag.py:3954} INFO - Setting next_dagrun for pg_to_clickhouse_payload_parsing to 2026-01-08 10:56:20+00:00, run_after=2026-01-08 10:56:30+00:00
[2026-01-08T10:56:22.283+0000] {processor.py:183} INFO - Processing /opt/airflow/dags/etl_postgres_to_clickhouse.py took 0.625 seconds
[2026-01-08T10:56:52.940+0000] {processor.py:161} INFO - Started process (PID=703) to work on /opt/airflow/dags/etl_postgres_to_clickhouse.py
[2026-01-08T10:56:52.941+0000] {processor.py:830} INFO - Processing file /opt/airflow/dags/etl_postgres_to_clickhouse.py for tasks to queue
[2026-01-08T10:56:52.946+0000] {logging_mixin.py:188} INFO - [2026-01-08T10:56:52.945+0000] {dagbag.py:545} INFO - Filling up the DagBag from /opt/airflow/dags/etl_postgres_to_clickhouse.py
[2026-01-08T10:56:53.326+0000] {processor.py:840} INFO - DAG(s) 'pg_to_clickhouse_payload_parsing' retrieved from /opt/airflow/dags/etl_postgres_to_clickhouse.py
[2026-01-08T10:56:53.381+0000] {logging_mixin.py:188} INFO - [2026-01-08T10:56:53.380+0000] {dag.py:3096} INFO - Sync 1 DAGs
[2026-01-08T10:56:53.415+0000] {logging_mixin.py:188} INFO - [2026-01-08T10:56:53.415+0000] {dag.py:3954} INFO - Setting next_dagrun for pg_to_clickhouse_payload_parsing to 2026-01-08 10:56:50+00:00, run_after=2026-01-08 10:57:00+00:00
[2026-01-08T10:56:53.447+0000] {processor.py:183} INFO - Processing /opt/airflow/dags/etl_postgres_to_clickhouse.py took 0.515 seconds
[2026-01-08T10:57:23.693+0000] {processor.py:161} INFO - Started process (PID=728) to work on /opt/airflow/dags/etl_postgres_to_clickhouse.py
[2026-01-08T10:57:23.695+0000] {processor.py:830} INFO - Processing file /opt/airflow/dags/etl_postgres_to_clickhouse.py for tasks to queue
[2026-01-08T10:57:23.698+0000] {logging_mixin.py:188} INFO - [2026-01-08T10:57:23.698+0000] {dagbag.py:545} INFO - Filling up the DagBag from /opt/airflow/dags/etl_postgres_to_clickhouse.py
[2026-01-08T10:57:24.055+0000] {processor.py:840} INFO - DAG(s) 'pg_to_clickhouse_payload_parsing' retrieved from /opt/airflow/dags/etl_postgres_to_clickhouse.py
[2026-01-08T10:57:24.098+0000] {logging_mixin.py:188} INFO - [2026-01-08T10:57:24.098+0000] {dag.py:3096} INFO - Sync 1 DAGs
[2026-01-08T10:57:24.128+0000] {logging_mixin.py:188} INFO - [2026-01-08T10:57:24.128+0000] {dag.py:3954} INFO - Setting next_dagrun for pg_to_clickhouse_payload_parsing to 2026-01-08 10:57:20+00:00, run_after=2026-01-08 10:57:30+00:00
[2026-01-08T10:57:24.151+0000] {processor.py:183} INFO - Processing /opt/airflow/dags/etl_postgres_to_clickhouse.py took 0.466 seconds
[2026-01-08T10:57:54.949+0000] {processor.py:161} INFO - Started process (PID=752) to work on /opt/airflow/dags/etl_postgres_to_clickhouse.py
[2026-01-08T10:57:54.951+0000] {processor.py:830} INFO - Processing file /opt/airflow/dags/etl_postgres_to_clickhouse.py for tasks to queue
[2026-01-08T10:57:54.953+0000] {logging_mixin.py:188} INFO - [2026-01-08T10:57:54.953+0000] {dagbag.py:545} INFO - Filling up the DagBag from /opt/airflow/dags/etl_postgres_to_clickhouse.py
[2026-01-08T10:57:55.178+0000] {processor.py:840} INFO - DAG(s) 'pg_to_clickhouse_payload_parsing' retrieved from /opt/airflow/dags/etl_postgres_to_clickhouse.py
[2026-01-08T10:57:55.215+0000] {logging_mixin.py:188} INFO - [2026-01-08T10:57:55.214+0000] {dag.py:3096} INFO - Sync 1 DAGs
[2026-01-08T10:57:55.251+0000] {logging_mixin.py:188} INFO - [2026-01-08T10:57:55.250+0000] {dag.py:3954} INFO - Setting next_dagrun for pg_to_clickhouse_payload_parsing to 2026-01-08 10:57:50+00:00, run_after=2026-01-08 10:58:00+00:00
[2026-01-08T10:57:55.276+0000] {processor.py:183} INFO - Processing /opt/airflow/dags/etl_postgres_to_clickhouse.py took 0.333 seconds
[2026-01-08T10:58:25.864+0000] {processor.py:161} INFO - Started process (PID=784) to work on /opt/airflow/dags/etl_postgres_to_clickhouse.py
[2026-01-08T10:58:25.865+0000] {processor.py:830} INFO - Processing file /opt/airflow/dags/etl_postgres_to_clickhouse.py for tasks to queue
[2026-01-08T10:58:25.869+0000] {logging_mixin.py:188} INFO - [2026-01-08T10:58:25.868+0000] {dagbag.py:545} INFO - Filling up the DagBag from /opt/airflow/dags/etl_postgres_to_clickhouse.py
[2026-01-08T10:58:26.165+0000] {processor.py:840} INFO - DAG(s) 'pg_to_clickhouse_payload_parsing' retrieved from /opt/airflow/dags/etl_postgres_to_clickhouse.py
[2026-01-08T10:58:26.208+0000] {logging_mixin.py:188} INFO - [2026-01-08T10:58:26.208+0000] {dag.py:3096} INFO - Sync 1 DAGs
[2026-01-08T10:58:26.241+0000] {logging_mixin.py:188} INFO - [2026-01-08T10:58:26.240+0000] {dag.py:3954} INFO - Setting next_dagrun for pg_to_clickhouse_payload_parsing to 2026-01-08 10:58:20+00:00, run_after=2026-01-08 10:58:30+00:00
[2026-01-08T10:58:26.269+0000] {processor.py:183} INFO - Processing /opt/airflow/dags/etl_postgres_to_clickhouse.py took 0.414 seconds
[2026-01-08T10:58:56.972+0000] {processor.py:161} INFO - Started process (PID=809) to work on /opt/airflow/dags/etl_postgres_to_clickhouse.py
[2026-01-08T10:58:56.974+0000] {processor.py:830} INFO - Processing file /opt/airflow/dags/etl_postgres_to_clickhouse.py for tasks to queue
[2026-01-08T10:58:56.977+0000] {logging_mixin.py:188} INFO - [2026-01-08T10:58:56.977+0000] {dagbag.py:545} INFO - Filling up the DagBag from /opt/airflow/dags/etl_postgres_to_clickhouse.py
[2026-01-08T10:58:57.193+0000] {processor.py:840} INFO - DAG(s) 'pg_to_clickhouse_payload_parsing' retrieved from /opt/airflow/dags/etl_postgres_to_clickhouse.py
[2026-01-08T10:58:57.232+0000] {logging_mixin.py:188} INFO - [2026-01-08T10:58:57.232+0000] {dag.py:3096} INFO - Sync 1 DAGs
[2026-01-08T10:58:57.257+0000] {logging_mixin.py:188} INFO - [2026-01-08T10:58:57.257+0000] {dag.py:3954} INFO - Setting next_dagrun for pg_to_clickhouse_payload_parsing to 2026-01-08 10:58:50+00:00, run_after=2026-01-08 10:59:00+00:00
[2026-01-08T10:58:57.283+0000] {processor.py:183} INFO - Processing /opt/airflow/dags/etl_postgres_to_clickhouse.py took 0.318 seconds
[2026-01-08T10:59:28.121+0000] {processor.py:161} INFO - Started process (PID=841) to work on /opt/airflow/dags/etl_postgres_to_clickhouse.py
[2026-01-08T10:59:28.123+0000] {processor.py:830} INFO - Processing file /opt/airflow/dags/etl_postgres_to_clickhouse.py for tasks to queue
[2026-01-08T10:59:28.132+0000] {logging_mixin.py:188} INFO - [2026-01-08T10:59:28.131+0000] {dagbag.py:545} INFO - Filling up the DagBag from /opt/airflow/dags/etl_postgres_to_clickhouse.py
[2026-01-08T10:59:28.675+0000] {processor.py:840} INFO - DAG(s) 'pg_to_clickhouse_payload_parsing' retrieved from /opt/airflow/dags/etl_postgres_to_clickhouse.py
[2026-01-08T10:59:28.740+0000] {logging_mixin.py:188} INFO - [2026-01-08T10:59:28.740+0000] {dag.py:3096} INFO - Sync 1 DAGs
[2026-01-08T10:59:28.793+0000] {logging_mixin.py:188} INFO - [2026-01-08T10:59:28.792+0000] {dag.py:3954} INFO - Setting next_dagrun for pg_to_clickhouse_payload_parsing to 2026-01-08 10:59:20+00:00, run_after=2026-01-08 10:59:30+00:00
[2026-01-08T10:59:28.844+0000] {processor.py:183} INFO - Processing /opt/airflow/dags/etl_postgres_to_clickhouse.py took 0.756 seconds
[2026-01-08T10:59:59.060+0000] {processor.py:161} INFO - Started process (PID=867) to work on /opt/airflow/dags/etl_postgres_to_clickhouse.py
[2026-01-08T10:59:59.062+0000] {processor.py:830} INFO - Processing file /opt/airflow/dags/etl_postgres_to_clickhouse.py for tasks to queue
[2026-01-08T10:59:59.064+0000] {logging_mixin.py:188} INFO - [2026-01-08T10:59:59.064+0000] {dagbag.py:545} INFO - Filling up the DagBag from /opt/airflow/dags/etl_postgres_to_clickhouse.py
[2026-01-08T10:59:59.365+0000] {processor.py:840} INFO - DAG(s) 'pg_to_clickhouse_payload_parsing' retrieved from /opt/airflow/dags/etl_postgres_to_clickhouse.py
[2026-01-08T10:59:59.407+0000] {logging_mixin.py:188} INFO - [2026-01-08T10:59:59.407+0000] {dag.py:3096} INFO - Sync 1 DAGs
[2026-01-08T10:59:59.444+0000] {logging_mixin.py:188} INFO - [2026-01-08T10:59:59.444+0000] {dag.py:3954} INFO - Setting next_dagrun for pg_to_clickhouse_payload_parsing to 2026-01-08 10:59:50+00:00, run_after=2026-01-08 11:00:00+00:00
[2026-01-08T10:59:59.476+0000] {processor.py:183} INFO - Processing /opt/airflow/dags/etl_postgres_to_clickhouse.py took 0.427 seconds
[2026-01-08T11:00:29.896+0000] {processor.py:161} INFO - Started process (PID=892) to work on /opt/airflow/dags/etl_postgres_to_clickhouse.py
[2026-01-08T11:00:29.897+0000] {processor.py:830} INFO - Processing file /opt/airflow/dags/etl_postgres_to_clickhouse.py for tasks to queue
[2026-01-08T11:00:29.899+0000] {logging_mixin.py:188} INFO - [2026-01-08T11:00:29.899+0000] {dagbag.py:545} INFO - Filling up the DagBag from /opt/airflow/dags/etl_postgres_to_clickhouse.py
[2026-01-08T11:00:30.136+0000] {processor.py:840} INFO - DAG(s) 'pg_to_clickhouse_payload_parsing' retrieved from /opt/airflow/dags/etl_postgres_to_clickhouse.py
[2026-01-08T11:00:30.173+0000] {logging_mixin.py:188} INFO - [2026-01-08T11:00:30.172+0000] {dag.py:3096} INFO - Sync 1 DAGs
[2026-01-08T11:00:30.197+0000] {logging_mixin.py:188} INFO - [2026-01-08T11:00:30.197+0000] {dag.py:3954} INFO - Setting next_dagrun for pg_to_clickhouse_payload_parsing to 2026-01-08 11:00:20+00:00, run_after=2026-01-08 11:00:30+00:00
[2026-01-08T11:00:30.221+0000] {processor.py:183} INFO - Processing /opt/airflow/dags/etl_postgres_to_clickhouse.py took 0.333 seconds
[2026-01-08T11:01:00.743+0000] {processor.py:161} INFO - Started process (PID=919) to work on /opt/airflow/dags/etl_postgres_to_clickhouse.py
[2026-01-08T11:01:00.745+0000] {processor.py:830} INFO - Processing file /opt/airflow/dags/etl_postgres_to_clickhouse.py for tasks to queue
[2026-01-08T11:01:00.748+0000] {logging_mixin.py:188} INFO - [2026-01-08T11:01:00.747+0000] {dagbag.py:545} INFO - Filling up the DagBag from /opt/airflow/dags/etl_postgres_to_clickhouse.py
[2026-01-08T11:01:01.178+0000] {processor.py:840} INFO - DAG(s) 'pg_to_clickhouse_payload_parsing' retrieved from /opt/airflow/dags/etl_postgres_to_clickhouse.py
[2026-01-08T11:01:01.257+0000] {logging_mixin.py:188} INFO - [2026-01-08T11:01:01.256+0000] {dag.py:3096} INFO - Sync 1 DAGs
[2026-01-08T11:01:01.340+0000] {logging_mixin.py:188} INFO - [2026-01-08T11:01:01.339+0000] {dag.py:3954} INFO - Setting next_dagrun for pg_to_clickhouse_payload_parsing to 2026-01-08 11:01:00+00:00, run_after=2026-01-08 11:01:10+00:00
[2026-01-08T11:01:01.387+0000] {processor.py:183} INFO - Processing /opt/airflow/dags/etl_postgres_to_clickhouse.py took 0.653 seconds
[2026-01-08T11:01:31.963+0000] {processor.py:161} INFO - Started process (PID=951) to work on /opt/airflow/dags/etl_postgres_to_clickhouse.py
[2026-01-08T11:01:31.965+0000] {processor.py:830} INFO - Processing file /opt/airflow/dags/etl_postgres_to_clickhouse.py for tasks to queue
[2026-01-08T11:01:31.968+0000] {logging_mixin.py:188} INFO - [2026-01-08T11:01:31.968+0000] {dagbag.py:545} INFO - Filling up the DagBag from /opt/airflow/dags/etl_postgres_to_clickhouse.py
[2026-01-08T11:01:32.339+0000] {processor.py:840} INFO - DAG(s) 'pg_to_clickhouse_payload_parsing' retrieved from /opt/airflow/dags/etl_postgres_to_clickhouse.py
[2026-01-08T11:01:32.391+0000] {logging_mixin.py:188} INFO - [2026-01-08T11:01:32.390+0000] {dag.py:3096} INFO - Sync 1 DAGs
[2026-01-08T11:01:32.424+0000] {logging_mixin.py:188} INFO - [2026-01-08T11:01:32.424+0000] {dag.py:3954} INFO - Setting next_dagrun for pg_to_clickhouse_payload_parsing to 2026-01-08 11:01:30+00:00, run_after=2026-01-08 11:01:40+00:00
[2026-01-08T11:01:32.451+0000] {processor.py:183} INFO - Processing /opt/airflow/dags/etl_postgres_to_clickhouse.py took 0.499 seconds
[2026-01-08T11:02:03.131+0000] {processor.py:161} INFO - Started process (PID=976) to work on /opt/airflow/dags/etl_postgres_to_clickhouse.py
[2026-01-08T11:02:03.132+0000] {processor.py:830} INFO - Processing file /opt/airflow/dags/etl_postgres_to_clickhouse.py for tasks to queue
[2026-01-08T11:02:03.135+0000] {logging_mixin.py:188} INFO - [2026-01-08T11:02:03.135+0000] {dagbag.py:545} INFO - Filling up the DagBag from /opt/airflow/dags/etl_postgres_to_clickhouse.py
[2026-01-08T11:02:03.445+0000] {processor.py:840} INFO - DAG(s) 'pg_to_clickhouse_payload_parsing' retrieved from /opt/airflow/dags/etl_postgres_to_clickhouse.py
[2026-01-08T11:02:03.498+0000] {logging_mixin.py:188} INFO - [2026-01-08T11:02:03.498+0000] {dag.py:3096} INFO - Sync 1 DAGs
[2026-01-08T11:02:03.579+0000] {logging_mixin.py:188} INFO - [2026-01-08T11:02:03.579+0000] {dag.py:3954} INFO - Setting next_dagrun for pg_to_clickhouse_payload_parsing to 2026-01-08 11:02:00+00:00, run_after=2026-01-08 11:02:10+00:00
[2026-01-08T11:02:03.621+0000] {processor.py:183} INFO - Processing /opt/airflow/dags/etl_postgres_to_clickhouse.py took 0.500 seconds
[2026-01-08T11:02:34.135+0000] {processor.py:161} INFO - Started process (PID=1001) to work on /opt/airflow/dags/etl_postgres_to_clickhouse.py
[2026-01-08T11:02:34.136+0000] {processor.py:830} INFO - Processing file /opt/airflow/dags/etl_postgres_to_clickhouse.py for tasks to queue
[2026-01-08T11:02:34.139+0000] {logging_mixin.py:188} INFO - [2026-01-08T11:02:34.139+0000] {dagbag.py:545} INFO - Filling up the DagBag from /opt/airflow/dags/etl_postgres_to_clickhouse.py
[2026-01-08T11:02:34.459+0000] {processor.py:840} INFO - DAG(s) 'pg_to_clickhouse_payload_parsing' retrieved from /opt/airflow/dags/etl_postgres_to_clickhouse.py
[2026-01-08T11:02:34.495+0000] {logging_mixin.py:188} INFO - [2026-01-08T11:02:34.494+0000] {dag.py:3096} INFO - Sync 1 DAGs
[2026-01-08T11:02:34.523+0000] {logging_mixin.py:188} INFO - [2026-01-08T11:02:34.523+0000] {dag.py:3954} INFO - Setting next_dagrun for pg_to_clickhouse_payload_parsing to 2026-01-08 11:02:30+00:00, run_after=2026-01-08 11:02:40+00:00
[2026-01-08T11:02:34.554+0000] {processor.py:183} INFO - Processing /opt/airflow/dags/etl_postgres_to_clickhouse.py took 0.428 seconds
[2026-01-08T11:03:05.428+0000] {processor.py:161} INFO - Started process (PID=1033) to work on /opt/airflow/dags/etl_postgres_to_clickhouse.py
[2026-01-08T11:03:05.430+0000] {processor.py:830} INFO - Processing file /opt/airflow/dags/etl_postgres_to_clickhouse.py for tasks to queue
[2026-01-08T11:03:05.432+0000] {logging_mixin.py:188} INFO - [2026-01-08T11:03:05.431+0000] {dagbag.py:545} INFO - Filling up the DagBag from /opt/airflow/dags/etl_postgres_to_clickhouse.py
[2026-01-08T11:03:04.364+0000] {processor.py:840} INFO - DAG(s) 'pg_to_clickhouse_payload_parsing' retrieved from /opt/airflow/dags/etl_postgres_to_clickhouse.py
[2026-01-08T11:03:04.411+0000] {logging_mixin.py:188} INFO - [2026-01-08T11:03:04.410+0000] {dag.py:3096} INFO - Sync 1 DAGs
[2026-01-08T11:03:04.443+0000] {logging_mixin.py:188} INFO - [2026-01-08T11:03:04.443+0000] {dag.py:3954} INFO - Setting next_dagrun for pg_to_clickhouse_payload_parsing to 2026-01-08 11:03:00+00:00, run_after=2026-01-08 11:03:10+00:00
[2026-01-08T11:03:04.511+0000] {processor.py:183} INFO - Processing /opt/airflow/dags/etl_postgres_to_clickhouse.py took 0.470 seconds
[2026-01-08T11:03:34.881+0000] {processor.py:161} INFO - Started process (PID=1059) to work on /opt/airflow/dags/etl_postgres_to_clickhouse.py
[2026-01-08T11:03:34.882+0000] {processor.py:830} INFO - Processing file /opt/airflow/dags/etl_postgres_to_clickhouse.py for tasks to queue
[2026-01-08T11:03:34.885+0000] {logging_mixin.py:188} INFO - [2026-01-08T11:03:34.884+0000] {dagbag.py:545} INFO - Filling up the DagBag from /opt/airflow/dags/etl_postgres_to_clickhouse.py
[2026-01-08T11:03:35.182+0000] {processor.py:840} INFO - DAG(s) 'pg_to_clickhouse_payload_parsing' retrieved from /opt/airflow/dags/etl_postgres_to_clickhouse.py
[2026-01-08T11:03:35.228+0000] {logging_mixin.py:188} INFO - [2026-01-08T11:03:35.227+0000] {dag.py:3096} INFO - Sync 1 DAGs
[2026-01-08T11:03:35.266+0000] {logging_mixin.py:188} INFO - [2026-01-08T11:03:35.266+0000] {dag.py:3954} INFO - Setting next_dagrun for pg_to_clickhouse_payload_parsing to 2026-01-08 11:03:30+00:00, run_after=2026-01-08 11:03:40+00:00
[2026-01-08T11:03:35.298+0000] {processor.py:183} INFO - Processing /opt/airflow/dags/etl_postgres_to_clickhouse.py took 0.428 seconds
[2026-01-08T11:04:35.164+0000] {processor.py:161} INFO - Started process (PID=191) to work on /opt/airflow/dags/etl_postgres_to_clickhouse.py
[2026-01-08T11:04:35.167+0000] {processor.py:830} INFO - Processing file /opt/airflow/dags/etl_postgres_to_clickhouse.py for tasks to queue
[2026-01-08T11:04:35.171+0000] {logging_mixin.py:188} INFO - [2026-01-08T11:04:35.170+0000] {dagbag.py:545} INFO - Filling up the DagBag from /opt/airflow/dags/etl_postgres_to_clickhouse.py
[2026-01-08T11:04:35.501+0000] {processor.py:840} INFO - DAG(s) 'pg_to_clickhouse_payload_parsing' retrieved from /opt/airflow/dags/etl_postgres_to_clickhouse.py
[2026-01-08T11:04:35.855+0000] {logging_mixin.py:188} INFO - [2026-01-08T11:04:35.853+0000] {override.py:1829} INFO - Created Permission View: can edit on DAG:pg_to_clickhouse_payload_parsing
[2026-01-08T11:04:35.878+0000] {logging_mixin.py:188} INFO - [2026-01-08T11:04:35.878+0000] {override.py:1829} INFO - Created Permission View: can delete on DAG:pg_to_clickhouse_payload_parsing
[2026-01-08T11:04:35.893+0000] {logging_mixin.py:188} INFO - [2026-01-08T11:04:35.892+0000] {override.py:1829} INFO - Created Permission View: can read on DAG:pg_to_clickhouse_payload_parsing
[2026-01-08T11:04:35.894+0000] {logging_mixin.py:188} INFO - [2026-01-08T11:04:35.893+0000] {dag.py:3096} INFO - Sync 1 DAGs
[2026-01-08T11:04:35.921+0000] {logging_mixin.py:188} INFO - [2026-01-08T11:04:35.920+0000] {dag.py:3118} INFO - Creating ORM DAG for pg_to_clickhouse_payload_parsing
[2026-01-08T11:04:35.940+0000] {logging_mixin.py:188} INFO - [2026-01-08T11:04:35.939+0000] {dag.py:3954} INFO - Setting next_dagrun for pg_to_clickhouse_payload_parsing to 2026-01-08 11:04:20+00:00, run_after=2026-01-08 11:04:30+00:00
[2026-01-08T11:04:35.971+0000] {processor.py:183} INFO - Processing /opt/airflow/dags/etl_postgres_to_clickhouse.py took 0.818 seconds
[2026-01-08T11:05:06.957+0000] {processor.py:161} INFO - Started process (PID=237) to work on /opt/airflow/dags/etl_postgres_to_clickhouse.py
[2026-01-08T11:05:06.959+0000] {processor.py:830} INFO - Processing file /opt/airflow/dags/etl_postgres_to_clickhouse.py for tasks to queue
[2026-01-08T11:05:06.962+0000] {logging_mixin.py:188} INFO - [2026-01-08T11:05:06.962+0000] {dagbag.py:545} INFO - Filling up the DagBag from /opt/airflow/dags/etl_postgres_to_clickhouse.py
[2026-01-08T11:05:07.270+0000] {processor.py:840} INFO - DAG(s) 'pg_to_clickhouse_payload_parsing' retrieved from /opt/airflow/dags/etl_postgres_to_clickhouse.py
[2026-01-08T11:05:07.308+0000] {logging_mixin.py:188} INFO - [2026-01-08T11:05:07.308+0000] {dag.py:3096} INFO - Sync 1 DAGs
[2026-01-08T11:05:07.336+0000] {logging_mixin.py:188} INFO - [2026-01-08T11:05:07.336+0000] {dag.py:3954} INFO - Setting next_dagrun for pg_to_clickhouse_payload_parsing to 2026-01-08 11:05:00+00:00, run_after=2026-01-08 11:05:10+00:00
[2026-01-08T11:05:07.363+0000] {processor.py:183} INFO - Processing /opt/airflow/dags/etl_postgres_to_clickhouse.py took 0.416 seconds
[2026-01-08T11:05:37.923+0000] {processor.py:161} INFO - Started process (PID=269) to work on /opt/airflow/dags/etl_postgres_to_clickhouse.py
[2026-01-08T11:05:37.924+0000] {processor.py:830} INFO - Processing file /opt/airflow/dags/etl_postgres_to_clickhouse.py for tasks to queue
[2026-01-08T11:05:37.926+0000] {logging_mixin.py:188} INFO - [2026-01-08T11:05:37.926+0000] {dagbag.py:545} INFO - Filling up the DagBag from /opt/airflow/dags/etl_postgres_to_clickhouse.py
[2026-01-08T11:05:38.155+0000] {processor.py:840} INFO - DAG(s) 'pg_to_clickhouse_payload_parsing' retrieved from /opt/airflow/dags/etl_postgres_to_clickhouse.py
[2026-01-08T11:05:38.193+0000] {logging_mixin.py:188} INFO - [2026-01-08T11:05:38.193+0000] {dag.py:3096} INFO - Sync 1 DAGs
[2026-01-08T11:05:38.218+0000] {logging_mixin.py:188} INFO - [2026-01-08T11:05:38.218+0000] {dag.py:3954} INFO - Setting next_dagrun for pg_to_clickhouse_payload_parsing to 2026-01-08 11:05:30+00:00, run_after=2026-01-08 11:05:40+00:00
[2026-01-08T11:05:38.243+0000] {processor.py:183} INFO - Processing /opt/airflow/dags/etl_postgres_to_clickhouse.py took 0.327 seconds
[2026-01-08T11:06:09.067+0000] {processor.py:161} INFO - Started process (PID=294) to work on /opt/airflow/dags/etl_postgres_to_clickhouse.py
[2026-01-08T11:06:09.068+0000] {processor.py:830} INFO - Processing file /opt/airflow/dags/etl_postgres_to_clickhouse.py for tasks to queue
[2026-01-08T11:06:09.070+0000] {logging_mixin.py:188} INFO - [2026-01-08T11:06:09.070+0000] {dagbag.py:545} INFO - Filling up the DagBag from /opt/airflow/dags/etl_postgres_to_clickhouse.py
[2026-01-08T11:06:09.290+0000] {processor.py:840} INFO - DAG(s) 'pg_to_clickhouse_payload_parsing' retrieved from /opt/airflow/dags/etl_postgres_to_clickhouse.py
[2026-01-08T11:06:09.329+0000] {logging_mixin.py:188} INFO - [2026-01-08T11:06:09.329+0000] {dag.py:3096} INFO - Sync 1 DAGs
[2026-01-08T11:06:09.358+0000] {logging_mixin.py:188} INFO - [2026-01-08T11:06:09.358+0000] {dag.py:3954} INFO - Setting next_dagrun for pg_to_clickhouse_payload_parsing to 2026-01-08 11:06:00+00:00, run_after=2026-01-08 11:06:10+00:00
[2026-01-08T11:06:09.386+0000] {processor.py:183} INFO - Processing /opt/airflow/dags/etl_postgres_to_clickhouse.py took 0.326 seconds
[2026-01-08T11:06:39.936+0000] {processor.py:161} INFO - Started process (PID=326) to work on /opt/airflow/dags/etl_postgres_to_clickhouse.py
[2026-01-08T11:06:39.937+0000] {processor.py:830} INFO - Processing file /opt/airflow/dags/etl_postgres_to_clickhouse.py for tasks to queue
[2026-01-08T11:06:39.940+0000] {logging_mixin.py:188} INFO - [2026-01-08T11:06:39.939+0000] {dagbag.py:545} INFO - Filling up the DagBag from /opt/airflow/dags/etl_postgres_to_clickhouse.py
[2026-01-08T11:06:40.263+0000] {processor.py:840} INFO - DAG(s) 'pg_to_clickhouse_payload_parsing' retrieved from /opt/airflow/dags/etl_postgres_to_clickhouse.py
[2026-01-08T11:06:40.303+0000] {logging_mixin.py:188} INFO - [2026-01-08T11:06:40.303+0000] {dag.py:3096} INFO - Sync 1 DAGs
[2026-01-08T11:06:40.339+0000] {logging_mixin.py:188} INFO - [2026-01-08T11:06:40.339+0000] {dag.py:3954} INFO - Setting next_dagrun for pg_to_clickhouse_payload_parsing to 2026-01-08 11:06:40+00:00, run_after=2026-01-08 11:06:50+00:00
[2026-01-08T11:06:40.368+0000] {processor.py:183} INFO - Processing /opt/airflow/dags/etl_postgres_to_clickhouse.py took 0.441 seconds
[2026-01-08T11:07:11.094+0000] {processor.py:161} INFO - Started process (PID=352) to work on /opt/airflow/dags/etl_postgres_to_clickhouse.py
[2026-01-08T11:07:11.096+0000] {processor.py:830} INFO - Processing file /opt/airflow/dags/etl_postgres_to_clickhouse.py for tasks to queue
[2026-01-08T11:07:11.102+0000] {logging_mixin.py:188} INFO - [2026-01-08T11:07:11.102+0000] {dagbag.py:545} INFO - Filling up the DagBag from /opt/airflow/dags/etl_postgres_to_clickhouse.py
[2026-01-08T11:07:11.395+0000] {processor.py:840} INFO - DAG(s) 'pg_to_clickhouse_payload_parsing' retrieved from /opt/airflow/dags/etl_postgres_to_clickhouse.py
[2026-01-08T11:07:11.446+0000] {logging_mixin.py:188} INFO - [2026-01-08T11:07:11.446+0000] {dag.py:3096} INFO - Sync 1 DAGs
[2026-01-08T11:07:11.477+0000] {logging_mixin.py:188} INFO - [2026-01-08T11:07:11.477+0000] {dag.py:3954} INFO - Setting next_dagrun for pg_to_clickhouse_payload_parsing to 2026-01-08 11:07:10+00:00, run_after=2026-01-08 11:07:20+00:00
[2026-01-08T11:07:11.506+0000] {processor.py:183} INFO - Processing /opt/airflow/dags/etl_postgres_to_clickhouse.py took 0.422 seconds
[2026-01-08T11:07:42.041+0000] {processor.py:161} INFO - Started process (PID=378) to work on /opt/airflow/dags/etl_postgres_to_clickhouse.py
[2026-01-08T11:07:42.042+0000] {processor.py:830} INFO - Processing file /opt/airflow/dags/etl_postgres_to_clickhouse.py for tasks to queue
[2026-01-08T11:07:42.045+0000] {logging_mixin.py:188} INFO - [2026-01-08T11:07:42.044+0000] {dagbag.py:545} INFO - Filling up the DagBag from /opt/airflow/dags/etl_postgres_to_clickhouse.py
[2026-01-08T11:07:42.249+0000] {processor.py:840} INFO - DAG(s) 'pg_to_clickhouse_payload_parsing' retrieved from /opt/airflow/dags/etl_postgres_to_clickhouse.py
[2026-01-08T11:07:42.281+0000] {logging_mixin.py:188} INFO - [2026-01-08T11:07:42.281+0000] {dag.py:3096} INFO - Sync 1 DAGs
[2026-01-08T11:07:42.304+0000] {logging_mixin.py:188} INFO - [2026-01-08T11:07:42.304+0000] {dag.py:3954} INFO - Setting next_dagrun for pg_to_clickhouse_payload_parsing to 2026-01-08 11:07:40+00:00, run_after=2026-01-08 11:07:50+00:00
[2026-01-08T11:07:42.328+0000] {processor.py:183} INFO - Processing /opt/airflow/dags/etl_postgres_to_clickhouse.py took 0.294 seconds
[2026-01-08T11:08:12.865+0000] {processor.py:161} INFO - Started process (PID=410) to work on /opt/airflow/dags/etl_postgres_to_clickhouse.py
[2026-01-08T11:08:12.867+0000] {processor.py:830} INFO - Processing file /opt/airflow/dags/etl_postgres_to_clickhouse.py for tasks to queue
[2026-01-08T11:08:12.871+0000] {logging_mixin.py:188} INFO - [2026-01-08T11:08:12.870+0000] {dagbag.py:545} INFO - Filling up the DagBag from /opt/airflow/dags/etl_postgres_to_clickhouse.py
[2026-01-08T11:08:13.147+0000] {processor.py:840} INFO - DAG(s) 'pg_to_clickhouse_payload_parsing' retrieved from /opt/airflow/dags/etl_postgres_to_clickhouse.py
[2026-01-08T11:08:13.185+0000] {logging_mixin.py:188} INFO - [2026-01-08T11:08:13.185+0000] {dag.py:3096} INFO - Sync 1 DAGs
[2026-01-08T11:08:13.212+0000] {logging_mixin.py:188} INFO - [2026-01-08T11:08:13.212+0000] {dag.py:3954} INFO - Setting next_dagrun for pg_to_clickhouse_payload_parsing to 2026-01-08 11:08:10+00:00, run_after=2026-01-08 11:08:20+00:00
[2026-01-08T11:08:13.238+0000] {processor.py:183} INFO - Processing /opt/airflow/dags/etl_postgres_to_clickhouse.py took 0.383 seconds
[2026-01-08T11:08:44.016+0000] {processor.py:161} INFO - Started process (PID=436) to work on /opt/airflow/dags/etl_postgres_to_clickhouse.py
[2026-01-08T11:08:44.017+0000] {processor.py:830} INFO - Processing file /opt/airflow/dags/etl_postgres_to_clickhouse.py for tasks to queue
[2026-01-08T11:08:44.019+0000] {logging_mixin.py:188} INFO - [2026-01-08T11:08:44.019+0000] {dagbag.py:545} INFO - Filling up the DagBag from /opt/airflow/dags/etl_postgres_to_clickhouse.py
[2026-01-08T11:08:44.259+0000] {processor.py:840} INFO - DAG(s) 'pg_to_clickhouse_payload_parsing' retrieved from /opt/airflow/dags/etl_postgres_to_clickhouse.py
[2026-01-08T11:08:44.301+0000] {logging_mixin.py:188} INFO - [2026-01-08T11:08:44.301+0000] {dag.py:3096} INFO - Sync 1 DAGs
[2026-01-08T11:08:44.333+0000] {logging_mixin.py:188} INFO - [2026-01-08T11:08:44.333+0000] {dag.py:3954} INFO - Setting next_dagrun for pg_to_clickhouse_payload_parsing to 2026-01-08 11:08:40+00:00, run_after=2026-01-08 11:08:50+00:00
[2026-01-08T11:08:44.361+0000] {processor.py:183} INFO - Processing /opt/airflow/dags/etl_postgres_to_clickhouse.py took 0.353 seconds
[2026-01-08T11:09:14.877+0000] {processor.py:161} INFO - Started process (PID=469) to work on /opt/airflow/dags/etl_postgres_to_clickhouse.py
[2026-01-08T11:09:14.879+0000] {processor.py:830} INFO - Processing file /opt/airflow/dags/etl_postgres_to_clickhouse.py for tasks to queue
[2026-01-08T11:09:14.883+0000] {logging_mixin.py:188} INFO - [2026-01-08T11:09:14.882+0000] {dagbag.py:545} INFO - Filling up the DagBag from /opt/airflow/dags/etl_postgres_to_clickhouse.py
[2026-01-08T11:09:15.254+0000] {processor.py:840} INFO - DAG(s) 'pg_to_clickhouse_payload_parsing' retrieved from /opt/airflow/dags/etl_postgres_to_clickhouse.py
[2026-01-08T11:09:15.308+0000] {logging_mixin.py:188} INFO - [2026-01-08T11:09:15.307+0000] {dag.py:3096} INFO - Sync 1 DAGs
[2026-01-08T11:09:15.351+0000] {logging_mixin.py:188} INFO - [2026-01-08T11:09:15.351+0000] {dag.py:3954} INFO - Setting next_dagrun for pg_to_clickhouse_payload_parsing to 2026-01-08 11:09:10+00:00, run_after=2026-01-08 11:09:20+00:00
[2026-01-08T11:09:15.411+0000] {processor.py:183} INFO - Processing /opt/airflow/dags/etl_postgres_to_clickhouse.py took 0.544 seconds
[2026-01-08T11:09:45.995+0000] {processor.py:161} INFO - Started process (PID=494) to work on /opt/airflow/dags/etl_postgres_to_clickhouse.py
[2026-01-08T11:09:45.996+0000] {processor.py:830} INFO - Processing file /opt/airflow/dags/etl_postgres_to_clickhouse.py for tasks to queue
[2026-01-08T11:09:45.999+0000] {logging_mixin.py:188} INFO - [2026-01-08T11:09:45.999+0000] {dagbag.py:545} INFO - Filling up the DagBag from /opt/airflow/dags/etl_postgres_to_clickhouse.py
[2026-01-08T11:09:46.218+0000] {processor.py:840} INFO - DAG(s) 'pg_to_clickhouse_payload_parsing' retrieved from /opt/airflow/dags/etl_postgres_to_clickhouse.py
[2026-01-08T11:09:45.641+0000] {logging_mixin.py:188} INFO - [2026-01-08T11:09:45.641+0000] {dag.py:3096} INFO - Sync 1 DAGs
[2026-01-08T11:09:45.664+0000] {logging_mixin.py:188} INFO - [2026-01-08T11:09:45.663+0000] {dag.py:3954} INFO - Setting next_dagrun for pg_to_clickhouse_payload_parsing to 2026-01-08 11:09:40+00:00, run_after=2026-01-08 11:09:50+00:00
[2026-01-08T11:09:44.914+0000] {processor.py:183} INFO - Processing /opt/airflow/dags/etl_postgres_to_clickhouse.py took 0.318 seconds
[2026-01-08T11:10:15.792+0000] {processor.py:161} INFO - Started process (PID=527) to work on /opt/airflow/dags/etl_postgres_to_clickhouse.py
[2026-01-08T11:10:15.793+0000] {processor.py:830} INFO - Processing file /opt/airflow/dags/etl_postgres_to_clickhouse.py for tasks to queue
[2026-01-08T11:10:15.797+0000] {logging_mixin.py:188} INFO - [2026-01-08T11:10:15.796+0000] {dagbag.py:545} INFO - Filling up the DagBag from /opt/airflow/dags/etl_postgres_to_clickhouse.py
[2026-01-08T11:10:16.180+0000] {processor.py:840} INFO - DAG(s) 'pg_to_clickhouse_payload_parsing' retrieved from /opt/airflow/dags/etl_postgres_to_clickhouse.py
[2026-01-08T11:10:16.228+0000] {logging_mixin.py:188} INFO - [2026-01-08T11:10:16.228+0000] {dag.py:3096} INFO - Sync 1 DAGs
[2026-01-08T11:10:16.268+0000] {logging_mixin.py:188} INFO - [2026-01-08T11:10:16.267+0000] {dag.py:3954} INFO - Setting next_dagrun for pg_to_clickhouse_payload_parsing to 2026-01-08 11:10:10+00:00, run_after=2026-01-08 11:10:20+00:00
[2026-01-08T11:10:16.303+0000] {processor.py:183} INFO - Processing /opt/airflow/dags/etl_postgres_to_clickhouse.py took 0.521 seconds
[2026-01-08T11:10:46.599+0000] {processor.py:161} INFO - Started process (PID=552) to work on /opt/airflow/dags/etl_postgres_to_clickhouse.py
[2026-01-08T11:10:46.601+0000] {processor.py:830} INFO - Processing file /opt/airflow/dags/etl_postgres_to_clickhouse.py for tasks to queue
[2026-01-08T11:10:46.603+0000] {logging_mixin.py:188} INFO - [2026-01-08T11:10:46.603+0000] {dagbag.py:545} INFO - Filling up the DagBag from /opt/airflow/dags/etl_postgres_to_clickhouse.py
[2026-01-08T11:10:46.829+0000] {processor.py:840} INFO - DAG(s) 'pg_to_clickhouse_payload_parsing' retrieved from /opt/airflow/dags/etl_postgres_to_clickhouse.py
[2026-01-08T11:10:46.870+0000] {logging_mixin.py:188} INFO - [2026-01-08T11:10:46.869+0000] {dag.py:3096} INFO - Sync 1 DAGs
[2026-01-08T11:10:46.897+0000] {logging_mixin.py:188} INFO - [2026-01-08T11:10:46.897+0000] {dag.py:3954} INFO - Setting next_dagrun for pg_to_clickhouse_payload_parsing to 2026-01-08 11:10:40+00:00, run_after=2026-01-08 11:10:50+00:00
[2026-01-08T11:10:46.922+0000] {processor.py:183} INFO - Processing /opt/airflow/dags/etl_postgres_to_clickhouse.py took 0.330 seconds
[2026-01-08T11:11:17.195+0000] {processor.py:161} INFO - Started process (PID=577) to work on /opt/airflow/dags/etl_postgres_to_clickhouse.py
[2026-01-08T11:11:17.197+0000] {processor.py:830} INFO - Processing file /opt/airflow/dags/etl_postgres_to_clickhouse.py for tasks to queue
[2026-01-08T11:11:17.199+0000] {logging_mixin.py:188} INFO - [2026-01-08T11:11:17.199+0000] {dagbag.py:545} INFO - Filling up the DagBag from /opt/airflow/dags/etl_postgres_to_clickhouse.py
[2026-01-08T11:11:17.421+0000] {processor.py:840} INFO - DAG(s) 'pg_to_clickhouse_payload_parsing' retrieved from /opt/airflow/dags/etl_postgres_to_clickhouse.py
[2026-01-08T11:11:17.455+0000] {logging_mixin.py:188} INFO - [2026-01-08T11:11:17.455+0000] {dag.py:3096} INFO - Sync 1 DAGs
[2026-01-08T11:11:17.478+0000] {logging_mixin.py:188} INFO - [2026-01-08T11:11:17.478+0000] {dag.py:3954} INFO - Setting next_dagrun for pg_to_clickhouse_payload_parsing to 2026-01-08 11:11:10+00:00, run_after=2026-01-08 11:11:20+00:00
[2026-01-08T11:11:17.502+0000] {processor.py:183} INFO - Processing /opt/airflow/dags/etl_postgres_to_clickhouse.py took 0.313 seconds
[2026-01-08T11:11:47.667+0000] {processor.py:161} INFO - Started process (PID=609) to work on /opt/airflow/dags/etl_postgres_to_clickhouse.py
[2026-01-08T11:11:47.668+0000] {processor.py:830} INFO - Processing file /opt/airflow/dags/etl_postgres_to_clickhouse.py for tasks to queue
[2026-01-08T11:11:47.670+0000] {logging_mixin.py:188} INFO - [2026-01-08T11:11:47.670+0000] {dagbag.py:545} INFO - Filling up the DagBag from /opt/airflow/dags/etl_postgres_to_clickhouse.py
[2026-01-08T11:11:47.888+0000] {processor.py:840} INFO - DAG(s) 'pg_to_clickhouse_payload_parsing' retrieved from /opt/airflow/dags/etl_postgres_to_clickhouse.py
[2026-01-08T11:11:47.920+0000] {logging_mixin.py:188} INFO - [2026-01-08T11:11:47.919+0000] {dag.py:3096} INFO - Sync 1 DAGs
[2026-01-08T11:11:47.942+0000] {logging_mixin.py:188} INFO - [2026-01-08T11:11:47.941+0000] {dag.py:3954} INFO - Setting next_dagrun for pg_to_clickhouse_payload_parsing to 2026-01-08 11:11:40+00:00, run_after=2026-01-08 11:11:50+00:00
[2026-01-08T11:11:47.967+0000] {processor.py:183} INFO - Processing /opt/airflow/dags/etl_postgres_to_clickhouse.py took 0.307 seconds
[2026-01-08T11:12:18.446+0000] {processor.py:161} INFO - Started process (PID=634) to work on /opt/airflow/dags/etl_postgres_to_clickhouse.py
[2026-01-08T11:12:18.448+0000] {processor.py:830} INFO - Processing file /opt/airflow/dags/etl_postgres_to_clickhouse.py for tasks to queue
[2026-01-08T11:12:18.450+0000] {logging_mixin.py:188} INFO - [2026-01-08T11:12:18.450+0000] {dagbag.py:545} INFO - Filling up the DagBag from /opt/airflow/dags/etl_postgres_to_clickhouse.py
[2026-01-08T11:12:18.682+0000] {processor.py:840} INFO - DAG(s) 'pg_to_clickhouse_payload_parsing' retrieved from /opt/airflow/dags/etl_postgres_to_clickhouse.py
[2026-01-08T11:12:18.720+0000] {logging_mixin.py:188} INFO - [2026-01-08T11:12:18.719+0000] {dag.py:3096} INFO - Sync 1 DAGs
[2026-01-08T11:12:18.746+0000] {logging_mixin.py:188} INFO - [2026-01-08T11:12:18.745+0000] {dag.py:3954} INFO - Setting next_dagrun for pg_to_clickhouse_payload_parsing to 2026-01-08 11:12:10+00:00, run_after=2026-01-08 11:12:20+00:00
[2026-01-08T11:12:18.773+0000] {processor.py:183} INFO - Processing /opt/airflow/dags/etl_postgres_to_clickhouse.py took 0.333 seconds
[2026-01-08T11:12:49.531+0000] {processor.py:161} INFO - Started process (PID=666) to work on /opt/airflow/dags/etl_postgres_to_clickhouse.py
[2026-01-08T11:12:49.532+0000] {processor.py:830} INFO - Processing file /opt/airflow/dags/etl_postgres_to_clickhouse.py for tasks to queue
[2026-01-08T11:12:49.535+0000] {logging_mixin.py:188} INFO - [2026-01-08T11:12:49.535+0000] {dagbag.py:545} INFO - Filling up the DagBag from /opt/airflow/dags/etl_postgres_to_clickhouse.py
[2026-01-08T11:12:49.745+0000] {processor.py:840} INFO - DAG(s) 'pg_to_clickhouse_payload_parsing' retrieved from /opt/airflow/dags/etl_postgres_to_clickhouse.py
[2026-01-08T11:12:49.778+0000] {logging_mixin.py:188} INFO - [2026-01-08T11:12:49.778+0000] {dag.py:3096} INFO - Sync 1 DAGs
[2026-01-08T11:12:49.803+0000] {logging_mixin.py:188} INFO - [2026-01-08T11:12:49.803+0000] {dag.py:3954} INFO - Setting next_dagrun for pg_to_clickhouse_payload_parsing to 2026-01-08 11:12:40+00:00, run_after=2026-01-08 11:12:50+00:00
[2026-01-08T11:12:49.828+0000] {processor.py:183} INFO - Processing /opt/airflow/dags/etl_postgres_to_clickhouse.py took 0.303 seconds
[2026-01-08T11:13:20.448+0000] {processor.py:161} INFO - Started process (PID=693) to work on /opt/airflow/dags/etl_postgres_to_clickhouse.py
[2026-01-08T11:13:20.449+0000] {processor.py:830} INFO - Processing file /opt/airflow/dags/etl_postgres_to_clickhouse.py for tasks to queue
[2026-01-08T11:13:20.452+0000] {logging_mixin.py:188} INFO - [2026-01-08T11:13:20.452+0000] {dagbag.py:545} INFO - Filling up the DagBag from /opt/airflow/dags/etl_postgres_to_clickhouse.py
[2026-01-08T11:13:20.702+0000] {processor.py:840} INFO - DAG(s) 'pg_to_clickhouse_payload_parsing' retrieved from /opt/airflow/dags/etl_postgres_to_clickhouse.py
[2026-01-08T11:13:20.738+0000] {logging_mixin.py:188} INFO - [2026-01-08T11:13:20.738+0000] {dag.py:3096} INFO - Sync 1 DAGs
[2026-01-08T11:13:20.766+0000] {logging_mixin.py:188} INFO - [2026-01-08T11:13:20.766+0000] {dag.py:3954} INFO - Setting next_dagrun for pg_to_clickhouse_payload_parsing to 2026-01-08 11:13:20+00:00, run_after=2026-01-08 11:13:30+00:00
[2026-01-08T11:13:20.794+0000] {processor.py:183} INFO - Processing /opt/airflow/dags/etl_postgres_to_clickhouse.py took 0.357 seconds
[2026-01-08T11:13:51.519+0000] {processor.py:161} INFO - Started process (PID=727) to work on /opt/airflow/dags/etl_postgres_to_clickhouse.py
[2026-01-08T11:13:51.520+0000] {processor.py:830} INFO - Processing file /opt/airflow/dags/etl_postgres_to_clickhouse.py for tasks to queue
[2026-01-08T11:13:51.523+0000] {logging_mixin.py:188} INFO - [2026-01-08T11:13:51.522+0000] {dagbag.py:545} INFO - Filling up the DagBag from /opt/airflow/dags/etl_postgres_to_clickhouse.py
[2026-01-08T11:13:51.833+0000] {processor.py:840} INFO - DAG(s) 'pg_to_clickhouse_payload_parsing' retrieved from /opt/airflow/dags/etl_postgres_to_clickhouse.py
[2026-01-08T11:13:51.882+0000] {logging_mixin.py:188} INFO - [2026-01-08T11:13:51.882+0000] {dag.py:3096} INFO - Sync 1 DAGs
[2026-01-08T11:13:51.915+0000] {logging_mixin.py:188} INFO - [2026-01-08T11:13:51.915+0000] {dag.py:3954} INFO - Setting next_dagrun for pg_to_clickhouse_payload_parsing to 2026-01-08 11:13:50+00:00, run_after=2026-01-08 11:14:00+00:00
[2026-01-08T11:13:51.945+0000] {processor.py:183} INFO - Processing /opt/airflow/dags/etl_postgres_to_clickhouse.py took 0.435 seconds
[2026-01-08T11:14:22.461+0000] {processor.py:161} INFO - Started process (PID=752) to work on /opt/airflow/dags/etl_postgres_to_clickhouse.py
[2026-01-08T11:14:22.462+0000] {processor.py:830} INFO - Processing file /opt/airflow/dags/etl_postgres_to_clickhouse.py for tasks to queue
[2026-01-08T11:14:22.465+0000] {logging_mixin.py:188} INFO - [2026-01-08T11:14:22.465+0000] {dagbag.py:545} INFO - Filling up the DagBag from /opt/airflow/dags/etl_postgres_to_clickhouse.py
[2026-01-08T11:14:22.744+0000] {processor.py:840} INFO - DAG(s) 'pg_to_clickhouse_payload_parsing' retrieved from /opt/airflow/dags/etl_postgres_to_clickhouse.py
[2026-01-08T11:14:22.777+0000] {logging_mixin.py:188} INFO - [2026-01-08T11:14:22.777+0000] {dag.py:3096} INFO - Sync 1 DAGs
[2026-01-08T11:14:22.804+0000] {logging_mixin.py:188} INFO - [2026-01-08T11:14:22.804+0000] {dag.py:3954} INFO - Setting next_dagrun for pg_to_clickhouse_payload_parsing to 2026-01-08 11:14:20+00:00, run_after=2026-01-08 11:14:30+00:00
[2026-01-08T11:14:22.832+0000] {processor.py:183} INFO - Processing /opt/airflow/dags/etl_postgres_to_clickhouse.py took 0.378 seconds
[2026-01-08T11:14:53.706+0000] {processor.py:161} INFO - Started process (PID=784) to work on /opt/airflow/dags/etl_postgres_to_clickhouse.py
[2026-01-08T11:14:53.708+0000] {processor.py:830} INFO - Processing file /opt/airflow/dags/etl_postgres_to_clickhouse.py for tasks to queue
[2026-01-08T11:14:53.710+0000] {logging_mixin.py:188} INFO - [2026-01-08T11:14:53.710+0000] {dagbag.py:545} INFO - Filling up the DagBag from /opt/airflow/dags/etl_postgres_to_clickhouse.py
[2026-01-08T11:14:53.990+0000] {processor.py:840} INFO - DAG(s) 'pg_to_clickhouse_payload_parsing' retrieved from /opt/airflow/dags/etl_postgres_to_clickhouse.py
[2026-01-08T11:14:54.038+0000] {logging_mixin.py:188} INFO - [2026-01-08T11:14:54.038+0000] {dag.py:3096} INFO - Sync 1 DAGs
[2026-01-08T11:14:54.076+0000] {logging_mixin.py:188} INFO - [2026-01-08T11:14:54.076+0000] {dag.py:3954} INFO - Setting next_dagrun for pg_to_clickhouse_payload_parsing to 2026-01-08 11:14:50+00:00, run_after=2026-01-08 11:15:00+00:00
[2026-01-08T11:14:54.103+0000] {processor.py:183} INFO - Processing /opt/airflow/dags/etl_postgres_to_clickhouse.py took 0.406 seconds
[2026-01-08T11:15:24.511+0000] {processor.py:161} INFO - Started process (PID=810) to work on /opt/airflow/dags/etl_postgres_to_clickhouse.py
[2026-01-08T11:15:24.513+0000] {processor.py:830} INFO - Processing file /opt/airflow/dags/etl_postgres_to_clickhouse.py for tasks to queue
[2026-01-08T11:15:24.515+0000] {logging_mixin.py:188} INFO - [2026-01-08T11:15:24.515+0000] {dagbag.py:545} INFO - Filling up the DagBag from /opt/airflow/dags/etl_postgres_to_clickhouse.py
[2026-01-08T11:15:24.754+0000] {processor.py:840} INFO - DAG(s) 'pg_to_clickhouse_payload_parsing' retrieved from /opt/airflow/dags/etl_postgres_to_clickhouse.py
[2026-01-08T11:15:24.799+0000] {logging_mixin.py:188} INFO - [2026-01-08T11:15:24.798+0000] {dag.py:3096} INFO - Sync 1 DAGs
[2026-01-08T11:15:24.835+0000] {logging_mixin.py:188} INFO - [2026-01-08T11:15:24.834+0000] {dag.py:3954} INFO - Setting next_dagrun for pg_to_clickhouse_payload_parsing to 2026-01-08 11:15:20+00:00, run_after=2026-01-08 11:15:30+00:00
[2026-01-08T11:15:24.862+0000] {processor.py:183} INFO - Processing /opt/airflow/dags/etl_postgres_to_clickhouse.py took 0.357 seconds
[2026-01-08T11:15:55.335+0000] {processor.py:161} INFO - Started process (PID=835) to work on /opt/airflow/dags/etl_postgres_to_clickhouse.py
[2026-01-08T11:15:55.337+0000] {processor.py:830} INFO - Processing file /opt/airflow/dags/etl_postgres_to_clickhouse.py for tasks to queue
[2026-01-08T11:15:55.339+0000] {logging_mixin.py:188} INFO - [2026-01-08T11:15:55.339+0000] {dagbag.py:545} INFO - Filling up the DagBag from /opt/airflow/dags/etl_postgres_to_clickhouse.py
[2026-01-08T11:15:55.557+0000] {processor.py:840} INFO - DAG(s) 'pg_to_clickhouse_payload_parsing' retrieved from /opt/airflow/dags/etl_postgres_to_clickhouse.py
[2026-01-08T11:15:55.596+0000] {logging_mixin.py:188} INFO - [2026-01-08T11:15:55.596+0000] {dag.py:3096} INFO - Sync 1 DAGs
[2026-01-08T11:15:55.624+0000] {logging_mixin.py:188} INFO - [2026-01-08T11:15:55.623+0000] {dag.py:3954} INFO - Setting next_dagrun for pg_to_clickhouse_payload_parsing to 2026-01-08 11:15:50+00:00, run_after=2026-01-08 11:16:00+00:00
[2026-01-08T11:15:55.653+0000] {processor.py:183} INFO - Processing /opt/airflow/dags/etl_postgres_to_clickhouse.py took 0.325 seconds
[2026-01-08T11:16:26.136+0000] {processor.py:161} INFO - Started process (PID=867) to work on /opt/airflow/dags/etl_postgres_to_clickhouse.py
[2026-01-08T11:16:26.138+0000] {processor.py:830} INFO - Processing file /opt/airflow/dags/etl_postgres_to_clickhouse.py for tasks to queue
[2026-01-08T11:16:26.140+0000] {logging_mixin.py:188} INFO - [2026-01-08T11:16:26.140+0000] {dagbag.py:545} INFO - Filling up the DagBag from /opt/airflow/dags/etl_postgres_to_clickhouse.py
[2026-01-08T11:16:26.379+0000] {processor.py:840} INFO - DAG(s) 'pg_to_clickhouse_payload_parsing' retrieved from /opt/airflow/dags/etl_postgres_to_clickhouse.py
[2026-01-08T11:16:26.414+0000] {logging_mixin.py:188} INFO - [2026-01-08T11:16:26.413+0000] {dag.py:3096} INFO - Sync 1 DAGs
[2026-01-08T11:16:26.439+0000] {logging_mixin.py:188} INFO - [2026-01-08T11:16:26.439+0000] {dag.py:3954} INFO - Setting next_dagrun for pg_to_clickhouse_payload_parsing to 2026-01-08 11:16:20+00:00, run_after=2026-01-08 11:16:30+00:00
[2026-01-08T11:16:26.465+0000] {processor.py:183} INFO - Processing /opt/airflow/dags/etl_postgres_to_clickhouse.py took 0.335 seconds
[2026-01-08T11:16:56.892+0000] {processor.py:161} INFO - Started process (PID=892) to work on /opt/airflow/dags/etl_postgres_to_clickhouse.py
[2026-01-08T11:16:56.894+0000] {processor.py:830} INFO - Processing file /opt/airflow/dags/etl_postgres_to_clickhouse.py for tasks to queue
[2026-01-08T11:16:56.896+0000] {logging_mixin.py:188} INFO - [2026-01-08T11:16:56.896+0000] {dagbag.py:545} INFO - Filling up the DagBag from /opt/airflow/dags/etl_postgres_to_clickhouse.py
[2026-01-08T11:16:57.146+0000] {processor.py:840} INFO - DAG(s) 'pg_to_clickhouse_payload_parsing' retrieved from /opt/airflow/dags/etl_postgres_to_clickhouse.py
[2026-01-08T11:16:57.189+0000] {logging_mixin.py:188} INFO - [2026-01-08T11:16:57.189+0000] {dag.py:3096} INFO - Sync 1 DAGs
[2026-01-08T11:16:57.221+0000] {logging_mixin.py:188} INFO - [2026-01-08T11:16:57.221+0000] {dag.py:3954} INFO - Setting next_dagrun for pg_to_clickhouse_payload_parsing to 2026-01-08 11:16:50+00:00, run_after=2026-01-08 11:17:00+00:00
[2026-01-08T11:16:57.250+0000] {processor.py:183} INFO - Processing /opt/airflow/dags/etl_postgres_to_clickhouse.py took 0.364 seconds
[2026-01-08T11:17:27.713+0000] {processor.py:161} INFO - Started process (PID=923) to work on /opt/airflow/dags/etl_postgres_to_clickhouse.py
[2026-01-08T11:17:27.715+0000] {processor.py:830} INFO - Processing file /opt/airflow/dags/etl_postgres_to_clickhouse.py for tasks to queue
[2026-01-08T11:17:27.717+0000] {logging_mixin.py:188} INFO - [2026-01-08T11:17:27.716+0000] {dagbag.py:545} INFO - Filling up the DagBag from /opt/airflow/dags/etl_postgres_to_clickhouse.py
[2026-01-08T11:17:27.944+0000] {processor.py:840} INFO - DAG(s) 'pg_to_clickhouse_payload_parsing' retrieved from /opt/airflow/dags/etl_postgres_to_clickhouse.py
[2026-01-08T11:17:27.982+0000] {logging_mixin.py:188} INFO - [2026-01-08T11:17:27.982+0000] {dag.py:3096} INFO - Sync 1 DAGs
[2026-01-08T11:17:28.011+0000] {logging_mixin.py:188} INFO - [2026-01-08T11:17:28.011+0000] {dag.py:3954} INFO - Setting next_dagrun for pg_to_clickhouse_payload_parsing to 2026-01-08 11:17:20+00:00, run_after=2026-01-08 11:17:30+00:00
[2026-01-08T11:17:28.037+0000] {processor.py:183} INFO - Processing /opt/airflow/dags/etl_postgres_to_clickhouse.py took 0.330 seconds
[2026-01-08T11:17:58.541+0000] {processor.py:161} INFO - Started process (PID=948) to work on /opt/airflow/dags/etl_postgres_to_clickhouse.py
[2026-01-08T11:17:58.542+0000] {processor.py:830} INFO - Processing file /opt/airflow/dags/etl_postgres_to_clickhouse.py for tasks to queue
[2026-01-08T11:17:58.544+0000] {logging_mixin.py:188} INFO - [2026-01-08T11:17:58.544+0000] {dagbag.py:545} INFO - Filling up the DagBag from /opt/airflow/dags/etl_postgres_to_clickhouse.py
[2026-01-08T11:17:58.769+0000] {processor.py:840} INFO - DAG(s) 'pg_to_clickhouse_payload_parsing' retrieved from /opt/airflow/dags/etl_postgres_to_clickhouse.py
[2026-01-08T11:17:58.801+0000] {logging_mixin.py:188} INFO - [2026-01-08T11:17:58.801+0000] {dag.py:3096} INFO - Sync 1 DAGs
[2026-01-08T11:17:58.825+0000] {logging_mixin.py:188} INFO - [2026-01-08T11:17:58.824+0000] {dag.py:3954} INFO - Setting next_dagrun for pg_to_clickhouse_payload_parsing to 2026-01-08 11:17:50+00:00, run_after=2026-01-08 11:18:00+00:00
[2026-01-08T11:17:58.847+0000] {processor.py:183} INFO - Processing /opt/airflow/dags/etl_postgres_to_clickhouse.py took 0.313 seconds
[2026-01-08T11:18:29.777+0000] {processor.py:161} INFO - Started process (PID=980) to work on /opt/airflow/dags/etl_postgres_to_clickhouse.py
[2026-01-08T11:18:29.779+0000] {processor.py:830} INFO - Processing file /opt/airflow/dags/etl_postgres_to_clickhouse.py for tasks to queue
[2026-01-08T11:18:29.785+0000] {logging_mixin.py:188} INFO - [2026-01-08T11:18:29.784+0000] {dagbag.py:545} INFO - Filling up the DagBag from /opt/airflow/dags/etl_postgres_to_clickhouse.py
[2026-01-08T11:18:30.150+0000] {processor.py:840} INFO - DAG(s) 'pg_to_clickhouse_payload_parsing' retrieved from /opt/airflow/dags/etl_postgres_to_clickhouse.py
[2026-01-08T11:18:30.193+0000] {logging_mixin.py:188} INFO - [2026-01-08T11:18:30.193+0000] {dag.py:3096} INFO - Sync 1 DAGs
[2026-01-08T11:18:30.239+0000] {logging_mixin.py:188} INFO - [2026-01-08T11:18:30.238+0000] {dag.py:3954} INFO - Setting next_dagrun for pg_to_clickhouse_payload_parsing to 2026-01-08 11:18:20+00:00, run_after=2026-01-08 11:18:30+00:00
[2026-01-08T11:18:30.271+0000] {processor.py:183} INFO - Processing /opt/airflow/dags/etl_postgres_to_clickhouse.py took 0.504 seconds
[2026-01-08T11:19:00.594+0000] {processor.py:161} INFO - Started process (PID=1006) to work on /opt/airflow/dags/etl_postgres_to_clickhouse.py
[2026-01-08T11:19:00.596+0000] {processor.py:830} INFO - Processing file /opt/airflow/dags/etl_postgres_to_clickhouse.py for tasks to queue
[2026-01-08T11:19:00.598+0000] {logging_mixin.py:188} INFO - [2026-01-08T11:19:00.598+0000] {dagbag.py:545} INFO - Filling up the DagBag from /opt/airflow/dags/etl_postgres_to_clickhouse.py
[2026-01-08T11:19:00.813+0000] {processor.py:840} INFO - DAG(s) 'pg_to_clickhouse_payload_parsing' retrieved from /opt/airflow/dags/etl_postgres_to_clickhouse.py
[2026-01-08T11:19:00.848+0000] {logging_mixin.py:188} INFO - [2026-01-08T11:19:00.847+0000] {dag.py:3096} INFO - Sync 1 DAGs
[2026-01-08T11:19:00.873+0000] {logging_mixin.py:188} INFO - [2026-01-08T11:19:00.873+0000] {dag.py:3954} INFO - Setting next_dagrun for pg_to_clickhouse_payload_parsing to 2026-01-08 11:19:00+00:00, run_after=2026-01-08 11:19:10+00:00
[2026-01-08T11:19:00.920+0000] {processor.py:183} INFO - Processing /opt/airflow/dags/etl_postgres_to_clickhouse.py took 0.332 seconds
[2026-01-08T11:19:31.392+0000] {processor.py:161} INFO - Started process (PID=1041) to work on /opt/airflow/dags/etl_postgres_to_clickhouse.py
[2026-01-08T11:19:31.394+0000] {processor.py:830} INFO - Processing file /opt/airflow/dags/etl_postgres_to_clickhouse.py for tasks to queue
[2026-01-08T11:19:31.397+0000] {logging_mixin.py:188} INFO - [2026-01-08T11:19:31.396+0000] {dagbag.py:545} INFO - Filling up the DagBag from /opt/airflow/dags/etl_postgres_to_clickhouse.py
[2026-01-08T11:19:31.685+0000] {processor.py:840} INFO - DAG(s) 'pg_to_clickhouse_payload_parsing' retrieved from /opt/airflow/dags/etl_postgres_to_clickhouse.py
[2026-01-08T11:19:31.730+0000] {logging_mixin.py:188} INFO - [2026-01-08T11:19:31.730+0000] {dag.py:3096} INFO - Sync 1 DAGs
[2026-01-08T11:19:31.762+0000] {logging_mixin.py:188} INFO - [2026-01-08T11:19:31.762+0000] {dag.py:3954} INFO - Setting next_dagrun for pg_to_clickhouse_payload_parsing to 2026-01-08 11:19:30+00:00, run_after=2026-01-08 11:19:40+00:00
[2026-01-08T11:19:31.793+0000] {processor.py:183} INFO - Processing /opt/airflow/dags/etl_postgres_to_clickhouse.py took 0.411 seconds
[2026-01-08T11:20:02.611+0000] {processor.py:161} INFO - Started process (PID=1067) to work on /opt/airflow/dags/etl_postgres_to_clickhouse.py
[2026-01-08T11:20:02.613+0000] {processor.py:830} INFO - Processing file /opt/airflow/dags/etl_postgres_to_clickhouse.py for tasks to queue
[2026-01-08T11:20:02.618+0000] {logging_mixin.py:188} INFO - [2026-01-08T11:20:02.617+0000] {dagbag.py:545} INFO - Filling up the DagBag from /opt/airflow/dags/etl_postgres_to_clickhouse.py
[2026-01-08T11:20:02.908+0000] {processor.py:840} INFO - DAG(s) 'pg_to_clickhouse_payload_parsing' retrieved from /opt/airflow/dags/etl_postgres_to_clickhouse.py
[2026-01-08T11:20:02.954+0000] {logging_mixin.py:188} INFO - [2026-01-08T11:20:02.954+0000] {dag.py:3096} INFO - Sync 1 DAGs
[2026-01-08T11:20:03.006+0000] {logging_mixin.py:188} INFO - [2026-01-08T11:20:03.005+0000] {dag.py:3954} INFO - Setting next_dagrun for pg_to_clickhouse_payload_parsing to 2026-01-08 11:20:00+00:00, run_after=2026-01-08 11:20:10+00:00
[2026-01-08T11:20:03.049+0000] {processor.py:183} INFO - Processing /opt/airflow/dags/etl_postgres_to_clickhouse.py took 0.452 seconds
[2026-01-08T11:20:33.486+0000] {processor.py:161} INFO - Started process (PID=1093) to work on /opt/airflow/dags/etl_postgres_to_clickhouse.py
[2026-01-08T11:20:33.487+0000] {processor.py:830} INFO - Processing file /opt/airflow/dags/etl_postgres_to_clickhouse.py for tasks to queue
[2026-01-08T11:20:33.491+0000] {logging_mixin.py:188} INFO - [2026-01-08T11:20:33.490+0000] {dagbag.py:545} INFO - Filling up the DagBag from /opt/airflow/dags/etl_postgres_to_clickhouse.py
[2026-01-08T11:20:33.858+0000] {processor.py:840} INFO - DAG(s) 'pg_to_clickhouse_payload_parsing' retrieved from /opt/airflow/dags/etl_postgres_to_clickhouse.py
[2026-01-08T11:20:33.917+0000] {logging_mixin.py:188} INFO - [2026-01-08T11:20:33.916+0000] {dag.py:3096} INFO - Sync 1 DAGs
[2026-01-08T11:20:33.960+0000] {logging_mixin.py:188} INFO - [2026-01-08T11:20:33.959+0000] {dag.py:3954} INFO - Setting next_dagrun for pg_to_clickhouse_payload_parsing to 2026-01-08 11:20:30+00:00, run_after=2026-01-08 11:20:40+00:00
[2026-01-08T11:20:33.995+0000] {processor.py:183} INFO - Processing /opt/airflow/dags/etl_postgres_to_clickhouse.py took 0.519 seconds
[2026-01-08T11:21:04.880+0000] {processor.py:161} INFO - Started process (PID=1119) to work on /opt/airflow/dags/etl_postgres_to_clickhouse.py
[2026-01-08T11:21:04.888+0000] {processor.py:830} INFO - Processing file /opt/airflow/dags/etl_postgres_to_clickhouse.py for tasks to queue
[2026-01-08T11:21:04.891+0000] {logging_mixin.py:188} INFO - [2026-01-08T11:21:04.891+0000] {dagbag.py:545} INFO - Filling up the DagBag from /opt/airflow/dags/etl_postgres_to_clickhouse.py
[2026-01-08T11:21:05.311+0000] {processor.py:840} INFO - DAG(s) 'pg_to_clickhouse_payload_parsing' retrieved from /opt/airflow/dags/etl_postgres_to_clickhouse.py
[2026-01-08T11:21:05.357+0000] {logging_mixin.py:188} INFO - [2026-01-08T11:21:05.357+0000] {dag.py:3096} INFO - Sync 1 DAGs
[2026-01-08T11:21:05.400+0000] {logging_mixin.py:188} INFO - [2026-01-08T11:21:05.399+0000] {dag.py:3954} INFO - Setting next_dagrun for pg_to_clickhouse_payload_parsing to 2026-01-08 11:21:00+00:00, run_after=2026-01-08 11:21:10+00:00
[2026-01-08T11:21:05.441+0000] {processor.py:183} INFO - Processing /opt/airflow/dags/etl_postgres_to_clickhouse.py took 0.575 seconds
[2026-01-08T11:21:35.663+0000] {processor.py:161} INFO - Started process (PID=1151) to work on /opt/airflow/dags/etl_postgres_to_clickhouse.py
[2026-01-08T11:21:35.665+0000] {processor.py:830} INFO - Processing file /opt/airflow/dags/etl_postgres_to_clickhouse.py for tasks to queue
[2026-01-08T11:21:35.668+0000] {logging_mixin.py:188} INFO - [2026-01-08T11:21:35.667+0000] {dagbag.py:545} INFO - Filling up the DagBag from /opt/airflow/dags/etl_postgres_to_clickhouse.py
[2026-01-08T11:21:36.150+0000] {processor.py:840} INFO - DAG(s) 'pg_to_clickhouse_payload_parsing' retrieved from /opt/airflow/dags/etl_postgres_to_clickhouse.py
[2026-01-08T11:21:36.202+0000] {logging_mixin.py:188} INFO - [2026-01-08T11:21:36.202+0000] {dag.py:3096} INFO - Sync 1 DAGs
[2026-01-08T11:21:36.241+0000] {logging_mixin.py:188} INFO - [2026-01-08T11:21:36.241+0000] {dag.py:3954} INFO - Setting next_dagrun for pg_to_clickhouse_payload_parsing to 2026-01-08 11:21:30+00:00, run_after=2026-01-08 11:21:40+00:00
[2026-01-08T11:21:36.269+0000] {processor.py:183} INFO - Processing /opt/airflow/dags/etl_postgres_to_clickhouse.py took 0.617 seconds
[2026-01-08T11:22:07.167+0000] {processor.py:161} INFO - Started process (PID=1175) to work on /opt/airflow/dags/etl_postgres_to_clickhouse.py
[2026-01-08T11:22:07.169+0000] {processor.py:830} INFO - Processing file /opt/airflow/dags/etl_postgres_to_clickhouse.py for tasks to queue
[2026-01-08T11:22:07.172+0000] {logging_mixin.py:188} INFO - [2026-01-08T11:22:07.171+0000] {dagbag.py:545} INFO - Filling up the DagBag from /opt/airflow/dags/etl_postgres_to_clickhouse.py
[2026-01-08T11:22:07.556+0000] {processor.py:840} INFO - DAG(s) 'pg_to_clickhouse_payload_parsing' retrieved from /opt/airflow/dags/etl_postgres_to_clickhouse.py
[2026-01-08T11:22:07.610+0000] {logging_mixin.py:188} INFO - [2026-01-08T11:22:07.610+0000] {dag.py:3096} INFO - Sync 1 DAGs
[2026-01-08T11:22:07.647+0000] {logging_mixin.py:188} INFO - [2026-01-08T11:22:07.647+0000] {dag.py:3954} INFO - Setting next_dagrun for pg_to_clickhouse_payload_parsing to 2026-01-08 11:22:00+00:00, run_after=2026-01-08 11:22:10+00:00
[2026-01-08T11:22:07.681+0000] {processor.py:183} INFO - Processing /opt/airflow/dags/etl_postgres_to_clickhouse.py took 0.524 seconds
[2026-01-08T11:22:38.105+0000] {processor.py:161} INFO - Started process (PID=1200) to work on /opt/airflow/dags/etl_postgres_to_clickhouse.py
[2026-01-08T11:22:38.116+0000] {processor.py:830} INFO - Processing file /opt/airflow/dags/etl_postgres_to_clickhouse.py for tasks to queue
[2026-01-08T11:22:38.121+0000] {logging_mixin.py:188} INFO - [2026-01-08T11:22:38.120+0000] {dagbag.py:545} INFO - Filling up the DagBag from /opt/airflow/dags/etl_postgres_to_clickhouse.py
[2026-01-08T11:22:37.292+0000] {processor.py:840} INFO - DAG(s) 'pg_to_clickhouse_payload_parsing' retrieved from /opt/airflow/dags/etl_postgres_to_clickhouse.py
[2026-01-08T11:22:37.343+0000] {logging_mixin.py:188} INFO - [2026-01-08T11:22:37.342+0000] {dag.py:3096} INFO - Sync 1 DAGs
[2026-01-08T11:22:37.399+0000] {logging_mixin.py:188} INFO - [2026-01-08T11:22:37.398+0000] {dag.py:3954} INFO - Setting next_dagrun for pg_to_clickhouse_payload_parsing to 2026-01-08 11:22:30+00:00, run_after=2026-01-08 11:22:40+00:00
[2026-01-08T11:22:37.457+0000] {processor.py:183} INFO - Processing /opt/airflow/dags/etl_postgres_to_clickhouse.py took 0.841 seconds
[2026-01-08T11:23:08.082+0000] {processor.py:161} INFO - Started process (PID=1225) to work on /opt/airflow/dags/etl_postgres_to_clickhouse.py
[2026-01-08T11:23:08.084+0000] {processor.py:830} INFO - Processing file /opt/airflow/dags/etl_postgres_to_clickhouse.py for tasks to queue
[2026-01-08T11:23:08.088+0000] {logging_mixin.py:188} INFO - [2026-01-08T11:23:08.088+0000] {dagbag.py:545} INFO - Filling up the DagBag from /opt/airflow/dags/etl_postgres_to_clickhouse.py
[2026-01-08T11:23:08.777+0000] {processor.py:840} INFO - DAG(s) 'pg_to_clickhouse_payload_parsing' retrieved from /opt/airflow/dags/etl_postgres_to_clickhouse.py
[2026-01-08T11:23:08.854+0000] {logging_mixin.py:188} INFO - [2026-01-08T11:23:08.853+0000] {dag.py:3096} INFO - Sync 1 DAGs
[2026-01-08T11:23:08.958+0000] {logging_mixin.py:188} INFO - [2026-01-08T11:23:08.958+0000] {dag.py:3954} INFO - Setting next_dagrun for pg_to_clickhouse_payload_parsing to 2026-01-08 11:23:00+00:00, run_after=2026-01-08 11:23:10+00:00
[2026-01-08T11:23:09.025+0000] {processor.py:183} INFO - Processing /opt/airflow/dags/etl_postgres_to_clickhouse.py took 0.962 seconds
[2026-01-08T11:23:39.970+0000] {processor.py:161} INFO - Started process (PID=1251) to work on /opt/airflow/dags/etl_postgres_to_clickhouse.py
[2026-01-08T11:23:39.972+0000] {processor.py:830} INFO - Processing file /opt/airflow/dags/etl_postgres_to_clickhouse.py for tasks to queue
[2026-01-08T11:23:39.975+0000] {logging_mixin.py:188} INFO - [2026-01-08T11:23:39.975+0000] {dagbag.py:545} INFO - Filling up the DagBag from /opt/airflow/dags/etl_postgres_to_clickhouse.py
[2026-01-08T11:23:40.500+0000] {processor.py:840} INFO - DAG(s) 'pg_to_clickhouse_payload_parsing' retrieved from /opt/airflow/dags/etl_postgres_to_clickhouse.py
[2026-01-08T11:23:40.583+0000] {logging_mixin.py:188} INFO - [2026-01-08T11:23:40.582+0000] {dag.py:3096} INFO - Sync 1 DAGs
[2026-01-08T11:23:40.652+0000] {logging_mixin.py:188} INFO - [2026-01-08T11:23:40.650+0000] {dag.py:3954} INFO - Setting next_dagrun for pg_to_clickhouse_payload_parsing to 2026-01-08 11:23:30+00:00, run_after=2026-01-08 11:23:40+00:00
[2026-01-08T11:23:40.686+0000] {processor.py:183} INFO - Processing /opt/airflow/dags/etl_postgres_to_clickhouse.py took 0.727 seconds
[2026-01-08T11:24:10.939+0000] {processor.py:161} INFO - Started process (PID=1277) to work on /opt/airflow/dags/etl_postgres_to_clickhouse.py
[2026-01-08T11:24:10.941+0000] {processor.py:830} INFO - Processing file /opt/airflow/dags/etl_postgres_to_clickhouse.py for tasks to queue
[2026-01-08T11:24:10.944+0000] {logging_mixin.py:188} INFO - [2026-01-08T11:24:10.944+0000] {dagbag.py:545} INFO - Filling up the DagBag from /opt/airflow/dags/etl_postgres_to_clickhouse.py
[2026-01-08T11:24:11.380+0000] {processor.py:840} INFO - DAG(s) 'pg_to_clickhouse_payload_parsing' retrieved from /opt/airflow/dags/etl_postgres_to_clickhouse.py
[2026-01-08T11:24:11.431+0000] {logging_mixin.py:188} INFO - [2026-01-08T11:24:11.431+0000] {dag.py:3096} INFO - Sync 1 DAGs
[2026-01-08T11:24:11.476+0000] {logging_mixin.py:188} INFO - [2026-01-08T11:24:11.476+0000] {dag.py:3954} INFO - Setting next_dagrun for pg_to_clickhouse_payload_parsing to 2026-01-08 11:24:10+00:00, run_after=2026-01-08 11:24:20+00:00
[2026-01-08T11:24:11.514+0000] {processor.py:183} INFO - Processing /opt/airflow/dags/etl_postgres_to_clickhouse.py took 0.586 seconds
[2026-01-08T11:24:41.732+0000] {processor.py:161} INFO - Started process (PID=1303) to work on /opt/airflow/dags/etl_postgres_to_clickhouse.py
[2026-01-08T11:24:41.736+0000] {processor.py:830} INFO - Processing file /opt/airflow/dags/etl_postgres_to_clickhouse.py for tasks to queue
[2026-01-08T11:24:41.739+0000] {logging_mixin.py:188} INFO - [2026-01-08T11:24:41.739+0000] {dagbag.py:545} INFO - Filling up the DagBag from /opt/airflow/dags/etl_postgres_to_clickhouse.py
[2026-01-08T11:24:41.983+0000] {processor.py:840} INFO - DAG(s) 'pg_to_clickhouse_payload_parsing' retrieved from /opt/airflow/dags/etl_postgres_to_clickhouse.py
[2026-01-08T11:24:42.016+0000] {logging_mixin.py:188} INFO - [2026-01-08T11:24:42.016+0000] {dag.py:3096} INFO - Sync 1 DAGs
[2026-01-08T11:24:42.041+0000] {logging_mixin.py:188} INFO - [2026-01-08T11:24:42.041+0000] {dag.py:3954} INFO - Setting next_dagrun for pg_to_clickhouse_payload_parsing to 2026-01-08 11:24:40+00:00, run_after=2026-01-08 11:24:50+00:00
[2026-01-08T11:24:42.070+0000] {processor.py:183} INFO - Processing /opt/airflow/dags/etl_postgres_to_clickhouse.py took 0.347 seconds
[2026-01-08T11:25:12.526+0000] {processor.py:161} INFO - Started process (PID=1335) to work on /opt/airflow/dags/etl_postgres_to_clickhouse.py
[2026-01-08T11:25:12.527+0000] {processor.py:830} INFO - Processing file /opt/airflow/dags/etl_postgres_to_clickhouse.py for tasks to queue
[2026-01-08T11:25:12.529+0000] {logging_mixin.py:188} INFO - [2026-01-08T11:25:12.529+0000] {dagbag.py:545} INFO - Filling up the DagBag from /opt/airflow/dags/etl_postgres_to_clickhouse.py
[2026-01-08T11:25:12.786+0000] {processor.py:840} INFO - DAG(s) 'pg_to_clickhouse_payload_parsing' retrieved from /opt/airflow/dags/etl_postgres_to_clickhouse.py
[2026-01-08T11:25:12.820+0000] {logging_mixin.py:188} INFO - [2026-01-08T11:25:12.820+0000] {dag.py:3096} INFO - Sync 1 DAGs
[2026-01-08T11:25:12.852+0000] {logging_mixin.py:188} INFO - [2026-01-08T11:25:12.852+0000] {dag.py:3954} INFO - Setting next_dagrun for pg_to_clickhouse_payload_parsing to 2026-01-08 11:25:10+00:00, run_after=2026-01-08 11:25:20+00:00
[2026-01-08T11:25:12.878+0000] {processor.py:183} INFO - Processing /opt/airflow/dags/etl_postgres_to_clickhouse.py took 0.359 seconds
[2026-01-08T11:25:43.707+0000] {processor.py:161} INFO - Started process (PID=1360) to work on /opt/airflow/dags/etl_postgres_to_clickhouse.py
[2026-01-08T11:25:43.708+0000] {processor.py:830} INFO - Processing file /opt/airflow/dags/etl_postgres_to_clickhouse.py for tasks to queue
[2026-01-08T11:25:43.711+0000] {logging_mixin.py:188} INFO - [2026-01-08T11:25:43.710+0000] {dagbag.py:545} INFO - Filling up the DagBag from /opt/airflow/dags/etl_postgres_to_clickhouse.py
[2026-01-08T11:25:43.979+0000] {processor.py:840} INFO - DAG(s) 'pg_to_clickhouse_payload_parsing' retrieved from /opt/airflow/dags/etl_postgres_to_clickhouse.py
[2026-01-08T11:25:44.013+0000] {logging_mixin.py:188} INFO - [2026-01-08T11:25:44.012+0000] {dag.py:3096} INFO - Sync 1 DAGs
[2026-01-08T11:25:44.040+0000] {logging_mixin.py:188} INFO - [2026-01-08T11:25:44.040+0000] {dag.py:3954} INFO - Setting next_dagrun for pg_to_clickhouse_payload_parsing to 2026-01-08 11:25:40+00:00, run_after=2026-01-08 11:25:50+00:00
[2026-01-08T11:25:44.066+0000] {processor.py:183} INFO - Processing /opt/airflow/dags/etl_postgres_to_clickhouse.py took 0.366 seconds
[2026-01-08T11:26:14.505+0000] {processor.py:161} INFO - Started process (PID=1392) to work on /opt/airflow/dags/etl_postgres_to_clickhouse.py
[2026-01-08T11:26:14.509+0000] {processor.py:830} INFO - Processing file /opt/airflow/dags/etl_postgres_to_clickhouse.py for tasks to queue
[2026-01-08T11:26:14.512+0000] {logging_mixin.py:188} INFO - [2026-01-08T11:26:14.512+0000] {dagbag.py:545} INFO - Filling up the DagBag from /opt/airflow/dags/etl_postgres_to_clickhouse.py
[2026-01-08T11:26:14.733+0000] {processor.py:840} INFO - DAG(s) 'pg_to_clickhouse_payload_parsing' retrieved from /opt/airflow/dags/etl_postgres_to_clickhouse.py
[2026-01-08T11:26:14.766+0000] {logging_mixin.py:188} INFO - [2026-01-08T11:26:14.766+0000] {dag.py:3096} INFO - Sync 1 DAGs
[2026-01-08T11:26:14.789+0000] {logging_mixin.py:188} INFO - [2026-01-08T11:26:14.789+0000] {dag.py:3954} INFO - Setting next_dagrun for pg_to_clickhouse_payload_parsing to 2026-01-08 11:26:10+00:00, run_after=2026-01-08 11:26:20+00:00
[2026-01-08T11:26:14.815+0000] {processor.py:183} INFO - Processing /opt/airflow/dags/etl_postgres_to_clickhouse.py took 0.317 seconds
[2026-01-08T11:26:45.320+0000] {processor.py:161} INFO - Started process (PID=1417) to work on /opt/airflow/dags/etl_postgres_to_clickhouse.py
[2026-01-08T11:26:45.321+0000] {processor.py:830} INFO - Processing file /opt/airflow/dags/etl_postgres_to_clickhouse.py for tasks to queue
[2026-01-08T11:26:45.324+0000] {logging_mixin.py:188} INFO - [2026-01-08T11:26:45.324+0000] {dagbag.py:545} INFO - Filling up the DagBag from /opt/airflow/dags/etl_postgres_to_clickhouse.py
[2026-01-08T11:26:45.576+0000] {processor.py:840} INFO - DAG(s) 'pg_to_clickhouse_payload_parsing' retrieved from /opt/airflow/dags/etl_postgres_to_clickhouse.py
[2026-01-08T11:26:45.611+0000] {logging_mixin.py:188} INFO - [2026-01-08T11:26:45.611+0000] {dag.py:3096} INFO - Sync 1 DAGs
[2026-01-08T11:26:45.640+0000] {logging_mixin.py:188} INFO - [2026-01-08T11:26:45.640+0000] {dag.py:3954} INFO - Setting next_dagrun for pg_to_clickhouse_payload_parsing to 2026-01-08 11:26:40+00:00, run_after=2026-01-08 11:26:50+00:00
[2026-01-08T11:26:45.671+0000] {processor.py:183} INFO - Processing /opt/airflow/dags/etl_postgres_to_clickhouse.py took 0.359 seconds
[2026-01-08T11:27:50.077+0000] {processor.py:161} INFO - Started process (PID=189) to work on /opt/airflow/dags/etl_postgres_to_clickhouse.py
[2026-01-08T11:27:50.079+0000] {processor.py:830} INFO - Processing file /opt/airflow/dags/etl_postgres_to_clickhouse.py for tasks to queue
[2026-01-08T11:27:50.082+0000] {logging_mixin.py:188} INFO - [2026-01-08T11:27:50.082+0000] {dagbag.py:545} INFO - Filling up the DagBag from /opt/airflow/dags/etl_postgres_to_clickhouse.py
[2026-01-08T11:27:50.550+0000] {processor.py:840} INFO - DAG(s) 'pg_to_clickhouse_payload_parsing' retrieved from /opt/airflow/dags/etl_postgres_to_clickhouse.py
[2026-01-08T11:27:50.832+0000] {logging_mixin.py:188} INFO - [2026-01-08T11:27:50.831+0000] {override.py:1829} INFO - Created Permission View: can delete on DAG:pg_to_clickhouse_payload_parsing
[2026-01-08T11:27:50.850+0000] {logging_mixin.py:188} INFO - [2026-01-08T11:27:50.850+0000] {override.py:1829} INFO - Created Permission View: can read on DAG:pg_to_clickhouse_payload_parsing
[2026-01-08T11:27:50.865+0000] {logging_mixin.py:188} INFO - [2026-01-08T11:27:50.865+0000] {override.py:1829} INFO - Created Permission View: can edit on DAG:pg_to_clickhouse_payload_parsing
[2026-01-08T11:27:50.867+0000] {logging_mixin.py:188} INFO - [2026-01-08T11:27:50.866+0000] {dag.py:3096} INFO - Sync 1 DAGs
[2026-01-08T11:27:50.889+0000] {logging_mixin.py:188} INFO - [2026-01-08T11:27:50.888+0000] {dag.py:3118} INFO - Creating ORM DAG for pg_to_clickhouse_payload_parsing
[2026-01-08T11:27:50.906+0000] {logging_mixin.py:188} INFO - [2026-01-08T11:27:50.906+0000] {dag.py:3954} INFO - Setting next_dagrun for pg_to_clickhouse_payload_parsing to 2026-01-08 11:27:40+00:00, run_after=2026-01-08 11:27:50+00:00
[2026-01-08T11:27:50.949+0000] {processor.py:183} INFO - Processing /opt/airflow/dags/etl_postgres_to_clickhouse.py took 0.884 seconds
[2026-01-08T11:28:21.507+0000] {processor.py:161} INFO - Started process (PID=238) to work on /opt/airflow/dags/etl_postgres_to_clickhouse.py
[2026-01-08T11:28:21.509+0000] {processor.py:830} INFO - Processing file /opt/airflow/dags/etl_postgres_to_clickhouse.py for tasks to queue
[2026-01-08T11:28:21.513+0000] {logging_mixin.py:188} INFO - [2026-01-08T11:28:21.512+0000] {dagbag.py:545} INFO - Filling up the DagBag from /opt/airflow/dags/etl_postgres_to_clickhouse.py
[2026-01-08T11:28:21.919+0000] {processor.py:840} INFO - DAG(s) 'pg_to_clickhouse_payload_parsing' retrieved from /opt/airflow/dags/etl_postgres_to_clickhouse.py
[2026-01-08T11:28:21.964+0000] {logging_mixin.py:188} INFO - [2026-01-08T11:28:21.963+0000] {dag.py:3096} INFO - Sync 1 DAGs
[2026-01-08T11:28:21.991+0000] {logging_mixin.py:188} INFO - [2026-01-08T11:28:21.990+0000] {dag.py:3954} INFO - Setting next_dagrun for pg_to_clickhouse_payload_parsing to 2026-01-08 11:28:20+00:00, run_after=2026-01-08 11:28:30+00:00
[2026-01-08T11:28:22.020+0000] {processor.py:183} INFO - Processing /opt/airflow/dags/etl_postgres_to_clickhouse.py took 0.525 seconds
[2026-01-08T11:28:52.455+0000] {processor.py:161} INFO - Started process (PID=268) to work on /opt/airflow/dags/etl_postgres_to_clickhouse.py
[2026-01-08T11:28:52.457+0000] {processor.py:830} INFO - Processing file /opt/airflow/dags/etl_postgres_to_clickhouse.py for tasks to queue
[2026-01-08T11:28:52.460+0000] {logging_mixin.py:188} INFO - [2026-01-08T11:28:52.460+0000] {dagbag.py:545} INFO - Filling up the DagBag from /opt/airflow/dags/etl_postgres_to_clickhouse.py
[2026-01-08T11:28:52.814+0000] {processor.py:840} INFO - DAG(s) 'pg_to_clickhouse_payload_parsing' retrieved from /opt/airflow/dags/etl_postgres_to_clickhouse.py
[2026-01-08T11:28:52.867+0000] {logging_mixin.py:188} INFO - [2026-01-08T11:28:52.867+0000] {dag.py:3096} INFO - Sync 1 DAGs
[2026-01-08T11:28:52.917+0000] {logging_mixin.py:188} INFO - [2026-01-08T11:28:52.916+0000] {dag.py:3954} INFO - Setting next_dagrun for pg_to_clickhouse_payload_parsing to 2026-01-08 11:28:50+00:00, run_after=2026-01-08 11:29:00+00:00
[2026-01-08T11:28:52.991+0000] {processor.py:183} INFO - Processing /opt/airflow/dags/etl_postgres_to_clickhouse.py took 0.548 seconds
[2026-01-08T11:29:23.724+0000] {processor.py:161} INFO - Started process (PID=293) to work on /opt/airflow/dags/etl_postgres_to_clickhouse.py
[2026-01-08T11:29:23.725+0000] {processor.py:830} INFO - Processing file /opt/airflow/dags/etl_postgres_to_clickhouse.py for tasks to queue
[2026-01-08T11:29:23.728+0000] {logging_mixin.py:188} INFO - [2026-01-08T11:29:23.727+0000] {dagbag.py:545} INFO - Filling up the DagBag from /opt/airflow/dags/etl_postgres_to_clickhouse.py
[2026-01-08T11:29:23.988+0000] {processor.py:840} INFO - DAG(s) 'pg_to_clickhouse_payload_parsing' retrieved from /opt/airflow/dags/etl_postgres_to_clickhouse.py
[2026-01-08T11:29:24.023+0000] {logging_mixin.py:188} INFO - [2026-01-08T11:29:24.023+0000] {dag.py:3096} INFO - Sync 1 DAGs
[2026-01-08T11:29:24.054+0000] {logging_mixin.py:188} INFO - [2026-01-08T11:29:24.054+0000] {dag.py:3954} INFO - Setting next_dagrun for pg_to_clickhouse_payload_parsing to 2026-01-08 11:29:20+00:00, run_after=2026-01-08 11:29:30+00:00
[2026-01-08T11:29:24.082+0000] {processor.py:183} INFO - Processing /opt/airflow/dags/etl_postgres_to_clickhouse.py took 0.365 seconds
[2026-01-08T11:29:54.646+0000] {processor.py:161} INFO - Started process (PID=319) to work on /opt/airflow/dags/etl_postgres_to_clickhouse.py
[2026-01-08T11:29:54.648+0000] {processor.py:830} INFO - Processing file /opt/airflow/dags/etl_postgres_to_clickhouse.py for tasks to queue
[2026-01-08T11:29:54.651+0000] {logging_mixin.py:188} INFO - [2026-01-08T11:29:54.651+0000] {dagbag.py:545} INFO - Filling up the DagBag from /opt/airflow/dags/etl_postgres_to_clickhouse.py
[2026-01-08T11:29:54.988+0000] {processor.py:840} INFO - DAG(s) 'pg_to_clickhouse_payload_parsing' retrieved from /opt/airflow/dags/etl_postgres_to_clickhouse.py
[2026-01-08T11:29:55.027+0000] {logging_mixin.py:188} INFO - [2026-01-08T11:29:55.027+0000] {dag.py:3096} INFO - Sync 1 DAGs
[2026-01-08T11:29:55.061+0000] {logging_mixin.py:188} INFO - [2026-01-08T11:29:55.061+0000] {dag.py:3954} INFO - Setting next_dagrun for pg_to_clickhouse_payload_parsing to 2026-01-08 11:29:50+00:00, run_after=2026-01-08 11:30:00+00:00
[2026-01-08T11:29:55.087+0000] {processor.py:183} INFO - Processing /opt/airflow/dags/etl_postgres_to_clickhouse.py took 0.453 seconds
[2026-01-08T11:30:25.772+0000] {processor.py:161} INFO - Started process (PID=351) to work on /opt/airflow/dags/etl_postgres_to_clickhouse.py
[2026-01-08T11:30:25.775+0000] {processor.py:830} INFO - Processing file /opt/airflow/dags/etl_postgres_to_clickhouse.py for tasks to queue
[2026-01-08T11:30:25.778+0000] {logging_mixin.py:188} INFO - [2026-01-08T11:30:25.778+0000] {dagbag.py:545} INFO - Filling up the DagBag from /opt/airflow/dags/etl_postgres_to_clickhouse.py
[2026-01-08T11:30:26.137+0000] {processor.py:840} INFO - DAG(s) 'pg_to_clickhouse_payload_parsing' retrieved from /opt/airflow/dags/etl_postgres_to_clickhouse.py
[2026-01-08T11:30:26.176+0000] {logging_mixin.py:188} INFO - [2026-01-08T11:30:26.175+0000] {dag.py:3096} INFO - Sync 1 DAGs
[2026-01-08T11:30:26.209+0000] {logging_mixin.py:188} INFO - [2026-01-08T11:30:26.209+0000] {dag.py:3954} INFO - Setting next_dagrun for pg_to_clickhouse_payload_parsing to 2026-01-08 11:30:20+00:00, run_after=2026-01-08 11:30:30+00:00
[2026-01-08T11:30:26.242+0000] {processor.py:183} INFO - Processing /opt/airflow/dags/etl_postgres_to_clickhouse.py took 0.479 seconds
[2026-01-08T11:30:56.766+0000] {processor.py:161} INFO - Started process (PID=376) to work on /opt/airflow/dags/etl_postgres_to_clickhouse.py
[2026-01-08T11:30:56.767+0000] {processor.py:830} INFO - Processing file /opt/airflow/dags/etl_postgres_to_clickhouse.py for tasks to queue
[2026-01-08T11:30:56.770+0000] {logging_mixin.py:188} INFO - [2026-01-08T11:30:56.770+0000] {dagbag.py:545} INFO - Filling up the DagBag from /opt/airflow/dags/etl_postgres_to_clickhouse.py
[2026-01-08T11:30:57.024+0000] {processor.py:840} INFO - DAG(s) 'pg_to_clickhouse_payload_parsing' retrieved from /opt/airflow/dags/etl_postgres_to_clickhouse.py
[2026-01-08T11:30:57.064+0000] {logging_mixin.py:188} INFO - [2026-01-08T11:30:57.063+0000] {dag.py:3096} INFO - Sync 1 DAGs
[2026-01-08T11:30:57.103+0000] {logging_mixin.py:188} INFO - [2026-01-08T11:30:57.103+0000] {dag.py:3954} INFO - Setting next_dagrun for pg_to_clickhouse_payload_parsing to 2026-01-08 11:30:50+00:00, run_after=2026-01-08 11:31:00+00:00
[2026-01-08T11:30:57.142+0000] {processor.py:183} INFO - Processing /opt/airflow/dags/etl_postgres_to_clickhouse.py took 0.383 seconds
[2026-01-08T11:31:27.930+0000] {processor.py:161} INFO - Started process (PID=401) to work on /opt/airflow/dags/etl_postgres_to_clickhouse.py
[2026-01-08T11:31:27.931+0000] {processor.py:830} INFO - Processing file /opt/airflow/dags/etl_postgres_to_clickhouse.py for tasks to queue
[2026-01-08T11:31:27.935+0000] {logging_mixin.py:188} INFO - [2026-01-08T11:31:27.934+0000] {dagbag.py:545} INFO - Filling up the DagBag from /opt/airflow/dags/etl_postgres_to_clickhouse.py
[2026-01-08T11:31:28.309+0000] {processor.py:840} INFO - DAG(s) 'pg_to_clickhouse_payload_parsing' retrieved from /opt/airflow/dags/etl_postgres_to_clickhouse.py
[2026-01-08T11:31:28.371+0000] {logging_mixin.py:188} INFO - [2026-01-08T11:31:28.370+0000] {dag.py:3096} INFO - Sync 1 DAGs
[2026-01-08T11:31:28.424+0000] {logging_mixin.py:188} INFO - [2026-01-08T11:31:28.423+0000] {dag.py:3954} INFO - Setting next_dagrun for pg_to_clickhouse_payload_parsing to 2026-01-08 11:31:20+00:00, run_after=2026-01-08 11:31:30+00:00
[2026-01-08T11:31:28.478+0000] {processor.py:183} INFO - Processing /opt/airflow/dags/etl_postgres_to_clickhouse.py took 0.556 seconds
[2026-01-08T11:31:58.868+0000] {processor.py:161} INFO - Started process (PID=425) to work on /opt/airflow/dags/etl_postgres_to_clickhouse.py
[2026-01-08T11:31:58.870+0000] {processor.py:830} INFO - Processing file /opt/airflow/dags/etl_postgres_to_clickhouse.py for tasks to queue
[2026-01-08T11:31:58.875+0000] {logging_mixin.py:188} INFO - [2026-01-08T11:31:58.874+0000] {dagbag.py:545} INFO - Filling up the DagBag from /opt/airflow/dags/etl_postgres_to_clickhouse.py
[2026-01-08T11:31:59.272+0000] {processor.py:840} INFO - DAG(s) 'pg_to_clickhouse_payload_parsing' retrieved from /opt/airflow/dags/etl_postgres_to_clickhouse.py
[2026-01-08T11:31:59.311+0000] {logging_mixin.py:188} INFO - [2026-01-08T11:31:59.311+0000] {dag.py:3096} INFO - Sync 1 DAGs
[2026-01-08T11:31:59.343+0000] {logging_mixin.py:188} INFO - [2026-01-08T11:31:59.343+0000] {dag.py:3954} INFO - Setting next_dagrun for pg_to_clickhouse_payload_parsing to 2026-01-08 11:31:50+00:00, run_after=2026-01-08 11:32:00+00:00
[2026-01-08T11:31:59.371+0000] {processor.py:183} INFO - Processing /opt/airflow/dags/etl_postgres_to_clickhouse.py took 0.515 seconds
[2026-01-08T11:32:30.245+0000] {processor.py:161} INFO - Started process (PID=459) to work on /opt/airflow/dags/etl_postgres_to_clickhouse.py
[2026-01-08T11:32:30.246+0000] {processor.py:830} INFO - Processing file /opt/airflow/dags/etl_postgres_to_clickhouse.py for tasks to queue
[2026-01-08T11:32:30.249+0000] {logging_mixin.py:188} INFO - [2026-01-08T11:32:30.249+0000] {dagbag.py:545} INFO - Filling up the DagBag from /opt/airflow/dags/etl_postgres_to_clickhouse.py
[2026-01-08T11:32:30.555+0000] {processor.py:840} INFO - DAG(s) 'pg_to_clickhouse_payload_parsing' retrieved from /opt/airflow/dags/etl_postgres_to_clickhouse.py
[2026-01-08T11:32:30.597+0000] {logging_mixin.py:188} INFO - [2026-01-08T11:32:30.597+0000] {dag.py:3096} INFO - Sync 1 DAGs
[2026-01-08T11:32:30.637+0000] {logging_mixin.py:188} INFO - [2026-01-08T11:32:30.637+0000] {dag.py:3954} INFO - Setting next_dagrun for pg_to_clickhouse_payload_parsing to 2026-01-08 11:32:30+00:00, run_after=2026-01-08 11:32:40+00:00
[2026-01-08T11:32:30.666+0000] {processor.py:183} INFO - Processing /opt/airflow/dags/etl_postgres_to_clickhouse.py took 0.431 seconds
[2026-01-08T11:33:01.175+0000] {processor.py:161} INFO - Started process (PID=486) to work on /opt/airflow/dags/etl_postgres_to_clickhouse.py
[2026-01-08T11:33:01.177+0000] {processor.py:830} INFO - Processing file /opt/airflow/dags/etl_postgres_to_clickhouse.py for tasks to queue
[2026-01-08T11:33:01.180+0000] {logging_mixin.py:188} INFO - [2026-01-08T11:33:01.179+0000] {dagbag.py:545} INFO - Filling up the DagBag from /opt/airflow/dags/etl_postgres_to_clickhouse.py
[2026-01-08T11:33:01.506+0000] {processor.py:840} INFO - DAG(s) 'pg_to_clickhouse_payload_parsing' retrieved from /opt/airflow/dags/etl_postgres_to_clickhouse.py
[2026-01-08T11:33:01.576+0000] {logging_mixin.py:188} INFO - [2026-01-08T11:33:01.576+0000] {dag.py:3096} INFO - Sync 1 DAGs
[2026-01-08T11:33:01.645+0000] {logging_mixin.py:188} INFO - [2026-01-08T11:33:01.645+0000] {dag.py:3954} INFO - Setting next_dagrun for pg_to_clickhouse_payload_parsing to 2026-01-08 11:33:00+00:00, run_after=2026-01-08 11:33:10+00:00
[2026-01-08T11:33:01.696+0000] {processor.py:183} INFO - Processing /opt/airflow/dags/etl_postgres_to_clickhouse.py took 0.536 seconds
[2026-01-08T11:33:32.388+0000] {processor.py:161} INFO - Started process (PID=511) to work on /opt/airflow/dags/etl_postgres_to_clickhouse.py
[2026-01-08T11:33:32.389+0000] {processor.py:830} INFO - Processing file /opt/airflow/dags/etl_postgres_to_clickhouse.py for tasks to queue
[2026-01-08T11:33:32.392+0000] {logging_mixin.py:188} INFO - [2026-01-08T11:33:32.392+0000] {dagbag.py:545} INFO - Filling up the DagBag from /opt/airflow/dags/etl_postgres_to_clickhouse.py
[2026-01-08T11:33:32.658+0000] {processor.py:840} INFO - DAG(s) 'pg_to_clickhouse_payload_parsing' retrieved from /opt/airflow/dags/etl_postgres_to_clickhouse.py
[2026-01-08T11:33:32.705+0000] {logging_mixin.py:188} INFO - [2026-01-08T11:33:32.704+0000] {dag.py:3096} INFO - Sync 1 DAGs
[2026-01-08T11:33:32.748+0000] {logging_mixin.py:188} INFO - [2026-01-08T11:33:32.747+0000] {dag.py:3954} INFO - Setting next_dagrun for pg_to_clickhouse_payload_parsing to 2026-01-08 11:33:30+00:00, run_after=2026-01-08 11:33:40+00:00
[2026-01-08T11:33:32.781+0000] {processor.py:183} INFO - Processing /opt/airflow/dags/etl_postgres_to_clickhouse.py took 0.401 seconds
[2026-01-08T11:34:03.365+0000] {processor.py:161} INFO - Started process (PID=543) to work on /opt/airflow/dags/etl_postgres_to_clickhouse.py
[2026-01-08T11:34:03.367+0000] {processor.py:830} INFO - Processing file /opt/airflow/dags/etl_postgres_to_clickhouse.py for tasks to queue
[2026-01-08T11:34:03.370+0000] {logging_mixin.py:188} INFO - [2026-01-08T11:34:03.369+0000] {dagbag.py:545} INFO - Filling up the DagBag from /opt/airflow/dags/etl_postgres_to_clickhouse.py
[2026-01-08T11:34:03.728+0000] {processor.py:840} INFO - DAG(s) 'pg_to_clickhouse_payload_parsing' retrieved from /opt/airflow/dags/etl_postgres_to_clickhouse.py
[2026-01-08T11:34:03.784+0000] {logging_mixin.py:188} INFO - [2026-01-08T11:34:03.784+0000] {dag.py:3096} INFO - Sync 1 DAGs
[2026-01-08T11:34:03.826+0000] {logging_mixin.py:188} INFO - [2026-01-08T11:34:03.825+0000] {dag.py:3954} INFO - Setting next_dagrun for pg_to_clickhouse_payload_parsing to 2026-01-08 11:34:00+00:00, run_after=2026-01-08 11:34:10+00:00
[2026-01-08T11:34:03.865+0000] {processor.py:183} INFO - Processing /opt/airflow/dags/etl_postgres_to_clickhouse.py took 0.511 seconds
[2026-01-08T11:34:33.992+0000] {processor.py:161} INFO - Started process (PID=568) to work on /opt/airflow/dags/etl_postgres_to_clickhouse.py
[2026-01-08T11:34:33.994+0000] {processor.py:830} INFO - Processing file /opt/airflow/dags/etl_postgres_to_clickhouse.py for tasks to queue
[2026-01-08T11:34:33.996+0000] {logging_mixin.py:188} INFO - [2026-01-08T11:34:33.996+0000] {dagbag.py:545} INFO - Filling up the DagBag from /opt/airflow/dags/etl_postgres_to_clickhouse.py
[2026-01-08T11:34:34.304+0000] {processor.py:840} INFO - DAG(s) 'pg_to_clickhouse_payload_parsing' retrieved from /opt/airflow/dags/etl_postgres_to_clickhouse.py
[2026-01-08T11:34:34.360+0000] {logging_mixin.py:188} INFO - [2026-01-08T11:34:34.360+0000] {dag.py:3096} INFO - Sync 1 DAGs
[2026-01-08T11:34:34.397+0000] {logging_mixin.py:188} INFO - [2026-01-08T11:34:34.397+0000] {dag.py:3954} INFO - Setting next_dagrun for pg_to_clickhouse_payload_parsing to 2026-01-08 11:34:30+00:00, run_after=2026-01-08 11:34:40+00:00
[2026-01-08T11:34:34.425+0000] {processor.py:183} INFO - Processing /opt/airflow/dags/etl_postgres_to_clickhouse.py took 0.443 seconds
[2026-01-08T11:35:05.099+0000] {processor.py:161} INFO - Started process (PID=593) to work on /opt/airflow/dags/etl_postgres_to_clickhouse.py
[2026-01-08T11:35:05.101+0000] {processor.py:830} INFO - Processing file /opt/airflow/dags/etl_postgres_to_clickhouse.py for tasks to queue
[2026-01-08T11:35:05.103+0000] {logging_mixin.py:188} INFO - [2026-01-08T11:35:05.103+0000] {dagbag.py:545} INFO - Filling up the DagBag from /opt/airflow/dags/etl_postgres_to_clickhouse.py
[2026-01-08T11:35:05.343+0000] {processor.py:840} INFO - DAG(s) 'pg_to_clickhouse_payload_parsing' retrieved from /opt/airflow/dags/etl_postgres_to_clickhouse.py
[2026-01-08T11:35:05.378+0000] {logging_mixin.py:188} INFO - [2026-01-08T11:35:05.377+0000] {dag.py:3096} INFO - Sync 1 DAGs
[2026-01-08T11:35:05.419+0000] {logging_mixin.py:188} INFO - [2026-01-08T11:35:05.418+0000] {dag.py:3954} INFO - Setting next_dagrun for pg_to_clickhouse_payload_parsing to 2026-01-08 11:35:00+00:00, run_after=2026-01-08 11:35:10+00:00
[2026-01-08T11:35:05.460+0000] {processor.py:183} INFO - Processing /opt/airflow/dags/etl_postgres_to_clickhouse.py took 0.367 seconds
[2026-01-08T11:35:36.076+0000] {processor.py:161} INFO - Started process (PID=625) to work on /opt/airflow/dags/etl_postgres_to_clickhouse.py
[2026-01-08T11:35:36.078+0000] {processor.py:830} INFO - Processing file /opt/airflow/dags/etl_postgres_to_clickhouse.py for tasks to queue
[2026-01-08T11:35:36.080+0000] {logging_mixin.py:188} INFO - [2026-01-08T11:35:36.080+0000] {dagbag.py:545} INFO - Filling up the DagBag from /opt/airflow/dags/etl_postgres_to_clickhouse.py
[2026-01-08T11:35:36.353+0000] {processor.py:840} INFO - DAG(s) 'pg_to_clickhouse_payload_parsing' retrieved from /opt/airflow/dags/etl_postgres_to_clickhouse.py
[2026-01-08T11:35:36.421+0000] {logging_mixin.py:188} INFO - [2026-01-08T11:35:36.421+0000] {dag.py:3096} INFO - Sync 1 DAGs
[2026-01-08T11:35:36.479+0000] {logging_mixin.py:188} INFO - [2026-01-08T11:35:36.479+0000] {dag.py:3954} INFO - Setting next_dagrun for pg_to_clickhouse_payload_parsing to 2026-01-08 11:35:30+00:00, run_after=2026-01-08 11:35:40+00:00
[2026-01-08T11:35:36.529+0000] {processor.py:183} INFO - Processing /opt/airflow/dags/etl_postgres_to_clickhouse.py took 0.461 seconds
[2026-01-08T11:36:07.104+0000] {processor.py:161} INFO - Started process (PID=650) to work on /opt/airflow/dags/etl_postgres_to_clickhouse.py
[2026-01-08T11:36:07.105+0000] {processor.py:830} INFO - Processing file /opt/airflow/dags/etl_postgres_to_clickhouse.py for tasks to queue
[2026-01-08T11:36:07.107+0000] {logging_mixin.py:188} INFO - [2026-01-08T11:36:07.107+0000] {dagbag.py:545} INFO - Filling up the DagBag from /opt/airflow/dags/etl_postgres_to_clickhouse.py
[2026-01-08T11:36:07.362+0000] {processor.py:840} INFO - DAG(s) 'pg_to_clickhouse_payload_parsing' retrieved from /opt/airflow/dags/etl_postgres_to_clickhouse.py
[2026-01-08T11:36:07.396+0000] {logging_mixin.py:188} INFO - [2026-01-08T11:36:07.396+0000] {dag.py:3096} INFO - Sync 1 DAGs
[2026-01-08T11:36:07.423+0000] {logging_mixin.py:188} INFO - [2026-01-08T11:36:07.423+0000] {dag.py:3954} INFO - Setting next_dagrun for pg_to_clickhouse_payload_parsing to 2026-01-08 11:36:00+00:00, run_after=2026-01-08 11:36:10+00:00
[2026-01-08T11:36:07.445+0000] {processor.py:183} INFO - Processing /opt/airflow/dags/etl_postgres_to_clickhouse.py took 0.350 seconds
[2026-01-08T11:36:38.174+0000] {processor.py:161} INFO - Started process (PID=676) to work on /opt/airflow/dags/etl_postgres_to_clickhouse.py
[2026-01-08T11:36:38.175+0000] {processor.py:830} INFO - Processing file /opt/airflow/dags/etl_postgres_to_clickhouse.py for tasks to queue
[2026-01-08T11:36:38.178+0000] {logging_mixin.py:188} INFO - [2026-01-08T11:36:38.177+0000] {dagbag.py:545} INFO - Filling up the DagBag from /opt/airflow/dags/etl_postgres_to_clickhouse.py
[2026-01-08T11:36:38.447+0000] {processor.py:840} INFO - DAG(s) 'pg_to_clickhouse_payload_parsing' retrieved from /opt/airflow/dags/etl_postgres_to_clickhouse.py
[2026-01-08T11:36:38.494+0000] {logging_mixin.py:188} INFO - [2026-01-08T11:36:38.494+0000] {dag.py:3096} INFO - Sync 1 DAGs
[2026-01-08T11:36:38.521+0000] {logging_mixin.py:188} INFO - [2026-01-08T11:36:38.521+0000] {dag.py:3954} INFO - Setting next_dagrun for pg_to_clickhouse_payload_parsing to 2026-01-08 11:36:30+00:00, run_after=2026-01-08 11:36:40+00:00
[2026-01-08T11:36:38.548+0000] {processor.py:183} INFO - Processing /opt/airflow/dags/etl_postgres_to_clickhouse.py took 0.383 seconds
[2026-01-08T11:37:09.114+0000] {processor.py:161} INFO - Started process (PID=708) to work on /opt/airflow/dags/etl_postgres_to_clickhouse.py
[2026-01-08T11:37:09.116+0000] {processor.py:830} INFO - Processing file /opt/airflow/dags/etl_postgres_to_clickhouse.py for tasks to queue
[2026-01-08T11:37:09.120+0000] {logging_mixin.py:188} INFO - [2026-01-08T11:37:09.119+0000] {dagbag.py:545} INFO - Filling up the DagBag from /opt/airflow/dags/etl_postgres_to_clickhouse.py
[2026-01-08T11:37:09.495+0000] {processor.py:840} INFO - DAG(s) 'pg_to_clickhouse_payload_parsing' retrieved from /opt/airflow/dags/etl_postgres_to_clickhouse.py
[2026-01-08T11:37:09.539+0000] {logging_mixin.py:188} INFO - [2026-01-08T11:37:09.539+0000] {dag.py:3096} INFO - Sync 1 DAGs
[2026-01-08T11:37:09.582+0000] {logging_mixin.py:188} INFO - [2026-01-08T11:37:09.582+0000] {dag.py:3954} INFO - Setting next_dagrun for pg_to_clickhouse_payload_parsing to 2026-01-08 11:37:00+00:00, run_after=2026-01-08 11:37:10+00:00
[2026-01-08T11:37:09.619+0000] {processor.py:183} INFO - Processing /opt/airflow/dags/etl_postgres_to_clickhouse.py took 0.515 seconds
[2026-01-08T11:37:40.210+0000] {processor.py:161} INFO - Started process (PID=733) to work on /opt/airflow/dags/etl_postgres_to_clickhouse.py
[2026-01-08T11:37:40.211+0000] {processor.py:830} INFO - Processing file /opt/airflow/dags/etl_postgres_to_clickhouse.py for tasks to queue
[2026-01-08T11:37:40.214+0000] {logging_mixin.py:188} INFO - [2026-01-08T11:37:40.214+0000] {dagbag.py:545} INFO - Filling up the DagBag from /opt/airflow/dags/etl_postgres_to_clickhouse.py
[2026-01-08T11:37:40.461+0000] {processor.py:840} INFO - DAG(s) 'pg_to_clickhouse_payload_parsing' retrieved from /opt/airflow/dags/etl_postgres_to_clickhouse.py
[2026-01-08T11:37:40.498+0000] {logging_mixin.py:188} INFO - [2026-01-08T11:37:40.498+0000] {dag.py:3096} INFO - Sync 1 DAGs
[2026-01-08T11:37:40.526+0000] {logging_mixin.py:188} INFO - [2026-01-08T11:37:40.525+0000] {dag.py:3954} INFO - Setting next_dagrun for pg_to_clickhouse_payload_parsing to 2026-01-08 11:37:30+00:00, run_after=2026-01-08 11:37:40+00:00
[2026-01-08T11:37:40.551+0000] {processor.py:183} INFO - Processing /opt/airflow/dags/etl_postgres_to_clickhouse.py took 0.350 seconds
[2026-01-08T11:38:11.314+0000] {processor.py:161} INFO - Started process (PID=759) to work on /opt/airflow/dags/etl_postgres_to_clickhouse.py
[2026-01-08T11:38:11.316+0000] {processor.py:830} INFO - Processing file /opt/airflow/dags/etl_postgres_to_clickhouse.py for tasks to queue
[2026-01-08T11:38:11.319+0000] {logging_mixin.py:188} INFO - [2026-01-08T11:38:11.319+0000] {dagbag.py:545} INFO - Filling up the DagBag from /opt/airflow/dags/etl_postgres_to_clickhouse.py
[2026-01-08T11:38:11.682+0000] {processor.py:840} INFO - DAG(s) 'pg_to_clickhouse_payload_parsing' retrieved from /opt/airflow/dags/etl_postgres_to_clickhouse.py
[2026-01-08T11:38:11.731+0000] {logging_mixin.py:188} INFO - [2026-01-08T11:38:11.731+0000] {dag.py:3096} INFO - Sync 1 DAGs
[2026-01-08T11:38:11.768+0000] {logging_mixin.py:188} INFO - [2026-01-08T11:38:11.767+0000] {dag.py:3954} INFO - Setting next_dagrun for pg_to_clickhouse_payload_parsing to 2026-01-08 11:38:10+00:00, run_after=2026-01-08 11:38:20+00:00
[2026-01-08T11:38:11.803+0000] {processor.py:183} INFO - Processing /opt/airflow/dags/etl_postgres_to_clickhouse.py took 0.499 seconds
[2026-01-08T11:38:42.146+0000] {processor.py:161} INFO - Started process (PID=792) to work on /opt/airflow/dags/etl_postgres_to_clickhouse.py
[2026-01-08T11:38:42.147+0000] {processor.py:830} INFO - Processing file /opt/airflow/dags/etl_postgres_to_clickhouse.py for tasks to queue
[2026-01-08T11:38:42.149+0000] {logging_mixin.py:188} INFO - [2026-01-08T11:38:42.149+0000] {dagbag.py:545} INFO - Filling up the DagBag from /opt/airflow/dags/etl_postgres_to_clickhouse.py
[2026-01-08T11:38:42.434+0000] {processor.py:840} INFO - DAG(s) 'pg_to_clickhouse_payload_parsing' retrieved from /opt/airflow/dags/etl_postgres_to_clickhouse.py
[2026-01-08T11:38:42.469+0000] {logging_mixin.py:188} INFO - [2026-01-08T11:38:42.469+0000] {dag.py:3096} INFO - Sync 1 DAGs
[2026-01-08T11:38:42.496+0000] {logging_mixin.py:188} INFO - [2026-01-08T11:38:42.495+0000] {dag.py:3954} INFO - Setting next_dagrun for pg_to_clickhouse_payload_parsing to 2026-01-08 11:38:40+00:00, run_after=2026-01-08 11:38:50+00:00
[2026-01-08T11:38:42.522+0000] {processor.py:183} INFO - Processing /opt/airflow/dags/etl_postgres_to_clickhouse.py took 0.383 seconds
[2026-01-08T11:39:12.959+0000] {processor.py:161} INFO - Started process (PID=817) to work on /opt/airflow/dags/etl_postgres_to_clickhouse.py
[2026-01-08T11:39:12.962+0000] {processor.py:830} INFO - Processing file /opt/airflow/dags/etl_postgres_to_clickhouse.py for tasks to queue
[2026-01-08T11:39:12.964+0000] {logging_mixin.py:188} INFO - [2026-01-08T11:39:12.964+0000] {dagbag.py:545} INFO - Filling up the DagBag from /opt/airflow/dags/etl_postgres_to_clickhouse.py
[2026-01-08T11:39:13.243+0000] {processor.py:840} INFO - DAG(s) 'pg_to_clickhouse_payload_parsing' retrieved from /opt/airflow/dags/etl_postgres_to_clickhouse.py
[2026-01-08T11:39:13.287+0000] {logging_mixin.py:188} INFO - [2026-01-08T11:39:13.287+0000] {dag.py:3096} INFO - Sync 1 DAGs
[2026-01-08T11:39:13.313+0000] {logging_mixin.py:188} INFO - [2026-01-08T11:39:13.313+0000] {dag.py:3954} INFO - Setting next_dagrun for pg_to_clickhouse_payload_parsing to 2026-01-08 11:39:10+00:00, run_after=2026-01-08 11:39:20+00:00
[2026-01-08T11:39:13.339+0000] {processor.py:183} INFO - Processing /opt/airflow/dags/etl_postgres_to_clickhouse.py took 0.391 seconds
[2026-01-08T11:39:44.154+0000] {processor.py:161} INFO - Started process (PID=849) to work on /opt/airflow/dags/etl_postgres_to_clickhouse.py
[2026-01-08T11:39:44.155+0000] {processor.py:830} INFO - Processing file /opt/airflow/dags/etl_postgres_to_clickhouse.py for tasks to queue
[2026-01-08T11:39:44.161+0000] {logging_mixin.py:188} INFO - [2026-01-08T11:39:44.160+0000] {dagbag.py:545} INFO - Filling up the DagBag from /opt/airflow/dags/etl_postgres_to_clickhouse.py
[2026-01-08T11:39:44.493+0000] {processor.py:840} INFO - DAG(s) 'pg_to_clickhouse_payload_parsing' retrieved from /opt/airflow/dags/etl_postgres_to_clickhouse.py
[2026-01-08T11:39:44.541+0000] {logging_mixin.py:188} INFO - [2026-01-08T11:39:44.541+0000] {dag.py:3096} INFO - Sync 1 DAGs
[2026-01-08T11:39:44.577+0000] {logging_mixin.py:188} INFO - [2026-01-08T11:39:44.576+0000] {dag.py:3954} INFO - Setting next_dagrun for pg_to_clickhouse_payload_parsing to 2026-01-08 11:39:40+00:00, run_after=2026-01-08 11:39:50+00:00
[2026-01-08T11:39:44.613+0000] {processor.py:183} INFO - Processing /opt/airflow/dags/etl_postgres_to_clickhouse.py took 0.469 seconds
[2026-01-08T11:40:14.962+0000] {processor.py:161} INFO - Started process (PID=875) to work on /opt/airflow/dags/etl_postgres_to_clickhouse.py
[2026-01-08T11:40:14.964+0000] {processor.py:830} INFO - Processing file /opt/airflow/dags/etl_postgres_to_clickhouse.py for tasks to queue
[2026-01-08T11:40:14.968+0000] {logging_mixin.py:188} INFO - [2026-01-08T11:40:14.967+0000] {dagbag.py:545} INFO - Filling up the DagBag from /opt/airflow/dags/etl_postgres_to_clickhouse.py
[2026-01-08T11:40:15.265+0000] {processor.py:840} INFO - DAG(s) 'pg_to_clickhouse_payload_parsing' retrieved from /opt/airflow/dags/etl_postgres_to_clickhouse.py
[2026-01-08T11:40:15.311+0000] {logging_mixin.py:188} INFO - [2026-01-08T11:40:15.310+0000] {dag.py:3096} INFO - Sync 1 DAGs
[2026-01-08T11:40:15.341+0000] {logging_mixin.py:188} INFO - [2026-01-08T11:40:15.341+0000] {dag.py:3954} INFO - Setting next_dagrun for pg_to_clickhouse_payload_parsing to 2026-01-08 11:40:10+00:00, run_after=2026-01-08 11:40:20+00:00
[2026-01-08T11:40:15.364+0000] {processor.py:183} INFO - Processing /opt/airflow/dags/etl_postgres_to_clickhouse.py took 0.412 seconds
[2026-01-08T11:40:45.807+0000] {processor.py:161} INFO - Started process (PID=900) to work on /opt/airflow/dags/etl_postgres_to_clickhouse.py
[2026-01-08T11:40:45.809+0000] {processor.py:830} INFO - Processing file /opt/airflow/dags/etl_postgres_to_clickhouse.py for tasks to queue
[2026-01-08T11:40:45.811+0000] {logging_mixin.py:188} INFO - [2026-01-08T11:40:45.811+0000] {dagbag.py:545} INFO - Filling up the DagBag from /opt/airflow/dags/etl_postgres_to_clickhouse.py
[2026-01-08T11:40:46.081+0000] {processor.py:840} INFO - DAG(s) 'pg_to_clickhouse_payload_parsing' retrieved from /opt/airflow/dags/etl_postgres_to_clickhouse.py
[2026-01-08T11:40:46.118+0000] {logging_mixin.py:188} INFO - [2026-01-08T11:40:46.118+0000] {dag.py:3096} INFO - Sync 1 DAGs
[2026-01-08T11:40:46.145+0000] {logging_mixin.py:188} INFO - [2026-01-08T11:40:46.144+0000] {dag.py:3954} INFO - Setting next_dagrun for pg_to_clickhouse_payload_parsing to 2026-01-08 11:40:40+00:00, run_after=2026-01-08 11:40:50+00:00
[2026-01-08T11:40:46.166+0000] {processor.py:183} INFO - Processing /opt/airflow/dags/etl_postgres_to_clickhouse.py took 0.368 seconds
[2026-01-08T11:41:16.606+0000] {processor.py:161} INFO - Started process (PID=925) to work on /opt/airflow/dags/etl_postgres_to_clickhouse.py
[2026-01-08T11:41:16.608+0000] {processor.py:830} INFO - Processing file /opt/airflow/dags/etl_postgres_to_clickhouse.py for tasks to queue
[2026-01-08T11:41:16.610+0000] {logging_mixin.py:188} INFO - [2026-01-08T11:41:16.610+0000] {dagbag.py:545} INFO - Filling up the DagBag from /opt/airflow/dags/etl_postgres_to_clickhouse.py
[2026-01-08T11:41:16.883+0000] {processor.py:840} INFO - DAG(s) 'pg_to_clickhouse_payload_parsing' retrieved from /opt/airflow/dags/etl_postgres_to_clickhouse.py
[2026-01-08T11:41:16.920+0000] {logging_mixin.py:188} INFO - [2026-01-08T11:41:16.920+0000] {dag.py:3096} INFO - Sync 1 DAGs
[2026-01-08T11:41:16.967+0000] {logging_mixin.py:188} INFO - [2026-01-08T11:41:16.966+0000] {dag.py:3954} INFO - Setting next_dagrun for pg_to_clickhouse_payload_parsing to 2026-01-08 11:41:10+00:00, run_after=2026-01-08 11:41:20+00:00
[2026-01-08T11:41:17.040+0000] {processor.py:183} INFO - Processing /opt/airflow/dags/etl_postgres_to_clickhouse.py took 0.443 seconds
[2026-01-08T11:41:47.896+0000] {processor.py:161} INFO - Started process (PID=957) to work on /opt/airflow/dags/etl_postgres_to_clickhouse.py
[2026-01-08T11:41:47.897+0000] {processor.py:830} INFO - Processing file /opt/airflow/dags/etl_postgres_to_clickhouse.py for tasks to queue
[2026-01-08T11:41:47.900+0000] {logging_mixin.py:188} INFO - [2026-01-08T11:41:47.899+0000] {dagbag.py:545} INFO - Filling up the DagBag from /opt/airflow/dags/etl_postgres_to_clickhouse.py
[2026-01-08T11:41:48.188+0000] {processor.py:840} INFO - DAG(s) 'pg_to_clickhouse_payload_parsing' retrieved from /opt/airflow/dags/etl_postgres_to_clickhouse.py
[2026-01-08T11:41:48.222+0000] {logging_mixin.py:188} INFO - [2026-01-08T11:41:48.222+0000] {dag.py:3096} INFO - Sync 1 DAGs
[2026-01-08T11:41:48.249+0000] {logging_mixin.py:188} INFO - [2026-01-08T11:41:48.249+0000] {dag.py:3954} INFO - Setting next_dagrun for pg_to_clickhouse_payload_parsing to 2026-01-08 11:41:40+00:00, run_after=2026-01-08 11:41:50+00:00
[2026-01-08T11:41:48.273+0000] {processor.py:183} INFO - Processing /opt/airflow/dags/etl_postgres_to_clickhouse.py took 0.385 seconds
[2026-01-08T11:42:18.760+0000] {processor.py:161} INFO - Started process (PID=983) to work on /opt/airflow/dags/etl_postgres_to_clickhouse.py
[2026-01-08T11:42:18.761+0000] {processor.py:830} INFO - Processing file /opt/airflow/dags/etl_postgres_to_clickhouse.py for tasks to queue
[2026-01-08T11:42:18.764+0000] {logging_mixin.py:188} INFO - [2026-01-08T11:42:18.763+0000] {dagbag.py:545} INFO - Filling up the DagBag from /opt/airflow/dags/etl_postgres_to_clickhouse.py
[2026-01-08T11:42:19.086+0000] {processor.py:840} INFO - DAG(s) 'pg_to_clickhouse_payload_parsing' retrieved from /opt/airflow/dags/etl_postgres_to_clickhouse.py
[2026-01-08T11:42:19.152+0000] {logging_mixin.py:188} INFO - [2026-01-08T11:42:19.152+0000] {dag.py:3096} INFO - Sync 1 DAGs
[2026-01-08T11:42:19.199+0000] {logging_mixin.py:188} INFO - [2026-01-08T11:42:19.198+0000] {dag.py:3954} INFO - Setting next_dagrun for pg_to_clickhouse_payload_parsing to 2026-01-08 11:42:10+00:00, run_after=2026-01-08 11:42:20+00:00
[2026-01-08T11:42:19.368+0000] {processor.py:183} INFO - Processing /opt/airflow/dags/etl_postgres_to_clickhouse.py took 0.617 seconds
[2026-01-08T11:42:49.933+0000] {processor.py:161} INFO - Started process (PID=1008) to work on /opt/airflow/dags/etl_postgres_to_clickhouse.py
[2026-01-08T11:42:49.934+0000] {processor.py:830} INFO - Processing file /opt/airflow/dags/etl_postgres_to_clickhouse.py for tasks to queue
[2026-01-08T11:42:49.936+0000] {logging_mixin.py:188} INFO - [2026-01-08T11:42:49.936+0000] {dagbag.py:545} INFO - Filling up the DagBag from /opt/airflow/dags/etl_postgres_to_clickhouse.py
[2026-01-08T11:42:50.186+0000] {processor.py:840} INFO - DAG(s) 'pg_to_clickhouse_payload_parsing' retrieved from /opt/airflow/dags/etl_postgres_to_clickhouse.py
[2026-01-08T11:42:50.220+0000] {logging_mixin.py:188} INFO - [2026-01-08T11:42:50.220+0000] {dag.py:3096} INFO - Sync 1 DAGs
[2026-01-08T11:42:50.245+0000] {logging_mixin.py:188} INFO - [2026-01-08T11:42:50.245+0000] {dag.py:3954} INFO - Setting next_dagrun for pg_to_clickhouse_payload_parsing to 2026-01-08 11:42:40+00:00, run_after=2026-01-08 11:42:50+00:00
[2026-01-08T11:42:50.268+0000] {processor.py:183} INFO - Processing /opt/airflow/dags/etl_postgres_to_clickhouse.py took 0.344 seconds
[2026-01-08T11:43:21.072+0000] {processor.py:161} INFO - Started process (PID=1041) to work on /opt/airflow/dags/etl_postgres_to_clickhouse.py
[2026-01-08T11:43:21.075+0000] {processor.py:830} INFO - Processing file /opt/airflow/dags/etl_postgres_to_clickhouse.py for tasks to queue
[2026-01-08T11:43:21.079+0000] {logging_mixin.py:188} INFO - [2026-01-08T11:43:21.078+0000] {dagbag.py:545} INFO - Filling up the DagBag from /opt/airflow/dags/etl_postgres_to_clickhouse.py
[2026-01-08T11:43:21.525+0000] {processor.py:840} INFO - DAG(s) 'pg_to_clickhouse_payload_parsing' retrieved from /opt/airflow/dags/etl_postgres_to_clickhouse.py
[2026-01-08T11:43:21.599+0000] {logging_mixin.py:188} INFO - [2026-01-08T11:43:21.598+0000] {dag.py:3096} INFO - Sync 1 DAGs
[2026-01-08T11:43:21.637+0000] {logging_mixin.py:188} INFO - [2026-01-08T11:43:21.637+0000] {dag.py:3954} INFO - Setting next_dagrun for pg_to_clickhouse_payload_parsing to 2026-01-08 11:43:20+00:00, run_after=2026-01-08 11:43:30+00:00
[2026-01-08T11:43:21.679+0000] {processor.py:183} INFO - Processing /opt/airflow/dags/etl_postgres_to_clickhouse.py took 0.617 seconds
[2026-01-08T11:43:51.944+0000] {processor.py:161} INFO - Started process (PID=1068) to work on /opt/airflow/dags/etl_postgres_to_clickhouse.py
[2026-01-08T11:43:51.945+0000] {processor.py:830} INFO - Processing file /opt/airflow/dags/etl_postgres_to_clickhouse.py for tasks to queue
[2026-01-08T11:43:51.948+0000] {logging_mixin.py:188} INFO - [2026-01-08T11:43:51.947+0000] {dagbag.py:545} INFO - Filling up the DagBag from /opt/airflow/dags/etl_postgres_to_clickhouse.py
[2026-01-08T11:43:52.232+0000] {processor.py:840} INFO - DAG(s) 'pg_to_clickhouse_payload_parsing' retrieved from /opt/airflow/dags/etl_postgres_to_clickhouse.py
[2026-01-08T11:43:52.281+0000] {logging_mixin.py:188} INFO - [2026-01-08T11:43:52.281+0000] {dag.py:3096} INFO - Sync 1 DAGs
[2026-01-08T11:43:52.327+0000] {logging_mixin.py:188} INFO - [2026-01-08T11:43:52.326+0000] {dag.py:3954} INFO - Setting next_dagrun for pg_to_clickhouse_payload_parsing to 2026-01-08 11:43:50+00:00, run_after=2026-01-08 11:44:00+00:00
[2026-01-08T11:43:52.364+0000] {processor.py:183} INFO - Processing /opt/airflow/dags/etl_postgres_to_clickhouse.py took 0.430 seconds
[2026-01-08T11:44:22.755+0000] {processor.py:161} INFO - Started process (PID=1093) to work on /opt/airflow/dags/etl_postgres_to_clickhouse.py
[2026-01-08T11:44:22.756+0000] {processor.py:830} INFO - Processing file /opt/airflow/dags/etl_postgres_to_clickhouse.py for tasks to queue
[2026-01-08T11:44:22.761+0000] {logging_mixin.py:188} INFO - [2026-01-08T11:44:22.761+0000] {dagbag.py:545} INFO - Filling up the DagBag from /opt/airflow/dags/etl_postgres_to_clickhouse.py
[2026-01-08T11:44:23.109+0000] {processor.py:840} INFO - DAG(s) 'pg_to_clickhouse_payload_parsing' retrieved from /opt/airflow/dags/etl_postgres_to_clickhouse.py
[2026-01-08T11:44:23.153+0000] {logging_mixin.py:188} INFO - [2026-01-08T11:44:23.152+0000] {dag.py:3096} INFO - Sync 1 DAGs
[2026-01-08T11:44:23.193+0000] {logging_mixin.py:188} INFO - [2026-01-08T11:44:23.193+0000] {dag.py:3954} INFO - Setting next_dagrun for pg_to_clickhouse_payload_parsing to 2026-01-08 11:44:20+00:00, run_after=2026-01-08 11:44:30+00:00
[2026-01-08T11:44:23.222+0000] {processor.py:183} INFO - Processing /opt/airflow/dags/etl_postgres_to_clickhouse.py took 0.477 seconds
[2026-01-08T11:44:54.023+0000] {processor.py:161} INFO - Started process (PID=1126) to work on /opt/airflow/dags/etl_postgres_to_clickhouse.py
[2026-01-08T11:44:54.025+0000] {processor.py:830} INFO - Processing file /opt/airflow/dags/etl_postgres_to_clickhouse.py for tasks to queue
[2026-01-08T11:44:54.033+0000] {logging_mixin.py:188} INFO - [2026-01-08T11:44:54.032+0000] {dagbag.py:545} INFO - Filling up the DagBag from /opt/airflow/dags/etl_postgres_to_clickhouse.py
[2026-01-08T11:44:54.382+0000] {processor.py:840} INFO - DAG(s) 'pg_to_clickhouse_payload_parsing' retrieved from /opt/airflow/dags/etl_postgres_to_clickhouse.py
[2026-01-08T11:44:54.438+0000] {logging_mixin.py:188} INFO - [2026-01-08T11:44:54.438+0000] {dag.py:3096} INFO - Sync 1 DAGs
[2026-01-08T11:44:54.488+0000] {logging_mixin.py:188} INFO - [2026-01-08T11:44:54.487+0000] {dag.py:3954} INFO - Setting next_dagrun for pg_to_clickhouse_payload_parsing to 2026-01-08 11:44:50+00:00, run_after=2026-01-08 11:45:00+00:00
[2026-01-08T11:44:54.517+0000] {processor.py:183} INFO - Processing /opt/airflow/dags/etl_postgres_to_clickhouse.py took 0.504 seconds
[2026-01-08T11:45:24.828+0000] {processor.py:161} INFO - Started process (PID=1151) to work on /opt/airflow/dags/etl_postgres_to_clickhouse.py
[2026-01-08T11:45:24.830+0000] {processor.py:830} INFO - Processing file /opt/airflow/dags/etl_postgres_to_clickhouse.py for tasks to queue
[2026-01-08T11:45:24.833+0000] {logging_mixin.py:188} INFO - [2026-01-08T11:45:24.832+0000] {dagbag.py:545} INFO - Filling up the DagBag from /opt/airflow/dags/etl_postgres_to_clickhouse.py
[2026-01-08T11:45:25.179+0000] {processor.py:840} INFO - DAG(s) 'pg_to_clickhouse_payload_parsing' retrieved from /opt/airflow/dags/etl_postgres_to_clickhouse.py
[2026-01-08T11:45:25.227+0000] {logging_mixin.py:188} INFO - [2026-01-08T11:45:25.226+0000] {dag.py:3096} INFO - Sync 1 DAGs
[2026-01-08T11:45:25.260+0000] {logging_mixin.py:188} INFO - [2026-01-08T11:45:25.259+0000] {dag.py:3954} INFO - Setting next_dagrun for pg_to_clickhouse_payload_parsing to 2026-01-08 11:45:20+00:00, run_after=2026-01-08 11:45:30+00:00
[2026-01-08T11:45:25.291+0000] {processor.py:183} INFO - Processing /opt/airflow/dags/etl_postgres_to_clickhouse.py took 0.470 seconds
[2026-01-08T11:45:55.674+0000] {processor.py:161} INFO - Started process (PID=1176) to work on /opt/airflow/dags/etl_postgres_to_clickhouse.py
[2026-01-08T11:45:55.676+0000] {processor.py:830} INFO - Processing file /opt/airflow/dags/etl_postgres_to_clickhouse.py for tasks to queue
[2026-01-08T11:45:55.680+0000] {logging_mixin.py:188} INFO - [2026-01-08T11:45:55.679+0000] {dagbag.py:545} INFO - Filling up the DagBag from /opt/airflow/dags/etl_postgres_to_clickhouse.py
[2026-01-08T11:45:56.267+0000] {processor.py:840} INFO - DAG(s) 'pg_to_clickhouse_payload_parsing' retrieved from /opt/airflow/dags/etl_postgres_to_clickhouse.py
[2026-01-08T11:45:56.313+0000] {logging_mixin.py:188} INFO - [2026-01-08T11:45:56.312+0000] {dag.py:3096} INFO - Sync 1 DAGs
[2026-01-08T11:45:56.342+0000] {logging_mixin.py:188} INFO - [2026-01-08T11:45:56.341+0000] {dag.py:3954} INFO - Setting next_dagrun for pg_to_clickhouse_payload_parsing to 2026-01-08 11:45:50+00:00, run_after=2026-01-08 11:46:00+00:00
[2026-01-08T11:45:56.368+0000] {processor.py:183} INFO - Processing /opt/airflow/dags/etl_postgres_to_clickhouse.py took 0.708 seconds
[2026-01-08T11:46:26.944+0000] {processor.py:161} INFO - Started process (PID=1208) to work on /opt/airflow/dags/etl_postgres_to_clickhouse.py
[2026-01-08T11:46:26.946+0000] {processor.py:830} INFO - Processing file /opt/airflow/dags/etl_postgres_to_clickhouse.py for tasks to queue
[2026-01-08T11:46:26.948+0000] {logging_mixin.py:188} INFO - [2026-01-08T11:46:26.948+0000] {dagbag.py:545} INFO - Filling up the DagBag from /opt/airflow/dags/etl_postgres_to_clickhouse.py
[2026-01-08T11:46:27.235+0000] {processor.py:840} INFO - DAG(s) 'pg_to_clickhouse_payload_parsing' retrieved from /opt/airflow/dags/etl_postgres_to_clickhouse.py
[2026-01-08T11:46:27.276+0000] {logging_mixin.py:188} INFO - [2026-01-08T11:46:27.276+0000] {dag.py:3096} INFO - Sync 1 DAGs
[2026-01-08T11:46:27.321+0000] {logging_mixin.py:188} INFO - [2026-01-08T11:46:27.320+0000] {dag.py:3954} INFO - Setting next_dagrun for pg_to_clickhouse_payload_parsing to 2026-01-08 11:46:20+00:00, run_after=2026-01-08 11:46:30+00:00
[2026-01-08T11:46:27.355+0000] {processor.py:183} INFO - Processing /opt/airflow/dags/etl_postgres_to_clickhouse.py took 0.420 seconds
[2026-01-08T11:46:57.589+0000] {processor.py:161} INFO - Started process (PID=1233) to work on /opt/airflow/dags/etl_postgres_to_clickhouse.py
[2026-01-08T11:46:57.591+0000] {processor.py:830} INFO - Processing file /opt/airflow/dags/etl_postgres_to_clickhouse.py for tasks to queue
[2026-01-08T11:46:57.594+0000] {logging_mixin.py:188} INFO - [2026-01-08T11:46:57.594+0000] {dagbag.py:545} INFO - Filling up the DagBag from /opt/airflow/dags/etl_postgres_to_clickhouse.py
[2026-01-08T11:46:57.881+0000] {processor.py:840} INFO - DAG(s) 'pg_to_clickhouse_payload_parsing' retrieved from /opt/airflow/dags/etl_postgres_to_clickhouse.py
[2026-01-08T11:46:57.916+0000] {logging_mixin.py:188} INFO - [2026-01-08T11:46:57.915+0000] {dag.py:3096} INFO - Sync 1 DAGs
[2026-01-08T11:46:57.939+0000] {logging_mixin.py:188} INFO - [2026-01-08T11:46:57.939+0000] {dag.py:3954} INFO - Setting next_dagrun for pg_to_clickhouse_payload_parsing to 2026-01-08 11:46:50+00:00, run_after=2026-01-08 11:47:00+00:00
[2026-01-08T11:46:57.963+0000] {processor.py:183} INFO - Processing /opt/airflow/dags/etl_postgres_to_clickhouse.py took 0.384 seconds
[2026-01-08T11:47:28.613+0000] {processor.py:161} INFO - Started process (PID=1258) to work on /opt/airflow/dags/etl_postgres_to_clickhouse.py
[2026-01-08T11:47:28.615+0000] {processor.py:830} INFO - Processing file /opt/airflow/dags/etl_postgres_to_clickhouse.py for tasks to queue
[2026-01-08T11:47:28.617+0000] {logging_mixin.py:188} INFO - [2026-01-08T11:47:28.617+0000] {dagbag.py:545} INFO - Filling up the DagBag from /opt/airflow/dags/etl_postgres_to_clickhouse.py
[2026-01-08T11:47:28.893+0000] {processor.py:840} INFO - DAG(s) 'pg_to_clickhouse_payload_parsing' retrieved from /opt/airflow/dags/etl_postgres_to_clickhouse.py
[2026-01-08T11:47:28.945+0000] {logging_mixin.py:188} INFO - [2026-01-08T11:47:28.944+0000] {dag.py:3096} INFO - Sync 1 DAGs
[2026-01-08T11:47:28.997+0000] {logging_mixin.py:188} INFO - [2026-01-08T11:47:28.996+0000] {dag.py:3954} INFO - Setting next_dagrun for pg_to_clickhouse_payload_parsing to 2026-01-08 11:47:20+00:00, run_after=2026-01-08 11:47:30+00:00
[2026-01-08T11:47:29.039+0000] {processor.py:183} INFO - Processing /opt/airflow/dags/etl_postgres_to_clickhouse.py took 0.433 seconds
[2026-01-08T11:47:59.644+0000] {processor.py:161} INFO - Started process (PID=1290) to work on /opt/airflow/dags/etl_postgres_to_clickhouse.py
[2026-01-08T11:47:59.646+0000] {processor.py:830} INFO - Processing file /opt/airflow/dags/etl_postgres_to_clickhouse.py for tasks to queue
[2026-01-08T11:47:59.649+0000] {logging_mixin.py:188} INFO - [2026-01-08T11:47:59.649+0000] {dagbag.py:545} INFO - Filling up the DagBag from /opt/airflow/dags/etl_postgres_to_clickhouse.py
[2026-01-08T11:47:59.914+0000] {processor.py:840} INFO - DAG(s) 'pg_to_clickhouse_payload_parsing' retrieved from /opt/airflow/dags/etl_postgres_to_clickhouse.py
[2026-01-08T11:47:59.955+0000] {logging_mixin.py:188} INFO - [2026-01-08T11:47:59.955+0000] {dag.py:3096} INFO - Sync 1 DAGs
[2026-01-08T11:47:59.989+0000] {logging_mixin.py:188} INFO - [2026-01-08T11:47:59.989+0000] {dag.py:3954} INFO - Setting next_dagrun for pg_to_clickhouse_payload_parsing to 2026-01-08 11:47:50+00:00, run_after=2026-01-08 11:48:00+00:00
[2026-01-08T11:48:00.014+0000] {processor.py:183} INFO - Processing /opt/airflow/dags/etl_postgres_to_clickhouse.py took 0.380 seconds
[2026-01-08T11:48:30.784+0000] {processor.py:161} INFO - Started process (PID=1317) to work on /opt/airflow/dags/etl_postgres_to_clickhouse.py
[2026-01-08T11:48:30.787+0000] {processor.py:830} INFO - Processing file /opt/airflow/dags/etl_postgres_to_clickhouse.py for tasks to queue
[2026-01-08T11:48:30.793+0000] {logging_mixin.py:188} INFO - [2026-01-08T11:48:30.793+0000] {dagbag.py:545} INFO - Filling up the DagBag from /opt/airflow/dags/etl_postgres_to_clickhouse.py
[2026-01-08T11:48:31.219+0000] {processor.py:840} INFO - DAG(s) 'pg_to_clickhouse_payload_parsing' retrieved from /opt/airflow/dags/etl_postgres_to_clickhouse.py
[2026-01-08T11:48:31.294+0000] {logging_mixin.py:188} INFO - [2026-01-08T11:48:31.293+0000] {dag.py:3096} INFO - Sync 1 DAGs
[2026-01-08T11:48:31.350+0000] {logging_mixin.py:188} INFO - [2026-01-08T11:48:31.349+0000] {dag.py:3954} INFO - Setting next_dagrun for pg_to_clickhouse_payload_parsing to 2026-01-08 11:48:30+00:00, run_after=2026-01-08 11:48:40+00:00
[2026-01-08T11:48:31.393+0000] {processor.py:183} INFO - Processing /opt/airflow/dags/etl_postgres_to_clickhouse.py took 0.626 seconds
[2026-01-08T11:49:01.665+0000] {processor.py:161} INFO - Started process (PID=1350) to work on /opt/airflow/dags/etl_postgres_to_clickhouse.py
[2026-01-08T11:49:01.667+0000] {processor.py:830} INFO - Processing file /opt/airflow/dags/etl_postgres_to_clickhouse.py for tasks to queue
[2026-01-08T11:49:01.673+0000] {logging_mixin.py:188} INFO - [2026-01-08T11:49:01.672+0000] {dagbag.py:545} INFO - Filling up the DagBag from /opt/airflow/dags/etl_postgres_to_clickhouse.py
[2026-01-08T11:49:01.965+0000] {processor.py:840} INFO - DAG(s) 'pg_to_clickhouse_payload_parsing' retrieved from /opt/airflow/dags/etl_postgres_to_clickhouse.py
[2026-01-08T11:49:02.004+0000] {logging_mixin.py:188} INFO - [2026-01-08T11:49:02.000+0000] {dag.py:3096} INFO - Sync 1 DAGs
[2026-01-08T11:49:02.031+0000] {logging_mixin.py:188} INFO - [2026-01-08T11:49:02.031+0000] {dag.py:3954} INFO - Setting next_dagrun for pg_to_clickhouse_payload_parsing to 2026-01-08 11:49:00+00:00, run_after=2026-01-08 11:49:10+00:00
[2026-01-08T11:49:02.063+0000] {processor.py:183} INFO - Processing /opt/airflow/dags/etl_postgres_to_clickhouse.py took 0.406 seconds
[2026-01-08T11:49:32.449+0000] {processor.py:161} INFO - Started process (PID=1376) to work on /opt/airflow/dags/etl_postgres_to_clickhouse.py
[2026-01-08T11:49:32.450+0000] {processor.py:830} INFO - Processing file /opt/airflow/dags/etl_postgres_to_clickhouse.py for tasks to queue
[2026-01-08T11:49:32.453+0000] {logging_mixin.py:188} INFO - [2026-01-08T11:49:32.452+0000] {dagbag.py:545} INFO - Filling up the DagBag from /opt/airflow/dags/etl_postgres_to_clickhouse.py
[2026-01-08T11:49:32.726+0000] {processor.py:840} INFO - DAG(s) 'pg_to_clickhouse_payload_parsing' retrieved from /opt/airflow/dags/etl_postgres_to_clickhouse.py
[2026-01-08T11:49:32.768+0000] {logging_mixin.py:188} INFO - [2026-01-08T11:49:32.768+0000] {dag.py:3096} INFO - Sync 1 DAGs
[2026-01-08T11:49:32.794+0000] {logging_mixin.py:188} INFO - [2026-01-08T11:49:32.793+0000] {dag.py:3954} INFO - Setting next_dagrun for pg_to_clickhouse_payload_parsing to 2026-01-08 11:49:30+00:00, run_after=2026-01-08 11:49:40+00:00
[2026-01-08T11:49:32.831+0000] {processor.py:183} INFO - Processing /opt/airflow/dags/etl_postgres_to_clickhouse.py took 0.390 seconds
[2026-01-08T11:50:03.244+0000] {processor.py:161} INFO - Started process (PID=1401) to work on /opt/airflow/dags/etl_postgres_to_clickhouse.py
[2026-01-08T11:50:03.245+0000] {processor.py:830} INFO - Processing file /opt/airflow/dags/etl_postgres_to_clickhouse.py for tasks to queue
[2026-01-08T11:50:03.247+0000] {logging_mixin.py:188} INFO - [2026-01-08T11:50:03.247+0000] {dagbag.py:545} INFO - Filling up the DagBag from /opt/airflow/dags/etl_postgres_to_clickhouse.py
[2026-01-08T11:50:03.522+0000] {processor.py:840} INFO - DAG(s) 'pg_to_clickhouse_payload_parsing' retrieved from /opt/airflow/dags/etl_postgres_to_clickhouse.py
[2026-01-08T11:50:03.563+0000] {logging_mixin.py:188} INFO - [2026-01-08T11:50:03.562+0000] {dag.py:3096} INFO - Sync 1 DAGs
[2026-01-08T11:50:03.594+0000] {logging_mixin.py:188} INFO - [2026-01-08T11:50:03.593+0000] {dag.py:3954} INFO - Setting next_dagrun for pg_to_clickhouse_payload_parsing to 2026-01-08 11:50:00+00:00, run_after=2026-01-08 11:50:10+00:00
[2026-01-08T11:50:03.622+0000] {processor.py:183} INFO - Processing /opt/airflow/dags/etl_postgres_to_clickhouse.py took 0.386 seconds
[2026-01-08T11:50:34.445+0000] {processor.py:161} INFO - Started process (PID=1432) to work on /opt/airflow/dags/etl_postgres_to_clickhouse.py
[2026-01-08T11:50:34.446+0000] {processor.py:830} INFO - Processing file /opt/airflow/dags/etl_postgres_to_clickhouse.py for tasks to queue
[2026-01-08T11:50:34.449+0000] {logging_mixin.py:188} INFO - [2026-01-08T11:50:34.449+0000] {dagbag.py:545} INFO - Filling up the DagBag from /opt/airflow/dags/etl_postgres_to_clickhouse.py
[2026-01-08T11:50:34.773+0000] {processor.py:840} INFO - DAG(s) 'pg_to_clickhouse_payload_parsing' retrieved from /opt/airflow/dags/etl_postgres_to_clickhouse.py
[2026-01-08T11:50:34.813+0000] {logging_mixin.py:188} INFO - [2026-01-08T11:50:34.812+0000] {dag.py:3096} INFO - Sync 1 DAGs
[2026-01-08T11:50:34.849+0000] {logging_mixin.py:188} INFO - [2026-01-08T11:50:34.848+0000] {dag.py:3954} INFO - Setting next_dagrun for pg_to_clickhouse_payload_parsing to 2026-01-08 11:50:30+00:00, run_after=2026-01-08 11:50:40+00:00
[2026-01-08T11:50:34.876+0000] {processor.py:183} INFO - Processing /opt/airflow/dags/etl_postgres_to_clickhouse.py took 0.439 seconds
[2026-01-08T11:51:05.281+0000] {processor.py:161} INFO - Started process (PID=1457) to work on /opt/airflow/dags/etl_postgres_to_clickhouse.py
[2026-01-08T11:51:05.287+0000] {processor.py:830} INFO - Processing file /opt/airflow/dags/etl_postgres_to_clickhouse.py for tasks to queue
[2026-01-08T11:51:05.290+0000] {logging_mixin.py:188} INFO - [2026-01-08T11:51:05.289+0000] {dagbag.py:545} INFO - Filling up the DagBag from /opt/airflow/dags/etl_postgres_to_clickhouse.py
[2026-01-08T11:51:05.587+0000] {processor.py:840} INFO - DAG(s) 'pg_to_clickhouse_payload_parsing' retrieved from /opt/airflow/dags/etl_postgres_to_clickhouse.py
[2026-01-08T11:51:05.641+0000] {logging_mixin.py:188} INFO - [2026-01-08T11:51:05.640+0000] {dag.py:3096} INFO - Sync 1 DAGs
[2026-01-08T11:51:05.683+0000] {logging_mixin.py:188} INFO - [2026-01-08T11:51:05.682+0000] {dag.py:3954} INFO - Setting next_dagrun for pg_to_clickhouse_payload_parsing to 2026-01-08 11:51:00+00:00, run_after=2026-01-08 11:51:10+00:00
[2026-01-08T11:51:05.718+0000] {processor.py:183} INFO - Processing /opt/airflow/dags/etl_postgres_to_clickhouse.py took 0.445 seconds
[2026-01-08T11:51:36.507+0000] {processor.py:161} INFO - Started process (PID=1490) to work on /opt/airflow/dags/etl_postgres_to_clickhouse.py
[2026-01-08T11:51:36.509+0000] {processor.py:830} INFO - Processing file /opt/airflow/dags/etl_postgres_to_clickhouse.py for tasks to queue
[2026-01-08T11:51:36.512+0000] {logging_mixin.py:188} INFO - [2026-01-08T11:51:36.512+0000] {dagbag.py:545} INFO - Filling up the DagBag from /opt/airflow/dags/etl_postgres_to_clickhouse.py
[2026-01-08T11:51:36.774+0000] {processor.py:840} INFO - DAG(s) 'pg_to_clickhouse_payload_parsing' retrieved from /opt/airflow/dags/etl_postgres_to_clickhouse.py
[2026-01-08T11:51:36.810+0000] {logging_mixin.py:188} INFO - [2026-01-08T11:51:36.810+0000] {dag.py:3096} INFO - Sync 1 DAGs
[2026-01-08T11:51:36.844+0000] {logging_mixin.py:188} INFO - [2026-01-08T11:51:36.844+0000] {dag.py:3954} INFO - Setting next_dagrun for pg_to_clickhouse_payload_parsing to 2026-01-08 11:51:30+00:00, run_after=2026-01-08 11:51:40+00:00
[2026-01-08T11:51:36.872+0000] {processor.py:183} INFO - Processing /opt/airflow/dags/etl_postgres_to_clickhouse.py took 0.375 seconds
[2026-01-08T11:52:07.364+0000] {processor.py:161} INFO - Started process (PID=1515) to work on /opt/airflow/dags/etl_postgres_to_clickhouse.py
[2026-01-08T11:52:07.365+0000] {processor.py:830} INFO - Processing file /opt/airflow/dags/etl_postgres_to_clickhouse.py for tasks to queue
[2026-01-08T11:52:07.370+0000] {logging_mixin.py:188} INFO - [2026-01-08T11:52:07.370+0000] {dagbag.py:545} INFO - Filling up the DagBag from /opt/airflow/dags/etl_postgres_to_clickhouse.py
[2026-01-08T11:52:07.622+0000] {processor.py:840} INFO - DAG(s) 'pg_to_clickhouse_payload_parsing' retrieved from /opt/airflow/dags/etl_postgres_to_clickhouse.py
[2026-01-08T11:52:07.664+0000] {logging_mixin.py:188} INFO - [2026-01-08T11:52:07.663+0000] {dag.py:3096} INFO - Sync 1 DAGs
[2026-01-08T11:52:07.697+0000] {logging_mixin.py:188} INFO - [2026-01-08T11:52:07.697+0000] {dag.py:3954} INFO - Setting next_dagrun for pg_to_clickhouse_payload_parsing to 2026-01-08 11:52:00+00:00, run_after=2026-01-08 11:52:10+00:00
[2026-01-08T11:52:07.724+0000] {processor.py:183} INFO - Processing /opt/airflow/dags/etl_postgres_to_clickhouse.py took 0.368 seconds
[2026-01-08T11:52:38.449+0000] {processor.py:161} INFO - Started process (PID=1540) to work on /opt/airflow/dags/etl_postgres_to_clickhouse.py
[2026-01-08T11:52:38.451+0000] {processor.py:830} INFO - Processing file /opt/airflow/dags/etl_postgres_to_clickhouse.py for tasks to queue
[2026-01-08T11:52:38.453+0000] {logging_mixin.py:188} INFO - [2026-01-08T11:52:38.453+0000] {dagbag.py:545} INFO - Filling up the DagBag from /opt/airflow/dags/etl_postgres_to_clickhouse.py
[2026-01-08T11:52:38.682+0000] {processor.py:840} INFO - DAG(s) 'pg_to_clickhouse_payload_parsing' retrieved from /opt/airflow/dags/etl_postgres_to_clickhouse.py
[2026-01-08T11:52:38.715+0000] {logging_mixin.py:188} INFO - [2026-01-08T11:52:38.715+0000] {dag.py:3096} INFO - Sync 1 DAGs
[2026-01-08T11:52:38.742+0000] {logging_mixin.py:188} INFO - [2026-01-08T11:52:38.742+0000] {dag.py:3954} INFO - Setting next_dagrun for pg_to_clickhouse_payload_parsing to 2026-01-08 11:52:30+00:00, run_after=2026-01-08 11:52:40+00:00
[2026-01-08T11:52:38.766+0000] {processor.py:183} INFO - Processing /opt/airflow/dags/etl_postgres_to_clickhouse.py took 0.323 seconds
[2026-01-08T11:53:08.878+0000] {processor.py:161} INFO - Started process (PID=1571) to work on /opt/airflow/dags/etl_postgres_to_clickhouse.py
[2026-01-08T11:53:08.880+0000] {processor.py:830} INFO - Processing file /opt/airflow/dags/etl_postgres_to_clickhouse.py for tasks to queue
[2026-01-08T11:53:08.882+0000] {logging_mixin.py:188} INFO - [2026-01-08T11:53:08.882+0000] {dagbag.py:545} INFO - Filling up the DagBag from /opt/airflow/dags/etl_postgres_to_clickhouse.py
[2026-01-08T11:53:09.166+0000] {processor.py:840} INFO - DAG(s) 'pg_to_clickhouse_payload_parsing' retrieved from /opt/airflow/dags/etl_postgres_to_clickhouse.py
[2026-01-08T11:53:09.200+0000] {logging_mixin.py:188} INFO - [2026-01-08T11:53:09.200+0000] {dag.py:3096} INFO - Sync 1 DAGs
[2026-01-08T11:53:09.226+0000] {logging_mixin.py:188} INFO - [2026-01-08T11:53:09.226+0000] {dag.py:3954} INFO - Setting next_dagrun for pg_to_clickhouse_payload_parsing to 2026-01-08 11:53:00+00:00, run_after=2026-01-08 11:53:10+00:00
[2026-01-08T11:53:09.269+0000] {processor.py:183} INFO - Processing /opt/airflow/dags/etl_postgres_to_clickhouse.py took 0.399 seconds
[2026-01-08T11:53:40.019+0000] {processor.py:161} INFO - Started process (PID=1596) to work on /opt/airflow/dags/etl_postgres_to_clickhouse.py
[2026-01-08T11:53:40.020+0000] {processor.py:830} INFO - Processing file /opt/airflow/dags/etl_postgres_to_clickhouse.py for tasks to queue
[2026-01-08T11:53:40.023+0000] {logging_mixin.py:188} INFO - [2026-01-08T11:53:40.023+0000] {dagbag.py:545} INFO - Filling up the DagBag from /opt/airflow/dags/etl_postgres_to_clickhouse.py
[2026-01-08T11:53:40.289+0000] {processor.py:840} INFO - DAG(s) 'pg_to_clickhouse_payload_parsing' retrieved from /opt/airflow/dags/etl_postgres_to_clickhouse.py
[2026-01-08T11:53:40.328+0000] {logging_mixin.py:188} INFO - [2026-01-08T11:53:40.328+0000] {dag.py:3096} INFO - Sync 1 DAGs
[2026-01-08T11:53:40.359+0000] {logging_mixin.py:188} INFO - [2026-01-08T11:53:40.359+0000] {dag.py:3954} INFO - Setting next_dagrun for pg_to_clickhouse_payload_parsing to 2026-01-08 11:53:30+00:00, run_after=2026-01-08 11:53:40+00:00
[2026-01-08T11:53:40.386+0000] {processor.py:183} INFO - Processing /opt/airflow/dags/etl_postgres_to_clickhouse.py took 0.376 seconds
[2026-01-08T11:54:10.880+0000] {processor.py:161} INFO - Started process (PID=1622) to work on /opt/airflow/dags/etl_postgres_to_clickhouse.py
[2026-01-08T11:54:10.881+0000] {processor.py:830} INFO - Processing file /opt/airflow/dags/etl_postgres_to_clickhouse.py for tasks to queue
[2026-01-08T11:54:10.884+0000] {logging_mixin.py:188} INFO - [2026-01-08T11:54:10.883+0000] {dagbag.py:545} INFO - Filling up the DagBag from /opt/airflow/dags/etl_postgres_to_clickhouse.py
[2026-01-08T11:54:11.165+0000] {processor.py:840} INFO - DAG(s) 'pg_to_clickhouse_payload_parsing' retrieved from /opt/airflow/dags/etl_postgres_to_clickhouse.py
[2026-01-08T11:54:11.207+0000] {logging_mixin.py:188} INFO - [2026-01-08T11:54:11.206+0000] {dag.py:3096} INFO - Sync 1 DAGs
[2026-01-08T11:54:11.242+0000] {logging_mixin.py:188} INFO - [2026-01-08T11:54:11.241+0000] {dag.py:3954} INFO - Setting next_dagrun for pg_to_clickhouse_payload_parsing to 2026-01-08 11:54:10+00:00, run_after=2026-01-08 11:54:20+00:00
[2026-01-08T11:54:11.275+0000] {processor.py:183} INFO - Processing /opt/airflow/dags/etl_postgres_to_clickhouse.py took 0.403 seconds
[2026-01-08T11:54:42.015+0000] {processor.py:161} INFO - Started process (PID=1656) to work on /opt/airflow/dags/etl_postgres_to_clickhouse.py
[2026-01-08T11:54:42.016+0000] {processor.py:830} INFO - Processing file /opt/airflow/dags/etl_postgres_to_clickhouse.py for tasks to queue
[2026-01-08T11:54:42.020+0000] {logging_mixin.py:188} INFO - [2026-01-08T11:54:42.019+0000] {dagbag.py:545} INFO - Filling up the DagBag from /opt/airflow/dags/etl_postgres_to_clickhouse.py
[2026-01-08T11:54:42.340+0000] {processor.py:840} INFO - DAG(s) 'pg_to_clickhouse_payload_parsing' retrieved from /opt/airflow/dags/etl_postgres_to_clickhouse.py
[2026-01-08T11:54:42.381+0000] {logging_mixin.py:188} INFO - [2026-01-08T11:54:42.380+0000] {dag.py:3096} INFO - Sync 1 DAGs
[2026-01-08T11:54:42.417+0000] {logging_mixin.py:188} INFO - [2026-01-08T11:54:42.417+0000] {dag.py:3954} INFO - Setting next_dagrun for pg_to_clickhouse_payload_parsing to 2026-01-08 11:54:40+00:00, run_after=2026-01-08 11:54:50+00:00
[2026-01-08T11:54:42.451+0000] {processor.py:183} INFO - Processing /opt/airflow/dags/etl_postgres_to_clickhouse.py took 0.446 seconds
[2026-01-08T11:55:12.925+0000] {processor.py:161} INFO - Started process (PID=1681) to work on /opt/airflow/dags/etl_postgres_to_clickhouse.py
[2026-01-08T11:55:12.926+0000] {processor.py:830} INFO - Processing file /opt/airflow/dags/etl_postgres_to_clickhouse.py for tasks to queue
[2026-01-08T11:55:12.930+0000] {logging_mixin.py:188} INFO - [2026-01-08T11:55:12.929+0000] {dagbag.py:545} INFO - Filling up the DagBag from /opt/airflow/dags/etl_postgres_to_clickhouse.py
[2026-01-08T11:55:13.239+0000] {processor.py:840} INFO - DAG(s) 'pg_to_clickhouse_payload_parsing' retrieved from /opt/airflow/dags/etl_postgres_to_clickhouse.py
[2026-01-08T11:55:13.286+0000] {logging_mixin.py:188} INFO - [2026-01-08T11:55:13.285+0000] {dag.py:3096} INFO - Sync 1 DAGs
[2026-01-08T11:55:13.322+0000] {logging_mixin.py:188} INFO - [2026-01-08T11:55:13.322+0000] {dag.py:3954} INFO - Setting next_dagrun for pg_to_clickhouse_payload_parsing to 2026-01-08 11:55:10+00:00, run_after=2026-01-08 11:55:20+00:00
[2026-01-08T11:55:13.348+0000] {processor.py:183} INFO - Processing /opt/airflow/dags/etl_postgres_to_clickhouse.py took 0.434 seconds
[2026-01-08T11:55:44.060+0000] {processor.py:161} INFO - Started process (PID=1713) to work on /opt/airflow/dags/etl_postgres_to_clickhouse.py
[2026-01-08T11:55:44.062+0000] {processor.py:830} INFO - Processing file /opt/airflow/dags/etl_postgres_to_clickhouse.py for tasks to queue
[2026-01-08T11:55:44.064+0000] {logging_mixin.py:188} INFO - [2026-01-08T11:55:44.064+0000] {dagbag.py:545} INFO - Filling up the DagBag from /opt/airflow/dags/etl_postgres_to_clickhouse.py
[2026-01-08T11:55:44.370+0000] {processor.py:840} INFO - DAG(s) 'pg_to_clickhouse_payload_parsing' retrieved from /opt/airflow/dags/etl_postgres_to_clickhouse.py
[2026-01-08T11:55:44.416+0000] {logging_mixin.py:188} INFO - [2026-01-08T11:55:44.416+0000] {dag.py:3096} INFO - Sync 1 DAGs
[2026-01-08T11:55:44.447+0000] {logging_mixin.py:188} INFO - [2026-01-08T11:55:44.446+0000] {dag.py:3954} INFO - Setting next_dagrun for pg_to_clickhouse_payload_parsing to 2026-01-08 11:55:40+00:00, run_after=2026-01-08 11:55:50+00:00
[2026-01-08T11:55:44.479+0000] {processor.py:183} INFO - Processing /opt/airflow/dags/etl_postgres_to_clickhouse.py took 0.430 seconds
[2026-01-08T11:56:14.947+0000] {processor.py:161} INFO - Started process (PID=1738) to work on /opt/airflow/dags/etl_postgres_to_clickhouse.py
[2026-01-08T11:56:14.949+0000] {processor.py:830} INFO - Processing file /opt/airflow/dags/etl_postgres_to_clickhouse.py for tasks to queue
[2026-01-08T11:56:14.952+0000] {logging_mixin.py:188} INFO - [2026-01-08T11:56:14.951+0000] {dagbag.py:545} INFO - Filling up the DagBag from /opt/airflow/dags/etl_postgres_to_clickhouse.py
[2026-01-08T11:56:15.229+0000] {processor.py:840} INFO - DAG(s) 'pg_to_clickhouse_payload_parsing' retrieved from /opt/airflow/dags/etl_postgres_to_clickhouse.py
[2026-01-08T11:56:15.271+0000] {logging_mixin.py:188} INFO - [2026-01-08T11:56:15.271+0000] {dag.py:3096} INFO - Sync 1 DAGs
[2026-01-08T11:56:15.304+0000] {logging_mixin.py:188} INFO - [2026-01-08T11:56:15.303+0000] {dag.py:3954} INFO - Setting next_dagrun for pg_to_clickhouse_payload_parsing to 2026-01-08 11:56:10+00:00, run_after=2026-01-08 11:56:20+00:00
[2026-01-08T11:56:15.338+0000] {processor.py:183} INFO - Processing /opt/airflow/dags/etl_postgres_to_clickhouse.py took 0.401 seconds
[2026-01-08T11:56:46.117+0000] {processor.py:161} INFO - Started process (PID=1763) to work on /opt/airflow/dags/etl_postgres_to_clickhouse.py
[2026-01-08T11:56:46.118+0000] {processor.py:830} INFO - Processing file /opt/airflow/dags/etl_postgres_to_clickhouse.py for tasks to queue
[2026-01-08T11:56:46.121+0000] {logging_mixin.py:188} INFO - [2026-01-08T11:56:46.120+0000] {dagbag.py:545} INFO - Filling up the DagBag from /opt/airflow/dags/etl_postgres_to_clickhouse.py
[2026-01-08T11:56:46.375+0000] {processor.py:840} INFO - DAG(s) 'pg_to_clickhouse_payload_parsing' retrieved from /opt/airflow/dags/etl_postgres_to_clickhouse.py
[2026-01-08T11:56:46.421+0000] {logging_mixin.py:188} INFO - [2026-01-08T11:56:46.420+0000] {dag.py:3096} INFO - Sync 1 DAGs
[2026-01-08T11:56:46.456+0000] {logging_mixin.py:188} INFO - [2026-01-08T11:56:46.456+0000] {dag.py:3954} INFO - Setting next_dagrun for pg_to_clickhouse_payload_parsing to 2026-01-08 11:56:40+00:00, run_after=2026-01-08 11:56:50+00:00
[2026-01-08T11:56:46.487+0000] {processor.py:183} INFO - Processing /opt/airflow/dags/etl_postgres_to_clickhouse.py took 0.379 seconds
[2026-01-08T11:57:16.965+0000] {processor.py:161} INFO - Started process (PID=1796) to work on /opt/airflow/dags/etl_postgres_to_clickhouse.py
[2026-01-08T11:57:16.966+0000] {processor.py:830} INFO - Processing file /opt/airflow/dags/etl_postgres_to_clickhouse.py for tasks to queue
[2026-01-08T11:57:16.968+0000] {logging_mixin.py:188} INFO - [2026-01-08T11:57:16.968+0000] {dagbag.py:545} INFO - Filling up the DagBag from /opt/airflow/dags/etl_postgres_to_clickhouse.py
[2026-01-08T11:57:17.217+0000] {processor.py:840} INFO - DAG(s) 'pg_to_clickhouse_payload_parsing' retrieved from /opt/airflow/dags/etl_postgres_to_clickhouse.py
[2026-01-08T11:57:17.264+0000] {logging_mixin.py:188} INFO - [2026-01-08T11:57:17.264+0000] {dag.py:3096} INFO - Sync 1 DAGs
[2026-01-08T11:57:17.295+0000] {logging_mixin.py:188} INFO - [2026-01-08T11:57:17.295+0000] {dag.py:3954} INFO - Setting next_dagrun for pg_to_clickhouse_payload_parsing to 2026-01-08 11:57:10+00:00, run_after=2026-01-08 11:57:20+00:00
[2026-01-08T11:57:17.322+0000] {processor.py:183} INFO - Processing /opt/airflow/dags/etl_postgres_to_clickhouse.py took 0.365 seconds
[2026-01-08T11:57:48.114+0000] {processor.py:161} INFO - Started process (PID=1820) to work on /opt/airflow/dags/etl_postgres_to_clickhouse.py
[2026-01-08T11:57:48.115+0000] {processor.py:830} INFO - Processing file /opt/airflow/dags/etl_postgres_to_clickhouse.py for tasks to queue
[2026-01-08T11:57:48.117+0000] {logging_mixin.py:188} INFO - [2026-01-08T11:57:48.117+0000] {dagbag.py:545} INFO - Filling up the DagBag from /opt/airflow/dags/etl_postgres_to_clickhouse.py
[2026-01-08T11:57:48.360+0000] {processor.py:840} INFO - DAG(s) 'pg_to_clickhouse_payload_parsing' retrieved from /opt/airflow/dags/etl_postgres_to_clickhouse.py
[2026-01-08T11:57:48.394+0000] {logging_mixin.py:188} INFO - [2026-01-08T11:57:48.394+0000] {dag.py:3096} INFO - Sync 1 DAGs
[2026-01-08T11:57:48.420+0000] {logging_mixin.py:188} INFO - [2026-01-08T11:57:48.420+0000] {dag.py:3954} INFO - Setting next_dagrun for pg_to_clickhouse_payload_parsing to 2026-01-08 11:57:40+00:00, run_after=2026-01-08 11:57:50+00:00
[2026-01-08T11:57:48.458+0000] {processor.py:183} INFO - Processing /opt/airflow/dags/etl_postgres_to_clickhouse.py took 0.352 seconds
[2026-01-08T11:58:18.940+0000] {processor.py:161} INFO - Started process (PID=1845) to work on /opt/airflow/dags/etl_postgres_to_clickhouse.py
[2026-01-08T11:58:18.941+0000] {processor.py:830} INFO - Processing file /opt/airflow/dags/etl_postgres_to_clickhouse.py for tasks to queue
[2026-01-08T11:58:18.943+0000] {logging_mixin.py:188} INFO - [2026-01-08T11:58:18.943+0000] {dagbag.py:545} INFO - Filling up the DagBag from /opt/airflow/dags/etl_postgres_to_clickhouse.py
[2026-01-08T11:58:19.187+0000] {processor.py:840} INFO - DAG(s) 'pg_to_clickhouse_payload_parsing' retrieved from /opt/airflow/dags/etl_postgres_to_clickhouse.py
[2026-01-08T11:58:19.225+0000] {logging_mixin.py:188} INFO - [2026-01-08T11:58:19.225+0000] {dag.py:3096} INFO - Sync 1 DAGs
[2026-01-08T11:58:19.252+0000] {logging_mixin.py:188} INFO - [2026-01-08T11:58:19.252+0000] {dag.py:3954} INFO - Setting next_dagrun for pg_to_clickhouse_payload_parsing to 2026-01-08 11:58:10+00:00, run_after=2026-01-08 11:58:20+00:00
[2026-01-08T11:58:19.285+0000] {processor.py:183} INFO - Processing /opt/airflow/dags/etl_postgres_to_clickhouse.py took 0.352 seconds
[2026-01-08T11:58:49.737+0000] {processor.py:161} INFO - Started process (PID=1877) to work on /opt/airflow/dags/etl_postgres_to_clickhouse.py
[2026-01-08T11:58:49.738+0000] {processor.py:830} INFO - Processing file /opt/airflow/dags/etl_postgres_to_clickhouse.py for tasks to queue
[2026-01-08T11:58:49.741+0000] {logging_mixin.py:188} INFO - [2026-01-08T11:58:49.740+0000] {dagbag.py:545} INFO - Filling up the DagBag from /opt/airflow/dags/etl_postgres_to_clickhouse.py
[2026-01-08T11:58:49.955+0000] {processor.py:840} INFO - DAG(s) 'pg_to_clickhouse_payload_parsing' retrieved from /opt/airflow/dags/etl_postgres_to_clickhouse.py
[2026-01-08T11:58:49.990+0000] {logging_mixin.py:188} INFO - [2026-01-08T11:58:49.990+0000] {dag.py:3096} INFO - Sync 1 DAGs
[2026-01-08T11:58:50.019+0000] {logging_mixin.py:188} INFO - [2026-01-08T11:58:50.019+0000] {dag.py:3954} INFO - Setting next_dagrun for pg_to_clickhouse_payload_parsing to 2026-01-08 11:58:40+00:00, run_after=2026-01-08 11:58:50+00:00
[2026-01-08T11:58:50.044+0000] {processor.py:183} INFO - Processing /opt/airflow/dags/etl_postgres_to_clickhouse.py took 0.314 seconds
[2026-01-08T11:59:20.138+0000] {processor.py:161} INFO - Started process (PID=1902) to work on /opt/airflow/dags/etl_postgres_to_clickhouse.py
[2026-01-08T11:59:20.140+0000] {processor.py:830} INFO - Processing file /opt/airflow/dags/etl_postgres_to_clickhouse.py for tasks to queue
[2026-01-08T11:59:20.143+0000] {logging_mixin.py:188} INFO - [2026-01-08T11:59:20.142+0000] {dagbag.py:545} INFO - Filling up the DagBag from /opt/airflow/dags/etl_postgres_to_clickhouse.py
[2026-01-08T11:59:20.392+0000] {processor.py:840} INFO - DAG(s) 'pg_to_clickhouse_payload_parsing' retrieved from /opt/airflow/dags/etl_postgres_to_clickhouse.py
[2026-01-08T11:59:20.427+0000] {logging_mixin.py:188} INFO - [2026-01-08T11:59:20.427+0000] {dag.py:3096} INFO - Sync 1 DAGs
[2026-01-08T11:59:20.452+0000] {logging_mixin.py:188} INFO - [2026-01-08T11:59:20.452+0000] {dag.py:3954} INFO - Setting next_dagrun for pg_to_clickhouse_payload_parsing to 2026-01-08 11:59:10+00:00, run_after=2026-01-08 11:59:20+00:00
[2026-01-08T11:59:20.475+0000] {processor.py:183} INFO - Processing /opt/airflow/dags/etl_postgres_to_clickhouse.py took 0.347 seconds
[2026-01-08T11:59:51.237+0000] {processor.py:161} INFO - Started process (PID=1936) to work on /opt/airflow/dags/etl_postgres_to_clickhouse.py
[2026-01-08T11:59:51.239+0000] {processor.py:830} INFO - Processing file /opt/airflow/dags/etl_postgres_to_clickhouse.py for tasks to queue
[2026-01-08T11:59:51.242+0000] {logging_mixin.py:188} INFO - [2026-01-08T11:59:51.241+0000] {dagbag.py:545} INFO - Filling up the DagBag from /opt/airflow/dags/etl_postgres_to_clickhouse.py
[2026-01-08T11:59:51.630+0000] {processor.py:840} INFO - DAG(s) 'pg_to_clickhouse_payload_parsing' retrieved from /opt/airflow/dags/etl_postgres_to_clickhouse.py
[2026-01-08T11:59:51.684+0000] {logging_mixin.py:188} INFO - [2026-01-08T11:59:51.683+0000] {dag.py:3096} INFO - Sync 1 DAGs
[2026-01-08T11:59:51.729+0000] {logging_mixin.py:188} INFO - [2026-01-08T11:59:51.729+0000] {dag.py:3954} INFO - Setting next_dagrun for pg_to_clickhouse_payload_parsing to 2026-01-08 11:59:50+00:00, run_after=2026-01-08 12:00:00+00:00
[2026-01-08T11:59:51.766+0000] {processor.py:183} INFO - Processing /opt/airflow/dags/etl_postgres_to_clickhouse.py took 0.538 seconds
[2026-01-08T12:00:22.052+0000] {processor.py:161} INFO - Started process (PID=1961) to work on /opt/airflow/dags/etl_postgres_to_clickhouse.py
[2026-01-08T12:00:22.053+0000] {processor.py:830} INFO - Processing file /opt/airflow/dags/etl_postgres_to_clickhouse.py for tasks to queue
[2026-01-08T12:00:22.057+0000] {logging_mixin.py:188} INFO - [2026-01-08T12:00:22.057+0000] {dagbag.py:545} INFO - Filling up the DagBag from /opt/airflow/dags/etl_postgres_to_clickhouse.py
[2026-01-08T12:00:22.384+0000] {processor.py:840} INFO - DAG(s) 'pg_to_clickhouse_payload_parsing' retrieved from /opt/airflow/dags/etl_postgres_to_clickhouse.py
[2026-01-08T12:00:22.421+0000] {logging_mixin.py:188} INFO - [2026-01-08T12:00:22.421+0000] {dag.py:3096} INFO - Sync 1 DAGs
[2026-01-08T12:00:22.458+0000] {logging_mixin.py:188} INFO - [2026-01-08T12:00:22.454+0000] {dag.py:3954} INFO - Setting next_dagrun for pg_to_clickhouse_payload_parsing to 2026-01-08 12:00:20+00:00, run_after=2026-01-08 12:00:30+00:00
[2026-01-08T12:00:22.488+0000] {processor.py:183} INFO - Processing /opt/airflow/dags/etl_postgres_to_clickhouse.py took 0.445 seconds
[2026-01-08T12:00:52.865+0000] {processor.py:161} INFO - Started process (PID=1986) to work on /opt/airflow/dags/etl_postgres_to_clickhouse.py
[2026-01-08T12:00:52.867+0000] {processor.py:830} INFO - Processing file /opt/airflow/dags/etl_postgres_to_clickhouse.py for tasks to queue
[2026-01-08T12:00:52.870+0000] {logging_mixin.py:188} INFO - [2026-01-08T12:00:52.869+0000] {dagbag.py:545} INFO - Filling up the DagBag from /opt/airflow/dags/etl_postgres_to_clickhouse.py
[2026-01-08T12:00:53.185+0000] {processor.py:840} INFO - DAG(s) 'pg_to_clickhouse_payload_parsing' retrieved from /opt/airflow/dags/etl_postgres_to_clickhouse.py
[2026-01-08T12:00:53.226+0000] {logging_mixin.py:188} INFO - [2026-01-08T12:00:53.225+0000] {dag.py:3096} INFO - Sync 1 DAGs
[2026-01-08T12:00:53.259+0000] {logging_mixin.py:188} INFO - [2026-01-08T12:00:53.259+0000] {dag.py:3954} INFO - Setting next_dagrun for pg_to_clickhouse_payload_parsing to 2026-01-08 12:00:50+00:00, run_after=2026-01-08 12:01:00+00:00
[2026-01-08T12:00:53.290+0000] {processor.py:183} INFO - Processing /opt/airflow/dags/etl_postgres_to_clickhouse.py took 0.436 seconds
[2026-01-08T12:01:24.124+0000] {processor.py:161} INFO - Started process (PID=2018) to work on /opt/airflow/dags/etl_postgres_to_clickhouse.py
[2026-01-08T12:01:24.125+0000] {processor.py:830} INFO - Processing file /opt/airflow/dags/etl_postgres_to_clickhouse.py for tasks to queue
[2026-01-08T12:01:24.128+0000] {logging_mixin.py:188} INFO - [2026-01-08T12:01:24.127+0000] {dagbag.py:545} INFO - Filling up the DagBag from /opt/airflow/dags/etl_postgres_to_clickhouse.py
[2026-01-08T12:01:24.381+0000] {processor.py:840} INFO - DAG(s) 'pg_to_clickhouse_payload_parsing' retrieved from /opt/airflow/dags/etl_postgres_to_clickhouse.py
[2026-01-08T12:01:24.418+0000] {logging_mixin.py:188} INFO - [2026-01-08T12:01:24.418+0000] {dag.py:3096} INFO - Sync 1 DAGs
[2026-01-08T12:01:24.445+0000] {logging_mixin.py:188} INFO - [2026-01-08T12:01:24.445+0000] {dag.py:3954} INFO - Setting next_dagrun for pg_to_clickhouse_payload_parsing to 2026-01-08 12:01:20+00:00, run_after=2026-01-08 12:01:30+00:00
[2026-01-08T12:01:24.471+0000] {processor.py:183} INFO - Processing /opt/airflow/dags/etl_postgres_to_clickhouse.py took 0.356 seconds
[2026-01-08T12:01:54.926+0000] {processor.py:161} INFO - Started process (PID=2043) to work on /opt/airflow/dags/etl_postgres_to_clickhouse.py
[2026-01-08T12:01:54.928+0000] {processor.py:830} INFO - Processing file /opt/airflow/dags/etl_postgres_to_clickhouse.py for tasks to queue
[2026-01-08T12:01:54.930+0000] {logging_mixin.py:188} INFO - [2026-01-08T12:01:54.930+0000] {dagbag.py:545} INFO - Filling up the DagBag from /opt/airflow/dags/etl_postgres_to_clickhouse.py
[2026-01-08T12:01:55.265+0000] {processor.py:840} INFO - DAG(s) 'pg_to_clickhouse_payload_parsing' retrieved from /opt/airflow/dags/etl_postgres_to_clickhouse.py
[2026-01-08T12:01:55.300+0000] {logging_mixin.py:188} INFO - [2026-01-08T12:01:55.300+0000] {dag.py:3096} INFO - Sync 1 DAGs
[2026-01-08T12:01:55.327+0000] {logging_mixin.py:188} INFO - [2026-01-08T12:01:55.327+0000] {dag.py:3954} INFO - Setting next_dagrun for pg_to_clickhouse_payload_parsing to 2026-01-08 12:01:50+00:00, run_after=2026-01-08 12:02:00+00:00
[2026-01-08T12:01:55.358+0000] {processor.py:183} INFO - Processing /opt/airflow/dags/etl_postgres_to_clickhouse.py took 0.440 seconds
[2026-01-08T12:02:26.100+0000] {processor.py:161} INFO - Started process (PID=2077) to work on /opt/airflow/dags/etl_postgres_to_clickhouse.py
[2026-01-08T12:02:26.102+0000] {processor.py:830} INFO - Processing file /opt/airflow/dags/etl_postgres_to_clickhouse.py for tasks to queue
[2026-01-08T12:02:26.104+0000] {logging_mixin.py:188} INFO - [2026-01-08T12:02:26.104+0000] {dagbag.py:545} INFO - Filling up the DagBag from /opt/airflow/dags/etl_postgres_to_clickhouse.py
[2026-01-08T12:02:26.414+0000] {processor.py:840} INFO - DAG(s) 'pg_to_clickhouse_payload_parsing' retrieved from /opt/airflow/dags/etl_postgres_to_clickhouse.py
[2026-01-08T12:02:26.456+0000] {logging_mixin.py:188} INFO - [2026-01-08T12:02:26.456+0000] {dag.py:3096} INFO - Sync 1 DAGs
[2026-01-08T12:02:26.493+0000] {logging_mixin.py:188} INFO - [2026-01-08T12:02:26.493+0000] {dag.py:3954} INFO - Setting next_dagrun for pg_to_clickhouse_payload_parsing to 2026-01-08 12:02:20+00:00, run_after=2026-01-08 12:02:30+00:00
[2026-01-08T12:02:26.522+0000] {processor.py:183} INFO - Processing /opt/airflow/dags/etl_postgres_to_clickhouse.py took 0.432 seconds
[2026-01-08T12:02:57.028+0000] {processor.py:161} INFO - Started process (PID=2102) to work on /opt/airflow/dags/etl_postgres_to_clickhouse.py
[2026-01-08T12:02:57.030+0000] {processor.py:830} INFO - Processing file /opt/airflow/dags/etl_postgres_to_clickhouse.py for tasks to queue
[2026-01-08T12:02:57.032+0000] {logging_mixin.py:188} INFO - [2026-01-08T12:02:57.032+0000] {dagbag.py:545} INFO - Filling up the DagBag from /opt/airflow/dags/etl_postgres_to_clickhouse.py
[2026-01-08T12:02:57.279+0000] {processor.py:840} INFO - DAG(s) 'pg_to_clickhouse_payload_parsing' retrieved from /opt/airflow/dags/etl_postgres_to_clickhouse.py
[2026-01-08T12:02:57.318+0000] {logging_mixin.py:188} INFO - [2026-01-08T12:02:57.318+0000] {dag.py:3096} INFO - Sync 1 DAGs
[2026-01-08T12:02:57.348+0000] {logging_mixin.py:188} INFO - [2026-01-08T12:02:57.347+0000] {dag.py:3954} INFO - Setting next_dagrun for pg_to_clickhouse_payload_parsing to 2026-01-08 12:02:50+00:00, run_after=2026-01-08 12:03:00+00:00
[2026-01-08T12:02:57.374+0000] {processor.py:183} INFO - Processing /opt/airflow/dags/etl_postgres_to_clickhouse.py took 0.353 seconds
[2026-01-08T12:03:28.147+0000] {processor.py:161} INFO - Started process (PID=2126) to work on /opt/airflow/dags/etl_postgres_to_clickhouse.py
[2026-01-08T12:03:28.152+0000] {processor.py:830} INFO - Processing file /opt/airflow/dags/etl_postgres_to_clickhouse.py for tasks to queue
[2026-01-08T12:03:28.154+0000] {logging_mixin.py:188} INFO - [2026-01-08T12:03:28.154+0000] {dagbag.py:545} INFO - Filling up the DagBag from /opt/airflow/dags/etl_postgres_to_clickhouse.py
[2026-01-08T12:03:28.377+0000] {processor.py:840} INFO - DAG(s) 'pg_to_clickhouse_payload_parsing' retrieved from /opt/airflow/dags/etl_postgres_to_clickhouse.py
[2026-01-08T12:03:28.413+0000] {logging_mixin.py:188} INFO - [2026-01-08T12:03:28.413+0000] {dag.py:3096} INFO - Sync 1 DAGs
[2026-01-08T12:03:28.441+0000] {logging_mixin.py:188} INFO - [2026-01-08T12:03:28.440+0000] {dag.py:3954} INFO - Setting next_dagrun for pg_to_clickhouse_payload_parsing to 2026-01-08 12:03:20+00:00, run_after=2026-01-08 12:03:30+00:00
[2026-01-08T12:03:28.465+0000] {processor.py:183} INFO - Processing /opt/airflow/dags/etl_postgres_to_clickhouse.py took 0.326 seconds
[2026-01-08T12:03:58.978+0000] {processor.py:161} INFO - Started process (PID=2158) to work on /opt/airflow/dags/etl_postgres_to_clickhouse.py
[2026-01-08T12:03:58.979+0000] {processor.py:830} INFO - Processing file /opt/airflow/dags/etl_postgres_to_clickhouse.py for tasks to queue
[2026-01-08T12:03:58.982+0000] {logging_mixin.py:188} INFO - [2026-01-08T12:03:58.982+0000] {dagbag.py:545} INFO - Filling up the DagBag from /opt/airflow/dags/etl_postgres_to_clickhouse.py
[2026-01-08T12:03:59.277+0000] {processor.py:840} INFO - DAG(s) 'pg_to_clickhouse_payload_parsing' retrieved from /opt/airflow/dags/etl_postgres_to_clickhouse.py
[2026-01-08T12:03:59.314+0000] {logging_mixin.py:188} INFO - [2026-01-08T12:03:59.314+0000] {dag.py:3096} INFO - Sync 1 DAGs
[2026-01-08T12:03:59.341+0000] {logging_mixin.py:188} INFO - [2026-01-08T12:03:59.340+0000] {dag.py:3954} INFO - Setting next_dagrun for pg_to_clickhouse_payload_parsing to 2026-01-08 12:03:50+00:00, run_after=2026-01-08 12:04:00+00:00
[2026-01-08T12:03:59.364+0000] {processor.py:183} INFO - Processing /opt/airflow/dags/etl_postgres_to_clickhouse.py took 0.395 seconds
[2026-01-08T12:04:30.059+0000] {processor.py:161} INFO - Started process (PID=2183) to work on /opt/airflow/dags/etl_postgres_to_clickhouse.py
[2026-01-08T12:04:30.060+0000] {processor.py:830} INFO - Processing file /opt/airflow/dags/etl_postgres_to_clickhouse.py for tasks to queue
[2026-01-08T12:04:30.063+0000] {logging_mixin.py:188} INFO - [2026-01-08T12:04:30.062+0000] {dagbag.py:545} INFO - Filling up the DagBag from /opt/airflow/dags/etl_postgres_to_clickhouse.py
[2026-01-08T12:04:30.265+0000] {processor.py:840} INFO - DAG(s) 'pg_to_clickhouse_payload_parsing' retrieved from /opt/airflow/dags/etl_postgres_to_clickhouse.py
[2026-01-08T12:04:30.296+0000] {logging_mixin.py:188} INFO - [2026-01-08T12:04:30.296+0000] {dag.py:3096} INFO - Sync 1 DAGs
[2026-01-08T12:04:30.318+0000] {logging_mixin.py:188} INFO - [2026-01-08T12:04:30.318+0000] {dag.py:3954} INFO - Setting next_dagrun for pg_to_clickhouse_payload_parsing to 2026-01-08 12:04:20+00:00, run_after=2026-01-08 12:04:30+00:00
[2026-01-08T12:04:30.389+0000] {processor.py:183} INFO - Processing /opt/airflow/dags/etl_postgres_to_clickhouse.py took 0.336 seconds
[2026-01-08T12:05:00.978+0000] {processor.py:161} INFO - Started process (PID=2216) to work on /opt/airflow/dags/etl_postgres_to_clickhouse.py
[2026-01-08T12:05:00.980+0000] {processor.py:830} INFO - Processing file /opt/airflow/dags/etl_postgres_to_clickhouse.py for tasks to queue
[2026-01-08T12:05:00.983+0000] {logging_mixin.py:188} INFO - [2026-01-08T12:05:00.982+0000] {dagbag.py:545} INFO - Filling up the DagBag from /opt/airflow/dags/etl_postgres_to_clickhouse.py
[2026-01-08T12:05:01.446+0000] {processor.py:840} INFO - DAG(s) 'pg_to_clickhouse_payload_parsing' retrieved from /opt/airflow/dags/etl_postgres_to_clickhouse.py
[2026-01-08T12:05:01.505+0000] {logging_mixin.py:188} INFO - [2026-01-08T12:05:01.504+0000] {dag.py:3096} INFO - Sync 1 DAGs
[2026-01-08T12:05:01.551+0000] {logging_mixin.py:188} INFO - [2026-01-08T12:05:01.551+0000] {dag.py:3954} INFO - Setting next_dagrun for pg_to_clickhouse_payload_parsing to 2026-01-08 12:05:00+00:00, run_after=2026-01-08 12:05:10+00:00
[2026-01-08T12:05:01.586+0000] {processor.py:183} INFO - Processing /opt/airflow/dags/etl_postgres_to_clickhouse.py took 0.619 seconds
[2026-01-08T12:05:32.028+0000] {processor.py:161} INFO - Started process (PID=2242) to work on /opt/airflow/dags/etl_postgres_to_clickhouse.py
[2026-01-08T12:05:32.030+0000] {processor.py:830} INFO - Processing file /opt/airflow/dags/etl_postgres_to_clickhouse.py for tasks to queue
[2026-01-08T12:05:32.037+0000] {logging_mixin.py:188} INFO - [2026-01-08T12:05:32.036+0000] {dagbag.py:545} INFO - Filling up the DagBag from /opt/airflow/dags/etl_postgres_to_clickhouse.py
[2026-01-08T12:05:32.378+0000] {processor.py:840} INFO - DAG(s) 'pg_to_clickhouse_payload_parsing' retrieved from /opt/airflow/dags/etl_postgres_to_clickhouse.py
[2026-01-08T12:05:32.421+0000] {logging_mixin.py:188} INFO - [2026-01-08T12:05:32.421+0000] {dag.py:3096} INFO - Sync 1 DAGs
[2026-01-08T12:05:32.451+0000] {logging_mixin.py:188} INFO - [2026-01-08T12:05:32.451+0000] {dag.py:3954} INFO - Setting next_dagrun for pg_to_clickhouse_payload_parsing to 2026-01-08 12:05:30+00:00, run_after=2026-01-08 12:05:40+00:00
[2026-01-08T12:05:32.475+0000] {processor.py:183} INFO - Processing /opt/airflow/dags/etl_postgres_to_clickhouse.py took 0.458 seconds
[2026-01-08T12:06:02.816+0000] {processor.py:161} INFO - Started process (PID=2267) to work on /opt/airflow/dags/etl_postgres_to_clickhouse.py
[2026-01-08T12:06:02.817+0000] {processor.py:830} INFO - Processing file /opt/airflow/dags/etl_postgres_to_clickhouse.py for tasks to queue
[2026-01-08T12:06:02.820+0000] {logging_mixin.py:188} INFO - [2026-01-08T12:06:02.820+0000] {dagbag.py:545} INFO - Filling up the DagBag from /opt/airflow/dags/etl_postgres_to_clickhouse.py
[2026-01-08T12:06:03.083+0000] {processor.py:840} INFO - DAG(s) 'pg_to_clickhouse_payload_parsing' retrieved from /opt/airflow/dags/etl_postgres_to_clickhouse.py
[2026-01-08T12:06:03.121+0000] {logging_mixin.py:188} INFO - [2026-01-08T12:06:03.120+0000] {dag.py:3096} INFO - Sync 1 DAGs
[2026-01-08T12:06:03.152+0000] {logging_mixin.py:188} INFO - [2026-01-08T12:06:03.151+0000] {dag.py:3954} INFO - Setting next_dagrun for pg_to_clickhouse_payload_parsing to 2026-01-08 12:06:00+00:00, run_after=2026-01-08 12:06:10+00:00
[2026-01-08T12:06:03.183+0000] {processor.py:183} INFO - Processing /opt/airflow/dags/etl_postgres_to_clickhouse.py took 0.374 seconds
[2026-01-08T12:06:33.604+0000] {processor.py:161} INFO - Started process (PID=2299) to work on /opt/airflow/dags/etl_postgres_to_clickhouse.py
[2026-01-08T12:06:33.606+0000] {processor.py:830} INFO - Processing file /opt/airflow/dags/etl_postgres_to_clickhouse.py for tasks to queue
[2026-01-08T12:06:33.609+0000] {logging_mixin.py:188} INFO - [2026-01-08T12:06:33.608+0000] {dagbag.py:545} INFO - Filling up the DagBag from /opt/airflow/dags/etl_postgres_to_clickhouse.py
[2026-01-08T12:06:33.934+0000] {processor.py:840} INFO - DAG(s) 'pg_to_clickhouse_payload_parsing' retrieved from /opt/airflow/dags/etl_postgres_to_clickhouse.py
[2026-01-08T12:06:33.981+0000] {logging_mixin.py:188} INFO - [2026-01-08T12:06:33.981+0000] {dag.py:3096} INFO - Sync 1 DAGs
[2026-01-08T12:06:34.019+0000] {logging_mixin.py:188} INFO - [2026-01-08T12:06:34.018+0000] {dag.py:3954} INFO - Setting next_dagrun for pg_to_clickhouse_payload_parsing to 2026-01-08 12:06:30+00:00, run_after=2026-01-08 12:06:40+00:00
[2026-01-08T12:06:34.054+0000] {processor.py:183} INFO - Processing /opt/airflow/dags/etl_postgres_to_clickhouse.py took 0.457 seconds
[2026-01-08T12:07:04.818+0000] {processor.py:161} INFO - Started process (PID=2324) to work on /opt/airflow/dags/etl_postgres_to_clickhouse.py
[2026-01-08T12:07:04.820+0000] {processor.py:830} INFO - Processing file /opt/airflow/dags/etl_postgres_to_clickhouse.py for tasks to queue
[2026-01-08T12:07:04.823+0000] {logging_mixin.py:188} INFO - [2026-01-08T12:07:04.822+0000] {dagbag.py:545} INFO - Filling up the DagBag from /opt/airflow/dags/etl_postgres_to_clickhouse.py
[2026-01-08T12:07:05.093+0000] {processor.py:840} INFO - DAG(s) 'pg_to_clickhouse_payload_parsing' retrieved from /opt/airflow/dags/etl_postgres_to_clickhouse.py
[2026-01-08T12:07:05.130+0000] {logging_mixin.py:188} INFO - [2026-01-08T12:07:05.130+0000] {dag.py:3096} INFO - Sync 1 DAGs
[2026-01-08T12:07:05.157+0000] {logging_mixin.py:188} INFO - [2026-01-08T12:07:05.157+0000] {dag.py:3954} INFO - Setting next_dagrun for pg_to_clickhouse_payload_parsing to 2026-01-08 12:07:00+00:00, run_after=2026-01-08 12:07:10+00:00
[2026-01-08T12:07:05.182+0000] {processor.py:183} INFO - Processing /opt/airflow/dags/etl_postgres_to_clickhouse.py took 0.372 seconds
[2026-01-08T12:07:35.682+0000] {processor.py:161} INFO - Started process (PID=2349) to work on /opt/airflow/dags/etl_postgres_to_clickhouse.py
[2026-01-08T12:07:35.684+0000] {processor.py:830} INFO - Processing file /opt/airflow/dags/etl_postgres_to_clickhouse.py for tasks to queue
[2026-01-08T12:07:35.687+0000] {logging_mixin.py:188} INFO - [2026-01-08T12:07:35.686+0000] {dagbag.py:545} INFO - Filling up the DagBag from /opt/airflow/dags/etl_postgres_to_clickhouse.py
[2026-01-08T12:07:35.962+0000] {processor.py:840} INFO - DAG(s) 'pg_to_clickhouse_payload_parsing' retrieved from /opt/airflow/dags/etl_postgres_to_clickhouse.py
[2026-01-08T12:07:36.001+0000] {logging_mixin.py:188} INFO - [2026-01-08T12:07:36.001+0000] {dag.py:3096} INFO - Sync 1 DAGs
[2026-01-08T12:07:36.028+0000] {logging_mixin.py:188} INFO - [2026-01-08T12:07:36.028+0000] {dag.py:3954} INFO - Setting next_dagrun for pg_to_clickhouse_payload_parsing to 2026-01-08 12:07:30+00:00, run_after=2026-01-08 12:07:40+00:00
[2026-01-08T12:07:36.055+0000] {processor.py:183} INFO - Processing /opt/airflow/dags/etl_postgres_to_clickhouse.py took 0.380 seconds
[2026-01-08T12:08:06.890+0000] {processor.py:161} INFO - Started process (PID=2380) to work on /opt/airflow/dags/etl_postgres_to_clickhouse.py
[2026-01-08T12:08:06.891+0000] {processor.py:830} INFO - Processing file /opt/airflow/dags/etl_postgres_to_clickhouse.py for tasks to queue
[2026-01-08T12:08:06.894+0000] {logging_mixin.py:188} INFO - [2026-01-08T12:08:06.893+0000] {dagbag.py:545} INFO - Filling up the DagBag from /opt/airflow/dags/etl_postgres_to_clickhouse.py
[2026-01-08T12:08:07.159+0000] {processor.py:840} INFO - DAG(s) 'pg_to_clickhouse_payload_parsing' retrieved from /opt/airflow/dags/etl_postgres_to_clickhouse.py
[2026-01-08T12:08:07.197+0000] {logging_mixin.py:188} INFO - [2026-01-08T12:08:07.197+0000] {dag.py:3096} INFO - Sync 1 DAGs
[2026-01-08T12:08:07.227+0000] {logging_mixin.py:188} INFO - [2026-01-08T12:08:07.227+0000] {dag.py:3954} INFO - Setting next_dagrun for pg_to_clickhouse_payload_parsing to 2026-01-08 12:08:00+00:00, run_after=2026-01-08 12:08:10+00:00
[2026-01-08T12:08:07.252+0000] {processor.py:183} INFO - Processing /opt/airflow/dags/etl_postgres_to_clickhouse.py took 0.370 seconds
[2026-01-08T12:08:37.684+0000] {processor.py:161} INFO - Started process (PID=2405) to work on /opt/airflow/dags/etl_postgres_to_clickhouse.py
[2026-01-08T12:08:37.686+0000] {processor.py:830} INFO - Processing file /opt/airflow/dags/etl_postgres_to_clickhouse.py for tasks to queue
[2026-01-08T12:08:37.688+0000] {logging_mixin.py:188} INFO - [2026-01-08T12:08:37.688+0000] {dagbag.py:545} INFO - Filling up the DagBag from /opt/airflow/dags/etl_postgres_to_clickhouse.py
[2026-01-08T12:08:37.947+0000] {processor.py:840} INFO - DAG(s) 'pg_to_clickhouse_payload_parsing' retrieved from /opt/airflow/dags/etl_postgres_to_clickhouse.py
[2026-01-08T12:08:37.983+0000] {logging_mixin.py:188} INFO - [2026-01-08T12:08:37.982+0000] {dag.py:3096} INFO - Sync 1 DAGs
[2026-01-08T12:08:38.008+0000] {logging_mixin.py:188} INFO - [2026-01-08T12:08:38.008+0000] {dag.py:3954} INFO - Setting next_dagrun for pg_to_clickhouse_payload_parsing to 2026-01-08 12:08:30+00:00, run_after=2026-01-08 12:08:40+00:00
[2026-01-08T12:08:38.033+0000] {processor.py:183} INFO - Processing /opt/airflow/dags/etl_postgres_to_clickhouse.py took 0.358 seconds
[2026-01-08T12:09:08.483+0000] {processor.py:161} INFO - Started process (PID=2438) to work on /opt/airflow/dags/etl_postgres_to_clickhouse.py
[2026-01-08T12:09:08.484+0000] {processor.py:830} INFO - Processing file /opt/airflow/dags/etl_postgres_to_clickhouse.py for tasks to queue
[2026-01-08T12:09:08.488+0000] {logging_mixin.py:188} INFO - [2026-01-08T12:09:08.488+0000] {dagbag.py:545} INFO - Filling up the DagBag from /opt/airflow/dags/etl_postgres_to_clickhouse.py
[2026-01-08T12:09:08.743+0000] {processor.py:840} INFO - DAG(s) 'pg_to_clickhouse_payload_parsing' retrieved from /opt/airflow/dags/etl_postgres_to_clickhouse.py
[2026-01-08T12:09:08.788+0000] {logging_mixin.py:188} INFO - [2026-01-08T12:09:08.787+0000] {dag.py:3096} INFO - Sync 1 DAGs
[2026-01-08T12:09:08.820+0000] {logging_mixin.py:188} INFO - [2026-01-08T12:09:08.820+0000] {dag.py:3954} INFO - Setting next_dagrun for pg_to_clickhouse_payload_parsing to 2026-01-08 12:09:00+00:00, run_after=2026-01-08 12:09:10+00:00
[2026-01-08T12:09:08.848+0000] {processor.py:183} INFO - Processing /opt/airflow/dags/etl_postgres_to_clickhouse.py took 0.373 seconds
[2026-01-08T12:09:39.694+0000] {processor.py:161} INFO - Started process (PID=2463) to work on /opt/airflow/dags/etl_postgres_to_clickhouse.py
[2026-01-08T12:09:39.696+0000] {processor.py:830} INFO - Processing file /opt/airflow/dags/etl_postgres_to_clickhouse.py for tasks to queue
[2026-01-08T12:09:39.698+0000] {logging_mixin.py:188} INFO - [2026-01-08T12:09:39.698+0000] {dagbag.py:545} INFO - Filling up the DagBag from /opt/airflow/dags/etl_postgres_to_clickhouse.py
[2026-01-08T12:09:39.931+0000] {processor.py:840} INFO - DAG(s) 'pg_to_clickhouse_payload_parsing' retrieved from /opt/airflow/dags/etl_postgres_to_clickhouse.py
[2026-01-08T12:09:39.966+0000] {logging_mixin.py:188} INFO - [2026-01-08T12:09:39.966+0000] {dag.py:3096} INFO - Sync 1 DAGs
[2026-01-08T12:09:39.991+0000] {logging_mixin.py:188} INFO - [2026-01-08T12:09:39.991+0000] {dag.py:3954} INFO - Setting next_dagrun for pg_to_clickhouse_payload_parsing to 2026-01-08 12:09:30+00:00, run_after=2026-01-08 12:09:40+00:00
[2026-01-08T12:09:40.015+0000] {processor.py:183} INFO - Processing /opt/airflow/dags/etl_postgres_to_clickhouse.py took 0.328 seconds
[2026-01-08T12:10:10.483+0000] {processor.py:161} INFO - Started process (PID=2489) to work on /opt/airflow/dags/etl_postgres_to_clickhouse.py
[2026-01-08T12:10:10.485+0000] {processor.py:830} INFO - Processing file /opt/airflow/dags/etl_postgres_to_clickhouse.py for tasks to queue
[2026-01-08T12:10:10.489+0000] {logging_mixin.py:188} INFO - [2026-01-08T12:10:10.489+0000] {dagbag.py:545} INFO - Filling up the DagBag from /opt/airflow/dags/etl_postgres_to_clickhouse.py
[2026-01-08T12:10:10.817+0000] {processor.py:840} INFO - DAG(s) 'pg_to_clickhouse_payload_parsing' retrieved from /opt/airflow/dags/etl_postgres_to_clickhouse.py
[2026-01-08T12:10:10.864+0000] {logging_mixin.py:188} INFO - [2026-01-08T12:10:10.864+0000] {dag.py:3096} INFO - Sync 1 DAGs
[2026-01-08T12:10:10.900+0000] {logging_mixin.py:188} INFO - [2026-01-08T12:10:10.899+0000] {dag.py:3954} INFO - Setting next_dagrun for pg_to_clickhouse_payload_parsing to 2026-01-08 12:10:10+00:00, run_after=2026-01-08 12:10:20+00:00
[2026-01-08T12:10:10.931+0000] {processor.py:183} INFO - Processing /opt/airflow/dags/etl_postgres_to_clickhouse.py took 0.456 seconds
[2026-01-08T12:10:41.664+0000] {processor.py:161} INFO - Started process (PID=2521) to work on /opt/airflow/dags/etl_postgres_to_clickhouse.py
[2026-01-08T12:10:41.666+0000] {processor.py:830} INFO - Processing file /opt/airflow/dags/etl_postgres_to_clickhouse.py for tasks to queue
[2026-01-08T12:10:41.669+0000] {logging_mixin.py:188} INFO - [2026-01-08T12:10:41.668+0000] {dagbag.py:545} INFO - Filling up the DagBag from /opt/airflow/dags/etl_postgres_to_clickhouse.py
[2026-01-08T12:10:42.049+0000] {processor.py:840} INFO - DAG(s) 'pg_to_clickhouse_payload_parsing' retrieved from /opt/airflow/dags/etl_postgres_to_clickhouse.py
[2026-01-08T12:10:42.099+0000] {logging_mixin.py:188} INFO - [2026-01-08T12:10:42.098+0000] {dag.py:3096} INFO - Sync 1 DAGs
[2026-01-08T12:10:42.131+0000] {logging_mixin.py:188} INFO - [2026-01-08T12:10:42.131+0000] {dag.py:3954} INFO - Setting next_dagrun for pg_to_clickhouse_payload_parsing to 2026-01-08 12:10:40+00:00, run_after=2026-01-08 12:10:50+00:00
[2026-01-08T12:10:42.163+0000] {processor.py:183} INFO - Processing /opt/airflow/dags/etl_postgres_to_clickhouse.py took 0.509 seconds
[2026-01-08T12:11:12.580+0000] {processor.py:161} INFO - Started process (PID=2547) to work on /opt/airflow/dags/etl_postgres_to_clickhouse.py
[2026-01-08T12:11:12.586+0000] {processor.py:830} INFO - Processing file /opt/airflow/dags/etl_postgres_to_clickhouse.py for tasks to queue
[2026-01-08T12:11:12.589+0000] {logging_mixin.py:188} INFO - [2026-01-08T12:11:12.588+0000] {dagbag.py:545} INFO - Filling up the DagBag from /opt/airflow/dags/etl_postgres_to_clickhouse.py
[2026-01-08T12:11:12.906+0000] {processor.py:840} INFO - DAG(s) 'pg_to_clickhouse_payload_parsing' retrieved from /opt/airflow/dags/etl_postgres_to_clickhouse.py
[2026-01-08T12:11:12.944+0000] {logging_mixin.py:188} INFO - [2026-01-08T12:11:12.944+0000] {dag.py:3096} INFO - Sync 1 DAGs
[2026-01-08T12:11:12.974+0000] {logging_mixin.py:188} INFO - [2026-01-08T12:11:12.974+0000] {dag.py:3954} INFO - Setting next_dagrun for pg_to_clickhouse_payload_parsing to 2026-01-08 12:11:10+00:00, run_after=2026-01-08 12:11:20+00:00
[2026-01-08T12:11:13.005+0000] {processor.py:183} INFO - Processing /opt/airflow/dags/etl_postgres_to_clickhouse.py took 0.433 seconds
[2026-01-08T12:11:43.415+0000] {processor.py:161} INFO - Started process (PID=2572) to work on /opt/airflow/dags/etl_postgres_to_clickhouse.py
[2026-01-08T12:11:43.416+0000] {processor.py:830} INFO - Processing file /opt/airflow/dags/etl_postgres_to_clickhouse.py for tasks to queue
[2026-01-08T12:11:43.418+0000] {logging_mixin.py:188} INFO - [2026-01-08T12:11:43.418+0000] {dagbag.py:545} INFO - Filling up the DagBag from /opt/airflow/dags/etl_postgres_to_clickhouse.py
[2026-01-08T12:11:43.763+0000] {processor.py:840} INFO - DAG(s) 'pg_to_clickhouse_payload_parsing' retrieved from /opt/airflow/dags/etl_postgres_to_clickhouse.py
[2026-01-08T12:11:43.804+0000] {logging_mixin.py:188} INFO - [2026-01-08T12:11:43.803+0000] {dag.py:3096} INFO - Sync 1 DAGs
[2026-01-08T12:11:43.841+0000] {logging_mixin.py:188} INFO - [2026-01-08T12:11:43.841+0000] {dag.py:3954} INFO - Setting next_dagrun for pg_to_clickhouse_payload_parsing to 2026-01-08 12:11:40+00:00, run_after=2026-01-08 12:11:50+00:00
[2026-01-08T12:11:43.873+0000] {processor.py:183} INFO - Processing /opt/airflow/dags/etl_postgres_to_clickhouse.py took 0.465 seconds
[2026-01-08T12:12:14.241+0000] {processor.py:161} INFO - Started process (PID=2604) to work on /opt/airflow/dags/etl_postgres_to_clickhouse.py
[2026-01-08T12:12:14.243+0000] {processor.py:830} INFO - Processing file /opt/airflow/dags/etl_postgres_to_clickhouse.py for tasks to queue
[2026-01-08T12:12:14.246+0000] {logging_mixin.py:188} INFO - [2026-01-08T12:12:14.246+0000] {dagbag.py:545} INFO - Filling up the DagBag from /opt/airflow/dags/etl_postgres_to_clickhouse.py
[2026-01-08T12:12:14.566+0000] {processor.py:840} INFO - DAG(s) 'pg_to_clickhouse_payload_parsing' retrieved from /opt/airflow/dags/etl_postgres_to_clickhouse.py
[2026-01-08T12:12:14.609+0000] {logging_mixin.py:188} INFO - [2026-01-08T12:12:14.609+0000] {dag.py:3096} INFO - Sync 1 DAGs
[2026-01-08T12:12:14.639+0000] {logging_mixin.py:188} INFO - [2026-01-08T12:12:14.639+0000] {dag.py:3954} INFO - Setting next_dagrun for pg_to_clickhouse_payload_parsing to 2026-01-08 12:12:10+00:00, run_after=2026-01-08 12:12:20+00:00
[2026-01-08T12:12:14.665+0000] {processor.py:183} INFO - Processing /opt/airflow/dags/etl_postgres_to_clickhouse.py took 0.434 seconds
[2026-01-08T12:12:45.484+0000] {processor.py:161} INFO - Started process (PID=2629) to work on /opt/airflow/dags/etl_postgres_to_clickhouse.py
[2026-01-08T12:12:45.485+0000] {processor.py:830} INFO - Processing file /opt/airflow/dags/etl_postgres_to_clickhouse.py for tasks to queue
[2026-01-08T12:12:45.487+0000] {logging_mixin.py:188} INFO - [2026-01-08T12:12:45.487+0000] {dagbag.py:545} INFO - Filling up the DagBag from /opt/airflow/dags/etl_postgres_to_clickhouse.py
[2026-01-08T12:12:45.724+0000] {processor.py:840} INFO - DAG(s) 'pg_to_clickhouse_payload_parsing' retrieved from /opt/airflow/dags/etl_postgres_to_clickhouse.py
[2026-01-08T12:12:45.762+0000] {logging_mixin.py:188} INFO - [2026-01-08T12:12:45.762+0000] {dag.py:3096} INFO - Sync 1 DAGs
[2026-01-08T12:12:45.790+0000] {logging_mixin.py:188} INFO - [2026-01-08T12:12:45.789+0000] {dag.py:3954} INFO - Setting next_dagrun for pg_to_clickhouse_payload_parsing to 2026-01-08 12:12:40+00:00, run_after=2026-01-08 12:12:50+00:00
[2026-01-08T12:12:45.860+0000] {processor.py:183} INFO - Processing /opt/airflow/dags/etl_postgres_to_clickhouse.py took 0.383 seconds
[2026-01-08T12:13:16.337+0000] {processor.py:161} INFO - Started process (PID=2661) to work on /opt/airflow/dags/etl_postgres_to_clickhouse.py
[2026-01-08T12:13:16.339+0000] {processor.py:830} INFO - Processing file /opt/airflow/dags/etl_postgres_to_clickhouse.py for tasks to queue
[2026-01-08T12:13:16.341+0000] {logging_mixin.py:188} INFO - [2026-01-08T12:13:16.341+0000] {dagbag.py:545} INFO - Filling up the DagBag from /opt/airflow/dags/etl_postgres_to_clickhouse.py
[2026-01-08T12:13:16.611+0000] {processor.py:840} INFO - DAG(s) 'pg_to_clickhouse_payload_parsing' retrieved from /opt/airflow/dags/etl_postgres_to_clickhouse.py
[2026-01-08T12:13:16.656+0000] {logging_mixin.py:188} INFO - [2026-01-08T12:13:16.655+0000] {dag.py:3096} INFO - Sync 1 DAGs
[2026-01-08T12:13:16.692+0000] {logging_mixin.py:188} INFO - [2026-01-08T12:13:16.692+0000] {dag.py:3954} INFO - Setting next_dagrun for pg_to_clickhouse_payload_parsing to 2026-01-08 12:13:10+00:00, run_after=2026-01-08 12:13:20+00:00
[2026-01-08T12:13:16.722+0000] {processor.py:183} INFO - Processing /opt/airflow/dags/etl_postgres_to_clickhouse.py took 0.393 seconds
[2026-01-08T12:13:47.516+0000] {processor.py:161} INFO - Started process (PID=2686) to work on /opt/airflow/dags/etl_postgres_to_clickhouse.py
[2026-01-08T12:13:47.517+0000] {processor.py:830} INFO - Processing file /opt/airflow/dags/etl_postgres_to_clickhouse.py for tasks to queue
[2026-01-08T12:13:47.520+0000] {logging_mixin.py:188} INFO - [2026-01-08T12:13:47.520+0000] {dagbag.py:545} INFO - Filling up the DagBag from /opt/airflow/dags/etl_postgres_to_clickhouse.py
[2026-01-08T12:13:47.792+0000] {processor.py:840} INFO - DAG(s) 'pg_to_clickhouse_payload_parsing' retrieved from /opt/airflow/dags/etl_postgres_to_clickhouse.py
[2026-01-08T12:13:47.829+0000] {logging_mixin.py:188} INFO - [2026-01-08T12:13:47.829+0000] {dag.py:3096} INFO - Sync 1 DAGs
[2026-01-08T12:13:47.855+0000] {logging_mixin.py:188} INFO - [2026-01-08T12:13:47.855+0000] {dag.py:3954} INFO - Setting next_dagrun for pg_to_clickhouse_payload_parsing to 2026-01-08 12:13:40+00:00, run_after=2026-01-08 12:13:50+00:00
[2026-01-08T12:13:47.879+0000] {processor.py:183} INFO - Processing /opt/airflow/dags/etl_postgres_to_clickhouse.py took 0.373 seconds
[2026-01-08T12:14:18.359+0000] {processor.py:161} INFO - Started process (PID=2711) to work on /opt/airflow/dags/etl_postgres_to_clickhouse.py
[2026-01-08T12:14:18.361+0000] {processor.py:830} INFO - Processing file /opt/airflow/dags/etl_postgres_to_clickhouse.py for tasks to queue
[2026-01-08T12:14:18.364+0000] {logging_mixin.py:188} INFO - [2026-01-08T12:14:18.363+0000] {dagbag.py:545} INFO - Filling up the DagBag from /opt/airflow/dags/etl_postgres_to_clickhouse.py
[2026-01-08T12:14:18.600+0000] {processor.py:840} INFO - DAG(s) 'pg_to_clickhouse_payload_parsing' retrieved from /opt/airflow/dags/etl_postgres_to_clickhouse.py
[2026-01-08T12:14:18.638+0000] {logging_mixin.py:188} INFO - [2026-01-08T12:14:18.638+0000] {dag.py:3096} INFO - Sync 1 DAGs
[2026-01-08T12:14:18.676+0000] {logging_mixin.py:188} INFO - [2026-01-08T12:14:18.675+0000] {dag.py:3954} INFO - Setting next_dagrun for pg_to_clickhouse_payload_parsing to 2026-01-08 12:14:10+00:00, run_after=2026-01-08 12:14:20+00:00
[2026-01-08T12:14:18.711+0000] {processor.py:183} INFO - Processing /opt/airflow/dags/etl_postgres_to_clickhouse.py took 0.361 seconds
[2026-01-08T12:14:49.517+0000] {processor.py:161} INFO - Started process (PID=2743) to work on /opt/airflow/dags/etl_postgres_to_clickhouse.py
[2026-01-08T12:14:49.519+0000] {processor.py:830} INFO - Processing file /opt/airflow/dags/etl_postgres_to_clickhouse.py for tasks to queue
[2026-01-08T12:14:49.523+0000] {logging_mixin.py:188} INFO - [2026-01-08T12:14:49.523+0000] {dagbag.py:545} INFO - Filling up the DagBag from /opt/airflow/dags/etl_postgres_to_clickhouse.py
[2026-01-08T12:14:49.876+0000] {processor.py:840} INFO - DAG(s) 'pg_to_clickhouse_payload_parsing' retrieved from /opt/airflow/dags/etl_postgres_to_clickhouse.py
[2026-01-08T12:14:49.915+0000] {logging_mixin.py:188} INFO - [2026-01-08T12:14:49.915+0000] {dag.py:3096} INFO - Sync 1 DAGs
[2026-01-08T12:14:49.944+0000] {logging_mixin.py:188} INFO - [2026-01-08T12:14:49.944+0000] {dag.py:3954} INFO - Setting next_dagrun for pg_to_clickhouse_payload_parsing to 2026-01-08 12:14:40+00:00, run_after=2026-01-08 12:14:50+00:00
[2026-01-08T12:14:49.974+0000] {processor.py:183} INFO - Processing /opt/airflow/dags/etl_postgres_to_clickhouse.py took 0.465 seconds
[2026-01-08T12:15:20.378+0000] {processor.py:161} INFO - Started process (PID=2768) to work on /opt/airflow/dags/etl_postgres_to_clickhouse.py
[2026-01-08T12:15:20.379+0000] {processor.py:830} INFO - Processing file /opt/airflow/dags/etl_postgres_to_clickhouse.py for tasks to queue
[2026-01-08T12:15:20.381+0000] {logging_mixin.py:188} INFO - [2026-01-08T12:15:20.381+0000] {dagbag.py:545} INFO - Filling up the DagBag from /opt/airflow/dags/etl_postgres_to_clickhouse.py
[2026-01-08T12:15:20.621+0000] {processor.py:840} INFO - DAG(s) 'pg_to_clickhouse_payload_parsing' retrieved from /opt/airflow/dags/etl_postgres_to_clickhouse.py
[2026-01-08T12:15:20.660+0000] {logging_mixin.py:188} INFO - [2026-01-08T12:15:20.659+0000] {dag.py:3096} INFO - Sync 1 DAGs
[2026-01-08T12:15:20.688+0000] {logging_mixin.py:188} INFO - [2026-01-08T12:15:20.688+0000] {dag.py:3954} INFO - Setting next_dagrun for pg_to_clickhouse_payload_parsing to 2026-01-08 12:15:10+00:00, run_after=2026-01-08 12:15:20+00:00
[2026-01-08T12:15:20.713+0000] {processor.py:183} INFO - Processing /opt/airflow/dags/etl_postgres_to_clickhouse.py took 0.343 seconds
[2026-01-08T12:15:51.180+0000] {processor.py:161} INFO - Started process (PID=2795) to work on /opt/airflow/dags/etl_postgres_to_clickhouse.py
[2026-01-08T12:15:51.181+0000] {processor.py:830} INFO - Processing file /opt/airflow/dags/etl_postgres_to_clickhouse.py for tasks to queue
[2026-01-08T12:15:51.185+0000] {logging_mixin.py:188} INFO - [2026-01-08T12:15:51.184+0000] {dagbag.py:545} INFO - Filling up the DagBag from /opt/airflow/dags/etl_postgres_to_clickhouse.py
[2026-01-08T12:15:51.532+0000] {processor.py:840} INFO - DAG(s) 'pg_to_clickhouse_payload_parsing' retrieved from /opt/airflow/dags/etl_postgres_to_clickhouse.py
[2026-01-08T12:15:51.572+0000] {logging_mixin.py:188} INFO - [2026-01-08T12:15:51.571+0000] {dag.py:3096} INFO - Sync 1 DAGs
[2026-01-08T12:15:51.603+0000] {logging_mixin.py:188} INFO - [2026-01-08T12:15:51.603+0000] {dag.py:3954} INFO - Setting next_dagrun for pg_to_clickhouse_payload_parsing to 2026-01-08 12:15:50+00:00, run_after=2026-01-08 12:16:00+00:00
[2026-01-08T12:15:51.628+0000] {processor.py:183} INFO - Processing /opt/airflow/dags/etl_postgres_to_clickhouse.py took 0.456 seconds
[2026-01-08T12:16:22.365+0000] {processor.py:161} INFO - Started process (PID=2828) to work on /opt/airflow/dags/etl_postgres_to_clickhouse.py
[2026-01-08T12:16:22.366+0000] {processor.py:830} INFO - Processing file /opt/airflow/dags/etl_postgres_to_clickhouse.py for tasks to queue
[2026-01-08T12:16:22.370+0000] {logging_mixin.py:188} INFO - [2026-01-08T12:16:22.370+0000] {dagbag.py:545} INFO - Filling up the DagBag from /opt/airflow/dags/etl_postgres_to_clickhouse.py
[2026-01-08T12:16:22.857+0000] {processor.py:840} INFO - DAG(s) 'pg_to_clickhouse_payload_parsing' retrieved from /opt/airflow/dags/etl_postgres_to_clickhouse.py
[2026-01-08T12:16:22.908+0000] {logging_mixin.py:188} INFO - [2026-01-08T12:16:22.908+0000] {dag.py:3096} INFO - Sync 1 DAGs
[2026-01-08T12:16:22.953+0000] {logging_mixin.py:188} INFO - [2026-01-08T12:16:22.952+0000] {dag.py:3954} INFO - Setting next_dagrun for pg_to_clickhouse_payload_parsing to 2026-01-08 12:16:20+00:00, run_after=2026-01-08 12:16:30+00:00
[2026-01-08T12:16:23.016+0000] {processor.py:183} INFO - Processing /opt/airflow/dags/etl_postgres_to_clickhouse.py took 0.663 seconds
[2026-01-08T12:16:53.309+0000] {processor.py:161} INFO - Started process (PID=2853) to work on /opt/airflow/dags/etl_postgres_to_clickhouse.py
[2026-01-08T12:16:53.311+0000] {processor.py:830} INFO - Processing file /opt/airflow/dags/etl_postgres_to_clickhouse.py for tasks to queue
[2026-01-08T12:16:53.314+0000] {logging_mixin.py:188} INFO - [2026-01-08T12:16:53.314+0000] {dagbag.py:545} INFO - Filling up the DagBag from /opt/airflow/dags/etl_postgres_to_clickhouse.py
[2026-01-08T12:16:53.677+0000] {processor.py:840} INFO - DAG(s) 'pg_to_clickhouse_payload_parsing' retrieved from /opt/airflow/dags/etl_postgres_to_clickhouse.py
[2026-01-08T12:16:53.729+0000] {logging_mixin.py:188} INFO - [2026-01-08T12:16:53.729+0000] {dag.py:3096} INFO - Sync 1 DAGs
[2026-01-08T12:16:53.765+0000] {logging_mixin.py:188} INFO - [2026-01-08T12:16:53.764+0000] {dag.py:3954} INFO - Setting next_dagrun for pg_to_clickhouse_payload_parsing to 2026-01-08 12:16:50+00:00, run_after=2026-01-08 12:17:00+00:00
[2026-01-08T12:16:53.802+0000] {processor.py:183} INFO - Processing /opt/airflow/dags/etl_postgres_to_clickhouse.py took 0.503 seconds
[2026-01-08T12:17:24.120+0000] {processor.py:161} INFO - Started process (PID=2878) to work on /opt/airflow/dags/etl_postgres_to_clickhouse.py
[2026-01-08T12:17:24.121+0000] {processor.py:830} INFO - Processing file /opt/airflow/dags/etl_postgres_to_clickhouse.py for tasks to queue
[2026-01-08T12:17:24.125+0000] {logging_mixin.py:188} INFO - [2026-01-08T12:17:24.124+0000] {dagbag.py:545} INFO - Filling up the DagBag from /opt/airflow/dags/etl_postgres_to_clickhouse.py
[2026-01-08T12:17:24.451+0000] {processor.py:840} INFO - DAG(s) 'pg_to_clickhouse_payload_parsing' retrieved from /opt/airflow/dags/etl_postgres_to_clickhouse.py
[2026-01-08T12:17:24.491+0000] {logging_mixin.py:188} INFO - [2026-01-08T12:17:24.490+0000] {dag.py:3096} INFO - Sync 1 DAGs
[2026-01-08T12:17:24.525+0000] {logging_mixin.py:188} INFO - [2026-01-08T12:17:24.524+0000] {dag.py:3954} INFO - Setting next_dagrun for pg_to_clickhouse_payload_parsing to 2026-01-08 12:17:20+00:00, run_after=2026-01-08 12:17:30+00:00
[2026-01-08T12:17:24.546+0000] {processor.py:183} INFO - Processing /opt/airflow/dags/etl_postgres_to_clickhouse.py took 0.436 seconds
[2026-01-08T12:17:54.721+0000] {processor.py:161} INFO - Started process (PID=2910) to work on /opt/airflow/dags/etl_postgres_to_clickhouse.py
[2026-01-08T12:17:54.722+0000] {processor.py:830} INFO - Processing file /opt/airflow/dags/etl_postgres_to_clickhouse.py for tasks to queue
[2026-01-08T12:17:54.725+0000] {logging_mixin.py:188} INFO - [2026-01-08T12:17:54.724+0000] {dagbag.py:545} INFO - Filling up the DagBag from /opt/airflow/dags/etl_postgres_to_clickhouse.py
[2026-01-08T12:17:54.990+0000] {processor.py:840} INFO - DAG(s) 'pg_to_clickhouse_payload_parsing' retrieved from /opt/airflow/dags/etl_postgres_to_clickhouse.py
[2026-01-08T12:17:55.029+0000] {logging_mixin.py:188} INFO - [2026-01-08T12:17:55.028+0000] {dag.py:3096} INFO - Sync 1 DAGs
[2026-01-08T12:17:55.060+0000] {logging_mixin.py:188} INFO - [2026-01-08T12:17:55.060+0000] {dag.py:3954} INFO - Setting next_dagrun for pg_to_clickhouse_payload_parsing to 2026-01-08 12:17:50+00:00, run_after=2026-01-08 12:18:00+00:00
[2026-01-08T12:17:55.096+0000] {processor.py:183} INFO - Processing /opt/airflow/dags/etl_postgres_to_clickhouse.py took 0.383 seconds
[2026-01-08T12:18:25.187+0000] {processor.py:161} INFO - Started process (PID=2935) to work on /opt/airflow/dags/etl_postgres_to_clickhouse.py
[2026-01-08T12:18:25.189+0000] {processor.py:830} INFO - Processing file /opt/airflow/dags/etl_postgres_to_clickhouse.py for tasks to queue
[2026-01-08T12:18:25.191+0000] {logging_mixin.py:188} INFO - [2026-01-08T12:18:25.191+0000] {dagbag.py:545} INFO - Filling up the DagBag from /opt/airflow/dags/etl_postgres_to_clickhouse.py
[2026-01-08T12:18:25.442+0000] {processor.py:840} INFO - DAG(s) 'pg_to_clickhouse_payload_parsing' retrieved from /opt/airflow/dags/etl_postgres_to_clickhouse.py
[2026-01-08T12:18:25.481+0000] {logging_mixin.py:188} INFO - [2026-01-08T12:18:25.481+0000] {dag.py:3096} INFO - Sync 1 DAGs
[2026-01-08T12:18:25.509+0000] {logging_mixin.py:188} INFO - [2026-01-08T12:18:25.508+0000] {dag.py:3954} INFO - Setting next_dagrun for pg_to_clickhouse_payload_parsing to 2026-01-08 12:18:20+00:00, run_after=2026-01-08 12:18:30+00:00
[2026-01-08T12:18:25.533+0000] {processor.py:183} INFO - Processing /opt/airflow/dags/etl_postgres_to_clickhouse.py took 0.354 seconds
